event_id,candidate_id,display_value,operation_json,status,notes
EXT_E001,CAND_001,total_only=2000,"{""operator"":""REPLACE_PROPERTY_VALUE"",""subject_iri"":""file:///G:/LearnAI/ontology-evolution/external-real-v4-evidence-aligned#叶类根茎类蔬菜茄果类及其他类蔬菜轮作"",""predicate_iri"":""file:///G:/LearnAI/ontology-evolution/external-real-v4-evidence-aligned#每亩保险金额分项"",""old_value"":{""kind"":""literal"",""lexical"":""total=2000"",""datatype"":""http://www.w3.org/2001/XMLSchema#string""},""new_value"":{""kind"":""literal"",""lexical"":""total_only=2000"",""datatype"":""http://www.w3.org/2001/XMLSchema#string""}}",READY,Carried forward from external-real-v4-evidence-aligned into expanded external-real-v4-evidence-aligned.
EXT_E001,CAND_002,spring=1100;summer_autumn=900;total=2000,"{""operator"":""REPLACE_PROPERTY_VALUE"",""subject_iri"":""file:///G:/LearnAI/ontology-evolution/external-real-v4-evidence-aligned#叶类根茎类蔬菜茄果类及其他类蔬菜轮作"",""predicate_iri"":""file:///G:/LearnAI/ontology-evolution/external-real-v4-evidence-aligned#每亩保险金额分项"",""old_value"":{""kind"":""literal"",""lexical"":""total=2000"",""datatype"":""http://www.w3.org/2001/XMLSchema#string""},""new_value"":{""kind"":""literal"",""lexical"":""spring=1100;summer_autumn=900;total=2000"",""datatype"":""http://www.w3.org/2001/XMLSchema#string""}}",READY,Carried forward from external-real-v4-evidence-aligned into expanded external-real-v4-evidence-aligned.
EXT_E001,CAND_003,spring=1000;summer_autumn=1000;total=2000,"{""operator"":""REPLACE_PROPERTY_VALUE"",""subject_iri"":""file:///G:/LearnAI/ontology-evolution/external-real-v4-evidence-aligned#叶类根茎类蔬菜茄果类及其他类蔬菜轮作"",""predicate_iri"":""file:///G:/LearnAI/ontology-evolution/external-real-v4-evidence-aligned#每亩保险金额分项"",""old_value"":{""kind"":""literal"",""lexical"":""total=2000"",""datatype"":""http://www.w3.org/2001/XMLSchema#string""},""new_value"":{""kind"":""literal"",""lexical"":""spring=1000;summer_autumn=1000;total=2000"",""datatype"":""http://www.w3.org/2001/XMLSchema#string""}}",READY,Carried forward from external-real-v4-evidence-aligned into expanded external-real-v4-evidence-aligned.
EXT_E002,CAND_001,hazard_only=strong_rain_or_wind_causes_lodging,"{""operator"":""REPLACE_PROPERTY_VALUE"",""subject_iri"":""file:///G:/LearnAI/ontology-evolution/external-real-v4-evidence-aligned#小麦种植及小麦完全成本保险"",""predicate_iri"":""file:///G:/LearnAI/ontology-evolution/external-real-v4-evidence-aligned#倒伏程度定义"",""old_value"":{""kind"":""literal"",""lexical"":""hazard_only=strong_rain_or_wind_causes_lodging"",""datatype"":""http://www.w3.org/2001/XMLSchema#string""},""new_value"":{""kind"":""literal"",""lexical"":""hazard_only=strong_rain_or_wind_causes_lodging"",""datatype"":""http://www.w3.org/2001/XMLSchema#string""}}",READY,Carried forward from external-real-v4-evidence-aligned into expanded external-real-v4-evidence-aligned.
EXT_E002,CAND_002,five_level_definition=level1_no_lodging;level2_lt30;level3_30_45;level4_45_60;level5_gt60,"{""operator"":""REPLACE_PROPERTY_VALUE"",""subject_iri"":""file:///G:/LearnAI/ontology-evolution/external-real-v4-evidence-aligned#小麦种植及小麦完全成本保险"",""predicate_iri"":""file:///G:/LearnAI/ontology-evolution/external-real-v4-evidence-aligned#倒伏程度定义"",""old_value"":{""kind"":""literal"",""lexical"":""hazard_only=strong_rain_or_wind_causes_lodging"",""datatype"":""http://www.w3.org/2001/XMLSchema#string""},""new_value"":{""kind"":""literal"",""lexical"":""five_level_definition=level1_no_lodging;level2_lt30;level3_30_45;level4_45_60;level5_gt60"",""datatype"":""http://www.w3.org/2001/XMLSchema#string""}}",READY,Carried forward from external-real-v4-evidence-aligned into expanded external-real-v4-evidence-aligned.
EXT_E002,CAND_003,three_level_definition=minor;moderate;severe,"{""operator"":""REPLACE_PROPERTY_VALUE"",""subject_iri"":""file:///G:/LearnAI/ontology-evolution/external-real-v4-evidence-aligned#小麦种植及小麦完全成本保险"",""predicate_iri"":""file:///G:/LearnAI/ontology-evolution/external-real-v4-evidence-aligned#倒伏程度定义"",""old_value"":{""kind"":""literal"",""lexical"":""hazard_only=strong_rain_or_wind_causes_lodging"",""datatype"":""http://www.w3.org/2001/XMLSchema#string""},""new_value"":{""kind"":""literal"",""lexical"":""three_level_definition=minor;moderate;severe"",""datatype"":""http://www.w3.org/2001/XMLSchema#string""}}",READY,Carried forward from external-real-v4-evidence-aligned into expanded external-real-v4-evidence-aligned.
EXT_E003,CAND_001,formula=effective_amount_times_loss_minus_50_over_50,"{""operator"":""REPLACE_PROPERTY_VALUE"",""subject_iri"":""file:///G:/LearnAI/ontology-evolution/external-real-v4-evidence-aligned#梨种植保险"",""predicate_iri"":""file:///G:/LearnAI/ontology-evolution/external-real-v4-evidence-aligned#冻害损失赔偿公式"",""old_value"":{""kind"":""literal"",""lexical"":""formula=effective_amount_times_loss_minus_50_over_50"",""datatype"":""http://www.w3.org/2001/XMLSchema#string""},""new_value"":{""kind"":""literal"",""lexical"":""formula=effective_amount_times_loss_minus_50_over_50"",""datatype"":""http://www.w3.org/2001/XMLSchema#string""}}",READY,Carried forward from external-real-v4-evidence-aligned into expanded external-real-v4-evidence-aligned.
EXT_E003,CAND_002,formula=accident_date_limit_times_loss_rate,"{""operator"":""REPLACE_PROPERTY_VALUE"",""subject_iri"":""file:///G:/LearnAI/ontology-evolution/external-real-v4-evidence-aligned#梨种植保险"",""predicate_iri"":""file:///G:/LearnAI/ontology-evolution/external-real-v4-evidence-aligned#冻害损失赔偿公式"",""old_value"":{""kind"":""literal"",""lexical"":""formula=effective_amount_times_loss_minus_50_over_50"",""datatype"":""http://www.w3.org/2001/XMLSchema#string""},""new_value"":{""kind"":""literal"",""lexical"":""formula=accident_date_limit_times_loss_rate"",""datatype"":""http://www.w3.org/2001/XMLSchema#string""}}",READY,Carried forward from external-real-v4-evidence-aligned into expanded external-real-v4-evidence-aligned.
EXT_E003,CAND_003,formula=effective_amount_times_loss_rate,"{""operator"":""REPLACE_PROPERTY_VALUE"",""subject_iri"":""file:///G:/LearnAI/ontology-evolution/external-real-v4-evidence-aligned#梨种植保险"",""predicate_iri"":""file:///G:/LearnAI/ontology-evolution/external-real-v4-evidence-aligned#冻害损失赔偿公式"",""old_value"":{""kind"":""literal"",""lexical"":""formula=effective_amount_times_loss_minus_50_over_50"",""datatype"":""http://www.w3.org/2001/XMLSchema#string""},""new_value"":{""kind"":""literal"",""lexical"":""formula=effective_amount_times_loss_rate"",""datatype"":""http://www.w3.org/2001/XMLSchema#string""}}",READY,Carried forward from external-real-v4-evidence-aligned into expanded external-real-v4-evidence-aligned.
EXT_E004,CAND_001,wcag21_status=not_present,"{""operator"":""REPLACE_PROPERTY_VALUE"",""subject_iri"":""file:///G:/LearnAI/ontology-evolution/external-real-v4-evidence-aligned#WCAG_success_criterion_2_4_11"",""predicate_iri"":""file:///G:/LearnAI/ontology-evolution/external-real-v4-evidence-aligned#versioned_requirement_status"",""old_value"":{""kind"":""literal"",""lexical"":""wcag21_status=not_present"",""datatype"":""http://www.w3.org/2001/XMLSchema#string""},""new_value"":{""kind"":""literal"",""lexical"":""wcag21_status=not_present"",""datatype"":""http://www.w3.org/2001/XMLSchema#string""}}",READY,Carried forward from external-real-v4-evidence-aligned into expanded external-real-v4-evidence-aligned.
EXT_E004,CAND_002,wcag22_added=2.4.11;level=AA,"{""operator"":""REPLACE_PROPERTY_VALUE"",""subject_iri"":""file:///G:/LearnAI/ontology-evolution/external-real-v4-evidence-aligned#WCAG_success_criterion_2_4_11"",""predicate_iri"":""file:///G:/LearnAI/ontology-evolution/external-real-v4-evidence-aligned#versioned_requirement_status"",""old_value"":{""kind"":""literal"",""lexical"":""wcag21_status=not_present"",""datatype"":""http://www.w3.org/2001/XMLSchema#string""},""new_value"":{""kind"":""literal"",""lexical"":""wcag22_added=2.4.11;level=AA"",""datatype"":""http://www.w3.org/2001/XMLSchema#string""}}",READY,Carried forward from external-real-v4-evidence-aligned into expanded external-real-v4-evidence-aligned.
EXT_E004,CAND_003,wcag22_added=2.4.11;level=AAA,"{""operator"":""REPLACE_PROPERTY_VALUE"",""subject_iri"":""file:///G:/LearnAI/ontology-evolution/external-real-v4-evidence-aligned#WCAG_success_criterion_2_4_11"",""predicate_iri"":""file:///G:/LearnAI/ontology-evolution/external-real-v4-evidence-aligned#versioned_requirement_status"",""old_value"":{""kind"":""literal"",""lexical"":""wcag21_status=not_present"",""datatype"":""http://www.w3.org/2001/XMLSchema#string""},""new_value"":{""kind"":""literal"",""lexical"":""wcag22_added=2.4.11;level=AAA"",""datatype"":""http://www.w3.org/2001/XMLSchema#string""}}",READY,Carried forward from external-real-v4-evidence-aligned into expanded external-real-v4-evidence-aligned.
EXT_E005,CAND_001,wcag21_status=not_present,"{""operator"":""REPLACE_PROPERTY_VALUE"",""subject_iri"":""file:///G:/LearnAI/ontology-evolution/external-real-v4-evidence-aligned#WCAG_success_criterion_2_4_12"",""predicate_iri"":""file:///G:/LearnAI/ontology-evolution/external-real-v4-evidence-aligned#versioned_requirement_status"",""old_value"":{""kind"":""literal"",""lexical"":""wcag21_status=not_present"",""datatype"":""http://www.w3.org/2001/XMLSchema#string""},""new_value"":{""kind"":""literal"",""lexical"":""wcag21_status=not_present"",""datatype"":""http://www.w3.org/2001/XMLSchema#string""}}",READY,Carried forward from external-real-v4-evidence-aligned into expanded external-real-v4-evidence-aligned.
EXT_E005,CAND_002,wcag22_added=2.4.12;level=AAA,"{""operator"":""REPLACE_PROPERTY_VALUE"",""subject_iri"":""file:///G:/LearnAI/ontology-evolution/external-real-v4-evidence-aligned#WCAG_success_criterion_2_4_12"",""predicate_iri"":""file:///G:/LearnAI/ontology-evolution/external-real-v4-evidence-aligned#versioned_requirement_status"",""old_value"":{""kind"":""literal"",""lexical"":""wcag21_status=not_present"",""datatype"":""http://www.w3.org/2001/XMLSchema#string""},""new_value"":{""kind"":""literal"",""lexical"":""wcag22_added=2.4.12;level=AAA"",""datatype"":""http://www.w3.org/2001/XMLSchema#string""}}",READY,Carried forward from external-real-v4-evidence-aligned into expanded external-real-v4-evidence-aligned.
EXT_E005,CAND_003,wcag22_added=2.4.12;level=AA,"{""operator"":""REPLACE_PROPERTY_VALUE"",""subject_iri"":""file:///G:/LearnAI/ontology-evolution/external-real-v4-evidence-aligned#WCAG_success_criterion_2_4_12"",""predicate_iri"":""file:///G:/LearnAI/ontology-evolution/external-real-v4-evidence-aligned#versioned_requirement_status"",""old_value"":{""kind"":""literal"",""lexical"":""wcag21_status=not_present"",""datatype"":""http://www.w3.org/2001/XMLSchema#string""},""new_value"":{""kind"":""literal"",""lexical"":""wcag22_added=2.4.12;level=AA"",""datatype"":""http://www.w3.org/2001/XMLSchema#string""}}",READY,Carried forward from external-real-v4-evidence-aligned into expanded external-real-v4-evidence-aligned.
EXT_E006,CAND_001,wcag21_status=not_present,"{""operator"":""REPLACE_PROPERTY_VALUE"",""subject_iri"":""file:///G:/LearnAI/ontology-evolution/external-real-v4-evidence-aligned#WCAG_success_criterion_2_4_13"",""predicate_iri"":""file:///G:/LearnAI/ontology-evolution/external-real-v4-evidence-aligned#versioned_requirement_status"",""old_value"":{""kind"":""literal"",""lexical"":""wcag21_status=not_present"",""datatype"":""http://www.w3.org/2001/XMLSchema#string""},""new_value"":{""kind"":""literal"",""lexical"":""wcag21_status=not_present"",""datatype"":""http://www.w3.org/2001/XMLSchema#string""}}",READY,Carried forward from external-real-v4-evidence-aligned into expanded external-real-v4-evidence-aligned.
EXT_E006,CAND_002,wcag22_added=2.4.13;level=AAA,"{""operator"":""REPLACE_PROPERTY_VALUE"",""subject_iri"":""file:///G:/LearnAI/ontology-evolution/external-real-v4-evidence-aligned#WCAG_success_criterion_2_4_13"",""predicate_iri"":""file:///G:/LearnAI/ontology-evolution/external-real-v4-evidence-aligned#versioned_requirement_status"",""old_value"":{""kind"":""literal"",""lexical"":""wcag21_status=not_present"",""datatype"":""http://www.w3.org/2001/XMLSchema#string""},""new_value"":{""kind"":""literal"",""lexical"":""wcag22_added=2.4.13;level=AAA"",""datatype"":""http://www.w3.org/2001/XMLSchema#string""}}",READY,Carried forward from external-real-v4-evidence-aligned into expanded external-real-v4-evidence-aligned.
EXT_E006,CAND_003,wcag22_added=2.4.13;level=AA,"{""operator"":""REPLACE_PROPERTY_VALUE"",""subject_iri"":""file:///G:/LearnAI/ontology-evolution/external-real-v4-evidence-aligned#WCAG_success_criterion_2_4_13"",""predicate_iri"":""file:///G:/LearnAI/ontology-evolution/external-real-v4-evidence-aligned#versioned_requirement_status"",""old_value"":{""kind"":""literal"",""lexical"":""wcag21_status=not_present"",""datatype"":""http://www.w3.org/2001/XMLSchema#string""},""new_value"":{""kind"":""literal"",""lexical"":""wcag22_added=2.4.13;level=AA"",""datatype"":""http://www.w3.org/2001/XMLSchema#string""}}",READY,Carried forward from external-real-v4-evidence-aligned into expanded external-real-v4-evidence-aligned.
EXT_E007,CAND_001,wcag21_status=not_present,"{""operator"":""REPLACE_PROPERTY_VALUE"",""subject_iri"":""file:///G:/LearnAI/ontology-evolution/external-real-v4-evidence-aligned#WCAG_success_criterion_2_5_7"",""predicate_iri"":""file:///G:/LearnAI/ontology-evolution/external-real-v4-evidence-aligned#versioned_requirement_status"",""old_value"":{""kind"":""literal"",""lexical"":""wcag21_status=not_present"",""datatype"":""http://www.w3.org/2001/XMLSchema#string""},""new_value"":{""kind"":""literal"",""lexical"":""wcag21_status=not_present"",""datatype"":""http://www.w3.org/2001/XMLSchema#string""}}",READY,Carried forward from external-real-v4-evidence-aligned into expanded external-real-v4-evidence-aligned.
EXT_E007,CAND_002,wcag22_added=2.5.7;level=AA,"{""operator"":""REPLACE_PROPERTY_VALUE"",""subject_iri"":""file:///G:/LearnAI/ontology-evolution/external-real-v4-evidence-aligned#WCAG_success_criterion_2_5_7"",""predicate_iri"":""file:///G:/LearnAI/ontology-evolution/external-real-v4-evidence-aligned#versioned_requirement_status"",""old_value"":{""kind"":""literal"",""lexical"":""wcag21_status=not_present"",""datatype"":""http://www.w3.org/2001/XMLSchema#string""},""new_value"":{""kind"":""literal"",""lexical"":""wcag22_added=2.5.7;level=AA"",""datatype"":""http://www.w3.org/2001/XMLSchema#string""}}",READY,Carried forward from external-real-v4-evidence-aligned into expanded external-real-v4-evidence-aligned.
EXT_E007,CAND_003,wcag22_added=2.5.7;level=AAA,"{""operator"":""REPLACE_PROPERTY_VALUE"",""subject_iri"":""file:///G:/LearnAI/ontology-evolution/external-real-v4-evidence-aligned#WCAG_success_criterion_2_5_7"",""predicate_iri"":""file:///G:/LearnAI/ontology-evolution/external-real-v4-evidence-aligned#versioned_requirement_status"",""old_value"":{""kind"":""literal"",""lexical"":""wcag21_status=not_present"",""datatype"":""http://www.w3.org/2001/XMLSchema#string""},""new_value"":{""kind"":""literal"",""lexical"":""wcag22_added=2.5.7;level=AAA"",""datatype"":""http://www.w3.org/2001/XMLSchema#string""}}",READY,Carried forward from external-real-v4-evidence-aligned into expanded external-real-v4-evidence-aligned.
EXT_E008,CAND_001,wcag21_status=not_present,"{""operator"":""REPLACE_PROPERTY_VALUE"",""subject_iri"":""file:///G:/LearnAI/ontology-evolution/external-real-v4-evidence-aligned#WCAG_success_criterion_2_5_8"",""predicate_iri"":""file:///G:/LearnAI/ontology-evolution/external-real-v4-evidence-aligned#versioned_requirement_status"",""old_value"":{""kind"":""literal"",""lexical"":""wcag21_status=not_present"",""datatype"":""http://www.w3.org/2001/XMLSchema#string""},""new_value"":{""kind"":""literal"",""lexical"":""wcag21_status=not_present"",""datatype"":""http://www.w3.org/2001/XMLSchema#string""}}",READY,Carried forward from external-real-v4-evidence-aligned into expanded external-real-v4-evidence-aligned.
EXT_E008,CAND_002,wcag22_added=2.5.8;level=AA,"{""operator"":""REPLACE_PROPERTY_VALUE"",""subject_iri"":""file:///G:/LearnAI/ontology-evolution/external-real-v4-evidence-aligned#WCAG_success_criterion_2_5_8"",""predicate_iri"":""file:///G:/LearnAI/ontology-evolution/external-real-v4-evidence-aligned#versioned_requirement_status"",""old_value"":{""kind"":""literal"",""lexical"":""wcag21_status=not_present"",""datatype"":""http://www.w3.org/2001/XMLSchema#string""},""new_value"":{""kind"":""literal"",""lexical"":""wcag22_added=2.5.8;level=AA"",""datatype"":""http://www.w3.org/2001/XMLSchema#string""}}",READY,Carried forward from external-real-v4-evidence-aligned into expanded external-real-v4-evidence-aligned.
EXT_E008,CAND_003,wcag22_added=2.5.8;level=AAA,"{""operator"":""REPLACE_PROPERTY_VALUE"",""subject_iri"":""file:///G:/LearnAI/ontology-evolution/external-real-v4-evidence-aligned#WCAG_success_criterion_2_5_8"",""predicate_iri"":""file:///G:/LearnAI/ontology-evolution/external-real-v4-evidence-aligned#versioned_requirement_status"",""old_value"":{""kind"":""literal"",""lexical"":""wcag21_status=not_present"",""datatype"":""http://www.w3.org/2001/XMLSchema#string""},""new_value"":{""kind"":""literal"",""lexical"":""wcag22_added=2.5.8;level=AAA"",""datatype"":""http://www.w3.org/2001/XMLSchema#string""}}",READY,Carried forward from external-real-v4-evidence-aligned into expanded external-real-v4-evidence-aligned.
EXT_E009,CAND_001,wcag21_status=not_present,"{""operator"":""REPLACE_PROPERTY_VALUE"",""subject_iri"":""file:///G:/LearnAI/ontology-evolution/external-real-v4-evidence-aligned#WCAG_success_criterion_3_2_6"",""predicate_iri"":""file:///G:/LearnAI/ontology-evolution/external-real-v4-evidence-aligned#versioned_requirement_status"",""old_value"":{""kind"":""literal"",""lexical"":""wcag21_status=not_present"",""datatype"":""http://www.w3.org/2001/XMLSchema#string""},""new_value"":{""kind"":""literal"",""lexical"":""wcag21_status=not_present"",""datatype"":""http://www.w3.org/2001/XMLSchema#string""}}",READY,Carried forward from external-real-v4-evidence-aligned into expanded external-real-v4-evidence-aligned.
EXT_E009,CAND_002,wcag22_added=3.2.6;level=A,"{""operator"":""REPLACE_PROPERTY_VALUE"",""subject_iri"":""file:///G:/LearnAI/ontology-evolution/external-real-v4-evidence-aligned#WCAG_success_criterion_3_2_6"",""predicate_iri"":""file:///G:/LearnAI/ontology-evolution/external-real-v4-evidence-aligned#versioned_requirement_status"",""old_value"":{""kind"":""literal"",""lexical"":""wcag21_status=not_present"",""datatype"":""http://www.w3.org/2001/XMLSchema#string""},""new_value"":{""kind"":""literal"",""lexical"":""wcag22_added=3.2.6;level=A"",""datatype"":""http://www.w3.org/2001/XMLSchema#string""}}",READY,Carried forward from external-real-v4-evidence-aligned into expanded external-real-v4-evidence-aligned.
EXT_E009,CAND_003,wcag22_added=3.2.6;level=AA,"{""operator"":""REPLACE_PROPERTY_VALUE"",""subject_iri"":""file:///G:/LearnAI/ontology-evolution/external-real-v4-evidence-aligned#WCAG_success_criterion_3_2_6"",""predicate_iri"":""file:///G:/LearnAI/ontology-evolution/external-real-v4-evidence-aligned#versioned_requirement_status"",""old_value"":{""kind"":""literal"",""lexical"":""wcag21_status=not_present"",""datatype"":""http://www.w3.org/2001/XMLSchema#string""},""new_value"":{""kind"":""literal"",""lexical"":""wcag22_added=3.2.6;level=AA"",""datatype"":""http://www.w3.org/2001/XMLSchema#string""}}",READY,Carried forward from external-real-v4-evidence-aligned into expanded external-real-v4-evidence-aligned.
EXT_E010,CAND_001,wcag21_status=not_present,"{""operator"":""REPLACE_PROPERTY_VALUE"",""subject_iri"":""file:///G:/LearnAI/ontology-evolution/external-real-v4-evidence-aligned#WCAG_success_criterion_3_3_7"",""predicate_iri"":""file:///G:/LearnAI/ontology-evolution/external-real-v4-evidence-aligned#versioned_requirement_status"",""old_value"":{""kind"":""literal"",""lexical"":""wcag21_status=not_present"",""datatype"":""http://www.w3.org/2001/XMLSchema#string""},""new_value"":{""kind"":""literal"",""lexical"":""wcag21_status=not_present"",""datatype"":""http://www.w3.org/2001/XMLSchema#string""}}",READY,Carried forward from external-real-v4-evidence-aligned into expanded external-real-v4-evidence-aligned.
EXT_E010,CAND_002,wcag22_added=3.3.7;level=A,"{""operator"":""REPLACE_PROPERTY_VALUE"",""subject_iri"":""file:///G:/LearnAI/ontology-evolution/external-real-v4-evidence-aligned#WCAG_success_criterion_3_3_7"",""predicate_iri"":""file:///G:/LearnAI/ontology-evolution/external-real-v4-evidence-aligned#versioned_requirement_status"",""old_value"":{""kind"":""literal"",""lexical"":""wcag21_status=not_present"",""datatype"":""http://www.w3.org/2001/XMLSchema#string""},""new_value"":{""kind"":""literal"",""lexical"":""wcag22_added=3.3.7;level=A"",""datatype"":""http://www.w3.org/2001/XMLSchema#string""}}",READY,Carried forward from external-real-v4-evidence-aligned into expanded external-real-v4-evidence-aligned.
EXT_E010,CAND_003,wcag22_added=3.3.7;level=AA,"{""operator"":""REPLACE_PROPERTY_VALUE"",""subject_iri"":""file:///G:/LearnAI/ontology-evolution/external-real-v4-evidence-aligned#WCAG_success_criterion_3_3_7"",""predicate_iri"":""file:///G:/LearnAI/ontology-evolution/external-real-v4-evidence-aligned#versioned_requirement_status"",""old_value"":{""kind"":""literal"",""lexical"":""wcag21_status=not_present"",""datatype"":""http://www.w3.org/2001/XMLSchema#string""},""new_value"":{""kind"":""literal"",""lexical"":""wcag22_added=3.3.7;level=AA"",""datatype"":""http://www.w3.org/2001/XMLSchema#string""}}",READY,Carried forward from external-real-v4-evidence-aligned into expanded external-real-v4-evidence-aligned.
EXT_E011,CAND_001,wcag21_status=not_present,"{""operator"":""REPLACE_PROPERTY_VALUE"",""subject_iri"":""file:///G:/LearnAI/ontology-evolution/external-real-v4-evidence-aligned#WCAG_success_criterion_3_3_8"",""predicate_iri"":""file:///G:/LearnAI/ontology-evolution/external-real-v4-evidence-aligned#versioned_requirement_status"",""old_value"":{""kind"":""literal"",""lexical"":""wcag21_status=not_present"",""datatype"":""http://www.w3.org/2001/XMLSchema#string""},""new_value"":{""kind"":""literal"",""lexical"":""wcag21_status=not_present"",""datatype"":""http://www.w3.org/2001/XMLSchema#string""}}",READY,Carried forward from external-real-v4-evidence-aligned into expanded external-real-v4-evidence-aligned.
EXT_E011,CAND_002,wcag22_added=3.3.8;level=AA,"{""operator"":""REPLACE_PROPERTY_VALUE"",""subject_iri"":""file:///G:/LearnAI/ontology-evolution/external-real-v4-evidence-aligned#WCAG_success_criterion_3_3_8"",""predicate_iri"":""file:///G:/LearnAI/ontology-evolution/external-real-v4-evidence-aligned#versioned_requirement_status"",""old_value"":{""kind"":""literal"",""lexical"":""wcag21_status=not_present"",""datatype"":""http://www.w3.org/2001/XMLSchema#string""},""new_value"":{""kind"":""literal"",""lexical"":""wcag22_added=3.3.8;level=AA"",""datatype"":""http://www.w3.org/2001/XMLSchema#string""}}",READY,Carried forward from external-real-v4-evidence-aligned into expanded external-real-v4-evidence-aligned.
EXT_E011,CAND_003,wcag22_added=3.3.8;level=AAA,"{""operator"":""REPLACE_PROPERTY_VALUE"",""subject_iri"":""file:///G:/LearnAI/ontology-evolution/external-real-v4-evidence-aligned#WCAG_success_criterion_3_3_8"",""predicate_iri"":""file:///G:/LearnAI/ontology-evolution/external-real-v4-evidence-aligned#versioned_requirement_status"",""old_value"":{""kind"":""literal"",""lexical"":""wcag21_status=not_present"",""datatype"":""http://www.w3.org/2001/XMLSchema#string""},""new_value"":{""kind"":""literal"",""lexical"":""wcag22_added=3.3.8;level=AAA"",""datatype"":""http://www.w3.org/2001/XMLSchema#string""}}",READY,Carried forward from external-real-v4-evidence-aligned into expanded external-real-v4-evidence-aligned.
EXT_E012,CAND_001,wcag21_status=not_present,"{""operator"":""REPLACE_PROPERTY_VALUE"",""subject_iri"":""file:///G:/LearnAI/ontology-evolution/external-real-v4-evidence-aligned#WCAG_success_criterion_3_3_9"",""predicate_iri"":""file:///G:/LearnAI/ontology-evolution/external-real-v4-evidence-aligned#versioned_requirement_status"",""old_value"":{""kind"":""literal"",""lexical"":""wcag21_status=not_present"",""datatype"":""http://www.w3.org/2001/XMLSchema#string""},""new_value"":{""kind"":""literal"",""lexical"":""wcag21_status=not_present"",""datatype"":""http://www.w3.org/2001/XMLSchema#string""}}",READY,Carried forward from external-real-v4-evidence-aligned into expanded external-real-v4-evidence-aligned.
EXT_E012,CAND_002,wcag22_added=3.3.9;level=AAA,"{""operator"":""REPLACE_PROPERTY_VALUE"",""subject_iri"":""file:///G:/LearnAI/ontology-evolution/external-real-v4-evidence-aligned#WCAG_success_criterion_3_3_9"",""predicate_iri"":""file:///G:/LearnAI/ontology-evolution/external-real-v4-evidence-aligned#versioned_requirement_status"",""old_value"":{""kind"":""literal"",""lexical"":""wcag21_status=not_present"",""datatype"":""http://www.w3.org/2001/XMLSchema#string""},""new_value"":{""kind"":""literal"",""lexical"":""wcag22_added=3.3.9;level=AAA"",""datatype"":""http://www.w3.org/2001/XMLSchema#string""}}",READY,Carried forward from external-real-v4-evidence-aligned into expanded external-real-v4-evidence-aligned.
EXT_E012,CAND_003,wcag22_added=3.3.9;level=AA,"{""operator"":""REPLACE_PROPERTY_VALUE"",""subject_iri"":""file:///G:/LearnAI/ontology-evolution/external-real-v4-evidence-aligned#WCAG_success_criterion_3_3_9"",""predicate_iri"":""file:///G:/LearnAI/ontology-evolution/external-real-v4-evidence-aligned#versioned_requirement_status"",""old_value"":{""kind"":""literal"",""lexical"":""wcag21_status=not_present"",""datatype"":""http://www.w3.org/2001/XMLSchema#string""},""new_value"":{""kind"":""literal"",""lexical"":""wcag22_added=3.3.9;level=AA"",""datatype"":""http://www.w3.org/2001/XMLSchema#string""}}",READY,Carried forward from external-real-v4-evidence-aligned into expanded external-real-v4-evidence-aligned.
EXT_E013,CAND_001,wcag20_status=not_present,"{""operator"":""REPLACE_PROPERTY_VALUE"",""subject_iri"":""file:///G:/LearnAI/ontology-evolution/external-real-v4-evidence-aligned#WCAG_success_criterion_1_3_4"",""predicate_iri"":""file:///G:/LearnAI/ontology-evolution/external-real-v4-evidence-aligned#cross_reference_requirement_scope"",""old_value"":{""kind"":""literal"",""lexical"":""wcag20_status=not_present"",""datatype"":""http://www.w3.org/2001/XMLSchema#string""},""new_value"":{""kind"":""literal"",""lexical"":""wcag20_status=not_present"",""datatype"":""http://www.w3.org/2001/XMLSchema#string""}}",READY,Carried forward from external-real-v4-evidence-aligned into expanded external-real-v4-evidence-aligned.
EXT_E013,CAND_002,wcag21_cross_scope=1.3.4;level=AA,"{""operator"":""REPLACE_PROPERTY_VALUE"",""subject_iri"":""file:///G:/LearnAI/ontology-evolution/external-real-v4-evidence-aligned#WCAG_success_criterion_1_3_4"",""predicate_iri"":""file:///G:/LearnAI/ontology-evolution/external-real-v4-evidence-aligned#cross_reference_requirement_scope"",""old_value"":{""kind"":""literal"",""lexical"":""wcag20_status=not_present"",""datatype"":""http://www.w3.org/2001/XMLSchema#string""},""new_value"":{""kind"":""literal"",""lexical"":""wcag21_cross_scope=1.3.4;level=AA"",""datatype"":""http://www.w3.org/2001/XMLSchema#string""}}",READY,Carried forward from external-real-v4-evidence-aligned into expanded external-real-v4-evidence-aligned.
EXT_E013,CAND_003,wcag21_cross_scope=1.3.4;level=AAA,"{""operator"":""REPLACE_PROPERTY_VALUE"",""subject_iri"":""file:///G:/LearnAI/ontology-evolution/external-real-v4-evidence-aligned#WCAG_success_criterion_1_3_4"",""predicate_iri"":""file:///G:/LearnAI/ontology-evolution/external-real-v4-evidence-aligned#cross_reference_requirement_scope"",""old_value"":{""kind"":""literal"",""lexical"":""wcag20_status=not_present"",""datatype"":""http://www.w3.org/2001/XMLSchema#string""},""new_value"":{""kind"":""literal"",""lexical"":""wcag21_cross_scope=1.3.4;level=AAA"",""datatype"":""http://www.w3.org/2001/XMLSchema#string""}}",READY,Carried forward from external-real-v4-evidence-aligned into expanded external-real-v4-evidence-aligned.
EXT_E014,CAND_001,wcag20_status=not_present,"{""operator"":""REPLACE_PROPERTY_VALUE"",""subject_iri"":""file:///G:/LearnAI/ontology-evolution/external-real-v4-evidence-aligned#WCAG_success_criterion_1_3_5"",""predicate_iri"":""file:///G:/LearnAI/ontology-evolution/external-real-v4-evidence-aligned#cross_reference_requirement_scope"",""old_value"":{""kind"":""literal"",""lexical"":""wcag20_status=not_present"",""datatype"":""http://www.w3.org/2001/XMLSchema#string""},""new_value"":{""kind"":""literal"",""lexical"":""wcag20_status=not_present"",""datatype"":""http://www.w3.org/2001/XMLSchema#string""}}",READY,Carried forward from external-real-v4-evidence-aligned into expanded external-real-v4-evidence-aligned.
EXT_E014,CAND_002,wcag21_cross_scope=1.3.5;level=AA,"{""operator"":""REPLACE_PROPERTY_VALUE"",""subject_iri"":""file:///G:/LearnAI/ontology-evolution/external-real-v4-evidence-aligned#WCAG_success_criterion_1_3_5"",""predicate_iri"":""file:///G:/LearnAI/ontology-evolution/external-real-v4-evidence-aligned#cross_reference_requirement_scope"",""old_value"":{""kind"":""literal"",""lexical"":""wcag20_status=not_present"",""datatype"":""http://www.w3.org/2001/XMLSchema#string""},""new_value"":{""kind"":""literal"",""lexical"":""wcag21_cross_scope=1.3.5;level=AA"",""datatype"":""http://www.w3.org/2001/XMLSchema#string""}}",READY,Carried forward from external-real-v4-evidence-aligned into expanded external-real-v4-evidence-aligned.
EXT_E014,CAND_003,wcag21_cross_scope=1.3.5;level=AAA,"{""operator"":""REPLACE_PROPERTY_VALUE"",""subject_iri"":""file:///G:/LearnAI/ontology-evolution/external-real-v4-evidence-aligned#WCAG_success_criterion_1_3_5"",""predicate_iri"":""file:///G:/LearnAI/ontology-evolution/external-real-v4-evidence-aligned#cross_reference_requirement_scope"",""old_value"":{""kind"":""literal"",""lexical"":""wcag20_status=not_present"",""datatype"":""http://www.w3.org/2001/XMLSchema#string""},""new_value"":{""kind"":""literal"",""lexical"":""wcag21_cross_scope=1.3.5;level=AAA"",""datatype"":""http://www.w3.org/2001/XMLSchema#string""}}",READY,Carried forward from external-real-v4-evidence-aligned into expanded external-real-v4-evidence-aligned.
EXT_E015,CAND_001,wcag20_status=not_present,"{""operator"":""REPLACE_PROPERTY_VALUE"",""subject_iri"":""file:///G:/LearnAI/ontology-evolution/external-real-v4-evidence-aligned#WCAG_success_criterion_1_3_6"",""predicate_iri"":""file:///G:/LearnAI/ontology-evolution/external-real-v4-evidence-aligned#cross_reference_requirement_scope"",""old_value"":{""kind"":""literal"",""lexical"":""wcag20_status=not_present"",""datatype"":""http://www.w3.org/2001/XMLSchema#string""},""new_value"":{""kind"":""literal"",""lexical"":""wcag20_status=not_present"",""datatype"":""http://www.w3.org/2001/XMLSchema#string""}}",READY,Carried forward from external-real-v4-evidence-aligned into expanded external-real-v4-evidence-aligned.
EXT_E015,CAND_002,wcag21_cross_scope=1.3.6;level=AAA,"{""operator"":""REPLACE_PROPERTY_VALUE"",""subject_iri"":""file:///G:/LearnAI/ontology-evolution/external-real-v4-evidence-aligned#WCAG_success_criterion_1_3_6"",""predicate_iri"":""file:///G:/LearnAI/ontology-evolution/external-real-v4-evidence-aligned#cross_reference_requirement_scope"",""old_value"":{""kind"":""literal"",""lexical"":""wcag20_status=not_present"",""datatype"":""http://www.w3.org/2001/XMLSchema#string""},""new_value"":{""kind"":""literal"",""lexical"":""wcag21_cross_scope=1.3.6;level=AAA"",""datatype"":""http://www.w3.org/2001/XMLSchema#string""}}",READY,Carried forward from external-real-v4-evidence-aligned into expanded external-real-v4-evidence-aligned.
EXT_E015,CAND_003,wcag21_cross_scope=1.3.6;level=AA,"{""operator"":""REPLACE_PROPERTY_VALUE"",""subject_iri"":""file:///G:/LearnAI/ontology-evolution/external-real-v4-evidence-aligned#WCAG_success_criterion_1_3_6"",""predicate_iri"":""file:///G:/LearnAI/ontology-evolution/external-real-v4-evidence-aligned#cross_reference_requirement_scope"",""old_value"":{""kind"":""literal"",""lexical"":""wcag20_status=not_present"",""datatype"":""http://www.w3.org/2001/XMLSchema#string""},""new_value"":{""kind"":""literal"",""lexical"":""wcag21_cross_scope=1.3.6;level=AA"",""datatype"":""http://www.w3.org/2001/XMLSchema#string""}}",READY,Carried forward from external-real-v4-evidence-aligned into expanded external-real-v4-evidence-aligned.
EXT_E016,CAND_001,wcag20_status=not_present,"{""operator"":""REPLACE_PROPERTY_VALUE"",""subject_iri"":""file:///G:/LearnAI/ontology-evolution/external-real-v4-evidence-aligned#WCAG_success_criterion_1_4_10"",""predicate_iri"":""file:///G:/LearnAI/ontology-evolution/external-real-v4-evidence-aligned#cross_reference_requirement_scope"",""old_value"":{""kind"":""literal"",""lexical"":""wcag20_status=not_present"",""datatype"":""http://www.w3.org/2001/XMLSchema#string""},""new_value"":{""kind"":""literal"",""lexical"":""wcag20_status=not_present"",""datatype"":""http://www.w3.org/2001/XMLSchema#string""}}",READY,Carried forward from external-real-v4-evidence-aligned into expanded external-real-v4-evidence-aligned.
EXT_E016,CAND_002,wcag21_cross_scope=1.4.10;level=AA,"{""operator"":""REPLACE_PROPERTY_VALUE"",""subject_iri"":""file:///G:/LearnAI/ontology-evolution/external-real-v4-evidence-aligned#WCAG_success_criterion_1_4_10"",""predicate_iri"":""file:///G:/LearnAI/ontology-evolution/external-real-v4-evidence-aligned#cross_reference_requirement_scope"",""old_value"":{""kind"":""literal"",""lexical"":""wcag20_status=not_present"",""datatype"":""http://www.w3.org/2001/XMLSchema#string""},""new_value"":{""kind"":""literal"",""lexical"":""wcag21_cross_scope=1.4.10;level=AA"",""datatype"":""http://www.w3.org/2001/XMLSchema#string""}}",READY,Carried forward from external-real-v4-evidence-aligned into expanded external-real-v4-evidence-aligned.
EXT_E016,CAND_003,wcag21_cross_scope=1.4.10;level=AAA,"{""operator"":""REPLACE_PROPERTY_VALUE"",""subject_iri"":""file:///G:/LearnAI/ontology-evolution/external-real-v4-evidence-aligned#WCAG_success_criterion_1_4_10"",""predicate_iri"":""file:///G:/LearnAI/ontology-evolution/external-real-v4-evidence-aligned#cross_reference_requirement_scope"",""old_value"":{""kind"":""literal"",""lexical"":""wcag20_status=not_present"",""datatype"":""http://www.w3.org/2001/XMLSchema#string""},""new_value"":{""kind"":""literal"",""lexical"":""wcag21_cross_scope=1.4.10;level=AAA"",""datatype"":""http://www.w3.org/2001/XMLSchema#string""}}",READY,Carried forward from external-real-v4-evidence-aligned into expanded external-real-v4-evidence-aligned.
EXT_E017,CAND_001,wcag20_status=not_present,"{""operator"":""REPLACE_PROPERTY_VALUE"",""subject_iri"":""file:///G:/LearnAI/ontology-evolution/external-real-v4-evidence-aligned#WCAG_success_criterion_1_4_11"",""predicate_iri"":""file:///G:/LearnAI/ontology-evolution/external-real-v4-evidence-aligned#cross_reference_requirement_scope"",""old_value"":{""kind"":""literal"",""lexical"":""wcag20_status=not_present"",""datatype"":""http://www.w3.org/2001/XMLSchema#string""},""new_value"":{""kind"":""literal"",""lexical"":""wcag20_status=not_present"",""datatype"":""http://www.w3.org/2001/XMLSchema#string""}}",READY,Carried forward from external-real-v4-evidence-aligned into expanded external-real-v4-evidence-aligned.
EXT_E017,CAND_002,wcag21_cross_scope=1.4.11;level=AA,"{""operator"":""REPLACE_PROPERTY_VALUE"",""subject_iri"":""file:///G:/LearnAI/ontology-evolution/external-real-v4-evidence-aligned#WCAG_success_criterion_1_4_11"",""predicate_iri"":""file:///G:/LearnAI/ontology-evolution/external-real-v4-evidence-aligned#cross_reference_requirement_scope"",""old_value"":{""kind"":""literal"",""lexical"":""wcag20_status=not_present"",""datatype"":""http://www.w3.org/2001/XMLSchema#string""},""new_value"":{""kind"":""literal"",""lexical"":""wcag21_cross_scope=1.4.11;level=AA"",""datatype"":""http://www.w3.org/2001/XMLSchema#string""}}",READY,Carried forward from external-real-v4-evidence-aligned into expanded external-real-v4-evidence-aligned.
EXT_E017,CAND_003,wcag21_cross_scope=1.4.11;level=AAA,"{""operator"":""REPLACE_PROPERTY_VALUE"",""subject_iri"":""file:///G:/LearnAI/ontology-evolution/external-real-v4-evidence-aligned#WCAG_success_criterion_1_4_11"",""predicate_iri"":""file:///G:/LearnAI/ontology-evolution/external-real-v4-evidence-aligned#cross_reference_requirement_scope"",""old_value"":{""kind"":""literal"",""lexical"":""wcag20_status=not_present"",""datatype"":""http://www.w3.org/2001/XMLSchema#string""},""new_value"":{""kind"":""literal"",""lexical"":""wcag21_cross_scope=1.4.11;level=AAA"",""datatype"":""http://www.w3.org/2001/XMLSchema#string""}}",READY,Carried forward from external-real-v4-evidence-aligned into expanded external-real-v4-evidence-aligned.
EXT_E018,CAND_001,wcag20_status=not_present,"{""operator"":""REPLACE_PROPERTY_VALUE"",""subject_iri"":""file:///G:/LearnAI/ontology-evolution/external-real-v4-evidence-aligned#WCAG_success_criterion_1_4_12"",""predicate_iri"":""file:///G:/LearnAI/ontology-evolution/external-real-v4-evidence-aligned#cross_reference_requirement_scope"",""old_value"":{""kind"":""literal"",""lexical"":""wcag20_status=not_present"",""datatype"":""http://www.w3.org/2001/XMLSchema#string""},""new_value"":{""kind"":""literal"",""lexical"":""wcag20_status=not_present"",""datatype"":""http://www.w3.org/2001/XMLSchema#string""}}",READY,Carried forward from external-real-v4-evidence-aligned into expanded external-real-v4-evidence-aligned.
EXT_E018,CAND_002,wcag21_cross_scope=1.4.12;level=AA,"{""operator"":""REPLACE_PROPERTY_VALUE"",""subject_iri"":""file:///G:/LearnAI/ontology-evolution/external-real-v4-evidence-aligned#WCAG_success_criterion_1_4_12"",""predicate_iri"":""file:///G:/LearnAI/ontology-evolution/external-real-v4-evidence-aligned#cross_reference_requirement_scope"",""old_value"":{""kind"":""literal"",""lexical"":""wcag20_status=not_present"",""datatype"":""http://www.w3.org/2001/XMLSchema#string""},""new_value"":{""kind"":""literal"",""lexical"":""wcag21_cross_scope=1.4.12;level=AA"",""datatype"":""http://www.w3.org/2001/XMLSchema#string""}}",READY,Carried forward from external-real-v4-evidence-aligned into expanded external-real-v4-evidence-aligned.
EXT_E018,CAND_003,wcag21_cross_scope=1.4.12;level=AAA,"{""operator"":""REPLACE_PROPERTY_VALUE"",""subject_iri"":""file:///G:/LearnAI/ontology-evolution/external-real-v4-evidence-aligned#WCAG_success_criterion_1_4_12"",""predicate_iri"":""file:///G:/LearnAI/ontology-evolution/external-real-v4-evidence-aligned#cross_reference_requirement_scope"",""old_value"":{""kind"":""literal"",""lexical"":""wcag20_status=not_present"",""datatype"":""http://www.w3.org/2001/XMLSchema#string""},""new_value"":{""kind"":""literal"",""lexical"":""wcag21_cross_scope=1.4.12;level=AAA"",""datatype"":""http://www.w3.org/2001/XMLSchema#string""}}",READY,Carried forward from external-real-v4-evidence-aligned into expanded external-real-v4-evidence-aligned.
EXT_E019,CAND_001,wcag20_status=not_present,"{""operator"":""REPLACE_PROPERTY_VALUE"",""subject_iri"":""file:///G:/LearnAI/ontology-evolution/external-real-v4-evidence-aligned#WCAG_success_criterion_1_4_13"",""predicate_iri"":""file:///G:/LearnAI/ontology-evolution/external-real-v4-evidence-aligned#cross_reference_requirement_scope"",""old_value"":{""kind"":""literal"",""lexical"":""wcag20_status=not_present"",""datatype"":""http://www.w3.org/2001/XMLSchema#string""},""new_value"":{""kind"":""literal"",""lexical"":""wcag20_status=not_present"",""datatype"":""http://www.w3.org/2001/XMLSchema#string""}}",READY,Carried forward from external-real-v4-evidence-aligned into expanded external-real-v4-evidence-aligned.
EXT_E019,CAND_002,wcag21_cross_scope=1.4.13;level=AA,"{""operator"":""REPLACE_PROPERTY_VALUE"",""subject_iri"":""file:///G:/LearnAI/ontology-evolution/external-real-v4-evidence-aligned#WCAG_success_criterion_1_4_13"",""predicate_iri"":""file:///G:/LearnAI/ontology-evolution/external-real-v4-evidence-aligned#cross_reference_requirement_scope"",""old_value"":{""kind"":""literal"",""lexical"":""wcag20_status=not_present"",""datatype"":""http://www.w3.org/2001/XMLSchema#string""},""new_value"":{""kind"":""literal"",""lexical"":""wcag21_cross_scope=1.4.13;level=AA"",""datatype"":""http://www.w3.org/2001/XMLSchema#string""}}",READY,Carried forward from external-real-v4-evidence-aligned into expanded external-real-v4-evidence-aligned.
EXT_E019,CAND_003,wcag21_cross_scope=1.4.13;level=AAA,"{""operator"":""REPLACE_PROPERTY_VALUE"",""subject_iri"":""file:///G:/LearnAI/ontology-evolution/external-real-v4-evidence-aligned#WCAG_success_criterion_1_4_13"",""predicate_iri"":""file:///G:/LearnAI/ontology-evolution/external-real-v4-evidence-aligned#cross_reference_requirement_scope"",""old_value"":{""kind"":""literal"",""lexical"":""wcag20_status=not_present"",""datatype"":""http://www.w3.org/2001/XMLSchema#string""},""new_value"":{""kind"":""literal"",""lexical"":""wcag21_cross_scope=1.4.13;level=AAA"",""datatype"":""http://www.w3.org/2001/XMLSchema#string""}}",READY,Carried forward from external-real-v4-evidence-aligned into expanded external-real-v4-evidence-aligned.
EXT_E020,CAND_001,wcag20_status=not_present,"{""operator"":""REPLACE_PROPERTY_VALUE"",""subject_iri"":""file:///G:/LearnAI/ontology-evolution/external-real-v4-evidence-aligned#WCAG_success_criterion_2_1_4"",""predicate_iri"":""file:///G:/LearnAI/ontology-evolution/external-real-v4-evidence-aligned#cross_reference_requirement_scope"",""old_value"":{""kind"":""literal"",""lexical"":""wcag20_status=not_present"",""datatype"":""http://www.w3.org/2001/XMLSchema#string""},""new_value"":{""kind"":""literal"",""lexical"":""wcag20_status=not_present"",""datatype"":""http://www.w3.org/2001/XMLSchema#string""}}",READY,Carried forward from external-real-v4-evidence-aligned into expanded external-real-v4-evidence-aligned.
EXT_E020,CAND_002,wcag21_cross_scope=2.1.4;level=A,"{""operator"":""REPLACE_PROPERTY_VALUE"",""subject_iri"":""file:///G:/LearnAI/ontology-evolution/external-real-v4-evidence-aligned#WCAG_success_criterion_2_1_4"",""predicate_iri"":""file:///G:/LearnAI/ontology-evolution/external-real-v4-evidence-aligned#cross_reference_requirement_scope"",""old_value"":{""kind"":""literal"",""lexical"":""wcag20_status=not_present"",""datatype"":""http://www.w3.org/2001/XMLSchema#string""},""new_value"":{""kind"":""literal"",""lexical"":""wcag21_cross_scope=2.1.4;level=A"",""datatype"":""http://www.w3.org/2001/XMLSchema#string""}}",READY,Carried forward from external-real-v4-evidence-aligned into expanded external-real-v4-evidence-aligned.
EXT_E020,CAND_003,wcag21_cross_scope=2.1.4;level=AA,"{""operator"":""REPLACE_PROPERTY_VALUE"",""subject_iri"":""file:///G:/LearnAI/ontology-evolution/external-real-v4-evidence-aligned#WCAG_success_criterion_2_1_4"",""predicate_iri"":""file:///G:/LearnAI/ontology-evolution/external-real-v4-evidence-aligned#cross_reference_requirement_scope"",""old_value"":{""kind"":""literal"",""lexical"":""wcag20_status=not_present"",""datatype"":""http://www.w3.org/2001/XMLSchema#string""},""new_value"":{""kind"":""literal"",""lexical"":""wcag21_cross_scope=2.1.4;level=AA"",""datatype"":""http://www.w3.org/2001/XMLSchema#string""}}",READY,Carried forward from external-real-v4-evidence-aligned into expanded external-real-v4-evidence-aligned.
EXT_E021,CAND_001,wcag20_status=not_present,"{""operator"":""REPLACE_PROPERTY_VALUE"",""subject_iri"":""file:///G:/LearnAI/ontology-evolution/external-real-v4-evidence-aligned#WCAG_success_criterion_4_1_3"",""predicate_iri"":""file:///G:/LearnAI/ontology-evolution/external-real-v4-evidence-aligned#cross_reference_requirement_scope"",""old_value"":{""kind"":""literal"",""lexical"":""wcag20_status=not_present"",""datatype"":""http://www.w3.org/2001/XMLSchema#string""},""new_value"":{""kind"":""literal"",""lexical"":""wcag20_status=not_present"",""datatype"":""http://www.w3.org/2001/XMLSchema#string""}}",READY,Carried forward from external-real-v4-evidence-aligned into expanded external-real-v4-evidence-aligned.
EXT_E021,CAND_002,wcag21_cross_scope=4.1.3;level=AA,"{""operator"":""REPLACE_PROPERTY_VALUE"",""subject_iri"":""file:///G:/LearnAI/ontology-evolution/external-real-v4-evidence-aligned#WCAG_success_criterion_4_1_3"",""predicate_iri"":""file:///G:/LearnAI/ontology-evolution/external-real-v4-evidence-aligned#cross_reference_requirement_scope"",""old_value"":{""kind"":""literal"",""lexical"":""wcag20_status=not_present"",""datatype"":""http://www.w3.org/2001/XMLSchema#string""},""new_value"":{""kind"":""literal"",""lexical"":""wcag21_cross_scope=4.1.3;level=AA"",""datatype"":""http://www.w3.org/2001/XMLSchema#string""}}",READY,Carried forward from external-real-v4-evidence-aligned into expanded external-real-v4-evidence-aligned.
EXT_E021,CAND_003,wcag21_cross_scope=4.1.3;level=AAA,"{""operator"":""REPLACE_PROPERTY_VALUE"",""subject_iri"":""file:///G:/LearnAI/ontology-evolution/external-real-v4-evidence-aligned#WCAG_success_criterion_4_1_3"",""predicate_iri"":""file:///G:/LearnAI/ontology-evolution/external-real-v4-evidence-aligned#cross_reference_requirement_scope"",""old_value"":{""kind"":""literal"",""lexical"":""wcag20_status=not_present"",""datatype"":""http://www.w3.org/2001/XMLSchema#string""},""new_value"":{""kind"":""literal"",""lexical"":""wcag21_cross_scope=4.1.3;level=AAA"",""datatype"":""http://www.w3.org/2001/XMLSchema#string""}}",READY,Carried forward from external-real-v4-evidence-aligned into expanded external-real-v4-evidence-aligned.
EXT_E022,CAND_001,wcag20_status=not_present,"{""operator"":""REPLACE_PROPERTY_VALUE"",""subject_iri"":""file:///G:/LearnAI/ontology-evolution/external-real-v4-evidence-aligned#WCAG_success_criterion_2_5_1"",""predicate_iri"":""file:///G:/LearnAI/ontology-evolution/external-real-v4-evidence-aligned#input_modality_rule_status"",""old_value"":{""kind"":""literal"",""lexical"":""wcag20_status=not_present"",""datatype"":""http://www.w3.org/2001/XMLSchema#string""},""new_value"":{""kind"":""literal"",""lexical"":""wcag20_status=not_present"",""datatype"":""http://www.w3.org/2001/XMLSchema#string""}}",READY,Carried forward from external-real-v4-evidence-aligned into expanded external-real-v4-evidence-aligned.
EXT_E022,CAND_002,wcag21_input_rule=2.5.1;level=A,"{""operator"":""REPLACE_PROPERTY_VALUE"",""subject_iri"":""file:///G:/LearnAI/ontology-evolution/external-real-v4-evidence-aligned#WCAG_success_criterion_2_5_1"",""predicate_iri"":""file:///G:/LearnAI/ontology-evolution/external-real-v4-evidence-aligned#input_modality_rule_status"",""old_value"":{""kind"":""literal"",""lexical"":""wcag20_status=not_present"",""datatype"":""http://www.w3.org/2001/XMLSchema#string""},""new_value"":{""kind"":""literal"",""lexical"":""wcag21_input_rule=2.5.1;level=A"",""datatype"":""http://www.w3.org/2001/XMLSchema#string""}}",READY,Carried forward from external-real-v4-evidence-aligned into expanded external-real-v4-evidence-aligned.
EXT_E022,CAND_003,wcag21_input_rule=2.5.1;level=AA,"{""operator"":""REPLACE_PROPERTY_VALUE"",""subject_iri"":""file:///G:/LearnAI/ontology-evolution/external-real-v4-evidence-aligned#WCAG_success_criterion_2_5_1"",""predicate_iri"":""file:///G:/LearnAI/ontology-evolution/external-real-v4-evidence-aligned#input_modality_rule_status"",""old_value"":{""kind"":""literal"",""lexical"":""wcag20_status=not_present"",""datatype"":""http://www.w3.org/2001/XMLSchema#string""},""new_value"":{""kind"":""literal"",""lexical"":""wcag21_input_rule=2.5.1;level=AA"",""datatype"":""http://www.w3.org/2001/XMLSchema#string""}}",READY,Carried forward from external-real-v4-evidence-aligned into expanded external-real-v4-evidence-aligned.
EXT_E023,CAND_001,wcag20_status=not_present,"{""operator"":""REPLACE_PROPERTY_VALUE"",""subject_iri"":""file:///G:/LearnAI/ontology-evolution/external-real-v4-evidence-aligned#WCAG_success_criterion_2_5_2"",""predicate_iri"":""file:///G:/LearnAI/ontology-evolution/external-real-v4-evidence-aligned#input_modality_rule_status"",""old_value"":{""kind"":""literal"",""lexical"":""wcag20_status=not_present"",""datatype"":""http://www.w3.org/2001/XMLSchema#string""},""new_value"":{""kind"":""literal"",""lexical"":""wcag20_status=not_present"",""datatype"":""http://www.w3.org/2001/XMLSchema#string""}}",READY,Carried forward from external-real-v4-evidence-aligned into expanded external-real-v4-evidence-aligned.
EXT_E023,CAND_002,wcag21_input_rule=2.5.2;level=A,"{""operator"":""REPLACE_PROPERTY_VALUE"",""subject_iri"":""file:///G:/LearnAI/ontology-evolution/external-real-v4-evidence-aligned#WCAG_success_criterion_2_5_2"",""predicate_iri"":""file:///G:/LearnAI/ontology-evolution/external-real-v4-evidence-aligned#input_modality_rule_status"",""old_value"":{""kind"":""literal"",""lexical"":""wcag20_status=not_present"",""datatype"":""http://www.w3.org/2001/XMLSchema#string""},""new_value"":{""kind"":""literal"",""lexical"":""wcag21_input_rule=2.5.2;level=A"",""datatype"":""http://www.w3.org/2001/XMLSchema#string""}}",READY,Carried forward from external-real-v4-evidence-aligned into expanded external-real-v4-evidence-aligned.
EXT_E023,CAND_003,wcag21_input_rule=2.5.2;level=AA,"{""operator"":""REPLACE_PROPERTY_VALUE"",""subject_iri"":""file:///G:/LearnAI/ontology-evolution/external-real-v4-evidence-aligned#WCAG_success_criterion_2_5_2"",""predicate_iri"":""file:///G:/LearnAI/ontology-evolution/external-real-v4-evidence-aligned#input_modality_rule_status"",""old_value"":{""kind"":""literal"",""lexical"":""wcag20_status=not_present"",""datatype"":""http://www.w3.org/2001/XMLSchema#string""},""new_value"":{""kind"":""literal"",""lexical"":""wcag21_input_rule=2.5.2;level=AA"",""datatype"":""http://www.w3.org/2001/XMLSchema#string""}}",READY,Carried forward from external-real-v4-evidence-aligned into expanded external-real-v4-evidence-aligned.
EXT_E024,CAND_001,wcag20_status=not_present,"{""operator"":""REPLACE_PROPERTY_VALUE"",""subject_iri"":""file:///G:/LearnAI/ontology-evolution/external-real-v4-evidence-aligned#WCAG_success_criterion_2_5_3"",""predicate_iri"":""file:///G:/LearnAI/ontology-evolution/external-real-v4-evidence-aligned#input_modality_rule_status"",""old_value"":{""kind"":""literal"",""lexical"":""wcag20_status=not_present"",""datatype"":""http://www.w3.org/2001/XMLSchema#string""},""new_value"":{""kind"":""literal"",""lexical"":""wcag20_status=not_present"",""datatype"":""http://www.w3.org/2001/XMLSchema#string""}}",READY,Carried forward from external-real-v4-evidence-aligned into expanded external-real-v4-evidence-aligned.
EXT_E024,CAND_002,wcag21_input_rule=2.5.3;level=A,"{""operator"":""REPLACE_PROPERTY_VALUE"",""subject_iri"":""file:///G:/LearnAI/ontology-evolution/external-real-v4-evidence-aligned#WCAG_success_criterion_2_5_3"",""predicate_iri"":""file:///G:/LearnAI/ontology-evolution/external-real-v4-evidence-aligned#input_modality_rule_status"",""old_value"":{""kind"":""literal"",""lexical"":""wcag20_status=not_present"",""datatype"":""http://www.w3.org/2001/XMLSchema#string""},""new_value"":{""kind"":""literal"",""lexical"":""wcag21_input_rule=2.5.3;level=A"",""datatype"":""http://www.w3.org/2001/XMLSchema#string""}}",READY,Carried forward from external-real-v4-evidence-aligned into expanded external-real-v4-evidence-aligned.
EXT_E024,CAND_003,wcag21_input_rule=2.5.3;level=AA,"{""operator"":""REPLACE_PROPERTY_VALUE"",""subject_iri"":""file:///G:/LearnAI/ontology-evolution/external-real-v4-evidence-aligned#WCAG_success_criterion_2_5_3"",""predicate_iri"":""file:///G:/LearnAI/ontology-evolution/external-real-v4-evidence-aligned#input_modality_rule_status"",""old_value"":{""kind"":""literal"",""lexical"":""wcag20_status=not_present"",""datatype"":""http://www.w3.org/2001/XMLSchema#string""},""new_value"":{""kind"":""literal"",""lexical"":""wcag21_input_rule=2.5.3;level=AA"",""datatype"":""http://www.w3.org/2001/XMLSchema#string""}}",READY,Carried forward from external-real-v4-evidence-aligned into expanded external-real-v4-evidence-aligned.
EXT_E025,CAND_001,nist63_3_status=not_integrated,"{""operator"":""REPLACE_PROPERTY_VALUE"",""subject_iri"":""file:///G:/LearnAI/ontology-evolution/external-real-v4-evidence-aligned#NIST_SP_800_63_4_risk_management_context"",""predicate_iri"":""file:///G:/LearnAI/ontology-evolution/external-real-v4-evidence-aligned#revision_change_status"",""old_value"":{""kind"":""literal"",""lexical"":""nist63_3_status=not_integrated"",""datatype"":""http://www.w3.org/2001/XMLSchema#string""},""new_value"":{""kind"":""literal"",""lexical"":""nist63_3_status=not_integrated"",""datatype"":""http://www.w3.org/2001/XMLSchema#string""}}",READY,Carried forward from external-real-v4-evidence-aligned into expanded external-real-v4-evidence-aligned.
EXT_E025,CAND_002,risk_management_text=updated_context_setting,"{""operator"":""REPLACE_PROPERTY_VALUE"",""subject_iri"":""file:///G:/LearnAI/ontology-evolution/external-real-v4-evidence-aligned#NIST_SP_800_63_4_risk_management_context"",""predicate_iri"":""file:///G:/LearnAI/ontology-evolution/external-real-v4-evidence-aligned#revision_change_status"",""old_value"":{""kind"":""literal"",""lexical"":""nist63_3_status=not_integrated"",""datatype"":""http://www.w3.org/2001/XMLSchema#string""},""new_value"":{""kind"":""literal"",""lexical"":""risk_management_text=updated_context_setting"",""datatype"":""http://www.w3.org/2001/XMLSchema#string""}}",READY,Carried forward from external-real-v4-evidence-aligned into expanded external-real-v4-evidence-aligned.
EXT_E025,CAND_003,risk_management_context=deferred_to_future_revision,"{""operator"":""REPLACE_PROPERTY_VALUE"",""subject_iri"":""file:///G:/LearnAI/ontology-evolution/external-real-v4-evidence-aligned#NIST_SP_800_63_4_risk_management_context"",""predicate_iri"":""file:///G:/LearnAI/ontology-evolution/external-real-v4-evidence-aligned#revision_change_status"",""old_value"":{""kind"":""literal"",""lexical"":""nist63_3_status=not_integrated"",""datatype"":""http://www.w3.org/2001/XMLSchema#string""},""new_value"":{""kind"":""literal"",""lexical"":""risk_management_context=deferred_to_future_revision"",""datatype"":""http://www.w3.org/2001/XMLSchema#string""}}",READY,Carried forward from external-real-v4-evidence-aligned into expanded external-real-v4-evidence-aligned.
EXT_E026,CAND_001,nist63_3_status=not_integrated,"{""operator"":""REPLACE_PROPERTY_VALUE"",""subject_iri"":""file:///G:/LearnAI/ontology-evolution/external-real-v4-evidence-aligned#NIST_SP_800_63_4_continuous_evaluation_metrics"",""predicate_iri"":""file:///G:/LearnAI/ontology-evolution/external-real-v4-evidence-aligned#revision_change_status"",""old_value"":{""kind"":""literal"",""lexical"":""nist63_3_status=not_integrated"",""datatype"":""http://www.w3.org/2001/XMLSchema#string""},""new_value"":{""kind"":""literal"",""lexical"":""nist63_3_status=not_integrated"",""datatype"":""http://www.w3.org/2001/XMLSchema#string""}}",READY,Carried forward from external-real-v4-evidence-aligned into expanded external-real-v4-evidence-aligned.
EXT_E026,CAND_002,continuous_evaluation_metrics=recommended_added,"{""operator"":""REPLACE_PROPERTY_VALUE"",""subject_iri"":""file:///G:/LearnAI/ontology-evolution/external-real-v4-evidence-aligned#NIST_SP_800_63_4_continuous_evaluation_metrics"",""predicate_iri"":""file:///G:/LearnAI/ontology-evolution/external-real-v4-evidence-aligned#revision_change_status"",""old_value"":{""kind"":""literal"",""lexical"":""nist63_3_status=not_integrated"",""datatype"":""http://www.w3.org/2001/XMLSchema#string""},""new_value"":{""kind"":""literal"",""lexical"":""continuous_evaluation_metrics=recommended_added"",""datatype"":""http://www.w3.org/2001/XMLSchema#string""}}",READY,Carried forward from external-real-v4-evidence-aligned into expanded external-real-v4-evidence-aligned.
EXT_E026,CAND_003,continuous_evaluation_metrics=deferred_to_future_revision,"{""operator"":""REPLACE_PROPERTY_VALUE"",""subject_iri"":""file:///G:/LearnAI/ontology-evolution/external-real-v4-evidence-aligned#NIST_SP_800_63_4_continuous_evaluation_metrics"",""predicate_iri"":""file:///G:/LearnAI/ontology-evolution/external-real-v4-evidence-aligned#revision_change_status"",""old_value"":{""kind"":""literal"",""lexical"":""nist63_3_status=not_integrated"",""datatype"":""http://www.w3.org/2001/XMLSchema#string""},""new_value"":{""kind"":""literal"",""lexical"":""continuous_evaluation_metrics=deferred_to_future_revision"",""datatype"":""http://www.w3.org/2001/XMLSchema#string""}}",READY,Carried forward from external-real-v4-evidence-aligned into expanded external-real-v4-evidence-aligned.
EXT_E027,CAND_001,nist63_3_status=not_integrated,"{""operator"":""REPLACE_PROPERTY_VALUE"",""subject_iri"":""file:///G:/LearnAI/ontology-evolution/external-real-v4-evidence-aligned#NIST_SP_800_63_4_fraud_requirements_identity_proofing"",""predicate_iri"":""file:///G:/LearnAI/ontology-evolution/external-real-v4-evidence-aligned#revision_change_status"",""old_value"":{""kind"":""literal"",""lexical"":""nist63_3_status=not_integrated"",""datatype"":""http://www.w3.org/2001/XMLSchema#string""},""new_value"":{""kind"":""literal"",""lexical"":""nist63_3_status=not_integrated"",""datatype"":""http://www.w3.org/2001/XMLSchema#string""}}",READY,Carried forward from external-real-v4-evidence-aligned into expanded external-real-v4-evidence-aligned.
EXT_E027,CAND_002,fraud_requirements=expanded_identity_proofing,"{""operator"":""REPLACE_PROPERTY_VALUE"",""subject_iri"":""file:///G:/LearnAI/ontology-evolution/external-real-v4-evidence-aligned#NIST_SP_800_63_4_fraud_requirements_identity_proofing"",""predicate_iri"":""file:///G:/LearnAI/ontology-evolution/external-real-v4-evidence-aligned#revision_change_status"",""old_value"":{""kind"":""literal"",""lexical"":""nist63_3_status=not_integrated"",""datatype"":""http://www.w3.org/2001/XMLSchema#string""},""new_value"":{""kind"":""literal"",""lexical"":""fraud_requirements=expanded_identity_proofing"",""datatype"":""http://www.w3.org/2001/XMLSchema#string""}}",READY,Carried forward from external-real-v4-evidence-aligned into expanded external-real-v4-evidence-aligned.
EXT_E027,CAND_003,fraud_requirements_identity_proofing=deferred_to_future_revision,"{""operator"":""REPLACE_PROPERTY_VALUE"",""subject_iri"":""file:///G:/LearnAI/ontology-evolution/external-real-v4-evidence-aligned#NIST_SP_800_63_4_fraud_requirements_identity_proofing"",""predicate_iri"":""file:///G:/LearnAI/ontology-evolution/external-real-v4-evidence-aligned#revision_change_status"",""old_value"":{""kind"":""literal"",""lexical"":""nist63_3_status=not_integrated"",""datatype"":""http://www.w3.org/2001/XMLSchema#string""},""new_value"":{""kind"":""literal"",""lexical"":""fraud_requirements_identity_proofing=deferred_to_future_revision"",""datatype"":""http://www.w3.org/2001/XMLSchema#string""}}",READY,Carried forward from external-real-v4-evidence-aligned into expanded external-real-v4-evidence-aligned.
EXT_E028,CAND_001,nist63_3_status=not_integrated,"{""operator"":""REPLACE_PROPERTY_VALUE"",""subject_iri"":""file:///G:/LearnAI/ontology-evolution/external-real-v4-evidence-aligned#NIST_SP_800_63_4_identity_proofing_roles_types"",""predicate_iri"":""file:///G:/LearnAI/ontology-evolution/external-real-v4-evidence-aligned#revision_change_status"",""old_value"":{""kind"":""literal"",""lexical"":""nist63_3_status=not_integrated"",""datatype"":""http://www.w3.org/2001/XMLSchema#string""},""new_value"":{""kind"":""literal"",""lexical"":""nist63_3_status=not_integrated"",""datatype"":""http://www.w3.org/2001/XMLSchema#string""}}",READY,Carried forward from external-real-v4-evidence-aligned into expanded external-real-v4-evidence-aligned.
EXT_E028,CAND_002,identity_proofing_controls=restructured_roles_and_types,"{""operator"":""REPLACE_PROPERTY_VALUE"",""subject_iri"":""file:///G:/LearnAI/ontology-evolution/external-real-v4-evidence-aligned#NIST_SP_800_63_4_identity_proofing_roles_types"",""predicate_iri"":""file:///G:/LearnAI/ontology-evolution/external-real-v4-evidence-aligned#revision_change_status"",""old_value"":{""kind"":""literal"",""lexical"":""nist63_3_status=not_integrated"",""datatype"":""http://www.w3.org/2001/XMLSchema#string""},""new_value"":{""kind"":""literal"",""lexical"":""identity_proofing_controls=restructured_roles_and_types"",""datatype"":""http://www.w3.org/2001/XMLSchema#string""}}",READY,Carried forward from external-real-v4-evidence-aligned into expanded external-real-v4-evidence-aligned.
EXT_E028,CAND_003,identity_proofing_roles_types=deferred_to_future_revision,"{""operator"":""REPLACE_PROPERTY_VALUE"",""subject_iri"":""file:///G:/LearnAI/ontology-evolution/external-real-v4-evidence-aligned#NIST_SP_800_63_4_identity_proofing_roles_types"",""predicate_iri"":""file:///G:/LearnAI/ontology-evolution/external-real-v4-evidence-aligned#revision_change_status"",""old_value"":{""kind"":""literal"",""lexical"":""nist63_3_status=not_integrated"",""datatype"":""http://www.w3.org/2001/XMLSchema#string""},""new_value"":{""kind"":""literal"",""lexical"":""identity_proofing_roles_types=deferred_to_future_revision"",""datatype"":""http://www.w3.org/2001/XMLSchema#string""}}",READY,Carried forward from external-real-v4-evidence-aligned into expanded external-real-v4-evidence-aligned.
EXT_E029,CAND_001,nist63_3_status=not_integrated,"{""operator"":""REPLACE_PROPERTY_VALUE"",""subject_iri"":""file:///G:/LearnAI/ontology-evolution/external-real-v4-evidence-aligned#NIST_SP_800_63_4_injection_attacks_forged_media"",""predicate_iri"":""file:///G:/LearnAI/ontology-evolution/external-real-v4-evidence-aligned#revision_change_status"",""old_value"":{""kind"":""literal"",""lexical"":""nist63_3_status=not_integrated"",""datatype"":""http://www.w3.org/2001/XMLSchema#string""},""new_value"":{""kind"":""literal"",""lexical"":""nist63_3_status=not_integrated"",""datatype"":""http://www.w3.org/2001/XMLSchema#string""}}",READY,Carried forward from external-real-v4-evidence-aligned into expanded external-real-v4-evidence-aligned.
EXT_E029,CAND_002,controls_added=injection_attacks_and_forged_media,"{""operator"":""REPLACE_PROPERTY_VALUE"",""subject_iri"":""file:///G:/LearnAI/ontology-evolution/external-real-v4-evidence-aligned#NIST_SP_800_63_4_injection_attacks_forged_media"",""predicate_iri"":""file:///G:/LearnAI/ontology-evolution/external-real-v4-evidence-aligned#revision_change_status"",""old_value"":{""kind"":""literal"",""lexical"":""nist63_3_status=not_integrated"",""datatype"":""http://www.w3.org/2001/XMLSchema#string""},""new_value"":{""kind"":""literal"",""lexical"":""controls_added=injection_attacks_and_forged_media"",""datatype"":""http://www.w3.org/2001/XMLSchema#string""}}",READY,Carried forward from external-real-v4-evidence-aligned into expanded external-real-v4-evidence-aligned.
EXT_E029,CAND_003,injection_attacks_forged_media=deferred_to_future_revision,"{""operator"":""REPLACE_PROPERTY_VALUE"",""subject_iri"":""file:///G:/LearnAI/ontology-evolution/external-real-v4-evidence-aligned#NIST_SP_800_63_4_injection_attacks_forged_media"",""predicate_iri"":""file:///G:/LearnAI/ontology-evolution/external-real-v4-evidence-aligned#revision_change_status"",""old_value"":{""kind"":""literal"",""lexical"":""nist63_3_status=not_integrated"",""datatype"":""http://www.w3.org/2001/XMLSchema#string""},""new_value"":{""kind"":""literal"",""lexical"":""injection_attacks_forged_media=deferred_to_future_revision"",""datatype"":""http://www.w3.org/2001/XMLSchema#string""}}",READY,Carried forward from external-real-v4-evidence-aligned into expanded external-real-v4-evidence-aligned.
EXT_E030,CAND_001,nist63_3_status=not_integrated,"{""operator"":""REPLACE_PROPERTY_VALUE"",""subject_iri"":""file:///G:/LearnAI/ontology-evolution/external-real-v4-evidence-aligned#NIST_SP_800_63_4_syncable_authenticators"",""predicate_iri"":""file:///G:/LearnAI/ontology-evolution/external-real-v4-evidence-aligned#revision_change_status"",""old_value"":{""kind"":""literal"",""lexical"":""nist63_3_status=not_integrated"",""datatype"":""http://www.w3.org/2001/XMLSchema#string""},""new_value"":{""kind"":""literal"",""lexical"":""nist63_3_status=not_integrated"",""datatype"":""http://www.w3.org/2001/XMLSchema#string""}}",READY,Carried forward from external-real-v4-evidence-aligned into expanded external-real-v4-evidence-aligned.
EXT_E030,CAND_002,syncable_authenticators=integrated,"{""operator"":""REPLACE_PROPERTY_VALUE"",""subject_iri"":""file:///G:/LearnAI/ontology-evolution/external-real-v4-evidence-aligned#NIST_SP_800_63_4_syncable_authenticators"",""predicate_iri"":""file:///G:/LearnAI/ontology-evolution/external-real-v4-evidence-aligned#revision_change_status"",""old_value"":{""kind"":""literal"",""lexical"":""nist63_3_status=not_integrated"",""datatype"":""http://www.w3.org/2001/XMLSchema#string""},""new_value"":{""kind"":""literal"",""lexical"":""syncable_authenticators=integrated"",""datatype"":""http://www.w3.org/2001/XMLSchema#string""}}",READY,Carried forward from external-real-v4-evidence-aligned into expanded external-real-v4-evidence-aligned.
EXT_E030,CAND_003,syncable_authenticators=deferred_to_future_revision,"{""operator"":""REPLACE_PROPERTY_VALUE"",""subject_iri"":""file:///G:/LearnAI/ontology-evolution/external-real-v4-evidence-aligned#NIST_SP_800_63_4_syncable_authenticators"",""predicate_iri"":""file:///G:/LearnAI/ontology-evolution/external-real-v4-evidence-aligned#revision_change_status"",""old_value"":{""kind"":""literal"",""lexical"":""nist63_3_status=not_integrated"",""datatype"":""http://www.w3.org/2001/XMLSchema#string""},""new_value"":{""kind"":""literal"",""lexical"":""syncable_authenticators=deferred_to_future_revision"",""datatype"":""http://www.w3.org/2001/XMLSchema#string""}}",READY,Carried forward from external-real-v4-evidence-aligned into expanded external-real-v4-evidence-aligned.
EXT_E031,CAND_001,wcag21_status=previous_target,"{""operator"":""REPLACE_PROPERTY_VALUE"",""subject_iri"":""file:///G:/LearnAI/ontology-evolution/external-real-v4-evidence-aligned#WCAG_2_2_Parsing"",""predicate_iri"":""file:///G:/LearnAI/ontology-evolution/external-real-v4-evidence-aligned#versioned_requirement_status"",""old_value"":{""kind"":""literal"",""lexical"":""wcag21_status=previous_target"",""datatype"":""http://www.w3.org/2001/XMLSchema#string""},""new_value"":{""kind"":""literal"",""lexical"":""wcag21_status=previous_target"",""datatype"":""http://www.w3.org/2001/XMLSchema#string""}}",READY,external-real-v4-evidence-aligned public candidate value variant.
EXT_E031,CAND_002,wcag22_obsolete=4.1.1;status=removed,"{""operator"":""REPLACE_PROPERTY_VALUE"",""subject_iri"":""file:///G:/LearnAI/ontology-evolution/external-real-v4-evidence-aligned#WCAG_2_2_Parsing"",""predicate_iri"":""file:///G:/LearnAI/ontology-evolution/external-real-v4-evidence-aligned#versioned_requirement_status"",""old_value"":{""kind"":""literal"",""lexical"":""wcag21_status=previous_target"",""datatype"":""http://www.w3.org/2001/XMLSchema#string""},""new_value"":{""kind"":""literal"",""lexical"":""wcag22_obsolete=4.1.1;status=removed"",""datatype"":""http://www.w3.org/2001/XMLSchema#string""}}",READY,external-real-v4-evidence-aligned public candidate value variant.
EXT_E031,CAND_003,wcag22_obsolete=4.1.1;status=removed_alternative,"{""operator"":""REPLACE_PROPERTY_VALUE"",""subject_iri"":""file:///G:/LearnAI/ontology-evolution/external-real-v4-evidence-aligned#WCAG_2_2_Parsing"",""predicate_iri"":""file:///G:/LearnAI/ontology-evolution/external-real-v4-evidence-aligned#versioned_requirement_status"",""old_value"":{""kind"":""literal"",""lexical"":""wcag21_status=previous_target"",""datatype"":""http://www.w3.org/2001/XMLSchema#string""},""new_value"":{""kind"":""literal"",""lexical"":""wcag22_obsolete=4.1.1;status=removed_alternative"",""datatype"":""http://www.w3.org/2001/XMLSchema#string""}}",READY,external-real-v4-evidence-aligned public candidate value variant.
EXT_E032,CAND_001,wcag21_status=previous_target,"{""operator"":""REPLACE_PROPERTY_VALUE"",""subject_iri"":""file:///G:/LearnAI/ontology-evolution/external-real-v4-evidence-aligned#WCAG_2_2_WCAG_2_2_language_notes"",""predicate_iri"":""file:///G:/LearnAI/ontology-evolution/external-real-v4-evidence-aligned#versioned_requirement_status"",""old_value"":{""kind"":""literal"",""lexical"":""wcag21_status=previous_target"",""datatype"":""http://www.w3.org/2001/XMLSchema#string""},""new_value"":{""kind"":""literal"",""lexical"":""wcag21_status=previous_target"",""datatype"":""http://www.w3.org/2001/XMLSchema#string""}}",READY,external-real-v4-evidence-aligned public candidate value variant.
EXT_E032,CAND_002,wcag22_notes=language_specific_notes_added,"{""operator"":""REPLACE_PROPERTY_VALUE"",""subject_iri"":""file:///G:/LearnAI/ontology-evolution/external-real-v4-evidence-aligned#WCAG_2_2_WCAG_2_2_language_notes"",""predicate_iri"":""file:///G:/LearnAI/ontology-evolution/external-real-v4-evidence-aligned#versioned_requirement_status"",""old_value"":{""kind"":""literal"",""lexical"":""wcag21_status=previous_target"",""datatype"":""http://www.w3.org/2001/XMLSchema#string""},""new_value"":{""kind"":""literal"",""lexical"":""wcag22_notes=language_specific_notes_added"",""datatype"":""http://www.w3.org/2001/XMLSchema#string""}}",READY,external-real-v4-evidence-aligned public candidate value variant.
EXT_E032,CAND_003,wcag22_notes=language_specific_notes_added_alternative,"{""operator"":""REPLACE_PROPERTY_VALUE"",""subject_iri"":""file:///G:/LearnAI/ontology-evolution/external-real-v4-evidence-aligned#WCAG_2_2_WCAG_2_2_language_notes"",""predicate_iri"":""file:///G:/LearnAI/ontology-evolution/external-real-v4-evidence-aligned#versioned_requirement_status"",""old_value"":{""kind"":""literal"",""lexical"":""wcag21_status=previous_target"",""datatype"":""http://www.w3.org/2001/XMLSchema#string""},""new_value"":{""kind"":""literal"",""lexical"":""wcag22_notes=language_specific_notes_added_alternative"",""datatype"":""http://www.w3.org/2001/XMLSchema#string""}}",READY,external-real-v4-evidence-aligned public candidate value variant.
EXT_E033,CAND_001,wcag21_status=previous_target,"{""operator"":""REPLACE_PROPERTY_VALUE"",""subject_iri"":""file:///G:/LearnAI/ontology-evolution/external-real-v4-evidence-aligned#WCAG_2_2_WCAG_2_2_backward_compatibility"",""predicate_iri"":""file:///G:/LearnAI/ontology-evolution/external-real-v4-evidence-aligned#versioned_requirement_status"",""old_value"":{""kind"":""literal"",""lexical"":""wcag21_status=previous_target"",""datatype"":""http://www.w3.org/2001/XMLSchema#string""},""new_value"":{""kind"":""literal"",""lexical"":""wcag21_status=previous_target"",""datatype"":""http://www.w3.org/2001/XMLSchema#string""}}",READY,external-real-v4-evidence-aligned public candidate value variant.
EXT_E033,CAND_002,wcag22_scope=extends_wcag21_except_parsing,"{""operator"":""REPLACE_PROPERTY_VALUE"",""subject_iri"":""file:///G:/LearnAI/ontology-evolution/external-real-v4-evidence-aligned#WCAG_2_2_WCAG_2_2_backward_compatibility"",""predicate_iri"":""file:///G:/LearnAI/ontology-evolution/external-real-v4-evidence-aligned#versioned_requirement_status"",""old_value"":{""kind"":""literal"",""lexical"":""wcag21_status=previous_target"",""datatype"":""http://www.w3.org/2001/XMLSchema#string""},""new_value"":{""kind"":""literal"",""lexical"":""wcag22_scope=extends_wcag21_except_parsing"",""datatype"":""http://www.w3.org/2001/XMLSchema#string""}}",READY,external-real-v4-evidence-aligned public candidate value variant.
EXT_E033,CAND_003,wcag22_scope=extends_wcag21_except_parsing_alternative,"{""operator"":""REPLACE_PROPERTY_VALUE"",""subject_iri"":""file:///G:/LearnAI/ontology-evolution/external-real-v4-evidence-aligned#WCAG_2_2_WCAG_2_2_backward_compatibility"",""predicate_iri"":""file:///G:/LearnAI/ontology-evolution/external-real-v4-evidence-aligned#versioned_requirement_status"",""old_value"":{""kind"":""literal"",""lexical"":""wcag21_status=previous_target"",""datatype"":""http://www.w3.org/2001/XMLSchema#string""},""new_value"":{""kind"":""literal"",""lexical"":""wcag22_scope=extends_wcag21_except_parsing_alternative"",""datatype"":""http://www.w3.org/2001/XMLSchema#string""}}",READY,external-real-v4-evidence-aligned public candidate value variant.
EXT_E034,CAND_001,wcag21_status=previous_target,"{""operator"":""REPLACE_PROPERTY_VALUE"",""subject_iri"":""file:///G:/LearnAI/ontology-evolution/external-real-v4-evidence-aligned#WCAG_2_2_Focus_Not_Obscured_family"",""predicate_iri"":""file:///G:/LearnAI/ontology-evolution/external-real-v4-evidence-aligned#versioned_requirement_status"",""old_value"":{""kind"":""literal"",""lexical"":""wcag21_status=previous_target"",""datatype"":""http://www.w3.org/2001/XMLSchema#string""},""new_value"":{""kind"":""literal"",""lexical"":""wcag21_status=previous_target"",""datatype"":""http://www.w3.org/2001/XMLSchema#string""}}",READY,external-real-v4-evidence-aligned public candidate value variant.
EXT_E034,CAND_002,wcag22_family=focus_not_obscured;criteria=2.4.11_2.4.12,"{""operator"":""REPLACE_PROPERTY_VALUE"",""subject_iri"":""file:///G:/LearnAI/ontology-evolution/external-real-v4-evidence-aligned#WCAG_2_2_Focus_Not_Obscured_family"",""predicate_iri"":""file:///G:/LearnAI/ontology-evolution/external-real-v4-evidence-aligned#versioned_requirement_status"",""old_value"":{""kind"":""literal"",""lexical"":""wcag21_status=previous_target"",""datatype"":""http://www.w3.org/2001/XMLSchema#string""},""new_value"":{""kind"":""literal"",""lexical"":""wcag22_family=focus_not_obscured;criteria=2.4.11_2.4.12"",""datatype"":""http://www.w3.org/2001/XMLSchema#string""}}",READY,external-real-v4-evidence-aligned public candidate value variant.
EXT_E034,CAND_003,wcag22_family=focus_not_obscured;criteria=2.4.11_2.4.12_alternative,"{""operator"":""REPLACE_PROPERTY_VALUE"",""subject_iri"":""file:///G:/LearnAI/ontology-evolution/external-real-v4-evidence-aligned#WCAG_2_2_Focus_Not_Obscured_family"",""predicate_iri"":""file:///G:/LearnAI/ontology-evolution/external-real-v4-evidence-aligned#versioned_requirement_status"",""old_value"":{""kind"":""literal"",""lexical"":""wcag21_status=previous_target"",""datatype"":""http://www.w3.org/2001/XMLSchema#string""},""new_value"":{""kind"":""literal"",""lexical"":""wcag22_family=focus_not_obscured;criteria=2.4.11_2.4.12_alternative"",""datatype"":""http://www.w3.org/2001/XMLSchema#string""}}",READY,external-real-v4-evidence-aligned public candidate value variant.
EXT_E035,CAND_001,wcag21_status=previous_target,"{""operator"":""REPLACE_PROPERTY_VALUE"",""subject_iri"":""file:///G:/LearnAI/ontology-evolution/external-real-v4-evidence-aligned#WCAG_2_2_Target_Size_Minimum_exception_family"",""predicate_iri"":""file:///G:/LearnAI/ontology-evolution/external-real-v4-evidence-aligned#versioned_requirement_status"",""old_value"":{""kind"":""literal"",""lexical"":""wcag21_status=previous_target"",""datatype"":""http://www.w3.org/2001/XMLSchema#string""},""new_value"":{""kind"":""literal"",""lexical"":""wcag21_status=previous_target"",""datatype"":""http://www.w3.org/2001/XMLSchema#string""}}",READY,external-real-v4-evidence-aligned public candidate value variant.
EXT_E035,CAND_002,wcag22_target_size=minimum_added;level=AA,"{""operator"":""REPLACE_PROPERTY_VALUE"",""subject_iri"":""file:///G:/LearnAI/ontology-evolution/external-real-v4-evidence-aligned#WCAG_2_2_Target_Size_Minimum_exception_family"",""predicate_iri"":""file:///G:/LearnAI/ontology-evolution/external-real-v4-evidence-aligned#versioned_requirement_status"",""old_value"":{""kind"":""literal"",""lexical"":""wcag21_status=previous_target"",""datatype"":""http://www.w3.org/2001/XMLSchema#string""},""new_value"":{""kind"":""literal"",""lexical"":""wcag22_target_size=minimum_added;level=AA"",""datatype"":""http://www.w3.org/2001/XMLSchema#string""}}",READY,external-real-v4-evidence-aligned public candidate value variant.
EXT_E035,CAND_003,wcag22_target_size=minimum_added;level=AAA,"{""operator"":""REPLACE_PROPERTY_VALUE"",""subject_iri"":""file:///G:/LearnAI/ontology-evolution/external-real-v4-evidence-aligned#WCAG_2_2_Target_Size_Minimum_exception_family"",""predicate_iri"":""file:///G:/LearnAI/ontology-evolution/external-real-v4-evidence-aligned#versioned_requirement_status"",""old_value"":{""kind"":""literal"",""lexical"":""wcag21_status=previous_target"",""datatype"":""http://www.w3.org/2001/XMLSchema#string""},""new_value"":{""kind"":""literal"",""lexical"":""wcag22_target_size=minimum_added;level=AAA"",""datatype"":""http://www.w3.org/2001/XMLSchema#string""}}",READY,external-real-v4-evidence-aligned public candidate value variant.
EXT_E036,CAND_001,wcag21_status=previous_target,"{""operator"":""REPLACE_PROPERTY_VALUE"",""subject_iri"":""file:///G:/LearnAI/ontology-evolution/external-real-v4-evidence-aligned#WCAG_2_2_Accessible_Authentication_scope"",""predicate_iri"":""file:///G:/LearnAI/ontology-evolution/external-real-v4-evidence-aligned#versioned_requirement_status"",""old_value"":{""kind"":""literal"",""lexical"":""wcag21_status=previous_target"",""datatype"":""http://www.w3.org/2001/XMLSchema#string""},""new_value"":{""kind"":""literal"",""lexical"":""wcag21_status=previous_target"",""datatype"":""http://www.w3.org/2001/XMLSchema#string""}}",READY,external-real-v4-evidence-aligned public candidate value variant.
EXT_E036,CAND_002,wcag22_accessible_authentication=minimum_and_enhanced,"{""operator"":""REPLACE_PROPERTY_VALUE"",""subject_iri"":""file:///G:/LearnAI/ontology-evolution/external-real-v4-evidence-aligned#WCAG_2_2_Accessible_Authentication_scope"",""predicate_iri"":""file:///G:/LearnAI/ontology-evolution/external-real-v4-evidence-aligned#versioned_requirement_status"",""old_value"":{""kind"":""literal"",""lexical"":""wcag21_status=previous_target"",""datatype"":""http://www.w3.org/2001/XMLSchema#string""},""new_value"":{""kind"":""literal"",""lexical"":""wcag22_accessible_authentication=minimum_and_enhanced"",""datatype"":""http://www.w3.org/2001/XMLSchema#string""}}",READY,external-real-v4-evidence-aligned public candidate value variant.
EXT_E036,CAND_003,wcag22_accessible_authentication=minimum_and_enhanced_alternative,"{""operator"":""REPLACE_PROPERTY_VALUE"",""subject_iri"":""file:///G:/LearnAI/ontology-evolution/external-real-v4-evidence-aligned#WCAG_2_2_Accessible_Authentication_scope"",""predicate_iri"":""file:///G:/LearnAI/ontology-evolution/external-real-v4-evidence-aligned#versioned_requirement_status"",""old_value"":{""kind"":""literal"",""lexical"":""wcag21_status=previous_target"",""datatype"":""http://www.w3.org/2001/XMLSchema#string""},""new_value"":{""kind"":""literal"",""lexical"":""wcag22_accessible_authentication=minimum_and_enhanced_alternative"",""datatype"":""http://www.w3.org/2001/XMLSchema#string""}}",READY,external-real-v4-evidence-aligned public candidate value variant.
EXT_E037,CAND_001,wcag21_status=previous_target,"{""operator"":""REPLACE_PROPERTY_VALUE"",""subject_iri"":""file:///G:/LearnAI/ontology-evolution/external-real-v4-evidence-aligned#WCAG_2_2_Dragging_Movements_addition"",""predicate_iri"":""file:///G:/LearnAI/ontology-evolution/external-real-v4-evidence-aligned#versioned_requirement_status"",""old_value"":{""kind"":""literal"",""lexical"":""wcag21_status=previous_target"",""datatype"":""http://www.w3.org/2001/XMLSchema#string""},""new_value"":{""kind"":""literal"",""lexical"":""wcag21_status=previous_target"",""datatype"":""http://www.w3.org/2001/XMLSchema#string""}}",READY,external-real-v4-evidence-aligned public candidate value variant.
EXT_E037,CAND_002,wcag22_added=2.5.7;level=AA,"{""operator"":""REPLACE_PROPERTY_VALUE"",""subject_iri"":""file:///G:/LearnAI/ontology-evolution/external-real-v4-evidence-aligned#WCAG_2_2_Dragging_Movements_addition"",""predicate_iri"":""file:///G:/LearnAI/ontology-evolution/external-real-v4-evidence-aligned#versioned_requirement_status"",""old_value"":{""kind"":""literal"",""lexical"":""wcag21_status=previous_target"",""datatype"":""http://www.w3.org/2001/XMLSchema#string""},""new_value"":{""kind"":""literal"",""lexical"":""wcag22_added=2.5.7;level=AA"",""datatype"":""http://www.w3.org/2001/XMLSchema#string""}}",READY,external-real-v4-evidence-aligned public candidate value variant.
EXT_E037,CAND_003,wcag22_added=2.5.7;level=AAA,"{""operator"":""REPLACE_PROPERTY_VALUE"",""subject_iri"":""file:///G:/LearnAI/ontology-evolution/external-real-v4-evidence-aligned#WCAG_2_2_Dragging_Movements_addition"",""predicate_iri"":""file:///G:/LearnAI/ontology-evolution/external-real-v4-evidence-aligned#versioned_requirement_status"",""old_value"":{""kind"":""literal"",""lexical"":""wcag21_status=previous_target"",""datatype"":""http://www.w3.org/2001/XMLSchema#string""},""new_value"":{""kind"":""literal"",""lexical"":""wcag22_added=2.5.7;level=AAA"",""datatype"":""http://www.w3.org/2001/XMLSchema#string""}}",READY,external-real-v4-evidence-aligned public candidate value variant.
EXT_E038,CAND_001,wcag21_status=previous_target,"{""operator"":""REPLACE_PROPERTY_VALUE"",""subject_iri"":""file:///G:/LearnAI/ontology-evolution/external-real-v4-evidence-aligned#WCAG_2_2_Redundant_Entry_addition"",""predicate_iri"":""file:///G:/LearnAI/ontology-evolution/external-real-v4-evidence-aligned#versioned_requirement_status"",""old_value"":{""kind"":""literal"",""lexical"":""wcag21_status=previous_target"",""datatype"":""http://www.w3.org/2001/XMLSchema#string""},""new_value"":{""kind"":""literal"",""lexical"":""wcag21_status=previous_target"",""datatype"":""http://www.w3.org/2001/XMLSchema#string""}}",READY,external-real-v4-evidence-aligned public candidate value variant.
EXT_E038,CAND_002,wcag22_added=3.3.7;level=A,"{""operator"":""REPLACE_PROPERTY_VALUE"",""subject_iri"":""file:///G:/LearnAI/ontology-evolution/external-real-v4-evidence-aligned#WCAG_2_2_Redundant_Entry_addition"",""predicate_iri"":""file:///G:/LearnAI/ontology-evolution/external-real-v4-evidence-aligned#versioned_requirement_status"",""old_value"":{""kind"":""literal"",""lexical"":""wcag21_status=previous_target"",""datatype"":""http://www.w3.org/2001/XMLSchema#string""},""new_value"":{""kind"":""literal"",""lexical"":""wcag22_added=3.3.7;level=A"",""datatype"":""http://www.w3.org/2001/XMLSchema#string""}}",READY,external-real-v4-evidence-aligned public candidate value variant.
EXT_E038,CAND_003,wcag22_added=3.3.7;level=AA,"{""operator"":""REPLACE_PROPERTY_VALUE"",""subject_iri"":""file:///G:/LearnAI/ontology-evolution/external-real-v4-evidence-aligned#WCAG_2_2_Redundant_Entry_addition"",""predicate_iri"":""file:///G:/LearnAI/ontology-evolution/external-real-v4-evidence-aligned#versioned_requirement_status"",""old_value"":{""kind"":""literal"",""lexical"":""wcag21_status=previous_target"",""datatype"":""http://www.w3.org/2001/XMLSchema#string""},""new_value"":{""kind"":""literal"",""lexical"":""wcag22_added=3.3.7;level=AA"",""datatype"":""http://www.w3.org/2001/XMLSchema#string""}}",READY,external-real-v4-evidence-aligned public candidate value variant.
EXT_E039,CAND_001,mobile_guidance=not_integrated,"{""operator"":""REPLACE_PROPERTY_VALUE"",""subject_iri"":""file:///G:/LearnAI/ontology-evolution/external-real-v4-evidence-aligned#WCAG2Mobile_EXT_E039"",""predicate_iri"":""file:///G:/LearnAI/ontology-evolution/external-real-v4-evidence-aligned#mobile_application_guidance_scope"",""old_value"":{""kind"":""literal"",""lexical"":""mobile_guidance=not_integrated"",""datatype"":""http://www.w3.org/2001/XMLSchema#string""},""new_value"":{""kind"":""literal"",""lexical"":""mobile_guidance=not_integrated"",""datatype"":""http://www.w3.org/2001/XMLSchema#string""}}",READY,external-real-v4-evidence-aligned public candidate value variant.
EXT_E039,CAND_002,mobile_wcag_scope=principles_guidelines_criteria_glossary,"{""operator"":""REPLACE_PROPERTY_VALUE"",""subject_iri"":""file:///G:/LearnAI/ontology-evolution/external-real-v4-evidence-aligned#WCAG2Mobile_EXT_E039"",""predicate_iri"":""file:///G:/LearnAI/ontology-evolution/external-real-v4-evidence-aligned#mobile_application_guidance_scope"",""old_value"":{""kind"":""literal"",""lexical"":""mobile_guidance=not_integrated"",""datatype"":""http://www.w3.org/2001/XMLSchema#string""},""new_value"":{""kind"":""literal"",""lexical"":""mobile_wcag_scope=principles_guidelines_criteria_glossary"",""datatype"":""http://www.w3.org/2001/XMLSchema#string""}}",READY,external-real-v4-evidence-aligned public candidate value variant.
EXT_E039,CAND_003,mobile_wcag_scope=principles_guidelines_criteria_glossary_overgeneralized,"{""operator"":""REPLACE_PROPERTY_VALUE"",""subject_iri"":""file:///G:/LearnAI/ontology-evolution/external-real-v4-evidence-aligned#WCAG2Mobile_EXT_E039"",""predicate_iri"":""file:///G:/LearnAI/ontology-evolution/external-real-v4-evidence-aligned#mobile_application_guidance_scope"",""old_value"":{""kind"":""literal"",""lexical"":""mobile_guidance=not_integrated"",""datatype"":""http://www.w3.org/2001/XMLSchema#string""},""new_value"":{""kind"":""literal"",""lexical"":""mobile_wcag_scope=principles_guidelines_criteria_glossary_overgeneralized"",""datatype"":""http://www.w3.org/2001/XMLSchema#string""}}",READY,external-real-v4-evidence-aligned public candidate value variant.
EXT_E040,CAND_001,mobile_guidance=not_integrated,"{""operator"":""REPLACE_PROPERTY_VALUE"",""subject_iri"":""file:///G:/LearnAI/ontology-evolution/external-real-v4-evidence-aligned#WCAG2Mobile_EXT_E040"",""predicate_iri"":""file:///G:/LearnAI/ontology-evolution/external-real-v4-evidence-aligned#mobile_application_guidance_scope"",""old_value"":{""kind"":""literal"",""lexical"":""mobile_guidance=not_integrated"",""datatype"":""http://www.w3.org/2001/XMLSchema#string""},""new_value"":{""kind"":""literal"",""lexical"":""mobile_guidance=not_integrated"",""datatype"":""http://www.w3.org/2001/XMLSchema#string""}}",READY,external-real-v4-evidence-aligned public candidate value variant.
EXT_E040,CAND_002,mobile_wcag2ict_scope=applied_guidance,"{""operator"":""REPLACE_PROPERTY_VALUE"",""subject_iri"":""file:///G:/LearnAI/ontology-evolution/external-real-v4-evidence-aligned#WCAG2Mobile_EXT_E040"",""predicate_iri"":""file:///G:/LearnAI/ontology-evolution/external-real-v4-evidence-aligned#mobile_application_guidance_scope"",""old_value"":{""kind"":""literal"",""lexical"":""mobile_guidance=not_integrated"",""datatype"":""http://www.w3.org/2001/XMLSchema#string""},""new_value"":{""kind"":""literal"",""lexical"":""mobile_wcag2ict_scope=applied_guidance"",""datatype"":""http://www.w3.org/2001/XMLSchema#string""}}",READY,external-real-v4-evidence-aligned public candidate value variant.
EXT_E040,CAND_003,mobile_wcag2ict_scope=applied_guidance_overgeneralized,"{""operator"":""REPLACE_PROPERTY_VALUE"",""subject_iri"":""file:///G:/LearnAI/ontology-evolution/external-real-v4-evidence-aligned#WCAG2Mobile_EXT_E040"",""predicate_iri"":""file:///G:/LearnAI/ontology-evolution/external-real-v4-evidence-aligned#mobile_application_guidance_scope"",""old_value"":{""kind"":""literal"",""lexical"":""mobile_guidance=not_integrated"",""datatype"":""http://www.w3.org/2001/XMLSchema#string""},""new_value"":{""kind"":""literal"",""lexical"":""mobile_wcag2ict_scope=applied_guidance_overgeneralized"",""datatype"":""http://www.w3.org/2001/XMLSchema#string""}}",READY,external-real-v4-evidence-aligned public candidate value variant.
EXT_E041,CAND_001,mobile_guidance=not_integrated,"{""operator"":""REPLACE_PROPERTY_VALUE"",""subject_iri"":""file:///G:/LearnAI/ontology-evolution/external-real-v4-evidence-aligned#WCAG2Mobile_EXT_E041"",""predicate_iri"":""file:///G:/LearnAI/ontology-evolution/external-real-v4-evidence-aligned#mobile_application_guidance_scope"",""old_value"":{""kind"":""literal"",""lexical"":""mobile_guidance=not_integrated"",""datatype"":""http://www.w3.org/2001/XMLSchema#string""},""new_value"":{""kind"":""literal"",""lexical"":""mobile_guidance=not_integrated"",""datatype"":""http://www.w3.org/2001/XMLSchema#string""}}",READY,external-real-v4-evidence-aligned public candidate value variant.
EXT_E041,CAND_002,mobile_guidance=not_new_success_criteria,"{""operator"":""REPLACE_PROPERTY_VALUE"",""subject_iri"":""file:///G:/LearnAI/ontology-evolution/external-real-v4-evidence-aligned#WCAG2Mobile_EXT_E041"",""predicate_iri"":""file:///G:/LearnAI/ontology-evolution/external-real-v4-evidence-aligned#mobile_application_guidance_scope"",""old_value"":{""kind"":""literal"",""lexical"":""mobile_guidance=not_integrated"",""datatype"":""http://www.w3.org/2001/XMLSchema#string""},""new_value"":{""kind"":""literal"",""lexical"":""mobile_guidance=not_new_success_criteria"",""datatype"":""http://www.w3.org/2001/XMLSchema#string""}}",READY,external-real-v4-evidence-aligned public candidate value variant.
EXT_E041,CAND_003,mobile_guidance=not_new_success_criteria_overgeneralized,"{""operator"":""REPLACE_PROPERTY_VALUE"",""subject_iri"":""file:///G:/LearnAI/ontology-evolution/external-real-v4-evidence-aligned#WCAG2Mobile_EXT_E041"",""predicate_iri"":""file:///G:/LearnAI/ontology-evolution/external-real-v4-evidence-aligned#mobile_application_guidance_scope"",""old_value"":{""kind"":""literal"",""lexical"":""mobile_guidance=not_integrated"",""datatype"":""http://www.w3.org/2001/XMLSchema#string""},""new_value"":{""kind"":""literal"",""lexical"":""mobile_guidance=not_new_success_criteria_overgeneralized"",""datatype"":""http://www.w3.org/2001/XMLSchema#string""}}",READY,external-real-v4-evidence-aligned public candidate value variant.
EXT_E042,CAND_001,mobile_guidance=not_integrated,"{""operator"":""REPLACE_PROPERTY_VALUE"",""subject_iri"":""file:///G:/LearnAI/ontology-evolution/external-real-v4-evidence-aligned#WCAG2Mobile_EXT_E042"",""predicate_iri"":""file:///G:/LearnAI/ontology-evolution/external-real-v4-evidence-aligned#mobile_application_guidance_scope"",""old_value"":{""kind"":""literal"",""lexical"":""mobile_guidance=not_integrated"",""datatype"":""http://www.w3.org/2001/XMLSchema#string""},""new_value"":{""kind"":""literal"",""lexical"":""mobile_guidance=not_integrated"",""datatype"":""http://www.w3.org/2001/XMLSchema#string""}}",READY,external-real-v4-evidence-aligned public candidate value variant.
EXT_E042,CAND_002,mobile_guidance=wcag22_mapping_context,"{""operator"":""REPLACE_PROPERTY_VALUE"",""subject_iri"":""file:///G:/LearnAI/ontology-evolution/external-real-v4-evidence-aligned#WCAG2Mobile_EXT_E042"",""predicate_iri"":""file:///G:/LearnAI/ontology-evolution/external-real-v4-evidence-aligned#mobile_application_guidance_scope"",""old_value"":{""kind"":""literal"",""lexical"":""mobile_guidance=not_integrated"",""datatype"":""http://www.w3.org/2001/XMLSchema#string""},""new_value"":{""kind"":""literal"",""lexical"":""mobile_guidance=wcag22_mapping_context"",""datatype"":""http://www.w3.org/2001/XMLSchema#string""}}",READY,external-real-v4-evidence-aligned public candidate value variant.
EXT_E042,CAND_003,mobile_guidance=wcag22_mapping_context_overgeneralized,"{""operator"":""REPLACE_PROPERTY_VALUE"",""subject_iri"":""file:///G:/LearnAI/ontology-evolution/external-real-v4-evidence-aligned#WCAG2Mobile_EXT_E042"",""predicate_iri"":""file:///G:/LearnAI/ontology-evolution/external-real-v4-evidence-aligned#mobile_application_guidance_scope"",""old_value"":{""kind"":""literal"",""lexical"":""mobile_guidance=not_integrated"",""datatype"":""http://www.w3.org/2001/XMLSchema#string""},""new_value"":{""kind"":""literal"",""lexical"":""mobile_guidance=wcag22_mapping_context_overgeneralized"",""datatype"":""http://www.w3.org/2001/XMLSchema#string""}}",READY,external-real-v4-evidence-aligned public candidate value variant.
EXT_E043,CAND_001,nist63_3_status=old_revision,"{""operator"":""REPLACE_PROPERTY_VALUE"",""subject_iri"":""file:///G:/LearnAI/ontology-evolution/external-real-v4-evidence-aligned#NIST_SP_800_63_4_EXT_E043"",""predicate_iri"":""file:///G:/LearnAI/ontology-evolution/external-real-v4-evidence-aligned#revision_status"",""old_value"":{""kind"":""literal"",""lexical"":""nist63_3_status=old_revision"",""datatype"":""http://www.w3.org/2001/XMLSchema#string""},""new_value"":{""kind"":""literal"",""lexical"":""nist63_3_status=old_revision"",""datatype"":""http://www.w3.org/2001/XMLSchema#string""}}",READY,external-real-v4-evidence-aligned public candidate value variant.
EXT_E043,CAND_002,nist63_revision=rev4_final_august_2025,"{""operator"":""REPLACE_PROPERTY_VALUE"",""subject_iri"":""file:///G:/LearnAI/ontology-evolution/external-real-v4-evidence-aligned#NIST_SP_800_63_4_EXT_E043"",""predicate_iri"":""file:///G:/LearnAI/ontology-evolution/external-real-v4-evidence-aligned#revision_status"",""old_value"":{""kind"":""literal"",""lexical"":""nist63_3_status=old_revision"",""datatype"":""http://www.w3.org/2001/XMLSchema#string""},""new_value"":{""kind"":""literal"",""lexical"":""nist63_revision=rev4_final_august_2025"",""datatype"":""http://www.w3.org/2001/XMLSchema#string""}}",READY,external-real-v4-evidence-aligned public candidate value variant.
EXT_E043,CAND_003,nist63_revision=rev4_final_august_2025_deferred,"{""operator"":""REPLACE_PROPERTY_VALUE"",""subject_iri"":""file:///G:/LearnAI/ontology-evolution/external-real-v4-evidence-aligned#NIST_SP_800_63_4_EXT_E043"",""predicate_iri"":""file:///G:/LearnAI/ontology-evolution/external-real-v4-evidence-aligned#revision_status"",""old_value"":{""kind"":""literal"",""lexical"":""nist63_3_status=old_revision"",""datatype"":""http://www.w3.org/2001/XMLSchema#string""},""new_value"":{""kind"":""literal"",""lexical"":""nist63_revision=rev4_final_august_2025_deferred"",""datatype"":""http://www.w3.org/2001/XMLSchema#string""}}",READY,external-real-v4-evidence-aligned public candidate value variant.
EXT_E044,CAND_001,nist63_3_status=old_revision,"{""operator"":""REPLACE_PROPERTY_VALUE"",""subject_iri"":""file:///G:/LearnAI/ontology-evolution/external-real-v4-evidence-aligned#NIST_SP_800_63_4_EXT_E044"",""predicate_iri"":""file:///G:/LearnAI/ontology-evolution/external-real-v4-evidence-aligned#revision_status"",""old_value"":{""kind"":""literal"",""lexical"":""nist63_3_status=old_revision"",""datatype"":""http://www.w3.org/2001/XMLSchema#string""},""new_value"":{""kind"":""literal"",""lexical"":""nist63_3_status=old_revision"",""datatype"":""http://www.w3.org/2001/XMLSchema#string""}}",READY,external-real-v4-evidence-aligned public candidate value variant.
EXT_E044,CAND_002,nist63_3_status=superseded_by_rev4,"{""operator"":""REPLACE_PROPERTY_VALUE"",""subject_iri"":""file:///G:/LearnAI/ontology-evolution/external-real-v4-evidence-aligned#NIST_SP_800_63_4_EXT_E044"",""predicate_iri"":""file:///G:/LearnAI/ontology-evolution/external-real-v4-evidence-aligned#revision_status"",""old_value"":{""kind"":""literal"",""lexical"":""nist63_3_status=old_revision"",""datatype"":""http://www.w3.org/2001/XMLSchema#string""},""new_value"":{""kind"":""literal"",""lexical"":""nist63_3_status=superseded_by_rev4"",""datatype"":""http://www.w3.org/2001/XMLSchema#string""}}",READY,external-real-v4-evidence-aligned public candidate value variant.
EXT_E044,CAND_003,nist63_3_status=superseded_by_rev4_deferred,"{""operator"":""REPLACE_PROPERTY_VALUE"",""subject_iri"":""file:///G:/LearnAI/ontology-evolution/external-real-v4-evidence-aligned#NIST_SP_800_63_4_EXT_E044"",""predicate_iri"":""file:///G:/LearnAI/ontology-evolution/external-real-v4-evidence-aligned#revision_status"",""old_value"":{""kind"":""literal"",""lexical"":""nist63_3_status=old_revision"",""datatype"":""http://www.w3.org/2001/XMLSchema#string""},""new_value"":{""kind"":""literal"",""lexical"":""nist63_3_status=superseded_by_rev4_deferred"",""datatype"":""http://www.w3.org/2001/XMLSchema#string""}}",READY,external-real-v4-evidence-aligned public candidate value variant.
EXT_E045,CAND_001,nist63_3_status=old_revision,"{""operator"":""REPLACE_PROPERTY_VALUE"",""subject_iri"":""file:///G:/LearnAI/ontology-evolution/external-real-v4-evidence-aligned#NIST_SP_800_63_4_EXT_E045"",""predicate_iri"":""file:///G:/LearnAI/ontology-evolution/external-real-v4-evidence-aligned#revision_status"",""old_value"":{""kind"":""literal"",""lexical"":""nist63_3_status=old_revision"",""datatype"":""http://www.w3.org/2001/XMLSchema#string""},""new_value"":{""kind"":""literal"",""lexical"":""nist63_3_status=old_revision"",""datatype"":""http://www.w3.org/2001/XMLSchema#string""}}",READY,external-real-v4-evidence-aligned public candidate value variant.
EXT_E045,CAND_002,nist63_process=assurance_level_selection,"{""operator"":""REPLACE_PROPERTY_VALUE"",""subject_iri"":""file:///G:/LearnAI/ontology-evolution/external-real-v4-evidence-aligned#NIST_SP_800_63_4_EXT_E045"",""predicate_iri"":""file:///G:/LearnAI/ontology-evolution/external-real-v4-evidence-aligned#revision_status"",""old_value"":{""kind"":""literal"",""lexical"":""nist63_3_status=old_revision"",""datatype"":""http://www.w3.org/2001/XMLSchema#string""},""new_value"":{""kind"":""literal"",""lexical"":""nist63_process=assurance_level_selection"",""datatype"":""http://www.w3.org/2001/XMLSchema#string""}}",READY,external-real-v4-evidence-aligned public candidate value variant.
EXT_E045,CAND_003,nist63_process=assurance_level_selection_deferred,"{""operator"":""REPLACE_PROPERTY_VALUE"",""subject_iri"":""file:///G:/LearnAI/ontology-evolution/external-real-v4-evidence-aligned#NIST_SP_800_63_4_EXT_E045"",""predicate_iri"":""file:///G:/LearnAI/ontology-evolution/external-real-v4-evidence-aligned#revision_status"",""old_value"":{""kind"":""literal"",""lexical"":""nist63_3_status=old_revision"",""datatype"":""http://www.w3.org/2001/XMLSchema#string""},""new_value"":{""kind"":""literal"",""lexical"":""nist63_process=assurance_level_selection_deferred"",""datatype"":""http://www.w3.org/2001/XMLSchema#string""}}",READY,external-real-v4-evidence-aligned public candidate value variant.
EXT_E046,CAND_001,nist63_3_status=old_revision,"{""operator"":""REPLACE_PROPERTY_VALUE"",""subject_iri"":""file:///G:/LearnAI/ontology-evolution/external-real-v4-evidence-aligned#NIST_SP_800_63_4_EXT_E046"",""predicate_iri"":""file:///G:/LearnAI/ontology-evolution/external-real-v4-evidence-aligned#revision_status"",""old_value"":{""kind"":""literal"",""lexical"":""nist63_3_status=old_revision"",""datatype"":""http://www.w3.org/2001/XMLSchema#string""},""new_value"":{""kind"":""literal"",""lexical"":""nist63_3_status=old_revision"",""datatype"":""http://www.w3.org/2001/XMLSchema#string""}}",READY,external-real-v4-evidence-aligned public candidate value variant.
EXT_E046,CAND_002,nist63_scope=identity_proofing_authentication_federation,"{""operator"":""REPLACE_PROPERTY_VALUE"",""subject_iri"":""file:///G:/LearnAI/ontology-evolution/external-real-v4-evidence-aligned#NIST_SP_800_63_4_EXT_E046"",""predicate_iri"":""file:///G:/LearnAI/ontology-evolution/external-real-v4-evidence-aligned#revision_status"",""old_value"":{""kind"":""literal"",""lexical"":""nist63_3_status=old_revision"",""datatype"":""http://www.w3.org/2001/XMLSchema#string""},""new_value"":{""kind"":""literal"",""lexical"":""nist63_scope=identity_proofing_authentication_federation"",""datatype"":""http://www.w3.org/2001/XMLSchema#string""}}",READY,external-real-v4-evidence-aligned public candidate value variant.
EXT_E046,CAND_003,nist63_scope=identity_proofing_authentication_federation_deferred,"{""operator"":""REPLACE_PROPERTY_VALUE"",""subject_iri"":""file:///G:/LearnAI/ontology-evolution/external-real-v4-evidence-aligned#NIST_SP_800_63_4_EXT_E046"",""predicate_iri"":""file:///G:/LearnAI/ontology-evolution/external-real-v4-evidence-aligned#revision_status"",""old_value"":{""kind"":""literal"",""lexical"":""nist63_3_status=old_revision"",""datatype"":""http://www.w3.org/2001/XMLSchema#string""},""new_value"":{""kind"":""literal"",""lexical"":""nist63_scope=identity_proofing_authentication_federation_deferred"",""datatype"":""http://www.w3.org/2001/XMLSchema#string""}}",READY,external-real-v4-evidence-aligned public candidate value variant.
EXT_E047,CAND_001,nist63_3_status=old_revision,"{""operator"":""REPLACE_PROPERTY_VALUE"",""subject_iri"":""file:///G:/LearnAI/ontology-evolution/external-real-v4-evidence-aligned#NIST_SP_800_63_4_EXT_E047"",""predicate_iri"":""file:///G:/LearnAI/ontology-evolution/external-real-v4-evidence-aligned#revision_status"",""old_value"":{""kind"":""literal"",""lexical"":""nist63_3_status=old_revision"",""datatype"":""http://www.w3.org/2001/XMLSchema#string""},""new_value"":{""kind"":""literal"",""lexical"":""nist63_3_status=old_revision"",""datatype"":""http://www.w3.org/2001/XMLSchema#string""}}",READY,external-real-v4-evidence-aligned public candidate value variant.
EXT_E047,CAND_002,nist63_privacy_security_customer_experience=included,"{""operator"":""REPLACE_PROPERTY_VALUE"",""subject_iri"":""file:///G:/LearnAI/ontology-evolution/external-real-v4-evidence-aligned#NIST_SP_800_63_4_EXT_E047"",""predicate_iri"":""file:///G:/LearnAI/ontology-evolution/external-real-v4-evidence-aligned#revision_status"",""old_value"":{""kind"":""literal"",""lexical"":""nist63_3_status=old_revision"",""datatype"":""http://www.w3.org/2001/XMLSchema#string""},""new_value"":{""kind"":""literal"",""lexical"":""nist63_privacy_security_customer_experience=included"",""datatype"":""http://www.w3.org/2001/XMLSchema#string""}}",READY,external-real-v4-evidence-aligned public candidate value variant.
EXT_E047,CAND_003,nist63_privacy_security_customer_experience=included_deferred,"{""operator"":""REPLACE_PROPERTY_VALUE"",""subject_iri"":""file:///G:/LearnAI/ontology-evolution/external-real-v4-evidence-aligned#NIST_SP_800_63_4_EXT_E047"",""predicate_iri"":""file:///G:/LearnAI/ontology-evolution/external-real-v4-evidence-aligned#revision_status"",""old_value"":{""kind"":""literal"",""lexical"":""nist63_3_status=old_revision"",""datatype"":""http://www.w3.org/2001/XMLSchema#string""},""new_value"":{""kind"":""literal"",""lexical"":""nist63_privacy_security_customer_experience=included_deferred"",""datatype"":""http://www.w3.org/2001/XMLSchema#string""}}",READY,external-real-v4-evidence-aligned public candidate value variant.
EXT_E048,CAND_001,nist63_3_status=old_revision,"{""operator"":""REPLACE_PROPERTY_VALUE"",""subject_iri"":""file:///G:/LearnAI/ontology-evolution/external-real-v4-evidence-aligned#NIST_SP_800_63_4_EXT_E048"",""predicate_iri"":""file:///G:/LearnAI/ontology-evolution/external-real-v4-evidence-aligned#revision_status"",""old_value"":{""kind"":""literal"",""lexical"":""nist63_3_status=old_revision"",""datatype"":""http://www.w3.org/2001/XMLSchema#string""},""new_value"":{""kind"":""literal"",""lexical"":""nist63_3_status=old_revision"",""datatype"":""http://www.w3.org/2001/XMLSchema#string""}}",READY,external-real-v4-evidence-aligned public candidate value variant.
EXT_E048,CAND_002,nist63_content_changes=substantial_revision,"{""operator"":""REPLACE_PROPERTY_VALUE"",""subject_iri"":""file:///G:/LearnAI/ontology-evolution/external-real-v4-evidence-aligned#NIST_SP_800_63_4_EXT_E048"",""predicate_iri"":""file:///G:/LearnAI/ontology-evolution/external-real-v4-evidence-aligned#revision_status"",""old_value"":{""kind"":""literal"",""lexical"":""nist63_3_status=old_revision"",""datatype"":""http://www.w3.org/2001/XMLSchema#string""},""new_value"":{""kind"":""literal"",""lexical"":""nist63_content_changes=substantial_revision"",""datatype"":""http://www.w3.org/2001/XMLSchema#string""}}",READY,external-real-v4-evidence-aligned public candidate value variant.
EXT_E048,CAND_003,nist63_content_changes=substantial_revision_deferred,"{""operator"":""REPLACE_PROPERTY_VALUE"",""subject_iri"":""file:///G:/LearnAI/ontology-evolution/external-real-v4-evidence-aligned#NIST_SP_800_63_4_EXT_E048"",""predicate_iri"":""file:///G:/LearnAI/ontology-evolution/external-real-v4-evidence-aligned#revision_status"",""old_value"":{""kind"":""literal"",""lexical"":""nist63_3_status=old_revision"",""datatype"":""http://www.w3.org/2001/XMLSchema#string""},""new_value"":{""kind"":""literal"",""lexical"":""nist63_content_changes=substantial_revision_deferred"",""datatype"":""http://www.w3.org/2001/XMLSchema#string""}}",READY,external-real-v4-evidence-aligned public candidate value variant.
EXT_E050,CAND_001,nist63_3_status=old_revision,"{""operator"":""REPLACE_PROPERTY_VALUE"",""subject_iri"":""file:///G:/LearnAI/ontology-evolution/external-real-v4-evidence-aligned#NIST_SP_800_63_4_EXT_E050"",""predicate_iri"":""file:///G:/LearnAI/ontology-evolution/external-real-v4-evidence-aligned#revision_status"",""old_value"":{""kind"":""literal"",""lexical"":""nist63_3_status=old_revision"",""datatype"":""http://www.w3.org/2001/XMLSchema#string""},""new_value"":{""kind"":""literal"",""lexical"":""nist63_3_status=old_revision"",""datatype"":""http://www.w3.org/2001/XMLSchema#string""}}",READY,external-real-v4-evidence-aligned public candidate value variant.
EXT_E050,CAND_002,nist63_model=process_and_technical_requirements,"{""operator"":""REPLACE_PROPERTY_VALUE"",""subject_iri"":""file:///G:/LearnAI/ontology-evolution/external-real-v4-evidence-aligned#NIST_SP_800_63_4_EXT_E050"",""predicate_iri"":""file:///G:/LearnAI/ontology-evolution/external-real-v4-evidence-aligned#revision_status"",""old_value"":{""kind"":""literal"",""lexical"":""nist63_3_status=old_revision"",""datatype"":""http://www.w3.org/2001/XMLSchema#string""},""new_value"":{""kind"":""literal"",""lexical"":""nist63_model=process_and_technical_requirements"",""datatype"":""http://www.w3.org/2001/XMLSchema#string""}}",READY,external-real-v4-evidence-aligned public candidate value variant.
EXT_E050,CAND_003,nist63_model=process_and_technical_requirements_deferred,"{""operator"":""REPLACE_PROPERTY_VALUE"",""subject_iri"":""file:///G:/LearnAI/ontology-evolution/external-real-v4-evidence-aligned#NIST_SP_800_63_4_EXT_E050"",""predicate_iri"":""file:///G:/LearnAI/ontology-evolution/external-real-v4-evidence-aligned#revision_status"",""old_value"":{""kind"":""literal"",""lexical"":""nist63_3_status=old_revision"",""datatype"":""http://www.w3.org/2001/XMLSchema#string""},""new_value"":{""kind"":""literal"",""lexical"":""nist63_model=process_and_technical_requirements_deferred"",""datatype"":""http://www.w3.org/2001/XMLSchema#string""}}",READY,external-real-v4-evidence-aligned public candidate value variant.
EXT_E051,CAND_001,nist63_ab_status=old_or_absent,"{""operator"":""REPLACE_PROPERTY_VALUE"",""subject_iri"":""file:///G:/LearnAI/ontology-evolution/external-real-v4-evidence-aligned#NIST_SP_800_63A_B_EXT_E051"",""predicate_iri"":""file:///G:/LearnAI/ontology-evolution/external-real-v4-evidence-aligned#document_scope_status"",""old_value"":{""kind"":""literal"",""lexical"":""nist63_ab_status=old_or_absent"",""datatype"":""http://www.w3.org/2001/XMLSchema#string""},""new_value"":{""kind"":""literal"",""lexical"":""nist63_ab_status=old_or_absent"",""datatype"":""http://www.w3.org/2001/XMLSchema#string""}}",READY,external-real-v4-evidence-aligned public candidate value variant.
EXT_E051,CAND_002,nist63a_scope=identity_proofing_and_enrollment,"{""operator"":""REPLACE_PROPERTY_VALUE"",""subject_iri"":""file:///G:/LearnAI/ontology-evolution/external-real-v4-evidence-aligned#NIST_SP_800_63A_B_EXT_E051"",""predicate_iri"":""file:///G:/LearnAI/ontology-evolution/external-real-v4-evidence-aligned#document_scope_status"",""old_value"":{""kind"":""literal"",""lexical"":""nist63_ab_status=old_or_absent"",""datatype"":""http://www.w3.org/2001/XMLSchema#string""},""new_value"":{""kind"":""literal"",""lexical"":""nist63a_scope=identity_proofing_and_enrollment"",""datatype"":""http://www.w3.org/2001/XMLSchema#string""}}",READY,external-real-v4-evidence-aligned public candidate value variant.
EXT_E051,CAND_003,nist63a_scope=identity_proofing_and_enrollment_mis_scoped,"{""operator"":""REPLACE_PROPERTY_VALUE"",""subject_iri"":""file:///G:/LearnAI/ontology-evolution/external-real-v4-evidence-aligned#NIST_SP_800_63A_B_EXT_E051"",""predicate_iri"":""file:///G:/LearnAI/ontology-evolution/external-real-v4-evidence-aligned#document_scope_status"",""old_value"":{""kind"":""literal"",""lexical"":""nist63_ab_status=old_or_absent"",""datatype"":""http://www.w3.org/2001/XMLSchema#string""},""new_value"":{""kind"":""literal"",""lexical"":""nist63a_scope=identity_proofing_and_enrollment_mis_scoped"",""datatype"":""http://www.w3.org/2001/XMLSchema#string""}}",READY,external-real-v4-evidence-aligned public candidate value variant.
EXT_E052,CAND_001,nist63_ab_status=old_or_absent,"{""operator"":""REPLACE_PROPERTY_VALUE"",""subject_iri"":""file:///G:/LearnAI/ontology-evolution/external-real-v4-evidence-aligned#NIST_SP_800_63A_B_EXT_E052"",""predicate_iri"":""file:///G:/LearnAI/ontology-evolution/external-real-v4-evidence-aligned#document_scope_status"",""old_value"":{""kind"":""literal"",""lexical"":""nist63_ab_status=old_or_absent"",""datatype"":""http://www.w3.org/2001/XMLSchema#string""},""new_value"":{""kind"":""literal"",""lexical"":""nist63_ab_status=old_or_absent"",""datatype"":""http://www.w3.org/2001/XMLSchema#string""}}",READY,external-real-v4-evidence-aligned public candidate value variant.
EXT_E052,CAND_002,nist63a_controls=identity_proofing_requirements,"{""operator"":""REPLACE_PROPERTY_VALUE"",""subject_iri"":""file:///G:/LearnAI/ontology-evolution/external-real-v4-evidence-aligned#NIST_SP_800_63A_B_EXT_E052"",""predicate_iri"":""file:///G:/LearnAI/ontology-evolution/external-real-v4-evidence-aligned#document_scope_status"",""old_value"":{""kind"":""literal"",""lexical"":""nist63_ab_status=old_or_absent"",""datatype"":""http://www.w3.org/2001/XMLSchema#string""},""new_value"":{""kind"":""literal"",""lexical"":""nist63a_controls=identity_proofing_requirements"",""datatype"":""http://www.w3.org/2001/XMLSchema#string""}}",READY,external-real-v4-evidence-aligned public candidate value variant.
EXT_E052,CAND_003,nist63a_controls=identity_proofing_requirements_mis_scoped,"{""operator"":""REPLACE_PROPERTY_VALUE"",""subject_iri"":""file:///G:/LearnAI/ontology-evolution/external-real-v4-evidence-aligned#NIST_SP_800_63A_B_EXT_E052"",""predicate_iri"":""file:///G:/LearnAI/ontology-evolution/external-real-v4-evidence-aligned#document_scope_status"",""old_value"":{""kind"":""literal"",""lexical"":""nist63_ab_status=old_or_absent"",""datatype"":""http://www.w3.org/2001/XMLSchema#string""},""new_value"":{""kind"":""literal"",""lexical"":""nist63a_controls=identity_proofing_requirements_mis_scoped"",""datatype"":""http://www.w3.org/2001/XMLSchema#string""}}",READY,external-real-v4-evidence-aligned public candidate value variant.
EXT_E053,CAND_001,nist63_ab_status=old_or_absent,"{""operator"":""REPLACE_PROPERTY_VALUE"",""subject_iri"":""file:///G:/LearnAI/ontology-evolution/external-real-v4-evidence-aligned#NIST_SP_800_63A_B_EXT_E053"",""predicate_iri"":""file:///G:/LearnAI/ontology-evolution/external-real-v4-evidence-aligned#document_scope_status"",""old_value"":{""kind"":""literal"",""lexical"":""nist63_ab_status=old_or_absent"",""datatype"":""http://www.w3.org/2001/XMLSchema#string""},""new_value"":{""kind"":""literal"",""lexical"":""nist63_ab_status=old_or_absent"",""datatype"":""http://www.w3.org/2001/XMLSchema#string""}}",READY,external-real-v4-evidence-aligned public candidate value variant.
EXT_E053,CAND_002,nist63b_scope=digital_authentication,"{""operator"":""REPLACE_PROPERTY_VALUE"",""subject_iri"":""file:///G:/LearnAI/ontology-evolution/external-real-v4-evidence-aligned#NIST_SP_800_63A_B_EXT_E053"",""predicate_iri"":""file:///G:/LearnAI/ontology-evolution/external-real-v4-evidence-aligned#document_scope_status"",""old_value"":{""kind"":""literal"",""lexical"":""nist63_ab_status=old_or_absent"",""datatype"":""http://www.w3.org/2001/XMLSchema#string""},""new_value"":{""kind"":""literal"",""lexical"":""nist63b_scope=digital_authentication"",""datatype"":""http://www.w3.org/2001/XMLSchema#string""}}",READY,external-real-v4-evidence-aligned public candidate value variant.
EXT_E053,CAND_003,nist63b_scope=digital_authentication_mis_scoped,"{""operator"":""REPLACE_PROPERTY_VALUE"",""subject_iri"":""file:///G:/LearnAI/ontology-evolution/external-real-v4-evidence-aligned#NIST_SP_800_63A_B_EXT_E053"",""predicate_iri"":""file:///G:/LearnAI/ontology-evolution/external-real-v4-evidence-aligned#document_scope_status"",""old_value"":{""kind"":""literal"",""lexical"":""nist63_ab_status=old_or_absent"",""datatype"":""http://www.w3.org/2001/XMLSchema#string""},""new_value"":{""kind"":""literal"",""lexical"":""nist63b_scope=digital_authentication_mis_scoped"",""datatype"":""http://www.w3.org/2001/XMLSchema#string""}}",READY,external-real-v4-evidence-aligned public candidate value variant.
EXT_E054,CAND_001,nist63_ab_status=old_or_absent,"{""operator"":""REPLACE_PROPERTY_VALUE"",""subject_iri"":""file:///G:/LearnAI/ontology-evolution/external-real-v4-evidence-aligned#NIST_SP_800_63A_B_EXT_E054"",""predicate_iri"":""file:///G:/LearnAI/ontology-evolution/external-real-v4-evidence-aligned#document_scope_status"",""old_value"":{""kind"":""literal"",""lexical"":""nist63_ab_status=old_or_absent"",""datatype"":""http://www.w3.org/2001/XMLSchema#string""},""new_value"":{""kind"":""literal"",""lexical"":""nist63_ab_status=old_or_absent"",""datatype"":""http://www.w3.org/2001/XMLSchema#string""}}",READY,external-real-v4-evidence-aligned public candidate value variant.
EXT_E054,CAND_002,nist63b_verifiers=authenticated_services,"{""operator"":""REPLACE_PROPERTY_VALUE"",""subject_iri"":""file:///G:/LearnAI/ontology-evolution/external-real-v4-evidence-aligned#NIST_SP_800_63A_B_EXT_E054"",""predicate_iri"":""file:///G:/LearnAI/ontology-evolution/external-real-v4-evidence-aligned#document_scope_status"",""old_value"":{""kind"":""literal"",""lexical"":""nist63_ab_status=old_or_absent"",""datatype"":""http://www.w3.org/2001/XMLSchema#string""},""new_value"":{""kind"":""literal"",""lexical"":""nist63b_verifiers=authenticated_services"",""datatype"":""http://www.w3.org/2001/XMLSchema#string""}}",READY,external-real-v4-evidence-aligned public candidate value variant.
EXT_E054,CAND_003,nist63b_verifiers=authenticated_services_mis_scoped,"{""operator"":""REPLACE_PROPERTY_VALUE"",""subject_iri"":""file:///G:/LearnAI/ontology-evolution/external-real-v4-evidence-aligned#NIST_SP_800_63A_B_EXT_E054"",""predicate_iri"":""file:///G:/LearnAI/ontology-evolution/external-real-v4-evidence-aligned#document_scope_status"",""old_value"":{""kind"":""literal"",""lexical"":""nist63_ab_status=old_or_absent"",""datatype"":""http://www.w3.org/2001/XMLSchema#string""},""new_value"":{""kind"":""literal"",""lexical"":""nist63b_verifiers=authenticated_services_mis_scoped"",""datatype"":""http://www.w3.org/2001/XMLSchema#string""}}",READY,external-real-v4-evidence-aligned public candidate value variant.
EXT_E055,CAND_001,nist63_ab_status=old_or_absent,"{""operator"":""REPLACE_PROPERTY_VALUE"",""subject_iri"":""file:///G:/LearnAI/ontology-evolution/external-real-v4-evidence-aligned#NIST_SP_800_63A_B_EXT_E055"",""predicate_iri"":""file:///G:/LearnAI/ontology-evolution/external-real-v4-evidence-aligned#document_scope_status"",""old_value"":{""kind"":""literal"",""lexical"":""nist63_ab_status=old_or_absent"",""datatype"":""http://www.w3.org/2001/XMLSchema#string""},""new_value"":{""kind"":""literal"",""lexical"":""nist63_ab_status=old_or_absent"",""datatype"":""http://www.w3.org/2001/XMLSchema#string""}}",READY,external-real-v4-evidence-aligned public candidate value variant.
EXT_E055,CAND_002,nist63b_physical_access=out_of_scope,"{""operator"":""REPLACE_PROPERTY_VALUE"",""subject_iri"":""file:///G:/LearnAI/ontology-evolution/external-real-v4-evidence-aligned#NIST_SP_800_63A_B_EXT_E055"",""predicate_iri"":""file:///G:/LearnAI/ontology-evolution/external-real-v4-evidence-aligned#document_scope_status"",""old_value"":{""kind"":""literal"",""lexical"":""nist63_ab_status=old_or_absent"",""datatype"":""http://www.w3.org/2001/XMLSchema#string""},""new_value"":{""kind"":""literal"",""lexical"":""nist63b_physical_access=out_of_scope"",""datatype"":""http://www.w3.org/2001/XMLSchema#string""}}",READY,external-real-v4-evidence-aligned public candidate value variant.
EXT_E055,CAND_003,nist63b_physical_access=out_of_scope_mis_scoped,"{""operator"":""REPLACE_PROPERTY_VALUE"",""subject_iri"":""file:///G:/LearnAI/ontology-evolution/external-real-v4-evidence-aligned#NIST_SP_800_63A_B_EXT_E055"",""predicate_iri"":""file:///G:/LearnAI/ontology-evolution/external-real-v4-evidence-aligned#document_scope_status"",""old_value"":{""kind"":""literal"",""lexical"":""nist63_ab_status=old_or_absent"",""datatype"":""http://www.w3.org/2001/XMLSchema#string""},""new_value"":{""kind"":""literal"",""lexical"":""nist63b_physical_access=out_of_scope_mis_scoped"",""datatype"":""http://www.w3.org/2001/XMLSchema#string""}}",READY,external-real-v4-evidence-aligned public candidate value variant.
EXT_E057,CAND_001,eurlex_status=pre_amendment,"{""operator"":""REPLACE_PROPERTY_VALUE"",""subject_iri"":""file:///G:/LearnAI/ontology-evolution/external-real-v4-evidence-aligned#EUR_Lex_amendment_EXT_E057"",""predicate_iri"":""file:///G:/LearnAI/ontology-evolution/external-real-v4-evidence-aligned#regulatory_amendment_status"",""old_value"":{""kind"":""literal"",""lexical"":""eurlex_status=pre_amendment"",""datatype"":""http://www.w3.org/2001/XMLSchema#string""},""new_value"":{""kind"":""literal"",""lexical"":""eurlex_status=pre_amendment"",""datatype"":""http://www.w3.org/2001/XMLSchema#string""}}",READY,external-real-v4-evidence-aligned public candidate value variant.
EXT_E057,CAND_002,eurlex_effective_date=2021_01_01,"{""operator"":""REPLACE_PROPERTY_VALUE"",""subject_iri"":""file:///G:/LearnAI/ontology-evolution/external-real-v4-evidence-aligned#EUR_Lex_amendment_EXT_E057"",""predicate_iri"":""file:///G:/LearnAI/ontology-evolution/external-real-v4-evidence-aligned#regulatory_amendment_status"",""old_value"":{""kind"":""literal"",""lexical"":""eurlex_status=pre_amendment"",""datatype"":""http://www.w3.org/2001/XMLSchema#string""},""new_value"":{""kind"":""literal"",""lexical"":""eurlex_effective_date=2021_01_01"",""datatype"":""http://www.w3.org/2001/XMLSchema#string""}}",READY,external-real-v4-evidence-aligned public candidate value variant.
EXT_E057,CAND_003,eurlex_effective_date=2021_01_01_overbroad,"{""operator"":""REPLACE_PROPERTY_VALUE"",""subject_iri"":""file:///G:/LearnAI/ontology-evolution/external-real-v4-evidence-aligned#EUR_Lex_amendment_EXT_E057"",""predicate_iri"":""file:///G:/LearnAI/ontology-evolution/external-real-v4-evidence-aligned#regulatory_amendment_status"",""old_value"":{""kind"":""literal"",""lexical"":""eurlex_status=pre_amendment"",""datatype"":""http://www.w3.org/2001/XMLSchema#string""},""new_value"":{""kind"":""literal"",""lexical"":""eurlex_effective_date=2021_01_01_overbroad"",""datatype"":""http://www.w3.org/2001/XMLSchema#string""}}",READY,external-real-v4-evidence-aligned public candidate value variant.
EXT_E058,CAND_001,eurlex_status=pre_amendment,"{""operator"":""REPLACE_PROPERTY_VALUE"",""subject_iri"":""file:///G:/LearnAI/ontology-evolution/external-real-v4-evidence-aligned#EUR_Lex_amendment_EXT_E058"",""predicate_iri"":""file:///G:/LearnAI/ontology-evolution/external-real-v4-evidence-aligned#regulatory_amendment_status"",""old_value"":{""kind"":""literal"",""lexical"":""eurlex_status=pre_amendment"",""datatype"":""http://www.w3.org/2001/XMLSchema#string""},""new_value"":{""kind"":""literal"",""lexical"":""eurlex_status=pre_amendment"",""datatype"":""http://www.w3.org/2001/XMLSchema#string""}}",READY,external-real-v4-evidence-aligned public candidate value variant.
EXT_E058,CAND_002,eurlex_annex=regulation_1013_2006_modified,"{""operator"":""REPLACE_PROPERTY_VALUE"",""subject_iri"":""file:///G:/LearnAI/ontology-evolution/external-real-v4-evidence-aligned#EUR_Lex_amendment_EXT_E058"",""predicate_iri"":""file:///G:/LearnAI/ontology-evolution/external-real-v4-evidence-aligned#regulatory_amendment_status"",""old_value"":{""kind"":""literal"",""lexical"":""eurlex_status=pre_amendment"",""datatype"":""http://www.w3.org/2001/XMLSchema#string""},""new_value"":{""kind"":""literal"",""lexical"":""eurlex_annex=regulation_1013_2006_modified"",""datatype"":""http://www.w3.org/2001/XMLSchema#string""}}",READY,external-real-v4-evidence-aligned public candidate value variant.
EXT_E058,CAND_003,eurlex_annex=regulation_1013_2006_modified_overbroad,"{""operator"":""REPLACE_PROPERTY_VALUE"",""subject_iri"":""file:///G:/LearnAI/ontology-evolution/external-real-v4-evidence-aligned#EUR_Lex_amendment_EXT_E058"",""predicate_iri"":""file:///G:/LearnAI/ontology-evolution/external-real-v4-evidence-aligned#regulatory_amendment_status"",""old_value"":{""kind"":""literal"",""lexical"":""eurlex_status=pre_amendment"",""datatype"":""http://www.w3.org/2001/XMLSchema#string""},""new_value"":{""kind"":""literal"",""lexical"":""eurlex_annex=regulation_1013_2006_modified_overbroad"",""datatype"":""http://www.w3.org/2001/XMLSchema#string""}}",READY,external-real-v4-evidence-aligned public candidate value variant.
EXT_E059,CAND_001,eurlex_status=pre_amendment,"{""operator"":""REPLACE_PROPERTY_VALUE"",""subject_iri"":""file:///G:/LearnAI/ontology-evolution/external-real-v4-evidence-aligned#EUR_Lex_amendment_EXT_E059"",""predicate_iri"":""file:///G:/LearnAI/ontology-evolution/external-real-v4-evidence-aligned#regulatory_amendment_status"",""old_value"":{""kind"":""literal"",""lexical"":""eurlex_status=pre_amendment"",""datatype"":""http://www.w3.org/2001/XMLSchema#string""},""new_value"":{""kind"":""literal"",""lexical"":""eurlex_status=pre_amendment"",""datatype"":""http://www.w3.org/2001/XMLSchema#string""}}",READY,external-real-v4-evidence-aligned public candidate value variant.
EXT_E059,CAND_002,eurlex_scope=union_annex_alignment,"{""operator"":""REPLACE_PROPERTY_VALUE"",""subject_iri"":""file:///G:/LearnAI/ontology-evolution/external-real-v4-evidence-aligned#EUR_Lex_amendment_EXT_E059"",""predicate_iri"":""file:///G:/LearnAI/ontology-evolution/external-real-v4-evidence-aligned#regulatory_amendment_status"",""old_value"":{""kind"":""literal"",""lexical"":""eurlex_status=pre_amendment"",""datatype"":""http://www.w3.org/2001/XMLSchema#string""},""new_value"":{""kind"":""literal"",""lexical"":""eurlex_scope=union_annex_alignment"",""datatype"":""http://www.w3.org/2001/XMLSchema#string""}}",READY,external-real-v4-evidence-aligned public candidate value variant.
EXT_E059,CAND_003,eurlex_scope=union_annex_alignment_overbroad,"{""operator"":""REPLACE_PROPERTY_VALUE"",""subject_iri"":""file:///G:/LearnAI/ontology-evolution/external-real-v4-evidence-aligned#EUR_Lex_amendment_EXT_E059"",""predicate_iri"":""file:///G:/LearnAI/ontology-evolution/external-real-v4-evidence-aligned#regulatory_amendment_status"",""old_value"":{""kind"":""literal"",""lexical"":""eurlex_status=pre_amendment"",""datatype"":""http://www.w3.org/2001/XMLSchema#string""},""new_value"":{""kind"":""literal"",""lexical"":""eurlex_scope=union_annex_alignment_overbroad"",""datatype"":""http://www.w3.org/2001/XMLSchema#string""}}",READY,external-real-v4-evidence-aligned public candidate value variant.
EXT_E060,CAND_001,eurlex_status=pre_amendment,"{""operator"":""REPLACE_PROPERTY_VALUE"",""subject_iri"":""file:///G:/LearnAI/ontology-evolution/external-real-v4-evidence-aligned#EUR_Lex_amendment_EXT_E060"",""predicate_iri"":""file:///G:/LearnAI/ontology-evolution/external-real-v4-evidence-aligned#regulatory_amendment_status"",""old_value"":{""kind"":""literal"",""lexical"":""eurlex_status=pre_amendment"",""datatype"":""http://www.w3.org/2001/XMLSchema#string""},""new_value"":{""kind"":""literal"",""lexical"":""eurlex_status=pre_amendment"",""datatype"":""http://www.w3.org/2001/XMLSchema#string""}}",READY,external-real-v4-evidence-aligned public candidate value variant.
EXT_E060,CAND_002,eurlex_decision_change=effective_future_date,"{""operator"":""REPLACE_PROPERTY_VALUE"",""subject_iri"":""file:///G:/LearnAI/ontology-evolution/external-real-v4-evidence-aligned#EUR_Lex_amendment_EXT_E060"",""predicate_iri"":""file:///G:/LearnAI/ontology-evolution/external-real-v4-evidence-aligned#regulatory_amendment_status"",""old_value"":{""kind"":""literal"",""lexical"":""eurlex_status=pre_amendment"",""datatype"":""http://www.w3.org/2001/XMLSchema#string""},""new_value"":{""kind"":""literal"",""lexical"":""eurlex_decision_change=effective_future_date"",""datatype"":""http://www.w3.org/2001/XMLSchema#string""}}",READY,external-real-v4-evidence-aligned public candidate value variant.
EXT_E060,CAND_003,eurlex_decision_change=effective_future_date_overbroad,"{""operator"":""REPLACE_PROPERTY_VALUE"",""subject_iri"":""file:///G:/LearnAI/ontology-evolution/external-real-v4-evidence-aligned#EUR_Lex_amendment_EXT_E060"",""predicate_iri"":""file:///G:/LearnAI/ontology-evolution/external-real-v4-evidence-aligned#regulatory_amendment_status"",""old_value"":{""kind"":""literal"",""lexical"":""eurlex_status=pre_amendment"",""datatype"":""http://www.w3.org/2001/XMLSchema#string""},""new_value"":{""kind"":""literal"",""lexical"":""eurlex_decision_change=effective_future_date_overbroad"",""datatype"":""http://www.w3.org/2001/XMLSchema#string""}}",READY,external-real-v4-evidence-aligned public candidate value variant.
EXT_E061,CAND_001,eurlex_status=pre_amendment,"{""operator"":""REPLACE_PROPERTY_VALUE"",""subject_iri"":""file:///G:/LearnAI/ontology-evolution/external-real-v4-evidence-aligned#EUR_Lex_amendment_EXT_E061"",""predicate_iri"":""file:///G:/LearnAI/ontology-evolution/external-real-v4-evidence-aligned#regulatory_amendment_status"",""old_value"":{""kind"":""literal"",""lexical"":""eurlex_status=pre_amendment"",""datatype"":""http://www.w3.org/2001/XMLSchema#string""},""new_value"":{""kind"":""literal"",""lexical"":""eurlex_status=pre_amendment"",""datatype"":""http://www.w3.org/2001/XMLSchema#string""}}",READY,external-real-v4-evidence-aligned public candidate value variant.
EXT_E061,CAND_002,eurlex_amendment=annex_specific_not_full_repeal,"{""operator"":""REPLACE_PROPERTY_VALUE"",""subject_iri"":""file:///G:/LearnAI/ontology-evolution/external-real-v4-evidence-aligned#EUR_Lex_amendment_EXT_E061"",""predicate_iri"":""file:///G:/LearnAI/ontology-evolution/external-real-v4-evidence-aligned#regulatory_amendment_status"",""old_value"":{""kind"":""literal"",""lexical"":""eurlex_status=pre_amendment"",""datatype"":""http://www.w3.org/2001/XMLSchema#string""},""new_value"":{""kind"":""literal"",""lexical"":""eurlex_amendment=annex_specific_not_full_repeal"",""datatype"":""http://www.w3.org/2001/XMLSchema#string""}}",READY,external-real-v4-evidence-aligned public candidate value variant.
EXT_E061,CAND_003,eurlex_amendment=annex_specific_not_full_repeal_overbroad,"{""operator"":""REPLACE_PROPERTY_VALUE"",""subject_iri"":""file:///G:/LearnAI/ontology-evolution/external-real-v4-evidence-aligned#EUR_Lex_amendment_EXT_E061"",""predicate_iri"":""file:///G:/LearnAI/ontology-evolution/external-real-v4-evidence-aligned#regulatory_amendment_status"",""old_value"":{""kind"":""literal"",""lexical"":""eurlex_status=pre_amendment"",""datatype"":""http://www.w3.org/2001/XMLSchema#string""},""new_value"":{""kind"":""literal"",""lexical"":""eurlex_amendment=annex_specific_not_full_repeal_overbroad"",""datatype"":""http://www.w3.org/2001/XMLSchema#string""}}",READY,external-real-v4-evidence-aligned public candidate value variant.
EXT_E062,CAND_001,eurlex_status=pre_amendment,"{""operator"":""REPLACE_PROPERTY_VALUE"",""subject_iri"":""file:///G:/LearnAI/ontology-evolution/external-real-v4-evidence-aligned#EUR_Lex_amendment_EXT_E062"",""predicate_iri"":""file:///G:/LearnAI/ontology-evolution/external-real-v4-evidence-aligned#regulatory_amendment_status"",""old_value"":{""kind"":""literal"",""lexical"":""eurlex_status=pre_amendment"",""datatype"":""http://www.w3.org/2001/XMLSchema#string""},""new_value"":{""kind"":""literal"",""lexical"":""eurlex_status=pre_amendment"",""datatype"":""http://www.w3.org/2001/XMLSchema#string""}}",READY,external-real-v4-evidence-aligned public candidate value variant.
EXT_E062,CAND_002,eurlex_application=modified_annexes_only,"{""operator"":""REPLACE_PROPERTY_VALUE"",""subject_iri"":""file:///G:/LearnAI/ontology-evolution/external-real-v4-evidence-aligned#EUR_Lex_amendment_EXT_E062"",""predicate_iri"":""file:///G:/LearnAI/ontology-evolution/external-real-v4-evidence-aligned#regulatory_amendment_status"",""old_value"":{""kind"":""literal"",""lexical"":""eurlex_status=pre_amendment"",""datatype"":""http://www.w3.org/2001/XMLSchema#string""},""new_value"":{""kind"":""literal"",""lexical"":""eurlex_application=modified_annexes_only"",""datatype"":""http://www.w3.org/2001/XMLSchema#string""}}",READY,external-real-v4-evidence-aligned public candidate value variant.
EXT_E062,CAND_003,eurlex_application=modified_annexes_only_overbroad,"{""operator"":""REPLACE_PROPERTY_VALUE"",""subject_iri"":""file:///G:/LearnAI/ontology-evolution/external-real-v4-evidence-aligned#EUR_Lex_amendment_EXT_E062"",""predicate_iri"":""file:///G:/LearnAI/ontology-evolution/external-real-v4-evidence-aligned#regulatory_amendment_status"",""old_value"":{""kind"":""literal"",""lexical"":""eurlex_status=pre_amendment"",""datatype"":""http://www.w3.org/2001/XMLSchema#string""},""new_value"":{""kind"":""literal"",""lexical"":""eurlex_application=modified_annexes_only_overbroad"",""datatype"":""http://www.w3.org/2001/XMLSchema#string""}}",READY,external-real-v4-evidence-aligned public candidate value variant.
EXT_E063,CAND_001,ecfr_status=unmodeled,"{""operator"":""REPLACE_PROPERTY_VALUE"",""subject_iri"":""file:///G:/LearnAI/ontology-evolution/external-real-v4-evidence-aligned#eCFR_EXT_E063"",""predicate_iri"":""file:///G:/LearnAI/ontology-evolution/external-real-v4-evidence-aligned#regulatory_text_status"",""old_value"":{""kind"":""literal"",""lexical"":""ecfr_status=unmodeled"",""datatype"":""http://www.w3.org/2001/XMLSchema#string""},""new_value"":{""kind"":""literal"",""lexical"":""ecfr_status=unmodeled"",""datatype"":""http://www.w3.org/2001/XMLSchema#string""}}",READY,external-real-v4-evidence-aligned public candidate value variant.
EXT_E063,CAND_002,ecfr_effective_date_rule=not_less_than_30_days,"{""operator"":""REPLACE_PROPERTY_VALUE"",""subject_iri"":""file:///G:/LearnAI/ontology-evolution/external-real-v4-evidence-aligned#eCFR_EXT_E063"",""predicate_iri"":""file:///G:/LearnAI/ontology-evolution/external-real-v4-evidence-aligned#regulatory_text_status"",""old_value"":{""kind"":""literal"",""lexical"":""ecfr_status=unmodeled"",""datatype"":""http://www.w3.org/2001/XMLSchema#string""},""new_value"":{""kind"":""literal"",""lexical"":""ecfr_effective_date_rule=not_less_than_30_days"",""datatype"":""http://www.w3.org/2001/XMLSchema#string""}}",READY,external-real-v4-evidence-aligned public candidate value variant.
EXT_E063,CAND_003,ecfr_effective_date_rule=not_less_than_30_days_incorrect_scope,"{""operator"":""REPLACE_PROPERTY_VALUE"",""subject_iri"":""file:///G:/LearnAI/ontology-evolution/external-real-v4-evidence-aligned#eCFR_EXT_E063"",""predicate_iri"":""file:///G:/LearnAI/ontology-evolution/external-real-v4-evidence-aligned#regulatory_text_status"",""old_value"":{""kind"":""literal"",""lexical"":""ecfr_status=unmodeled"",""datatype"":""http://www.w3.org/2001/XMLSchema#string""},""new_value"":{""kind"":""literal"",""lexical"":""ecfr_effective_date_rule=not_less_than_30_days_incorrect_scope"",""datatype"":""http://www.w3.org/2001/XMLSchema#string""}}",READY,external-real-v4-evidence-aligned public candidate value variant.
EXT_E064,CAND_001,ecfr_status=unmodeled,"{""operator"":""REPLACE_PROPERTY_VALUE"",""subject_iri"":""file:///G:/LearnAI/ontology-evolution/external-real-v4-evidence-aligned#eCFR_EXT_E064"",""predicate_iri"":""file:///G:/LearnAI/ontology-evolution/external-real-v4-evidence-aligned#regulatory_text_status"",""old_value"":{""kind"":""literal"",""lexical"":""ecfr_status=unmodeled"",""datatype"":""http://www.w3.org/2001/XMLSchema#string""},""new_value"":{""kind"":""literal"",""lexical"":""ecfr_status=unmodeled"",""datatype"":""http://www.w3.org/2001/XMLSchema#string""}}",READY,external-real-v4-evidence-aligned public candidate value variant.
EXT_E064,CAND_002,ecfr_status=continuously_updated_online_version,"{""operator"":""REPLACE_PROPERTY_VALUE"",""subject_iri"":""file:///G:/LearnAI/ontology-evolution/external-real-v4-evidence-aligned#eCFR_EXT_E064"",""predicate_iri"":""file:///G:/LearnAI/ontology-evolution/external-real-v4-evidence-aligned#regulatory_text_status"",""old_value"":{""kind"":""literal"",""lexical"":""ecfr_status=unmodeled"",""datatype"":""http://www.w3.org/2001/XMLSchema#string""},""new_value"":{""kind"":""literal"",""lexical"":""ecfr_status=continuously_updated_online_version"",""datatype"":""http://www.w3.org/2001/XMLSchema#string""}}",READY,external-real-v4-evidence-aligned public candidate value variant.
EXT_E064,CAND_003,ecfr_status=continuously_updated_online_version_incorrect_scope,"{""operator"":""REPLACE_PROPERTY_VALUE"",""subject_iri"":""file:///G:/LearnAI/ontology-evolution/external-real-v4-evidence-aligned#eCFR_EXT_E064"",""predicate_iri"":""file:///G:/LearnAI/ontology-evolution/external-real-v4-evidence-aligned#regulatory_text_status"",""old_value"":{""kind"":""literal"",""lexical"":""ecfr_status=unmodeled"",""datatype"":""http://www.w3.org/2001/XMLSchema#string""},""new_value"":{""kind"":""literal"",""lexical"":""ecfr_status=continuously_updated_online_version_incorrect_scope"",""datatype"":""http://www.w3.org/2001/XMLSchema#string""}}",READY,external-real-v4-evidence-aligned public candidate value variant.
EXT_E065,CAND_001,ecfr_status=unmodeled,"{""operator"":""REPLACE_PROPERTY_VALUE"",""subject_iri"":""file:///G:/LearnAI/ontology-evolution/external-real-v4-evidence-aligned#eCFR_EXT_E065"",""predicate_iri"":""file:///G:/LearnAI/ontology-evolution/external-real-v4-evidence-aligned#regulatory_text_status"",""old_value"":{""kind"":""literal"",""lexical"":""ecfr_status=unmodeled"",""datatype"":""http://www.w3.org/2001/XMLSchema#string""},""new_value"":{""kind"":""literal"",""lexical"":""ecfr_status=unmodeled"",""datatype"":""http://www.w3.org/2001/XMLSchema#string""}}",READY,external-real-v4-evidence-aligned public candidate value variant.
EXT_E065,CAND_002,ecfr_not_official_legal_edition=noted,"{""operator"":""REPLACE_PROPERTY_VALUE"",""subject_iri"":""file:///G:/LearnAI/ontology-evolution/external-real-v4-evidence-aligned#eCFR_EXT_E065"",""predicate_iri"":""file:///G:/LearnAI/ontology-evolution/external-real-v4-evidence-aligned#regulatory_text_status"",""old_value"":{""kind"":""literal"",""lexical"":""ecfr_status=unmodeled"",""datatype"":""http://www.w3.org/2001/XMLSchema#string""},""new_value"":{""kind"":""literal"",""lexical"":""ecfr_not_official_legal_edition=noted"",""datatype"":""http://www.w3.org/2001/XMLSchema#string""}}",READY,external-real-v4-evidence-aligned public candidate value variant.
EXT_E065,CAND_003,ecfr_not_official_legal_edition=noted_incorrect_scope,"{""operator"":""REPLACE_PROPERTY_VALUE"",""subject_iri"":""file:///G:/LearnAI/ontology-evolution/external-real-v4-evidence-aligned#eCFR_EXT_E065"",""predicate_iri"":""file:///G:/LearnAI/ontology-evolution/external-real-v4-evidence-aligned#regulatory_text_status"",""old_value"":{""kind"":""literal"",""lexical"":""ecfr_status=unmodeled"",""datatype"":""http://www.w3.org/2001/XMLSchema#string""},""new_value"":{""kind"":""literal"",""lexical"":""ecfr_not_official_legal_edition=noted_incorrect_scope"",""datatype"":""http://www.w3.org/2001/XMLSchema#string""}}",READY,external-real-v4-evidence-aligned public candidate value variant.
EXT_E066,CAND_001,ecfr_status=unmodeled,"{""operator"":""REPLACE_PROPERTY_VALUE"",""subject_iri"":""file:///G:/LearnAI/ontology-evolution/external-real-v4-evidence-aligned#eCFR_EXT_E066"",""predicate_iri"":""file:///G:/LearnAI/ontology-evolution/external-real-v4-evidence-aligned#regulatory_text_status"",""old_value"":{""kind"":""literal"",""lexical"":""ecfr_status=unmodeled"",""datatype"":""http://www.w3.org/2001/XMLSchema#string""},""new_value"":{""kind"":""literal"",""lexical"":""ecfr_status=unmodeled"",""datatype"":""http://www.w3.org/2001/XMLSchema#string""}}",READY,external-real-v4-evidence-aligned public candidate value variant.
EXT_E066,CAND_002,federal_register_to_ecfr=current_text_update_path,"{""operator"":""REPLACE_PROPERTY_VALUE"",""subject_iri"":""file:///G:/LearnAI/ontology-evolution/external-real-v4-evidence-aligned#eCFR_EXT_E066"",""predicate_iri"":""file:///G:/LearnAI/ontology-evolution/external-real-v4-evidence-aligned#regulatory_text_status"",""old_value"":{""kind"":""literal"",""lexical"":""ecfr_status=unmodeled"",""datatype"":""http://www.w3.org/2001/XMLSchema#string""},""new_value"":{""kind"":""literal"",""lexical"":""federal_register_to_ecfr=current_text_update_path"",""datatype"":""http://www.w3.org/2001/XMLSchema#string""}}",READY,external-real-v4-evidence-aligned public candidate value variant.
EXT_E066,CAND_003,federal_register_to_ecfr=current_text_update_path_incorrect_scope,"{""operator"":""REPLACE_PROPERTY_VALUE"",""subject_iri"":""file:///G:/LearnAI/ontology-evolution/external-real-v4-evidence-aligned#eCFR_EXT_E066"",""predicate_iri"":""file:///G:/LearnAI/ontology-evolution/external-real-v4-evidence-aligned#regulatory_text_status"",""old_value"":{""kind"":""literal"",""lexical"":""ecfr_status=unmodeled"",""datatype"":""http://www.w3.org/2001/XMLSchema#string""},""new_value"":{""kind"":""literal"",""lexical"":""federal_register_to_ecfr=current_text_update_path_incorrect_scope"",""datatype"":""http://www.w3.org/2001/XMLSchema#string""}}",READY,external-real-v4-evidence-aligned public candidate value variant.
EXT_E067,CAND_001,ecfr_status=unmodeled,"{""operator"":""REPLACE_PROPERTY_VALUE"",""subject_iri"":""file:///G:/LearnAI/ontology-evolution/external-real-v4-evidence-aligned#eCFR_EXT_E067"",""predicate_iri"":""file:///G:/LearnAI/ontology-evolution/external-real-v4-evidence-aligned#regulatory_text_status"",""old_value"":{""kind"":""literal"",""lexical"":""ecfr_status=unmodeled"",""datatype"":""http://www.w3.org/2001/XMLSchema#string""},""new_value"":{""kind"":""literal"",""lexical"":""ecfr_status=unmodeled"",""datatype"":""http://www.w3.org/2001/XMLSchema#string""}}",READY,external-real-v4-evidence-aligned public candidate value variant.
EXT_E067,CAND_002,ecfr_scope=general_and_permanent_rules,"{""operator"":""REPLACE_PROPERTY_VALUE"",""subject_iri"":""file:///G:/LearnAI/ontology-evolution/external-real-v4-evidence-aligned#eCFR_EXT_E067"",""predicate_iri"":""file:///G:/LearnAI/ontology-evolution/external-real-v4-evidence-aligned#regulatory_text_status"",""old_value"":{""kind"":""literal"",""lexical"":""ecfr_status=unmodeled"",""datatype"":""http://www.w3.org/2001/XMLSchema#string""},""new_value"":{""kind"":""literal"",""lexical"":""ecfr_scope=general_and_permanent_rules"",""datatype"":""http://www.w3.org/2001/XMLSchema#string""}}",READY,external-real-v4-evidence-aligned public candidate value variant.
EXT_E067,CAND_003,ecfr_scope=general_and_permanent_rules_incorrect_scope,"{""operator"":""REPLACE_PROPERTY_VALUE"",""subject_iri"":""file:///G:/LearnAI/ontology-evolution/external-real-v4-evidence-aligned#eCFR_EXT_E067"",""predicate_iri"":""file:///G:/LearnAI/ontology-evolution/external-real-v4-evidence-aligned#regulatory_text_status"",""old_value"":{""kind"":""literal"",""lexical"":""ecfr_status=unmodeled"",""datatype"":""http://www.w3.org/2001/XMLSchema#string""},""new_value"":{""kind"":""literal"",""lexical"":""ecfr_scope=general_and_permanent_rules_incorrect_scope"",""datatype"":""http://www.w3.org/2001/XMLSchema#string""}}",READY,external-real-v4-evidence-aligned public candidate value variant.
EXT_E068,CAND_001,ecfr_status=unmodeled,"{""operator"":""REPLACE_PROPERTY_VALUE"",""subject_iri"":""file:///G:/LearnAI/ontology-evolution/external-real-v4-evidence-aligned#eCFR_EXT_E068"",""predicate_iri"":""file:///G:/LearnAI/ontology-evolution/external-real-v4-evidence-aligned#regulatory_text_status"",""old_value"":{""kind"":""literal"",""lexical"":""ecfr_status=unmodeled"",""datatype"":""http://www.w3.org/2001/XMLSchema#string""},""new_value"":{""kind"":""literal"",""lexical"":""ecfr_status=unmodeled"",""datatype"":""http://www.w3.org/2001/XMLSchema#string""}}",READY,external-real-v4-evidence-aligned public candidate value variant.
EXT_E068,CAND_002,ecfr_editorial_process=separate_from_official_print,"{""operator"":""REPLACE_PROPERTY_VALUE"",""subject_iri"":""file:///G:/LearnAI/ontology-evolution/external-real-v4-evidence-aligned#eCFR_EXT_E068"",""predicate_iri"":""file:///G:/LearnAI/ontology-evolution/external-real-v4-evidence-aligned#regulatory_text_status"",""old_value"":{""kind"":""literal"",""lexical"":""ecfr_status=unmodeled"",""datatype"":""http://www.w3.org/2001/XMLSchema#string""},""new_value"":{""kind"":""literal"",""lexical"":""ecfr_editorial_process=separate_from_official_print"",""datatype"":""http://www.w3.org/2001/XMLSchema#string""}}",READY,external-real-v4-evidence-aligned public candidate value variant.
EXT_E068,CAND_003,ecfr_editorial_process=separate_from_official_print_incorrect_scope,"{""operator"":""REPLACE_PROPERTY_VALUE"",""subject_iri"":""file:///G:/LearnAI/ontology-evolution/external-real-v4-evidence-aligned#eCFR_EXT_E068"",""predicate_iri"":""file:///G:/LearnAI/ontology-evolution/external-real-v4-evidence-aligned#regulatory_text_status"",""old_value"":{""kind"":""literal"",""lexical"":""ecfr_status=unmodeled"",""datatype"":""http://www.w3.org/2001/XMLSchema#string""},""new_value"":{""kind"":""literal"",""lexical"":""ecfr_editorial_process=separate_from_official_print_incorrect_scope"",""datatype"":""http://www.w3.org/2001/XMLSchema#string""}}",READY,external-real-v4-evidence-aligned public candidate value variant.
EXT_E069,CAND_001,amount_split=spring_and_autumn,"{""operator"":""REPLACE_PROPERTY_VALUE"",""subject_iri"":""file:///G:/LearnAI/ontology-evolution/external-real-v4-evidence-aligned#Beijing_2026_policy_agricultural_insurance_reference_terms____greenhouse_vegetable_insurance_amount_split"",""predicate_iri"":""file:///G:/LearnAI/ontology-evolution/external-real-v4-evidence-aligned#insured_amount_facet"",""old_value"":{""kind"":""literal"",""lexical"":""greenhouse_vegetable_rate_split=previous_or_not_encoded"",""datatype"":""http://www.w3.org/2001/XMLSchema#string""},""new_value"":{""kind"":""literal"",""lexical"":""amount_split=spring_and_autumn"",""datatype"":""http://www.w3.org/2001/XMLSchema#string""}}",READY,Added in external-real-v4-evidence-aligned; candidate order rotates and is not an oracle code.
EXT_E069,CAND_002,greenhouse_vegetable_rate_split=previous_or_not_encoded,"{""operator"":""REPLACE_PROPERTY_VALUE"",""subject_iri"":""file:///G:/LearnAI/ontology-evolution/external-real-v4-evidence-aligned#Beijing_2026_policy_agricultural_insurance_reference_terms____greenhouse_vegetable_insurance_amount_split"",""predicate_iri"":""file:///G:/LearnAI/ontology-evolution/external-real-v4-evidence-aligned#insured_amount_facet"",""old_value"":{""kind"":""literal"",""lexical"":""greenhouse_vegetable_rate_split=previous_or_not_encoded"",""datatype"":""http://www.w3.org/2001/XMLSchema#string""},""new_value"":{""kind"":""literal"",""lexical"":""greenhouse_vegetable_rate_split=previous_or_not_encoded"",""datatype"":""http://www.w3.org/2001/XMLSchema#string""}}",READY,Added in external-real-v4-evidence-aligned; candidate order rotates and is not an oracle code.
EXT_E069,CAND_003,amount_split=spring_and_autumn;near_miss=wrong_scope,"{""operator"":""REPLACE_PROPERTY_VALUE"",""subject_iri"":""file:///G:/LearnAI/ontology-evolution/external-real-v4-evidence-aligned#Beijing_2026_policy_agricultural_insurance_reference_terms____greenhouse_vegetable_insurance_amount_split"",""predicate_iri"":""file:///G:/LearnAI/ontology-evolution/external-real-v4-evidence-aligned#insured_amount_facet"",""old_value"":{""kind"":""literal"",""lexical"":""greenhouse_vegetable_rate_split=previous_or_not_encoded"",""datatype"":""http://www.w3.org/2001/XMLSchema#string""},""new_value"":{""kind"":""literal"",""lexical"":""amount_split=spring_and_autumn;near_miss=wrong_scope"",""datatype"":""http://www.w3.org/2001/XMLSchema#string""}}",READY,Added in external-real-v4-evidence-aligned; candidate order rotates and is not an oracle code.
EXT_E070,CAND_001,wheat_lodging_grade_definition=previous_or_not_encoded,"{""operator"":""REPLACE_PROPERTY_VALUE"",""subject_iri"":""file:///G:/LearnAI/ontology-evolution/external-real-v4-evidence-aligned#Beijing_2026_policy_agricultural_insurance_reference_terms____wheat_lodging_five_level_definition"",""predicate_iri"":""file:///G:/LearnAI/ontology-evolution/external-real-v4-evidence-aligned#damage_definition"",""old_value"":{""kind"":""literal"",""lexical"":""wheat_lodging_grade_definition=previous_or_not_encoded"",""datatype"":""http://www.w3.org/2001/XMLSchema#string""},""new_value"":{""kind"":""literal"",""lexical"":""wheat_lodging_grade_definition=previous_or_not_encoded"",""datatype"":""http://www.w3.org/2001/XMLSchema#string""}}",READY,Added in external-real-v4-evidence-aligned; candidate order rotates and is not an oracle code.
EXT_E070,CAND_002,lodging_definition=five_grade,"{""operator"":""REPLACE_PROPERTY_VALUE"",""subject_iri"":""file:///G:/LearnAI/ontology-evolution/external-real-v4-evidence-aligned#Beijing_2026_policy_agricultural_insurance_reference_terms____wheat_lodging_five_level_definition"",""predicate_iri"":""file:///G:/LearnAI/ontology-evolution/external-real-v4-evidence-aligned#damage_definition"",""old_value"":{""kind"":""literal"",""lexical"":""wheat_lodging_grade_definition=previous_or_not_encoded"",""datatype"":""http://www.w3.org/2001/XMLSchema#string""},""new_value"":{""kind"":""literal"",""lexical"":""lodging_definition=five_grade"",""datatype"":""http://www.w3.org/2001/XMLSchema#string""}}",READY,Added in external-real-v4-evidence-aligned; candidate order rotates and is not an oracle code.
EXT_E070,CAND_003,lodging_definition=five_grade;near_miss=wrong_scope,"{""operator"":""REPLACE_PROPERTY_VALUE"",""subject_iri"":""file:///G:/LearnAI/ontology-evolution/external-real-v4-evidence-aligned#Beijing_2026_policy_agricultural_insurance_reference_terms____wheat_lodging_five_level_definition"",""predicate_iri"":""file:///G:/LearnAI/ontology-evolution/external-real-v4-evidence-aligned#damage_definition"",""old_value"":{""kind"":""literal"",""lexical"":""wheat_lodging_grade_definition=previous_or_not_encoded"",""datatype"":""http://www.w3.org/2001/XMLSchema#string""},""new_value"":{""kind"":""literal"",""lexical"":""lodging_definition=five_grade;near_miss=wrong_scope"",""datatype"":""http://www.w3.org/2001/XMLSchema#string""}}",READY,Added in external-real-v4-evidence-aligned; candidate order rotates and is not an oracle code.
EXT_E071,CAND_001,corn_loss_rate_formula=previous_or_not_encoded,"{""operator"":""REPLACE_PROPERTY_VALUE"",""subject_iri"":""file:///G:/LearnAI/ontology-evolution/external-real-v4-evidence-aligned#Beijing_2026_policy_agricultural_insurance_reference_terms____corn_loss_rate_compensation_formula"",""predicate_iri"":""file:///G:/LearnAI/ontology-evolution/external-real-v4-evidence-aligned#claim_formula"",""old_value"":{""kind"":""literal"",""lexical"":""corn_loss_rate_formula=previous_or_not_encoded"",""datatype"":""http://www.w3.org/2001/XMLSchema#string""},""new_value"":{""kind"":""literal"",""lexical"":""corn_loss_rate_formula=previous_or_not_encoded"",""datatype"":""http://www.w3.org/2001/XMLSchema#string""}}",READY,Added in external-real-v4-evidence-aligned; candidate order rotates and is not an oracle code.
EXT_E071,CAND_002,formula=date_limit_times_loss_rate;near_miss=wrong_scope,"{""operator"":""REPLACE_PROPERTY_VALUE"",""subject_iri"":""file:///G:/LearnAI/ontology-evolution/external-real-v4-evidence-aligned#Beijing_2026_policy_agricultural_insurance_reference_terms____corn_loss_rate_compensation_formula"",""predicate_iri"":""file:///G:/LearnAI/ontology-evolution/external-real-v4-evidence-aligned#claim_formula"",""old_value"":{""kind"":""literal"",""lexical"":""corn_loss_rate_formula=previous_or_not_encoded"",""datatype"":""http://www.w3.org/2001/XMLSchema#string""},""new_value"":{""kind"":""literal"",""lexical"":""formula=date_limit_times_loss_rate;near_miss=wrong_scope"",""datatype"":""http://www.w3.org/2001/XMLSchema#string""}}",READY,Added in external-real-v4-evidence-aligned; candidate order rotates and is not an oracle code.
EXT_E071,CAND_003,formula=date_limit_times_loss_rate,"{""operator"":""REPLACE_PROPERTY_VALUE"",""subject_iri"":""file:///G:/LearnAI/ontology-evolution/external-real-v4-evidence-aligned#Beijing_2026_policy_agricultural_insurance_reference_terms____corn_loss_rate_compensation_formula"",""predicate_iri"":""file:///G:/LearnAI/ontology-evolution/external-real-v4-evidence-aligned#claim_formula"",""old_value"":{""kind"":""literal"",""lexical"":""corn_loss_rate_formula=previous_or_not_encoded"",""datatype"":""http://www.w3.org/2001/XMLSchema#string""},""new_value"":{""kind"":""literal"",""lexical"":""formula=date_limit_times_loss_rate"",""datatype"":""http://www.w3.org/2001/XMLSchema#string""}}",READY,Added in external-real-v4-evidence-aligned; candidate order rotates and is not an oracle code.
EXT_E072,CAND_001,scope=specified_weather_events,"{""operator"":""REPLACE_PROPERTY_VALUE"",""subject_iri"":""file:///G:/LearnAI/ontology-evolution/external-real-v4-evidence-aligned#Beijing_2026_policy_agricultural_insurance_reference_terms____rice_covered_disaster_scope"",""predicate_iri"":""file:///G:/LearnAI/ontology-evolution/external-real-v4-evidence-aligned#covered_peril_scope"",""old_value"":{""kind"":""literal"",""lexical"":""rice_disaster_scope=previous_or_not_encoded"",""datatype"":""http://www.w3.org/2001/XMLSchema#string""},""new_value"":{""kind"":""literal"",""lexical"":""scope=specified_weather_events"",""datatype"":""http://www.w3.org/2001/XMLSchema#string""}}",READY,Added in external-real-v4-evidence-aligned; candidate order rotates and is not an oracle code.
EXT_E072,CAND_002,rice_disaster_scope=previous_or_not_encoded,"{""operator"":""REPLACE_PROPERTY_VALUE"",""subject_iri"":""file:///G:/LearnAI/ontology-evolution/external-real-v4-evidence-aligned#Beijing_2026_policy_agricultural_insurance_reference_terms____rice_covered_disaster_scope"",""predicate_iri"":""file:///G:/LearnAI/ontology-evolution/external-real-v4-evidence-aligned#covered_peril_scope"",""old_value"":{""kind"":""literal"",""lexical"":""rice_disaster_scope=previous_or_not_encoded"",""datatype"":""http://www.w3.org/2001/XMLSchema#string""},""new_value"":{""kind"":""literal"",""lexical"":""rice_disaster_scope=previous_or_not_encoded"",""datatype"":""http://www.w3.org/2001/XMLSchema#string""}}",READY,Added in external-real-v4-evidence-aligned; candidate order rotates and is not an oracle code.
EXT_E072,CAND_003,scope=specified_weather_events;near_miss=wrong_scope,"{""operator"":""REPLACE_PROPERTY_VALUE"",""subject_iri"":""file:///G:/LearnAI/ontology-evolution/external-real-v4-evidence-aligned#Beijing_2026_policy_agricultural_insurance_reference_terms____rice_covered_disaster_scope"",""predicate_iri"":""file:///G:/LearnAI/ontology-evolution/external-real-v4-evidence-aligned#covered_peril_scope"",""old_value"":{""kind"":""literal"",""lexical"":""rice_disaster_scope=previous_or_not_encoded"",""datatype"":""http://www.w3.org/2001/XMLSchema#string""},""new_value"":{""kind"":""literal"",""lexical"":""scope=specified_weather_events;near_miss=wrong_scope"",""datatype"":""http://www.w3.org/2001/XMLSchema#string""}}",READY,Added in external-real-v4-evidence-aligned; candidate order rotates and is not an oracle code.
EXT_E073,CAND_001,soybean_growth_stage_limit=previous_or_not_encoded,"{""operator"":""REPLACE_PROPERTY_VALUE"",""subject_iri"":""file:///G:/LearnAI/ontology-evolution/external-real-v4-evidence-aligned#Beijing_2026_policy_agricultural_insurance_reference_terms____soybean_growth_stage_compensation_limit"",""predicate_iri"":""file:///G:/LearnAI/ontology-evolution/external-real-v4-evidence-aligned#growth_stage_rule"",""old_value"":{""kind"":""literal"",""lexical"":""soybean_growth_stage_limit=previous_or_not_encoded"",""datatype"":""http://www.w3.org/2001/XMLSchema#string""},""new_value"":{""kind"":""literal"",""lexical"":""soybean_growth_stage_limit=previous_or_not_encoded"",""datatype"":""http://www.w3.org/2001/XMLSchema#string""}}",READY,Added in external-real-v4-evidence-aligned; candidate order rotates and is not an oracle code.
EXT_E073,CAND_002,stage_limit=policy_table,"{""operator"":""REPLACE_PROPERTY_VALUE"",""subject_iri"":""file:///G:/LearnAI/ontology-evolution/external-real-v4-evidence-aligned#Beijing_2026_policy_agricultural_insurance_reference_terms____soybean_growth_stage_compensation_limit"",""predicate_iri"":""file:///G:/LearnAI/ontology-evolution/external-real-v4-evidence-aligned#growth_stage_rule"",""old_value"":{""kind"":""literal"",""lexical"":""soybean_growth_stage_limit=previous_or_not_encoded"",""datatype"":""http://www.w3.org/2001/XMLSchema#string""},""new_value"":{""kind"":""literal"",""lexical"":""stage_limit=policy_table"",""datatype"":""http://www.w3.org/2001/XMLSchema#string""}}",READY,Added in external-real-v4-evidence-aligned; candidate order rotates and is not an oracle code.
EXT_E073,CAND_003,stage_limit=policy_table;near_miss=wrong_scope,"{""operator"":""REPLACE_PROPERTY_VALUE"",""subject_iri"":""file:///G:/LearnAI/ontology-evolution/external-real-v4-evidence-aligned#Beijing_2026_policy_agricultural_insurance_reference_terms____soybean_growth_stage_compensation_limit"",""predicate_iri"":""file:///G:/LearnAI/ontology-evolution/external-real-v4-evidence-aligned#growth_stage_rule"",""old_value"":{""kind"":""literal"",""lexical"":""soybean_growth_stage_limit=previous_or_not_encoded"",""datatype"":""http://www.w3.org/2001/XMLSchema#string""},""new_value"":{""kind"":""literal"",""lexical"":""stage_limit=policy_table;near_miss=wrong_scope"",""datatype"":""http://www.w3.org/2001/XMLSchema#string""}}",READY,Added in external-real-v4-evidence-aligned; candidate order rotates and is not an oracle code.
EXT_E074,CAND_001,fruit_tree_freeze_exception=previous_or_not_encoded,"{""operator"":""REPLACE_PROPERTY_VALUE"",""subject_iri"":""file:///G:/LearnAI/ontology-evolution/external-real-v4-evidence-aligned#Beijing_2026_policy_agricultural_insurance_reference_terms____fruit_tree_freeze_exception"",""predicate_iri"":""file:///G:/LearnAI/ontology-evolution/external-real-v4-evidence-aligned#exception_rule"",""old_value"":{""kind"":""literal"",""lexical"":""fruit_tree_freeze_exception=previous_or_not_encoded"",""datatype"":""http://www.w3.org/2001/XMLSchema#string""},""new_value"":{""kind"":""literal"",""lexical"":""fruit_tree_freeze_exception=previous_or_not_encoded"",""datatype"":""http://www.w3.org/2001/XMLSchema#string""}}",READY,Added in external-real-v4-evidence-aligned; candidate order rotates and is not an oracle code.
EXT_E074,CAND_002,exception=late_frost_named;near_miss=wrong_scope,"{""operator"":""REPLACE_PROPERTY_VALUE"",""subject_iri"":""file:///G:/LearnAI/ontology-evolution/external-real-v4-evidence-aligned#Beijing_2026_policy_agricultural_insurance_reference_terms____fruit_tree_freeze_exception"",""predicate_iri"":""file:///G:/LearnAI/ontology-evolution/external-real-v4-evidence-aligned#exception_rule"",""old_value"":{""kind"":""literal"",""lexical"":""fruit_tree_freeze_exception=previous_or_not_encoded"",""datatype"":""http://www.w3.org/2001/XMLSchema#string""},""new_value"":{""kind"":""literal"",""lexical"":""exception=late_frost_named;near_miss=wrong_scope"",""datatype"":""http://www.w3.org/2001/XMLSchema#string""}}",READY,Added in external-real-v4-evidence-aligned; candidate order rotates and is not an oracle code.
EXT_E074,CAND_003,exception=late_frost_named,"{""operator"":""REPLACE_PROPERTY_VALUE"",""subject_iri"":""file:///G:/LearnAI/ontology-evolution/external-real-v4-evidence-aligned#Beijing_2026_policy_agricultural_insurance_reference_terms____fruit_tree_freeze_exception"",""predicate_iri"":""file:///G:/LearnAI/ontology-evolution/external-real-v4-evidence-aligned#exception_rule"",""old_value"":{""kind"":""literal"",""lexical"":""fruit_tree_freeze_exception=previous_or_not_encoded"",""datatype"":""http://www.w3.org/2001/XMLSchema#string""},""new_value"":{""kind"":""literal"",""lexical"":""exception=late_frost_named"",""datatype"":""http://www.w3.org/2001/XMLSchema#string""}}",READY,Added in external-real-v4-evidence-aligned; candidate order rotates and is not an oracle code.
EXT_E075,CAND_001,scope=listed_epidemics,"{""operator"":""REPLACE_PROPERTY_VALUE"",""subject_iri"":""file:///G:/LearnAI/ontology-evolution/external-real-v4-evidence-aligned#Beijing_2026_policy_agricultural_insurance_reference_terms____livestock_epidemic_coverage_scope"",""predicate_iri"":""file:///G:/LearnAI/ontology-evolution/external-real-v4-evidence-aligned#covered_peril_scope"",""old_value"":{""kind"":""literal"",""lexical"":""livestock_epidemic_scope=previous_or_not_encoded"",""datatype"":""http://www.w3.org/2001/XMLSchema#string""},""new_value"":{""kind"":""literal"",""lexical"":""scope=listed_epidemics"",""datatype"":""http://www.w3.org/2001/XMLSchema#string""}}",READY,Added in external-real-v4-evidence-aligned; candidate order rotates and is not an oracle code.
EXT_E075,CAND_002,livestock_epidemic_scope=previous_or_not_encoded,"{""operator"":""REPLACE_PROPERTY_VALUE"",""subject_iri"":""file:///G:/LearnAI/ontology-evolution/external-real-v4-evidence-aligned#Beijing_2026_policy_agricultural_insurance_reference_terms____livestock_epidemic_coverage_scope"",""predicate_iri"":""file:///G:/LearnAI/ontology-evolution/external-real-v4-evidence-aligned#covered_peril_scope"",""old_value"":{""kind"":""literal"",""lexical"":""livestock_epidemic_scope=previous_or_not_encoded"",""datatype"":""http://www.w3.org/2001/XMLSchema#string""},""new_value"":{""kind"":""literal"",""lexical"":""livestock_epidemic_scope=previous_or_not_encoded"",""datatype"":""http://www.w3.org/2001/XMLSchema#string""}}",READY,Added in external-real-v4-evidence-aligned; candidate order rotates and is not an oracle code.
EXT_E075,CAND_003,scope=listed_epidemics;near_miss=wrong_scope,"{""operator"":""REPLACE_PROPERTY_VALUE"",""subject_iri"":""file:///G:/LearnAI/ontology-evolution/external-real-v4-evidence-aligned#Beijing_2026_policy_agricultural_insurance_reference_terms____livestock_epidemic_coverage_scope"",""predicate_iri"":""file:///G:/LearnAI/ontology-evolution/external-real-v4-evidence-aligned#covered_peril_scope"",""old_value"":{""kind"":""literal"",""lexical"":""livestock_epidemic_scope=previous_or_not_encoded"",""datatype"":""http://www.w3.org/2001/XMLSchema#string""},""new_value"":{""kind"":""literal"",""lexical"":""scope=listed_epidemics;near_miss=wrong_scope"",""datatype"":""http://www.w3.org/2001/XMLSchema#string""}}",READY,Added in external-real-v4-evidence-aligned; candidate order rotates and is not an oracle code.
EXT_E076,CAND_001,aquaculture_storm_damage=previous_or_not_encoded,"{""operator"":""REPLACE_PROPERTY_VALUE"",""subject_iri"":""file:///G:/LearnAI/ontology-evolution/external-real-v4-evidence-aligned#Beijing_2026_policy_agricultural_insurance_reference_terms____aquaculture_storm_damage_trigger"",""predicate_iri"":""file:///G:/LearnAI/ontology-evolution/external-real-v4-evidence-aligned#trigger_condition"",""old_value"":{""kind"":""literal"",""lexical"":""aquaculture_storm_damage=previous_or_not_encoded"",""datatype"":""http://www.w3.org/2001/XMLSchema#string""},""new_value"":{""kind"":""literal"",""lexical"":""aquaculture_storm_damage=previous_or_not_encoded"",""datatype"":""http://www.w3.org/2001/XMLSchema#string""}}",READY,Added in external-real-v4-evidence-aligned; candidate order rotates and is not an oracle code.
EXT_E076,CAND_002,trigger=storm_damage_verified,"{""operator"":""REPLACE_PROPERTY_VALUE"",""subject_iri"":""file:///G:/LearnAI/ontology-evolution/external-real-v4-evidence-aligned#Beijing_2026_policy_agricultural_insurance_reference_terms____aquaculture_storm_damage_trigger"",""predicate_iri"":""file:///G:/LearnAI/ontology-evolution/external-real-v4-evidence-aligned#trigger_condition"",""old_value"":{""kind"":""literal"",""lexical"":""aquaculture_storm_damage=previous_or_not_encoded"",""datatype"":""http://www.w3.org/2001/XMLSchema#string""},""new_value"":{""kind"":""literal"",""lexical"":""trigger=storm_damage_verified"",""datatype"":""http://www.w3.org/2001/XMLSchema#string""}}",READY,Added in external-real-v4-evidence-aligned; candidate order rotates and is not an oracle code.
EXT_E076,CAND_003,trigger=storm_damage_verified;near_miss=wrong_scope,"{""operator"":""REPLACE_PROPERTY_VALUE"",""subject_iri"":""file:///G:/LearnAI/ontology-evolution/external-real-v4-evidence-aligned#Beijing_2026_policy_agricultural_insurance_reference_terms____aquaculture_storm_damage_trigger"",""predicate_iri"":""file:///G:/LearnAI/ontology-evolution/external-real-v4-evidence-aligned#trigger_condition"",""old_value"":{""kind"":""literal"",""lexical"":""aquaculture_storm_damage=previous_or_not_encoded"",""datatype"":""http://www.w3.org/2001/XMLSchema#string""},""new_value"":{""kind"":""literal"",""lexical"":""trigger=storm_damage_verified;near_miss=wrong_scope"",""datatype"":""http://www.w3.org/2001/XMLSchema#string""}}",READY,Added in external-real-v4-evidence-aligned; candidate order rotates and is not an oracle code.
EXT_E077,CAND_001,facility_crop_damage_ratio=previous_or_not_encoded,"{""operator"":""REPLACE_PROPERTY_VALUE"",""subject_iri"":""file:///G:/LearnAI/ontology-evolution/external-real-v4-evidence-aligned#Beijing_2026_policy_agricultural_insurance_reference_terms____facility_crop_damage_ratio"",""predicate_iri"":""file:///G:/LearnAI/ontology-evolution/external-real-v4-evidence-aligned#loss_ratio_rule"",""old_value"":{""kind"":""literal"",""lexical"":""facility_crop_damage_ratio=previous_or_not_encoded"",""datatype"":""http://www.w3.org/2001/XMLSchema#string""},""new_value"":{""kind"":""literal"",""lexical"":""facility_crop_damage_ratio=previous_or_not_encoded"",""datatype"":""http://www.w3.org/2001/XMLSchema#string""}}",READY,Added in external-real-v4-evidence-aligned; candidate order rotates and is not an oracle code.
EXT_E077,CAND_002,ratio=policy_loss_table;near_miss=wrong_scope,"{""operator"":""REPLACE_PROPERTY_VALUE"",""subject_iri"":""file:///G:/LearnAI/ontology-evolution/external-real-v4-evidence-aligned#Beijing_2026_policy_agricultural_insurance_reference_terms____facility_crop_damage_ratio"",""predicate_iri"":""file:///G:/LearnAI/ontology-evolution/external-real-v4-evidence-aligned#loss_ratio_rule"",""old_value"":{""kind"":""literal"",""lexical"":""facility_crop_damage_ratio=previous_or_not_encoded"",""datatype"":""http://www.w3.org/2001/XMLSchema#string""},""new_value"":{""kind"":""literal"",""lexical"":""ratio=policy_loss_table;near_miss=wrong_scope"",""datatype"":""http://www.w3.org/2001/XMLSchema#string""}}",READY,Added in external-real-v4-evidence-aligned; candidate order rotates and is not an oracle code.
EXT_E077,CAND_003,ratio=policy_loss_table,"{""operator"":""REPLACE_PROPERTY_VALUE"",""subject_iri"":""file:///G:/LearnAI/ontology-evolution/external-real-v4-evidence-aligned#Beijing_2026_policy_agricultural_insurance_reference_terms____facility_crop_damage_ratio"",""predicate_iri"":""file:///G:/LearnAI/ontology-evolution/external-real-v4-evidence-aligned#loss_ratio_rule"",""old_value"":{""kind"":""literal"",""lexical"":""facility_crop_damage_ratio=previous_or_not_encoded"",""datatype"":""http://www.w3.org/2001/XMLSchema#string""},""new_value"":{""kind"":""literal"",""lexical"":""ratio=policy_loss_table"",""datatype"":""http://www.w3.org/2001/XMLSchema#string""}}",READY,Added in external-real-v4-evidence-aligned; candidate order rotates and is not an oracle code.
EXT_E078,CAND_001,coverage=replanting_cost,"{""operator"":""REPLACE_PROPERTY_VALUE"",""subject_iri"":""file:///G:/LearnAI/ontology-evolution/external-real-v4-evidence-aligned#Beijing_2026_policy_agricultural_insurance_reference_terms____seedling_replanting_cost_coverage"",""predicate_iri"":""file:///G:/LearnAI/ontology-evolution/external-real-v4-evidence-aligned#cost_item"",""old_value"":{""kind"":""literal"",""lexical"":""seedling_replanting_cost=previous_or_not_encoded"",""datatype"":""http://www.w3.org/2001/XMLSchema#string""},""new_value"":{""kind"":""literal"",""lexical"":""coverage=replanting_cost"",""datatype"":""http://www.w3.org/2001/XMLSchema#string""}}",READY,Added in external-real-v4-evidence-aligned; candidate order rotates and is not an oracle code.
EXT_E078,CAND_002,seedling_replanting_cost=previous_or_not_encoded,"{""operator"":""REPLACE_PROPERTY_VALUE"",""subject_iri"":""file:///G:/LearnAI/ontology-evolution/external-real-v4-evidence-aligned#Beijing_2026_policy_agricultural_insurance_reference_terms____seedling_replanting_cost_coverage"",""predicate_iri"":""file:///G:/LearnAI/ontology-evolution/external-real-v4-evidence-aligned#cost_item"",""old_value"":{""kind"":""literal"",""lexical"":""seedling_replanting_cost=previous_or_not_encoded"",""datatype"":""http://www.w3.org/2001/XMLSchema#string""},""new_value"":{""kind"":""literal"",""lexical"":""seedling_replanting_cost=previous_or_not_encoded"",""datatype"":""http://www.w3.org/2001/XMLSchema#string""}}",READY,Added in external-real-v4-evidence-aligned; candidate order rotates and is not an oracle code.
EXT_E078,CAND_003,coverage=replanting_cost;near_miss=wrong_scope,"{""operator"":""REPLACE_PROPERTY_VALUE"",""subject_iri"":""file:///G:/LearnAI/ontology-evolution/external-real-v4-evidence-aligned#Beijing_2026_policy_agricultural_insurance_reference_terms____seedling_replanting_cost_coverage"",""predicate_iri"":""file:///G:/LearnAI/ontology-evolution/external-real-v4-evidence-aligned#cost_item"",""old_value"":{""kind"":""literal"",""lexical"":""seedling_replanting_cost=previous_or_not_encoded"",""datatype"":""http://www.w3.org/2001/XMLSchema#string""},""new_value"":{""kind"":""literal"",""lexical"":""coverage=replanting_cost;near_miss=wrong_scope"",""datatype"":""http://www.w3.org/2001/XMLSchema#string""}}",READY,Added in external-real-v4-evidence-aligned; candidate order rotates and is not an oracle code.
EXT_E079,CAND_001,orchard_hail_deductible=previous_or_not_encoded,"{""operator"":""REPLACE_PROPERTY_VALUE"",""subject_iri"":""file:///G:/LearnAI/ontology-evolution/external-real-v4-evidence-aligned#Beijing_2026_policy_agricultural_insurance_reference_terms____orchard_hail_deductible_exception"",""predicate_iri"":""file:///G:/LearnAI/ontology-evolution/external-real-v4-evidence-aligned#deductible_rule"",""old_value"":{""kind"":""literal"",""lexical"":""orchard_hail_deductible=previous_or_not_encoded"",""datatype"":""http://www.w3.org/2001/XMLSchema#string""},""new_value"":{""kind"":""literal"",""lexical"":""orchard_hail_deductible=previous_or_not_encoded"",""datatype"":""http://www.w3.org/2001/XMLSchema#string""}}",READY,Added in external-real-v4-evidence-aligned; candidate order rotates and is not an oracle code.
EXT_E079,CAND_002,deductible=event_specific,"{""operator"":""REPLACE_PROPERTY_VALUE"",""subject_iri"":""file:///G:/LearnAI/ontology-evolution/external-real-v4-evidence-aligned#Beijing_2026_policy_agricultural_insurance_reference_terms____orchard_hail_deductible_exception"",""predicate_iri"":""file:///G:/LearnAI/ontology-evolution/external-real-v4-evidence-aligned#deductible_rule"",""old_value"":{""kind"":""literal"",""lexical"":""orchard_hail_deductible=previous_or_not_encoded"",""datatype"":""http://www.w3.org/2001/XMLSchema#string""},""new_value"":{""kind"":""literal"",""lexical"":""deductible=event_specific"",""datatype"":""http://www.w3.org/2001/XMLSchema#string""}}",READY,Added in external-real-v4-evidence-aligned; candidate order rotates and is not an oracle code.
EXT_E079,CAND_003,deductible=event_specific;near_miss=wrong_scope,"{""operator"":""REPLACE_PROPERTY_VALUE"",""subject_iri"":""file:///G:/LearnAI/ontology-evolution/external-real-v4-evidence-aligned#Beijing_2026_policy_agricultural_insurance_reference_terms____orchard_hail_deductible_exception"",""predicate_iri"":""file:///G:/LearnAI/ontology-evolution/external-real-v4-evidence-aligned#deductible_rule"",""old_value"":{""kind"":""literal"",""lexical"":""orchard_hail_deductible=previous_or_not_encoded"",""datatype"":""http://www.w3.org/2001/XMLSchema#string""},""new_value"":{""kind"":""literal"",""lexical"":""deductible=event_specific;near_miss=wrong_scope"",""datatype"":""http://www.w3.org/2001/XMLSchema#string""}}",READY,Added in external-real-v4-evidence-aligned; candidate order rotates and is not an oracle code.
EXT_E080,CAND_001,vegetable_rotation_scope=previous_or_not_encoded,"{""operator"":""REPLACE_PROPERTY_VALUE"",""subject_iri"":""file:///G:/LearnAI/ontology-evolution/external-real-v4-evidence-aligned#Beijing_2026_policy_agricultural_insurance_reference_terms____vegetable_rotation_scope"",""predicate_iri"":""file:///G:/LearnAI/ontology-evolution/external-real-v4-evidence-aligned#scope_rule"",""old_value"":{""kind"":""literal"",""lexical"":""vegetable_rotation_scope=previous_or_not_encoded"",""datatype"":""http://www.w3.org/2001/XMLSchema#string""},""new_value"":{""kind"":""literal"",""lexical"":""vegetable_rotation_scope=previous_or_not_encoded"",""datatype"":""http://www.w3.org/2001/XMLSchema#string""}}",READY,Added in external-real-v4-evidence-aligned; candidate order rotates and is not an oracle code.
EXT_E080,CAND_002,scope=rotation_categories;near_miss=wrong_scope,"{""operator"":""REPLACE_PROPERTY_VALUE"",""subject_iri"":""file:///G:/LearnAI/ontology-evolution/external-real-v4-evidence-aligned#Beijing_2026_policy_agricultural_insurance_reference_terms____vegetable_rotation_scope"",""predicate_iri"":""file:///G:/LearnAI/ontology-evolution/external-real-v4-evidence-aligned#scope_rule"",""old_value"":{""kind"":""literal"",""lexical"":""vegetable_rotation_scope=previous_or_not_encoded"",""datatype"":""http://www.w3.org/2001/XMLSchema#string""},""new_value"":{""kind"":""literal"",""lexical"":""scope=rotation_categories;near_miss=wrong_scope"",""datatype"":""http://www.w3.org/2001/XMLSchema#string""}}",READY,Added in external-real-v4-evidence-aligned; candidate order rotates and is not an oracle code.
EXT_E080,CAND_003,scope=rotation_categories,"{""operator"":""REPLACE_PROPERTY_VALUE"",""subject_iri"":""file:///G:/LearnAI/ontology-evolution/external-real-v4-evidence-aligned#Beijing_2026_policy_agricultural_insurance_reference_terms____vegetable_rotation_scope"",""predicate_iri"":""file:///G:/LearnAI/ontology-evolution/external-real-v4-evidence-aligned#scope_rule"",""old_value"":{""kind"":""literal"",""lexical"":""vegetable_rotation_scope=previous_or_not_encoded"",""datatype"":""http://www.w3.org/2001/XMLSchema#string""},""new_value"":{""kind"":""literal"",""lexical"":""scope=rotation_categories"",""datatype"":""http://www.w3.org/2001/XMLSchema#string""}}",READY,Added in external-real-v4-evidence-aligned; candidate order rotates and is not an oracle code.
EXT_E081,CAND_001,effective_period=2026_policy_year,"{""operator"":""REPLACE_PROPERTY_VALUE"",""subject_iri"":""file:///G:/LearnAI/ontology-evolution/external-real-v4-evidence-aligned#Beijing_2026_policy_agricultural_insurance_reference_terms____policy_term_effective_period"",""predicate_iri"":""file:///G:/LearnAI/ontology-evolution/external-real-v4-evidence-aligned#effective_period"",""old_value"":{""kind"":""literal"",""lexical"":""agri_insurance_effective_period=previous_or_not_encoded"",""datatype"":""http://www.w3.org/2001/XMLSchema#string""},""new_value"":{""kind"":""literal"",""lexical"":""effective_period=2026_policy_year"",""datatype"":""http://www.w3.org/2001/XMLSchema#string""}}",READY,Added in external-real-v4-evidence-aligned; candidate order rotates and is not an oracle code.
EXT_E081,CAND_002,agri_insurance_effective_period=previous_or_not_encoded,"{""operator"":""REPLACE_PROPERTY_VALUE"",""subject_iri"":""file:///G:/LearnAI/ontology-evolution/external-real-v4-evidence-aligned#Beijing_2026_policy_agricultural_insurance_reference_terms____policy_term_effective_period"",""predicate_iri"":""file:///G:/LearnAI/ontology-evolution/external-real-v4-evidence-aligned#effective_period"",""old_value"":{""kind"":""literal"",""lexical"":""agri_insurance_effective_period=previous_or_not_encoded"",""datatype"":""http://www.w3.org/2001/XMLSchema#string""},""new_value"":{""kind"":""literal"",""lexical"":""agri_insurance_effective_period=previous_or_not_encoded"",""datatype"":""http://www.w3.org/2001/XMLSchema#string""}}",READY,Added in external-real-v4-evidence-aligned; candidate order rotates and is not an oracle code.
EXT_E081,CAND_003,effective_period=2026_policy_year;near_miss=wrong_scope,"{""operator"":""REPLACE_PROPERTY_VALUE"",""subject_iri"":""file:///G:/LearnAI/ontology-evolution/external-real-v4-evidence-aligned#Beijing_2026_policy_agricultural_insurance_reference_terms____policy_term_effective_period"",""predicate_iri"":""file:///G:/LearnAI/ontology-evolution/external-real-v4-evidence-aligned#effective_period"",""old_value"":{""kind"":""literal"",""lexical"":""agri_insurance_effective_period=previous_or_not_encoded"",""datatype"":""http://www.w3.org/2001/XMLSchema#string""},""new_value"":{""kind"":""literal"",""lexical"":""effective_period=2026_policy_year;near_miss=wrong_scope"",""datatype"":""http://www.w3.org/2001/XMLSchema#string""}}",READY,Added in external-real-v4-evidence-aligned; candidate order rotates and is not an oracle code.
EXT_E082,CAND_001,claims_notice_deadline=previous_or_not_encoded,"{""operator"":""REPLACE_PROPERTY_VALUE"",""subject_iri"":""file:///G:/LearnAI/ontology-evolution/external-real-v4-evidence-aligned#Beijing_2026_policy_agricultural_insurance_reference_terms____claims_notice_deadline"",""predicate_iri"":""file:///G:/LearnAI/ontology-evolution/external-real-v4-evidence-aligned#deadline_rule"",""old_value"":{""kind"":""literal"",""lexical"":""claims_notice_deadline=previous_or_not_encoded"",""datatype"":""http://www.w3.org/2001/XMLSchema#string""},""new_value"":{""kind"":""literal"",""lexical"":""claims_notice_deadline=previous_or_not_encoded"",""datatype"":""http://www.w3.org/2001/XMLSchema#string""}}",READY,Added in external-real-v4-evidence-aligned; candidate order rotates and is not an oracle code.
EXT_E082,CAND_002,deadline=policy_notice_window,"{""operator"":""REPLACE_PROPERTY_VALUE"",""subject_iri"":""file:///G:/LearnAI/ontology-evolution/external-real-v4-evidence-aligned#Beijing_2026_policy_agricultural_insurance_reference_terms____claims_notice_deadline"",""predicate_iri"":""file:///G:/LearnAI/ontology-evolution/external-real-v4-evidence-aligned#deadline_rule"",""old_value"":{""kind"":""literal"",""lexical"":""claims_notice_deadline=previous_or_not_encoded"",""datatype"":""http://www.w3.org/2001/XMLSchema#string""},""new_value"":{""kind"":""literal"",""lexical"":""deadline=policy_notice_window"",""datatype"":""http://www.w3.org/2001/XMLSchema#string""}}",READY,Added in external-real-v4-evidence-aligned; candidate order rotates and is not an oracle code.
EXT_E082,CAND_003,deadline=policy_notice_window;near_miss=wrong_scope,"{""operator"":""REPLACE_PROPERTY_VALUE"",""subject_iri"":""file:///G:/LearnAI/ontology-evolution/external-real-v4-evidence-aligned#Beijing_2026_policy_agricultural_insurance_reference_terms____claims_notice_deadline"",""predicate_iri"":""file:///G:/LearnAI/ontology-evolution/external-real-v4-evidence-aligned#deadline_rule"",""old_value"":{""kind"":""literal"",""lexical"":""claims_notice_deadline=previous_or_not_encoded"",""datatype"":""http://www.w3.org/2001/XMLSchema#string""},""new_value"":{""kind"":""literal"",""lexical"":""deadline=policy_notice_window;near_miss=wrong_scope"",""datatype"":""http://www.w3.org/2001/XMLSchema#string""}}",READY,Added in external-real-v4-evidence-aligned; candidate order rotates and is not an oracle code.
EXT_E083,CAND_001,field_verification_requirement=previous_or_not_encoded,"{""operator"":""REPLACE_PROPERTY_VALUE"",""subject_iri"":""file:///G:/LearnAI/ontology-evolution/external-real-v4-evidence-aligned#Beijing_2026_policy_agricultural_insurance_reference_terms____field_verification_requirement"",""predicate_iri"":""file:///G:/LearnAI/ontology-evolution/external-real-v4-evidence-aligned#evidence_requirement"",""old_value"":{""kind"":""literal"",""lexical"":""field_verification_requirement=previous_or_not_encoded"",""datatype"":""http://www.w3.org/2001/XMLSchema#string""},""new_value"":{""kind"":""literal"",""lexical"":""field_verification_requirement=previous_or_not_encoded"",""datatype"":""http://www.w3.org/2001/XMLSchema#string""}}",READY,Added in external-real-v4-evidence-aligned; candidate order rotates and is not an oracle code.
EXT_E083,CAND_002,evidence=field_verification;near_miss=wrong_scope,"{""operator"":""REPLACE_PROPERTY_VALUE"",""subject_iri"":""file:///G:/LearnAI/ontology-evolution/external-real-v4-evidence-aligned#Beijing_2026_policy_agricultural_insurance_reference_terms____field_verification_requirement"",""predicate_iri"":""file:///G:/LearnAI/ontology-evolution/external-real-v4-evidence-aligned#evidence_requirement"",""old_value"":{""kind"":""literal"",""lexical"":""field_verification_requirement=previous_or_not_encoded"",""datatype"":""http://www.w3.org/2001/XMLSchema#string""},""new_value"":{""kind"":""literal"",""lexical"":""evidence=field_verification;near_miss=wrong_scope"",""datatype"":""http://www.w3.org/2001/XMLSchema#string""}}",READY,Added in external-real-v4-evidence-aligned; candidate order rotates and is not an oracle code.
EXT_E083,CAND_003,evidence=field_verification,"{""operator"":""REPLACE_PROPERTY_VALUE"",""subject_iri"":""file:///G:/LearnAI/ontology-evolution/external-real-v4-evidence-aligned#Beijing_2026_policy_agricultural_insurance_reference_terms____field_verification_requirement"",""predicate_iri"":""file:///G:/LearnAI/ontology-evolution/external-real-v4-evidence-aligned#evidence_requirement"",""old_value"":{""kind"":""literal"",""lexical"":""field_verification_requirement=previous_or_not_encoded"",""datatype"":""http://www.w3.org/2001/XMLSchema#string""},""new_value"":{""kind"":""literal"",""lexical"":""evidence=field_verification"",""datatype"":""http://www.w3.org/2001/XMLSchema#string""}}",READY,Added in external-real-v4-evidence-aligned; candidate order rotates and is not an oracle code.
EXT_E084,CAND_001,adjustment=verified_area,"{""operator"":""REPLACE_PROPERTY_VALUE"",""subject_iri"":""file:///G:/LearnAI/ontology-evolution/external-real-v4-evidence-aligned#Beijing_2026_policy_agricultural_insurance_reference_terms____insured_area_adjustment"",""predicate_iri"":""file:///G:/LearnAI/ontology-evolution/external-real-v4-evidence-aligned#adjustment_rule"",""old_value"":{""kind"":""literal"",""lexical"":""insured_area_adjustment=previous_or_not_encoded"",""datatype"":""http://www.w3.org/2001/XMLSchema#string""},""new_value"":{""kind"":""literal"",""lexical"":""adjustment=verified_area"",""datatype"":""http://www.w3.org/2001/XMLSchema#string""}}",READY,Added in external-real-v4-evidence-aligned; candidate order rotates and is not an oracle code.
EXT_E084,CAND_002,insured_area_adjustment=previous_or_not_encoded,"{""operator"":""REPLACE_PROPERTY_VALUE"",""subject_iri"":""file:///G:/LearnAI/ontology-evolution/external-real-v4-evidence-aligned#Beijing_2026_policy_agricultural_insurance_reference_terms____insured_area_adjustment"",""predicate_iri"":""file:///G:/LearnAI/ontology-evolution/external-real-v4-evidence-aligned#adjustment_rule"",""old_value"":{""kind"":""literal"",""lexical"":""insured_area_adjustment=previous_or_not_encoded"",""datatype"":""http://www.w3.org/2001/XMLSchema#string""},""new_value"":{""kind"":""literal"",""lexical"":""insured_area_adjustment=previous_or_not_encoded"",""datatype"":""http://www.w3.org/2001/XMLSchema#string""}}",READY,Added in external-real-v4-evidence-aligned; candidate order rotates and is not an oracle code.
EXT_E084,CAND_003,adjustment=verified_area;near_miss=wrong_scope,"{""operator"":""REPLACE_PROPERTY_VALUE"",""subject_iri"":""file:///G:/LearnAI/ontology-evolution/external-real-v4-evidence-aligned#Beijing_2026_policy_agricultural_insurance_reference_terms____insured_area_adjustment"",""predicate_iri"":""file:///G:/LearnAI/ontology-evolution/external-real-v4-evidence-aligned#adjustment_rule"",""old_value"":{""kind"":""literal"",""lexical"":""insured_area_adjustment=previous_or_not_encoded"",""datatype"":""http://www.w3.org/2001/XMLSchema#string""},""new_value"":{""kind"":""literal"",""lexical"":""adjustment=verified_area;near_miss=wrong_scope"",""datatype"":""http://www.w3.org/2001/XMLSchema#string""}}",READY,Added in external-real-v4-evidence-aligned; candidate order rotates and is not an oracle code.
EXT_E085,CAND_001,premium_subsidy_scope=previous_or_not_encoded,"{""operator"":""REPLACE_PROPERTY_VALUE"",""subject_iri"":""file:///G:/LearnAI/ontology-evolution/external-real-v4-evidence-aligned#Beijing_2026_policy_agricultural_insurance_reference_terms____premium_subsidy_scope"",""predicate_iri"":""file:///G:/LearnAI/ontology-evolution/external-real-v4-evidence-aligned#subsidy_scope"",""old_value"":{""kind"":""literal"",""lexical"":""premium_subsidy_scope=previous_or_not_encoded"",""datatype"":""http://www.w3.org/2001/XMLSchema#string""},""new_value"":{""kind"":""literal"",""lexical"":""premium_subsidy_scope=previous_or_not_encoded"",""datatype"":""http://www.w3.org/2001/XMLSchema#string""}}",READY,Added in external-real-v4-evidence-aligned; candidate order rotates and is not an oracle code.
EXT_E085,CAND_002,scope=eligible_agricultural_categories,"{""operator"":""REPLACE_PROPERTY_VALUE"",""subject_iri"":""file:///G:/LearnAI/ontology-evolution/external-real-v4-evidence-aligned#Beijing_2026_policy_agricultural_insurance_reference_terms____premium_subsidy_scope"",""predicate_iri"":""file:///G:/LearnAI/ontology-evolution/external-real-v4-evidence-aligned#subsidy_scope"",""old_value"":{""kind"":""literal"",""lexical"":""premium_subsidy_scope=previous_or_not_encoded"",""datatype"":""http://www.w3.org/2001/XMLSchema#string""},""new_value"":{""kind"":""literal"",""lexical"":""scope=eligible_agricultural_categories"",""datatype"":""http://www.w3.org/2001/XMLSchema#string""}}",READY,Added in external-real-v4-evidence-aligned; candidate order rotates and is not an oracle code.
EXT_E085,CAND_003,scope=eligible_agricultural_categories;near_miss=wrong_scope,"{""operator"":""REPLACE_PROPERTY_VALUE"",""subject_iri"":""file:///G:/LearnAI/ontology-evolution/external-real-v4-evidence-aligned#Beijing_2026_policy_agricultural_insurance_reference_terms____premium_subsidy_scope"",""predicate_iri"":""file:///G:/LearnAI/ontology-evolution/external-real-v4-evidence-aligned#subsidy_scope"",""old_value"":{""kind"":""literal"",""lexical"":""premium_subsidy_scope=previous_or_not_encoded"",""datatype"":""http://www.w3.org/2001/XMLSchema#string""},""new_value"":{""kind"":""literal"",""lexical"":""scope=eligible_agricultural_categories;near_miss=wrong_scope"",""datatype"":""http://www.w3.org/2001/XMLSchema#string""}}",READY,Added in external-real-v4-evidence-aligned; candidate order rotates and is not an oracle code.
EXT_E086,CAND_001,clp_annex_vi_update=previous_or_not_encoded,"{""operator"":""REPLACE_PROPERTY_VALUE"",""subject_iri"":""file:///G:/LearnAI/ontology-evolution/external-real-v4-evidence-aligned#Commission_Delegated_Regulation__EU__2020_2174____CLP_Annex_VI_entry_update"",""predicate_iri"":""file:///G:/LearnAI/ontology-evolution/external-real-v4-evidence-aligned#classification_status"",""old_value"":{""kind"":""literal"",""lexical"":""clp_annex_vi_update=previous_or_not_encoded"",""datatype"":""http://www.w3.org/2001/XMLSchema#string""},""new_value"":{""kind"":""literal"",""lexical"":""clp_annex_vi_update=previous_or_not_encoded"",""datatype"":""http://www.w3.org/2001/XMLSchema#string""}}",READY,Added in external-real-v4-evidence-aligned; candidate order rotates and is not an oracle code.
EXT_E086,CAND_002,annex_vi=updated_entry;near_miss=wrong_scope,"{""operator"":""REPLACE_PROPERTY_VALUE"",""subject_iri"":""file:///G:/LearnAI/ontology-evolution/external-real-v4-evidence-aligned#Commission_Delegated_Regulation__EU__2020_2174____CLP_Annex_VI_entry_update"",""predicate_iri"":""file:///G:/LearnAI/ontology-evolution/external-real-v4-evidence-aligned#classification_status"",""old_value"":{""kind"":""literal"",""lexical"":""clp_annex_vi_update=previous_or_not_encoded"",""datatype"":""http://www.w3.org/2001/XMLSchema#string""},""new_value"":{""kind"":""literal"",""lexical"":""annex_vi=updated_entry;near_miss=wrong_scope"",""datatype"":""http://www.w3.org/2001/XMLSchema#string""}}",READY,Added in external-real-v4-evidence-aligned; candidate order rotates and is not an oracle code.
EXT_E086,CAND_003,annex_vi=updated_entry,"{""operator"":""REPLACE_PROPERTY_VALUE"",""subject_iri"":""file:///G:/LearnAI/ontology-evolution/external-real-v4-evidence-aligned#Commission_Delegated_Regulation__EU__2020_2174____CLP_Annex_VI_entry_update"",""predicate_iri"":""file:///G:/LearnAI/ontology-evolution/external-real-v4-evidence-aligned#classification_status"",""old_value"":{""kind"":""literal"",""lexical"":""clp_annex_vi_update=previous_or_not_encoded"",""datatype"":""http://www.w3.org/2001/XMLSchema#string""},""new_value"":{""kind"":""literal"",""lexical"":""annex_vi=updated_entry"",""datatype"":""http://www.w3.org/2001/XMLSchema#string""}}",READY,Added in external-real-v4-evidence-aligned; candidate order rotates and is not an oracle code.
EXT_E087,CAND_001,scope=listed_substances,"{""operator"":""REPLACE_PROPERTY_VALUE"",""subject_iri"":""file:///G:/LearnAI/ontology-evolution/external-real-v4-evidence-aligned#Commission_Delegated_Regulation__EU__2020_2174____harmonised_classification_scope"",""predicate_iri"":""file:///G:/LearnAI/ontology-evolution/external-real-v4-evidence-aligned#scope_rule"",""old_value"":{""kind"":""literal"",""lexical"":""harmonised_classification_scope=previous_or_not_encoded"",""datatype"":""http://www.w3.org/2001/XMLSchema#string""},""new_value"":{""kind"":""literal"",""lexical"":""scope=listed_substances"",""datatype"":""http://www.w3.org/2001/XMLSchema#string""}}",READY,Added in external-real-v4-evidence-aligned; candidate order rotates and is not an oracle code.
EXT_E087,CAND_002,harmonised_classification_scope=previous_or_not_encoded,"{""operator"":""REPLACE_PROPERTY_VALUE"",""subject_iri"":""file:///G:/LearnAI/ontology-evolution/external-real-v4-evidence-aligned#Commission_Delegated_Regulation__EU__2020_2174____harmonised_classification_scope"",""predicate_iri"":""file:///G:/LearnAI/ontology-evolution/external-real-v4-evidence-aligned#scope_rule"",""old_value"":{""kind"":""literal"",""lexical"":""harmonised_classification_scope=previous_or_not_encoded"",""datatype"":""http://www.w3.org/2001/XMLSchema#string""},""new_value"":{""kind"":""literal"",""lexical"":""harmonised_classification_scope=previous_or_not_encoded"",""datatype"":""http://www.w3.org/2001/XMLSchema#string""}}",READY,Added in external-real-v4-evidence-aligned; candidate order rotates and is not an oracle code.
EXT_E087,CAND_003,scope=listed_substances;near_miss=wrong_scope,"{""operator"":""REPLACE_PROPERTY_VALUE"",""subject_iri"":""file:///G:/LearnAI/ontology-evolution/external-real-v4-evidence-aligned#Commission_Delegated_Regulation__EU__2020_2174____harmonised_classification_scope"",""predicate_iri"":""file:///G:/LearnAI/ontology-evolution/external-real-v4-evidence-aligned#scope_rule"",""old_value"":{""kind"":""literal"",""lexical"":""harmonised_classification_scope=previous_or_not_encoded"",""datatype"":""http://www.w3.org/2001/XMLSchema#string""},""new_value"":{""kind"":""literal"",""lexical"":""scope=listed_substances;near_miss=wrong_scope"",""datatype"":""http://www.w3.org/2001/XMLSchema#string""}}",READY,Added in external-real-v4-evidence-aligned; candidate order rotates and is not an oracle code.
EXT_E088,CAND_001,transitional_application_date=previous_or_not_encoded,"{""operator"":""REPLACE_PROPERTY_VALUE"",""subject_iri"":""file:///G:/LearnAI/ontology-evolution/external-real-v4-evidence-aligned#Commission_Delegated_Regulation__EU__2020_2174____transitional_application_date"",""predicate_iri"":""file:///G:/LearnAI/ontology-evolution/external-real-v4-evidence-aligned#effective_date"",""old_value"":{""kind"":""literal"",""lexical"":""transitional_application_date=previous_or_not_encoded"",""datatype"":""http://www.w3.org/2001/XMLSchema#string""},""new_value"":{""kind"":""literal"",""lexical"":""transitional_application_date=previous_or_not_encoded"",""datatype"":""http://www.w3.org/2001/XMLSchema#string""}}",READY,Added in external-real-v4-evidence-aligned; candidate order rotates and is not an oracle code.
EXT_E088,CAND_002,application=deferred_date,"{""operator"":""REPLACE_PROPERTY_VALUE"",""subject_iri"":""file:///G:/LearnAI/ontology-evolution/external-real-v4-evidence-aligned#Commission_Delegated_Regulation__EU__2020_2174____transitional_application_date"",""predicate_iri"":""file:///G:/LearnAI/ontology-evolution/external-real-v4-evidence-aligned#effective_date"",""old_value"":{""kind"":""literal"",""lexical"":""transitional_application_date=previous_or_not_encoded"",""datatype"":""http://www.w3.org/2001/XMLSchema#string""},""new_value"":{""kind"":""literal"",""lexical"":""application=deferred_date"",""datatype"":""http://www.w3.org/2001/XMLSchema#string""}}",READY,Added in external-real-v4-evidence-aligned; candidate order rotates and is not an oracle code.
EXT_E088,CAND_003,application=deferred_date;near_miss=wrong_scope,"{""operator"":""REPLACE_PROPERTY_VALUE"",""subject_iri"":""file:///G:/LearnAI/ontology-evolution/external-real-v4-evidence-aligned#Commission_Delegated_Regulation__EU__2020_2174____transitional_application_date"",""predicate_iri"":""file:///G:/LearnAI/ontology-evolution/external-real-v4-evidence-aligned#effective_date"",""old_value"":{""kind"":""literal"",""lexical"":""transitional_application_date=previous_or_not_encoded"",""datatype"":""http://www.w3.org/2001/XMLSchema#string""},""new_value"":{""kind"":""literal"",""lexical"":""application=deferred_date;near_miss=wrong_scope"",""datatype"":""http://www.w3.org/2001/XMLSchema#string""}}",READY,Added in external-real-v4-evidence-aligned; candidate order rotates and is not an oracle code.
EXT_E089,CAND_001,hazard_statement_mapping=previous_or_not_encoded,"{""operator"":""REPLACE_PROPERTY_VALUE"",""subject_iri"":""file:///G:/LearnAI/ontology-evolution/external-real-v4-evidence-aligned#Commission_Delegated_Regulation__EU__2020_2174____hazard_statement_mapping"",""predicate_iri"":""file:///G:/LearnAI/ontology-evolution/external-real-v4-evidence-aligned#hazard_statement"",""old_value"":{""kind"":""literal"",""lexical"":""hazard_statement_mapping=previous_or_not_encoded"",""datatype"":""http://www.w3.org/2001/XMLSchema#string""},""new_value"":{""kind"":""literal"",""lexical"":""hazard_statement_mapping=previous_or_not_encoded"",""datatype"":""http://www.w3.org/2001/XMLSchema#string""}}",READY,Added in external-real-v4-evidence-aligned; candidate order rotates and is not an oracle code.
EXT_E089,CAND_002,mapping=amended_statement;near_miss=wrong_scope,"{""operator"":""REPLACE_PROPERTY_VALUE"",""subject_iri"":""file:///G:/LearnAI/ontology-evolution/external-real-v4-evidence-aligned#Commission_Delegated_Regulation__EU__2020_2174____hazard_statement_mapping"",""predicate_iri"":""file:///G:/LearnAI/ontology-evolution/external-real-v4-evidence-aligned#hazard_statement"",""old_value"":{""kind"":""literal"",""lexical"":""hazard_statement_mapping=previous_or_not_encoded"",""datatype"":""http://www.w3.org/2001/XMLSchema#string""},""new_value"":{""kind"":""literal"",""lexical"":""mapping=amended_statement;near_miss=wrong_scope"",""datatype"":""http://www.w3.org/2001/XMLSchema#string""}}",READY,Added in external-real-v4-evidence-aligned; candidate order rotates and is not an oracle code.
EXT_E089,CAND_003,mapping=amended_statement,"{""operator"":""REPLACE_PROPERTY_VALUE"",""subject_iri"":""file:///G:/LearnAI/ontology-evolution/external-real-v4-evidence-aligned#Commission_Delegated_Regulation__EU__2020_2174____hazard_statement_mapping"",""predicate_iri"":""file:///G:/LearnAI/ontology-evolution/external-real-v4-evidence-aligned#hazard_statement"",""old_value"":{""kind"":""literal"",""lexical"":""hazard_statement_mapping=previous_or_not_encoded"",""datatype"":""http://www.w3.org/2001/XMLSchema#string""},""new_value"":{""kind"":""literal"",""lexical"":""mapping=amended_statement"",""datatype"":""http://www.w3.org/2001/XMLSchema#string""}}",READY,Added in external-real-v4-evidence-aligned; candidate order rotates and is not an oracle code.
EXT_E090,CAND_001,exception=specified_label_case,"{""operator"":""REPLACE_PROPERTY_VALUE"",""subject_iri"":""file:///G:/LearnAI/ontology-evolution/external-real-v4-evidence-aligned#Commission_Delegated_Regulation__EU__2020_2174____labelling_exception"",""predicate_iri"":""file:///G:/LearnAI/ontology-evolution/external-real-v4-evidence-aligned#exception_rule"",""old_value"":{""kind"":""literal"",""lexical"":""labelling_exception=previous_or_not_encoded"",""datatype"":""http://www.w3.org/2001/XMLSchema#string""},""new_value"":{""kind"":""literal"",""lexical"":""exception=specified_label_case"",""datatype"":""http://www.w3.org/2001/XMLSchema#string""}}",READY,Added in external-real-v4-evidence-aligned; candidate order rotates and is not an oracle code.
EXT_E090,CAND_002,labelling_exception=previous_or_not_encoded,"{""operator"":""REPLACE_PROPERTY_VALUE"",""subject_iri"":""file:///G:/LearnAI/ontology-evolution/external-real-v4-evidence-aligned#Commission_Delegated_Regulation__EU__2020_2174____labelling_exception"",""predicate_iri"":""file:///G:/LearnAI/ontology-evolution/external-real-v4-evidence-aligned#exception_rule"",""old_value"":{""kind"":""literal"",""lexical"":""labelling_exception=previous_or_not_encoded"",""datatype"":""http://www.w3.org/2001/XMLSchema#string""},""new_value"":{""kind"":""literal"",""lexical"":""labelling_exception=previous_or_not_encoded"",""datatype"":""http://www.w3.org/2001/XMLSchema#string""}}",READY,Added in external-real-v4-evidence-aligned; candidate order rotates and is not an oracle code.
EXT_E090,CAND_003,exception=specified_label_case;near_miss=wrong_scope,"{""operator"":""REPLACE_PROPERTY_VALUE"",""subject_iri"":""file:///G:/LearnAI/ontology-evolution/external-real-v4-evidence-aligned#Commission_Delegated_Regulation__EU__2020_2174____labelling_exception"",""predicate_iri"":""file:///G:/LearnAI/ontology-evolution/external-real-v4-evidence-aligned#exception_rule"",""old_value"":{""kind"":""literal"",""lexical"":""labelling_exception=previous_or_not_encoded"",""datatype"":""http://www.w3.org/2001/XMLSchema#string""},""new_value"":{""kind"":""literal"",""lexical"":""exception=specified_label_case;near_miss=wrong_scope"",""datatype"":""http://www.w3.org/2001/XMLSchema#string""}}",READY,Added in external-real-v4-evidence-aligned; candidate order rotates and is not an oracle code.
EXT_E091,CAND_001,packaging_scope=previous_or_not_encoded,"{""operator"":""REPLACE_PROPERTY_VALUE"",""subject_iri"":""file:///G:/LearnAI/ontology-evolution/external-real-v4-evidence-aligned#Commission_Delegated_Regulation__EU__2020_2174____packaging_scope"",""predicate_iri"":""file:///G:/LearnAI/ontology-evolution/external-real-v4-evidence-aligned#scope_rule"",""old_value"":{""kind"":""literal"",""lexical"":""packaging_scope=previous_or_not_encoded"",""datatype"":""http://www.w3.org/2001/XMLSchema#string""},""new_value"":{""kind"":""literal"",""lexical"":""packaging_scope=previous_or_not_encoded"",""datatype"":""http://www.w3.org/2001/XMLSchema#string""}}",READY,Added in external-real-v4-evidence-aligned; candidate order rotates and is not an oracle code.
EXT_E091,CAND_002,scope=regulated_packaging,"{""operator"":""REPLACE_PROPERTY_VALUE"",""subject_iri"":""file:///G:/LearnAI/ontology-evolution/external-real-v4-evidence-aligned#Commission_Delegated_Regulation__EU__2020_2174____packaging_scope"",""predicate_iri"":""file:///G:/LearnAI/ontology-evolution/external-real-v4-evidence-aligned#scope_rule"",""old_value"":{""kind"":""literal"",""lexical"":""packaging_scope=previous_or_not_encoded"",""datatype"":""http://www.w3.org/2001/XMLSchema#string""},""new_value"":{""kind"":""literal"",""lexical"":""scope=regulated_packaging"",""datatype"":""http://www.w3.org/2001/XMLSchema#string""}}",READY,Added in external-real-v4-evidence-aligned; candidate order rotates and is not an oracle code.
EXT_E091,CAND_003,scope=regulated_packaging;near_miss=wrong_scope,"{""operator"":""REPLACE_PROPERTY_VALUE"",""subject_iri"":""file:///G:/LearnAI/ontology-evolution/external-real-v4-evidence-aligned#Commission_Delegated_Regulation__EU__2020_2174____packaging_scope"",""predicate_iri"":""file:///G:/LearnAI/ontology-evolution/external-real-v4-evidence-aligned#scope_rule"",""old_value"":{""kind"":""literal"",""lexical"":""packaging_scope=previous_or_not_encoded"",""datatype"":""http://www.w3.org/2001/XMLSchema#string""},""new_value"":{""kind"":""literal"",""lexical"":""scope=regulated_packaging;near_miss=wrong_scope"",""datatype"":""http://www.w3.org/2001/XMLSchema#string""}}",READY,Added in external-real-v4-evidence-aligned; candidate order rotates and is not an oracle code.
EXT_E092,CAND_001,mixture_classification_cross_reference=previous_or_not_encoded,"{""operator"":""REPLACE_PROPERTY_VALUE"",""subject_iri"":""file:///G:/LearnAI/ontology-evolution/external-real-v4-evidence-aligned#Commission_Delegated_Regulation__EU__2020_2174____mixture_classification_cross_reference"",""predicate_iri"":""file:///G:/LearnAI/ontology-evolution/external-real-v4-evidence-aligned#cross_reference"",""old_value"":{""kind"":""literal"",""lexical"":""mixture_classification_cross_reference=previous_or_not_encoded"",""datatype"":""http://www.w3.org/2001/XMLSchema#string""},""new_value"":{""kind"":""literal"",""lexical"":""mixture_classification_cross_reference=previous_or_not_encoded"",""datatype"":""http://www.w3.org/2001/XMLSchema#string""}}",READY,Added in external-real-v4-evidence-aligned; candidate order rotates and is not an oracle code.
EXT_E092,CAND_002,scope=mixture_reference;near_miss=wrong_scope,"{""operator"":""REPLACE_PROPERTY_VALUE"",""subject_iri"":""file:///G:/LearnAI/ontology-evolution/external-real-v4-evidence-aligned#Commission_Delegated_Regulation__EU__2020_2174____mixture_classification_cross_reference"",""predicate_iri"":""file:///G:/LearnAI/ontology-evolution/external-real-v4-evidence-aligned#cross_reference"",""old_value"":{""kind"":""literal"",""lexical"":""mixture_classification_cross_reference=previous_or_not_encoded"",""datatype"":""http://www.w3.org/2001/XMLSchema#string""},""new_value"":{""kind"":""literal"",""lexical"":""scope=mixture_reference;near_miss=wrong_scope"",""datatype"":""http://www.w3.org/2001/XMLSchema#string""}}",READY,Added in external-real-v4-evidence-aligned; candidate order rotates and is not an oracle code.
EXT_E092,CAND_003,scope=mixture_reference,"{""operator"":""REPLACE_PROPERTY_VALUE"",""subject_iri"":""file:///G:/LearnAI/ontology-evolution/external-real-v4-evidence-aligned#Commission_Delegated_Regulation__EU__2020_2174____mixture_classification_cross_reference"",""predicate_iri"":""file:///G:/LearnAI/ontology-evolution/external-real-v4-evidence-aligned#cross_reference"",""old_value"":{""kind"":""literal"",""lexical"":""mixture_classification_cross_reference=previous_or_not_encoded"",""datatype"":""http://www.w3.org/2001/XMLSchema#string""},""new_value"":{""kind"":""literal"",""lexical"":""scope=mixture_reference"",""datatype"":""http://www.w3.org/2001/XMLSchema#string""}}",READY,Added in external-real-v4-evidence-aligned; candidate order rotates and is not an oracle code.
EXT_E093,CAND_001,table=replaced_entries,"{""operator"":""REPLACE_PROPERTY_VALUE"",""subject_iri"":""file:///G:/LearnAI/ontology-evolution/external-real-v4-evidence-aligned#Commission_Delegated_Regulation__EU__2020_2174____substance_table_replacement"",""predicate_iri"":""file:///G:/LearnAI/ontology-evolution/external-real-v4-evidence-aligned#table_status"",""old_value"":{""kind"":""literal"",""lexical"":""substance_table_replacement=previous_or_not_encoded"",""datatype"":""http://www.w3.org/2001/XMLSchema#string""},""new_value"":{""kind"":""literal"",""lexical"":""table=replaced_entries"",""datatype"":""http://www.w3.org/2001/XMLSchema#string""}}",READY,Added in external-real-v4-evidence-aligned; candidate order rotates and is not an oracle code.
EXT_E093,CAND_002,substance_table_replacement=previous_or_not_encoded,"{""operator"":""REPLACE_PROPERTY_VALUE"",""subject_iri"":""file:///G:/LearnAI/ontology-evolution/external-real-v4-evidence-aligned#Commission_Delegated_Regulation__EU__2020_2174____substance_table_replacement"",""predicate_iri"":""file:///G:/LearnAI/ontology-evolution/external-real-v4-evidence-aligned#table_status"",""old_value"":{""kind"":""literal"",""lexical"":""substance_table_replacement=previous_or_not_encoded"",""datatype"":""http://www.w3.org/2001/XMLSchema#string""},""new_value"":{""kind"":""literal"",""lexical"":""substance_table_replacement=previous_or_not_encoded"",""datatype"":""http://www.w3.org/2001/XMLSchema#string""}}",READY,Added in external-real-v4-evidence-aligned; candidate order rotates and is not an oracle code.
EXT_E093,CAND_003,table=replaced_entries;near_miss=wrong_scope,"{""operator"":""REPLACE_PROPERTY_VALUE"",""subject_iri"":""file:///G:/LearnAI/ontology-evolution/external-real-v4-evidence-aligned#Commission_Delegated_Regulation__EU__2020_2174____substance_table_replacement"",""predicate_iri"":""file:///G:/LearnAI/ontology-evolution/external-real-v4-evidence-aligned#table_status"",""old_value"":{""kind"":""literal"",""lexical"":""substance_table_replacement=previous_or_not_encoded"",""datatype"":""http://www.w3.org/2001/XMLSchema#string""},""new_value"":{""kind"":""literal"",""lexical"":""table=replaced_entries;near_miss=wrong_scope"",""datatype"":""http://www.w3.org/2001/XMLSchema#string""}}",READY,Added in external-real-v4-evidence-aligned; candidate order rotates and is not an oracle code.
EXT_E094,CAND_001,classification_note_update=previous_or_not_encoded,"{""operator"":""REPLACE_PROPERTY_VALUE"",""subject_iri"":""file:///G:/LearnAI/ontology-evolution/external-real-v4-evidence-aligned#Commission_Delegated_Regulation__EU__2020_2174____classification_note_update"",""predicate_iri"":""file:///G:/LearnAI/ontology-evolution/external-real-v4-evidence-aligned#note_status"",""old_value"":{""kind"":""literal"",""lexical"":""classification_note_update=previous_or_not_encoded"",""datatype"":""http://www.w3.org/2001/XMLSchema#string""},""new_value"":{""kind"":""literal"",""lexical"":""classification_note_update=previous_or_not_encoded"",""datatype"":""http://www.w3.org/2001/XMLSchema#string""}}",READY,Added in external-real-v4-evidence-aligned; candidate order rotates and is not an oracle code.
EXT_E094,CAND_002,note=updated,"{""operator"":""REPLACE_PROPERTY_VALUE"",""subject_iri"":""file:///G:/LearnAI/ontology-evolution/external-real-v4-evidence-aligned#Commission_Delegated_Regulation__EU__2020_2174____classification_note_update"",""predicate_iri"":""file:///G:/LearnAI/ontology-evolution/external-real-v4-evidence-aligned#note_status"",""old_value"":{""kind"":""literal"",""lexical"":""classification_note_update=previous_or_not_encoded"",""datatype"":""http://www.w3.org/2001/XMLSchema#string""},""new_value"":{""kind"":""literal"",""lexical"":""note=updated"",""datatype"":""http://www.w3.org/2001/XMLSchema#string""}}",READY,Added in external-real-v4-evidence-aligned; candidate order rotates and is not an oracle code.
EXT_E094,CAND_003,note=updated;near_miss=wrong_scope,"{""operator"":""REPLACE_PROPERTY_VALUE"",""subject_iri"":""file:///G:/LearnAI/ontology-evolution/external-real-v4-evidence-aligned#Commission_Delegated_Regulation__EU__2020_2174____classification_note_update"",""predicate_iri"":""file:///G:/LearnAI/ontology-evolution/external-real-v4-evidence-aligned#note_status"",""old_value"":{""kind"":""literal"",""lexical"":""classification_note_update=previous_or_not_encoded"",""datatype"":""http://www.w3.org/2001/XMLSchema#string""},""new_value"":{""kind"":""literal"",""lexical"":""note=updated;near_miss=wrong_scope"",""datatype"":""http://www.w3.org/2001/XMLSchema#string""}}",READY,Added in external-real-v4-evidence-aligned; candidate order rotates and is not an oracle code.
EXT_E095,CAND_001,annex_effective_window=previous_or_not_encoded,"{""operator"":""REPLACE_PROPERTY_VALUE"",""subject_iri"":""file:///G:/LearnAI/ontology-evolution/external-real-v4-evidence-aligned#Commission_Delegated_Regulation__EU__2020_2174____annex_effective_window"",""predicate_iri"":""file:///G:/LearnAI/ontology-evolution/external-real-v4-evidence-aligned#effective_window"",""old_value"":{""kind"":""literal"",""lexical"":""annex_effective_window=previous_or_not_encoded"",""datatype"":""http://www.w3.org/2001/XMLSchema#string""},""new_value"":{""kind"":""literal"",""lexical"":""annex_effective_window=previous_or_not_encoded"",""datatype"":""http://www.w3.org/2001/XMLSchema#string""}}",READY,Added in external-real-v4-evidence-aligned; candidate order rotates and is not an oracle code.
EXT_E095,CAND_002,window=regulation_application;near_miss=wrong_scope,"{""operator"":""REPLACE_PROPERTY_VALUE"",""subject_iri"":""file:///G:/LearnAI/ontology-evolution/external-real-v4-evidence-aligned#Commission_Delegated_Regulation__EU__2020_2174____annex_effective_window"",""predicate_iri"":""file:///G:/LearnAI/ontology-evolution/external-real-v4-evidence-aligned#effective_window"",""old_value"":{""kind"":""literal"",""lexical"":""annex_effective_window=previous_or_not_encoded"",""datatype"":""http://www.w3.org/2001/XMLSchema#string""},""new_value"":{""kind"":""literal"",""lexical"":""window=regulation_application;near_miss=wrong_scope"",""datatype"":""http://www.w3.org/2001/XMLSchema#string""}}",READY,Added in external-real-v4-evidence-aligned; candidate order rotates and is not an oracle code.
EXT_E095,CAND_003,window=regulation_application,"{""operator"":""REPLACE_PROPERTY_VALUE"",""subject_iri"":""file:///G:/LearnAI/ontology-evolution/external-real-v4-evidence-aligned#Commission_Delegated_Regulation__EU__2020_2174____annex_effective_window"",""predicate_iri"":""file:///G:/LearnAI/ontology-evolution/external-real-v4-evidence-aligned#effective_window"",""old_value"":{""kind"":""literal"",""lexical"":""annex_effective_window=previous_or_not_encoded"",""datatype"":""http://www.w3.org/2001/XMLSchema#string""},""new_value"":{""kind"":""literal"",""lexical"":""window=regulation_application"",""datatype"":""http://www.w3.org/2001/XMLSchema#string""}}",READY,Added in external-real-v4-evidence-aligned; candidate order rotates and is not an oracle code.
EXT_E096,CAND_001,derogation=specified_conditions,"{""operator"":""REPLACE_PROPERTY_VALUE"",""subject_iri"":""file:///G:/LearnAI/ontology-evolution/external-real-v4-evidence-aligned#Commission_Delegated_Regulation__EU__2020_2174____regulatory_derogation"",""predicate_iri"":""file:///G:/LearnAI/ontology-evolution/external-real-v4-evidence-aligned#derogation_rule"",""old_value"":{""kind"":""literal"",""lexical"":""regulatory_derogation=previous_or_not_encoded"",""datatype"":""http://www.w3.org/2001/XMLSchema#string""},""new_value"":{""kind"":""literal"",""lexical"":""derogation=specified_conditions"",""datatype"":""http://www.w3.org/2001/XMLSchema#string""}}",READY,Added in external-real-v4-evidence-aligned; candidate order rotates and is not an oracle code.
EXT_E096,CAND_002,regulatory_derogation=previous_or_not_encoded,"{""operator"":""REPLACE_PROPERTY_VALUE"",""subject_iri"":""file:///G:/LearnAI/ontology-evolution/external-real-v4-evidence-aligned#Commission_Delegated_Regulation__EU__2020_2174____regulatory_derogation"",""predicate_iri"":""file:///G:/LearnAI/ontology-evolution/external-real-v4-evidence-aligned#derogation_rule"",""old_value"":{""kind"":""literal"",""lexical"":""regulatory_derogation=previous_or_not_encoded"",""datatype"":""http://www.w3.org/2001/XMLSchema#string""},""new_value"":{""kind"":""literal"",""lexical"":""regulatory_derogation=previous_or_not_encoded"",""datatype"":""http://www.w3.org/2001/XMLSchema#string""}}",READY,Added in external-real-v4-evidence-aligned; candidate order rotates and is not an oracle code.
EXT_E096,CAND_003,derogation=specified_conditions;near_miss=wrong_scope,"{""operator"":""REPLACE_PROPERTY_VALUE"",""subject_iri"":""file:///G:/LearnAI/ontology-evolution/external-real-v4-evidence-aligned#Commission_Delegated_Regulation__EU__2020_2174____regulatory_derogation"",""predicate_iri"":""file:///G:/LearnAI/ontology-evolution/external-real-v4-evidence-aligned#derogation_rule"",""old_value"":{""kind"":""literal"",""lexical"":""regulatory_derogation=previous_or_not_encoded"",""datatype"":""http://www.w3.org/2001/XMLSchema#string""},""new_value"":{""kind"":""literal"",""lexical"":""derogation=specified_conditions;near_miss=wrong_scope"",""datatype"":""http://www.w3.org/2001/XMLSchema#string""}}",READY,Added in external-real-v4-evidence-aligned; candidate order rotates and is not an oracle code.
EXT_E097,CAND_001,entry_deletion_marker=previous_or_not_encoded,"{""operator"":""REPLACE_PROPERTY_VALUE"",""subject_iri"":""file:///G:/LearnAI/ontology-evolution/external-real-v4-evidence-aligned#Commission_Delegated_Regulation__EU__2020_2174____entry_deletion_marker"",""predicate_iri"":""file:///G:/LearnAI/ontology-evolution/external-real-v4-evidence-aligned#entry_status"",""old_value"":{""kind"":""literal"",""lexical"":""entry_deletion_marker=previous_or_not_encoded"",""datatype"":""http://www.w3.org/2001/XMLSchema#string""},""new_value"":{""kind"":""literal"",""lexical"":""entry_deletion_marker=previous_or_not_encoded"",""datatype"":""http://www.w3.org/2001/XMLSchema#string""}}",READY,Added in external-real-v4-evidence-aligned; candidate order rotates and is not an oracle code.
EXT_E097,CAND_002,status=deleted_or_replaced,"{""operator"":""REPLACE_PROPERTY_VALUE"",""subject_iri"":""file:///G:/LearnAI/ontology-evolution/external-real-v4-evidence-aligned#Commission_Delegated_Regulation__EU__2020_2174____entry_deletion_marker"",""predicate_iri"":""file:///G:/LearnAI/ontology-evolution/external-real-v4-evidence-aligned#entry_status"",""old_value"":{""kind"":""literal"",""lexical"":""entry_deletion_marker=previous_or_not_encoded"",""datatype"":""http://www.w3.org/2001/XMLSchema#string""},""new_value"":{""kind"":""literal"",""lexical"":""status=deleted_or_replaced"",""datatype"":""http://www.w3.org/2001/XMLSchema#string""}}",READY,Added in external-real-v4-evidence-aligned; candidate order rotates and is not an oracle code.
EXT_E097,CAND_003,status=deleted_or_replaced;near_miss=wrong_scope,"{""operator"":""REPLACE_PROPERTY_VALUE"",""subject_iri"":""file:///G:/LearnAI/ontology-evolution/external-real-v4-evidence-aligned#Commission_Delegated_Regulation__EU__2020_2174____entry_deletion_marker"",""predicate_iri"":""file:///G:/LearnAI/ontology-evolution/external-real-v4-evidence-aligned#entry_status"",""old_value"":{""kind"":""literal"",""lexical"":""entry_deletion_marker=previous_or_not_encoded"",""datatype"":""http://www.w3.org/2001/XMLSchema#string""},""new_value"":{""kind"":""literal"",""lexical"":""status=deleted_or_replaced;near_miss=wrong_scope"",""datatype"":""http://www.w3.org/2001/XMLSchema#string""}}",READY,Added in external-real-v4-evidence-aligned; candidate order rotates and is not an oracle code.
EXT_E098,CAND_001,entry_insertion_marker=previous_or_not_encoded,"{""operator"":""REPLACE_PROPERTY_VALUE"",""subject_iri"":""file:///G:/LearnAI/ontology-evolution/external-real-v4-evidence-aligned#Commission_Delegated_Regulation__EU__2020_2174____entry_insertion_marker"",""predicate_iri"":""file:///G:/LearnAI/ontology-evolution/external-real-v4-evidence-aligned#entry_status"",""old_value"":{""kind"":""literal"",""lexical"":""entry_insertion_marker=previous_or_not_encoded"",""datatype"":""http://www.w3.org/2001/XMLSchema#string""},""new_value"":{""kind"":""literal"",""lexical"":""entry_insertion_marker=previous_or_not_encoded"",""datatype"":""http://www.w3.org/2001/XMLSchema#string""}}",READY,Added in external-real-v4-evidence-aligned; candidate order rotates and is not an oracle code.
EXT_E098,CAND_002,status=inserted;near_miss=wrong_scope,"{""operator"":""REPLACE_PROPERTY_VALUE"",""subject_iri"":""file:///G:/LearnAI/ontology-evolution/external-real-v4-evidence-aligned#Commission_Delegated_Regulation__EU__2020_2174____entry_insertion_marker"",""predicate_iri"":""file:///G:/LearnAI/ontology-evolution/external-real-v4-evidence-aligned#entry_status"",""old_value"":{""kind"":""literal"",""lexical"":""entry_insertion_marker=previous_or_not_encoded"",""datatype"":""http://www.w3.org/2001/XMLSchema#string""},""new_value"":{""kind"":""literal"",""lexical"":""status=inserted;near_miss=wrong_scope"",""datatype"":""http://www.w3.org/2001/XMLSchema#string""}}",READY,Added in external-real-v4-evidence-aligned; candidate order rotates and is not an oracle code.
EXT_E098,CAND_003,status=inserted,"{""operator"":""REPLACE_PROPERTY_VALUE"",""subject_iri"":""file:///G:/LearnAI/ontology-evolution/external-real-v4-evidence-aligned#Commission_Delegated_Regulation__EU__2020_2174____entry_insertion_marker"",""predicate_iri"":""file:///G:/LearnAI/ontology-evolution/external-real-v4-evidence-aligned#entry_status"",""old_value"":{""kind"":""literal"",""lexical"":""entry_insertion_marker=previous_or_not_encoded"",""datatype"":""http://www.w3.org/2001/XMLSchema#string""},""new_value"":{""kind"":""literal"",""lexical"":""status=inserted"",""datatype"":""http://www.w3.org/2001/XMLSchema#string""}}",READY,Added in external-real-v4-evidence-aligned; candidate order rotates and is not an oracle code.
EXT_E099,CAND_001,scope=annex_cross_reference,"{""operator"":""REPLACE_PROPERTY_VALUE"",""subject_iri"":""file:///G:/LearnAI/ontology-evolution/external-real-v4-evidence-aligned#Commission_Delegated_Regulation__EU__2020_2174____cross_annex_scope"",""predicate_iri"":""file:///G:/LearnAI/ontology-evolution/external-real-v4-evidence-aligned#scope_rule"",""old_value"":{""kind"":""literal"",""lexical"":""cross_annex_scope=previous_or_not_encoded"",""datatype"":""http://www.w3.org/2001/XMLSchema#string""},""new_value"":{""kind"":""literal"",""lexical"":""scope=annex_cross_reference"",""datatype"":""http://www.w3.org/2001/XMLSchema#string""}}",READY,Added in external-real-v4-evidence-aligned; candidate order rotates and is not an oracle code.
EXT_E099,CAND_002,cross_annex_scope=previous_or_not_encoded,"{""operator"":""REPLACE_PROPERTY_VALUE"",""subject_iri"":""file:///G:/LearnAI/ontology-evolution/external-real-v4-evidence-aligned#Commission_Delegated_Regulation__EU__2020_2174____cross_annex_scope"",""predicate_iri"":""file:///G:/LearnAI/ontology-evolution/external-real-v4-evidence-aligned#scope_rule"",""old_value"":{""kind"":""literal"",""lexical"":""cross_annex_scope=previous_or_not_encoded"",""datatype"":""http://www.w3.org/2001/XMLSchema#string""},""new_value"":{""kind"":""literal"",""lexical"":""cross_annex_scope=previous_or_not_encoded"",""datatype"":""http://www.w3.org/2001/XMLSchema#string""}}",READY,Added in external-real-v4-evidence-aligned; candidate order rotates and is not an oracle code.
EXT_E099,CAND_003,scope=annex_cross_reference;near_miss=wrong_scope,"{""operator"":""REPLACE_PROPERTY_VALUE"",""subject_iri"":""file:///G:/LearnAI/ontology-evolution/external-real-v4-evidence-aligned#Commission_Delegated_Regulation__EU__2020_2174____cross_annex_scope"",""predicate_iri"":""file:///G:/LearnAI/ontology-evolution/external-real-v4-evidence-aligned#scope_rule"",""old_value"":{""kind"":""literal"",""lexical"":""cross_annex_scope=previous_or_not_encoded"",""datatype"":""http://www.w3.org/2001/XMLSchema#string""},""new_value"":{""kind"":""literal"",""lexical"":""scope=annex_cross_reference;near_miss=wrong_scope"",""datatype"":""http://www.w3.org/2001/XMLSchema#string""}}",READY,Added in external-real-v4-evidence-aligned; candidate order rotates and is not an oracle code.
EXT_E100,CAND_001,sec_item_105_form_8k=previous_or_not_encoded,"{""operator"":""REPLACE_PROPERTY_VALUE"",""subject_iri"":""file:///G:/LearnAI/ontology-evolution/external-real-v4-evidence-aligned#Cybersecurity_Risk_Management__Strategy__Governance__and_Incident_Disclosure_rules____SEC_Form_8_K_Item_1_05_disclosure"",""predicate_iri"":""file:///G:/LearnAI/ontology-evolution/external-real-v4-evidence-aligned#disclosure_deadline"",""old_value"":{""kind"":""literal"",""lexical"":""sec_item_105_form_8k=previous_or_not_encoded"",""datatype"":""http://www.w3.org/2001/XMLSchema#string""},""new_value"":{""kind"":""literal"",""lexical"":""sec_item_105_form_8k=previous_or_not_encoded"",""datatype"":""http://www.w3.org/2001/XMLSchema#string""}}",READY,Added in external-real-v4-evidence-aligned; candidate order rotates and is not an oracle code.
EXT_E100,CAND_002,deadline=four_business_days_after_materiality,"{""operator"":""REPLACE_PROPERTY_VALUE"",""subject_iri"":""file:///G:/LearnAI/ontology-evolution/external-real-v4-evidence-aligned#Cybersecurity_Risk_Management__Strategy__Governance__and_Incident_Disclosure_rules____SEC_Form_8_K_Item_1_05_disclosure"",""predicate_iri"":""file:///G:/LearnAI/ontology-evolution/external-real-v4-evidence-aligned#disclosure_deadline"",""old_value"":{""kind"":""literal"",""lexical"":""sec_item_105_form_8k=previous_or_not_encoded"",""datatype"":""http://www.w3.org/2001/XMLSchema#string""},""new_value"":{""kind"":""literal"",""lexical"":""deadline=four_business_days_after_materiality"",""datatype"":""http://www.w3.org/2001/XMLSchema#string""}}",READY,Added in external-real-v4-evidence-aligned; candidate order rotates and is not an oracle code.
EXT_E100,CAND_003,deadline=four_business_days_after_materiality;near_miss=wrong_scope,"{""operator"":""REPLACE_PROPERTY_VALUE"",""subject_iri"":""file:///G:/LearnAI/ontology-evolution/external-real-v4-evidence-aligned#Cybersecurity_Risk_Management__Strategy__Governance__and_Incident_Disclosure_rules____SEC_Form_8_K_Item_1_05_disclosure"",""predicate_iri"":""file:///G:/LearnAI/ontology-evolution/external-real-v4-evidence-aligned#disclosure_deadline"",""old_value"":{""kind"":""literal"",""lexical"":""sec_item_105_form_8k=previous_or_not_encoded"",""datatype"":""http://www.w3.org/2001/XMLSchema#string""},""new_value"":{""kind"":""literal"",""lexical"":""deadline=four_business_days_after_materiality;near_miss=wrong_scope"",""datatype"":""http://www.w3.org/2001/XMLSchema#string""}}",READY,Added in external-real-v4-evidence-aligned; candidate order rotates and is not an oracle code.
EXT_E101,CAND_001,sec_national_security_delay=previous_or_not_encoded,"{""operator"":""REPLACE_PROPERTY_VALUE"",""subject_iri"":""file:///G:/LearnAI/ontology-evolution/external-real-v4-evidence-aligned#Cybersecurity_Risk_Management__Strategy__Governance__and_Incident_Disclosure_rules____SEC_national_security_disclosure_delay"",""predicate_iri"":""file:///G:/LearnAI/ontology-evolution/external-real-v4-evidence-aligned#delay_exception"",""old_value"":{""kind"":""literal"",""lexical"":""sec_national_security_delay=previous_or_not_encoded"",""datatype"":""http://www.w3.org/2001/XMLSchema#string""},""new_value"":{""kind"":""literal"",""lexical"":""sec_national_security_delay=previous_or_not_encoded"",""datatype"":""http://www.w3.org/2001/XMLSchema#string""}}",READY,Added in external-real-v4-evidence-aligned; candidate order rotates and is not an oracle code.
EXT_E101,CAND_002,exception=attorney_general_delay_notice;near_miss=wrong_scope,"{""operator"":""REPLACE_PROPERTY_VALUE"",""subject_iri"":""file:///G:/LearnAI/ontology-evolution/external-real-v4-evidence-aligned#Cybersecurity_Risk_Management__Strategy__Governance__and_Incident_Disclosure_rules____SEC_national_security_disclosure_delay"",""predicate_iri"":""file:///G:/LearnAI/ontology-evolution/external-real-v4-evidence-aligned#delay_exception"",""old_value"":{""kind"":""literal"",""lexical"":""sec_national_security_delay=previous_or_not_encoded"",""datatype"":""http://www.w3.org/2001/XMLSchema#string""},""new_value"":{""kind"":""literal"",""lexical"":""exception=attorney_general_delay_notice;near_miss=wrong_scope"",""datatype"":""http://www.w3.org/2001/XMLSchema#string""}}",READY,Added in external-real-v4-evidence-aligned; candidate order rotates and is not an oracle code.
EXT_E101,CAND_003,exception=attorney_general_delay_notice,"{""operator"":""REPLACE_PROPERTY_VALUE"",""subject_iri"":""file:///G:/LearnAI/ontology-evolution/external-real-v4-evidence-aligned#Cybersecurity_Risk_Management__Strategy__Governance__and_Incident_Disclosure_rules____SEC_national_security_disclosure_delay"",""predicate_iri"":""file:///G:/LearnAI/ontology-evolution/external-real-v4-evidence-aligned#delay_exception"",""old_value"":{""kind"":""literal"",""lexical"":""sec_national_security_delay=previous_or_not_encoded"",""datatype"":""http://www.w3.org/2001/XMLSchema#string""},""new_value"":{""kind"":""literal"",""lexical"":""exception=attorney_general_delay_notice"",""datatype"":""http://www.w3.org/2001/XMLSchema#string""}}",READY,Added in external-real-v4-evidence-aligned; candidate order rotates and is not an oracle code.
EXT_E102,CAND_001,requirement=risk_process_description,"{""operator"":""REPLACE_PROPERTY_VALUE"",""subject_iri"":""file:///G:/LearnAI/ontology-evolution/external-real-v4-evidence-aligned#Cybersecurity_Risk_Management__Strategy__Governance__and_Incident_Disclosure_rules____SEC_Regulation_S_K_Item_106_process_disclosure"",""predicate_iri"":""file:///G:/LearnAI/ontology-evolution/external-real-v4-evidence-aligned#process_disclosure"",""old_value"":{""kind"":""literal"",""lexical"":""sec_reg_sk_item_106_process=previous_or_not_encoded"",""datatype"":""http://www.w3.org/2001/XMLSchema#string""},""new_value"":{""kind"":""literal"",""lexical"":""requirement=risk_process_description"",""datatype"":""http://www.w3.org/2001/XMLSchema#string""}}",READY,Added in external-real-v4-evidence-aligned; candidate order rotates and is not an oracle code.
EXT_E102,CAND_002,sec_reg_sk_item_106_process=previous_or_not_encoded,"{""operator"":""REPLACE_PROPERTY_VALUE"",""subject_iri"":""file:///G:/LearnAI/ontology-evolution/external-real-v4-evidence-aligned#Cybersecurity_Risk_Management__Strategy__Governance__and_Incident_Disclosure_rules____SEC_Regulation_S_K_Item_106_process_disclosure"",""predicate_iri"":""file:///G:/LearnAI/ontology-evolution/external-real-v4-evidence-aligned#process_disclosure"",""old_value"":{""kind"":""literal"",""lexical"":""sec_reg_sk_item_106_process=previous_or_not_encoded"",""datatype"":""http://www.w3.org/2001/XMLSchema#string""},""new_value"":{""kind"":""literal"",""lexical"":""sec_reg_sk_item_106_process=previous_or_not_encoded"",""datatype"":""http://www.w3.org/2001/XMLSchema#string""}}",READY,Added in external-real-v4-evidence-aligned; candidate order rotates and is not an oracle code.
EXT_E102,CAND_003,requirement=risk_process_description;near_miss=wrong_scope,"{""operator"":""REPLACE_PROPERTY_VALUE"",""subject_iri"":""file:///G:/LearnAI/ontology-evolution/external-real-v4-evidence-aligned#Cybersecurity_Risk_Management__Strategy__Governance__and_Incident_Disclosure_rules____SEC_Regulation_S_K_Item_106_process_disclosure"",""predicate_iri"":""file:///G:/LearnAI/ontology-evolution/external-real-v4-evidence-aligned#process_disclosure"",""old_value"":{""kind"":""literal"",""lexical"":""sec_reg_sk_item_106_process=previous_or_not_encoded"",""datatype"":""http://www.w3.org/2001/XMLSchema#string""},""new_value"":{""kind"":""literal"",""lexical"":""requirement=risk_process_description;near_miss=wrong_scope"",""datatype"":""http://www.w3.org/2001/XMLSchema#string""}}",READY,Added in external-real-v4-evidence-aligned; candidate order rotates and is not an oracle code.
EXT_E103,CAND_001,sec_material_impact_scope=previous_or_not_encoded,"{""operator"":""REPLACE_PROPERTY_VALUE"",""subject_iri"":""file:///G:/LearnAI/ontology-evolution/external-real-v4-evidence-aligned#Cybersecurity_Risk_Management__Strategy__Governance__and_Incident_Disclosure_rules____SEC_material_impact_scope"",""predicate_iri"":""file:///G:/LearnAI/ontology-evolution/external-real-v4-evidence-aligned#impact_scope"",""old_value"":{""kind"":""literal"",""lexical"":""sec_material_impact_scope=previous_or_not_encoded"",""datatype"":""http://www.w3.org/2001/XMLSchema#string""},""new_value"":{""kind"":""literal"",""lexical"":""sec_material_impact_scope=previous_or_not_encoded"",""datatype"":""http://www.w3.org/2001/XMLSchema#string""}}",READY,Added in external-real-v4-evidence-aligned; candidate order rotates and is not an oracle code.
EXT_E103,CAND_002,scope=nature_scope_timing_impact,"{""operator"":""REPLACE_PROPERTY_VALUE"",""subject_iri"":""file:///G:/LearnAI/ontology-evolution/external-real-v4-evidence-aligned#Cybersecurity_Risk_Management__Strategy__Governance__and_Incident_Disclosure_rules____SEC_material_impact_scope"",""predicate_iri"":""file:///G:/LearnAI/ontology-evolution/external-real-v4-evidence-aligned#impact_scope"",""old_value"":{""kind"":""literal"",""lexical"":""sec_material_impact_scope=previous_or_not_encoded"",""datatype"":""http://www.w3.org/2001/XMLSchema#string""},""new_value"":{""kind"":""literal"",""lexical"":""scope=nature_scope_timing_impact"",""datatype"":""http://www.w3.org/2001/XMLSchema#string""}}",READY,Added in external-real-v4-evidence-aligned; candidate order rotates and is not an oracle code.
EXT_E103,CAND_003,scope=nature_scope_timing_impact;near_miss=wrong_scope,"{""operator"":""REPLACE_PROPERTY_VALUE"",""subject_iri"":""file:///G:/LearnAI/ontology-evolution/external-real-v4-evidence-aligned#Cybersecurity_Risk_Management__Strategy__Governance__and_Incident_Disclosure_rules____SEC_material_impact_scope"",""predicate_iri"":""file:///G:/LearnAI/ontology-evolution/external-real-v4-evidence-aligned#impact_scope"",""old_value"":{""kind"":""literal"",""lexical"":""sec_material_impact_scope=previous_or_not_encoded"",""datatype"":""http://www.w3.org/2001/XMLSchema#string""},""new_value"":{""kind"":""literal"",""lexical"":""scope=nature_scope_timing_impact;near_miss=wrong_scope"",""datatype"":""http://www.w3.org/2001/XMLSchema#string""}}",READY,Added in external-real-v4-evidence-aligned; candidate order rotates and is not an oracle code.
EXT_E104,CAND_001,sec_governance_disclosure=previous_or_not_encoded,"{""operator"":""REPLACE_PROPERTY_VALUE"",""subject_iri"":""file:///G:/LearnAI/ontology-evolution/external-real-v4-evidence-aligned#Cybersecurity_Risk_Management__Strategy__Governance__and_Incident_Disclosure_rules____SEC_governance_disclosure"",""predicate_iri"":""file:///G:/LearnAI/ontology-evolution/external-real-v4-evidence-aligned#governance_rule"",""old_value"":{""kind"":""literal"",""lexical"":""sec_governance_disclosure=previous_or_not_encoded"",""datatype"":""http://www.w3.org/2001/XMLSchema#string""},""new_value"":{""kind"":""literal"",""lexical"":""sec_governance_disclosure=previous_or_not_encoded"",""datatype"":""http://www.w3.org/2001/XMLSchema#string""}}",READY,Added in external-real-v4-evidence-aligned; candidate order rotates and is not an oracle code.
EXT_E104,CAND_002,requirement=board_management_oversight;near_miss=wrong_scope,"{""operator"":""REPLACE_PROPERTY_VALUE"",""subject_iri"":""file:///G:/LearnAI/ontology-evolution/external-real-v4-evidence-aligned#Cybersecurity_Risk_Management__Strategy__Governance__and_Incident_Disclosure_rules____SEC_governance_disclosure"",""predicate_iri"":""file:///G:/LearnAI/ontology-evolution/external-real-v4-evidence-aligned#governance_rule"",""old_value"":{""kind"":""literal"",""lexical"":""sec_governance_disclosure=previous_or_not_encoded"",""datatype"":""http://www.w3.org/2001/XMLSchema#string""},""new_value"":{""kind"":""literal"",""lexical"":""requirement=board_management_oversight;near_miss=wrong_scope"",""datatype"":""http://www.w3.org/2001/XMLSchema#string""}}",READY,Added in external-real-v4-evidence-aligned; candidate order rotates and is not an oracle code.
EXT_E104,CAND_003,requirement=board_management_oversight,"{""operator"":""REPLACE_PROPERTY_VALUE"",""subject_iri"":""file:///G:/LearnAI/ontology-evolution/external-real-v4-evidence-aligned#Cybersecurity_Risk_Management__Strategy__Governance__and_Incident_Disclosure_rules____SEC_governance_disclosure"",""predicate_iri"":""file:///G:/LearnAI/ontology-evolution/external-real-v4-evidence-aligned#governance_rule"",""old_value"":{""kind"":""literal"",""lexical"":""sec_governance_disclosure=previous_or_not_encoded"",""datatype"":""http://www.w3.org/2001/XMLSchema#string""},""new_value"":{""kind"":""literal"",""lexical"":""requirement=board_management_oversight"",""datatype"":""http://www.w3.org/2001/XMLSchema#string""}}",READY,Added in external-real-v4-evidence-aligned; candidate order rotates and is not an oracle code.
EXT_E105,CAND_001,requirement=material_risk_strategy,"{""operator"":""REPLACE_PROPERTY_VALUE"",""subject_iri"":""file:///G:/LearnAI/ontology-evolution/external-real-v4-evidence-aligned#Cybersecurity_Risk_Management__Strategy__Governance__and_Incident_Disclosure_rules____SEC_annual_strategy_disclosure"",""predicate_iri"":""file:///G:/LearnAI/ontology-evolution/external-real-v4-evidence-aligned#annual_disclosure"",""old_value"":{""kind"":""literal"",""lexical"":""sec_annual_strategy_disclosure=previous_or_not_encoded"",""datatype"":""http://www.w3.org/2001/XMLSchema#string""},""new_value"":{""kind"":""literal"",""lexical"":""requirement=material_risk_strategy"",""datatype"":""http://www.w3.org/2001/XMLSchema#string""}}",READY,Added in external-real-v4-evidence-aligned; candidate order rotates and is not an oracle code.
EXT_E105,CAND_002,sec_annual_strategy_disclosure=previous_or_not_encoded,"{""operator"":""REPLACE_PROPERTY_VALUE"",""subject_iri"":""file:///G:/LearnAI/ontology-evolution/external-real-v4-evidence-aligned#Cybersecurity_Risk_Management__Strategy__Governance__and_Incident_Disclosure_rules____SEC_annual_strategy_disclosure"",""predicate_iri"":""file:///G:/LearnAI/ontology-evolution/external-real-v4-evidence-aligned#annual_disclosure"",""old_value"":{""kind"":""literal"",""lexical"":""sec_annual_strategy_disclosure=previous_or_not_encoded"",""datatype"":""http://www.w3.org/2001/XMLSchema#string""},""new_value"":{""kind"":""literal"",""lexical"":""sec_annual_strategy_disclosure=previous_or_not_encoded"",""datatype"":""http://www.w3.org/2001/XMLSchema#string""}}",READY,Added in external-real-v4-evidence-aligned; candidate order rotates and is not an oracle code.
EXT_E105,CAND_003,requirement=material_risk_strategy;near_miss=wrong_scope,"{""operator"":""REPLACE_PROPERTY_VALUE"",""subject_iri"":""file:///G:/LearnAI/ontology-evolution/external-real-v4-evidence-aligned#Cybersecurity_Risk_Management__Strategy__Governance__and_Incident_Disclosure_rules____SEC_annual_strategy_disclosure"",""predicate_iri"":""file:///G:/LearnAI/ontology-evolution/external-real-v4-evidence-aligned#annual_disclosure"",""old_value"":{""kind"":""literal"",""lexical"":""sec_annual_strategy_disclosure=previous_or_not_encoded"",""datatype"":""http://www.w3.org/2001/XMLSchema#string""},""new_value"":{""kind"":""literal"",""lexical"":""requirement=material_risk_strategy;near_miss=wrong_scope"",""datatype"":""http://www.w3.org/2001/XMLSchema#string""}}",READY,Added in external-real-v4-evidence-aligned; candidate order rotates and is not an oracle code.
EXT_E106,CAND_001,epa_lcr_action_level=previous_or_not_encoded,"{""operator"":""REPLACE_PROPERTY_VALUE"",""subject_iri"":""file:///G:/LearnAI/ontology-evolution/external-real-v4-evidence-aligned#Lead_and_Copper_Rule_Improvements____EPA_lead_action_level"",""predicate_iri"":""file:///G:/LearnAI/ontology-evolution/external-real-v4-evidence-aligned#action_level"",""old_value"":{""kind"":""literal"",""lexical"":""epa_lcr_action_level=previous_or_not_encoded"",""datatype"":""http://www.w3.org/2001/XMLSchema#string""},""new_value"":{""kind"":""literal"",""lexical"":""epa_lcr_action_level=previous_or_not_encoded"",""datatype"":""http://www.w3.org/2001/XMLSchema#string""}}",READY,Added in external-real-v4-evidence-aligned; candidate order rotates and is not an oracle code.
EXT_E106,CAND_002,lead_action_level=15_ppb,"{""operator"":""REPLACE_PROPERTY_VALUE"",""subject_iri"":""file:///G:/LearnAI/ontology-evolution/external-real-v4-evidence-aligned#Lead_and_Copper_Rule_Improvements____EPA_lead_action_level"",""predicate_iri"":""file:///G:/LearnAI/ontology-evolution/external-real-v4-evidence-aligned#action_level"",""old_value"":{""kind"":""literal"",""lexical"":""epa_lcr_action_level=previous_or_not_encoded"",""datatype"":""http://www.w3.org/2001/XMLSchema#string""},""new_value"":{""kind"":""literal"",""lexical"":""lead_action_level=15_ppb"",""datatype"":""http://www.w3.org/2001/XMLSchema#string""}}",READY,Added in external-real-v4-evidence-aligned; candidate order rotates and is not an oracle code.
EXT_E106,CAND_003,lead_action_level=15_ppb;near_miss=wrong_scope,"{""operator"":""REPLACE_PROPERTY_VALUE"",""subject_iri"":""file:///G:/LearnAI/ontology-evolution/external-real-v4-evidence-aligned#Lead_and_Copper_Rule_Improvements____EPA_lead_action_level"",""predicate_iri"":""file:///G:/LearnAI/ontology-evolution/external-real-v4-evidence-aligned#action_level"",""old_value"":{""kind"":""literal"",""lexical"":""epa_lcr_action_level=previous_or_not_encoded"",""datatype"":""http://www.w3.org/2001/XMLSchema#string""},""new_value"":{""kind"":""literal"",""lexical"":""lead_action_level=15_ppb;near_miss=wrong_scope"",""datatype"":""http://www.w3.org/2001/XMLSchema#string""}}",READY,Added in external-real-v4-evidence-aligned; candidate order rotates and is not an oracle code.
EXT_E107,CAND_001,epa_lcr_copper_level=previous_or_not_encoded,"{""operator"":""REPLACE_PROPERTY_VALUE"",""subject_iri"":""file:///G:/LearnAI/ontology-evolution/external-real-v4-evidence-aligned#Lead_and_Copper_Rule_Improvements____EPA_copper_action_level"",""predicate_iri"":""file:///G:/LearnAI/ontology-evolution/external-real-v4-evidence-aligned#action_level"",""old_value"":{""kind"":""literal"",""lexical"":""epa_lcr_copper_level=previous_or_not_encoded"",""datatype"":""http://www.w3.org/2001/XMLSchema#string""},""new_value"":{""kind"":""literal"",""lexical"":""epa_lcr_copper_level=previous_or_not_encoded"",""datatype"":""http://www.w3.org/2001/XMLSchema#string""}}",READY,Added in external-real-v4-evidence-aligned; candidate order rotates and is not an oracle code.
EXT_E107,CAND_002,copper_action_level=1_3_ppm;near_miss=wrong_scope,"{""operator"":""REPLACE_PROPERTY_VALUE"",""subject_iri"":""file:///G:/LearnAI/ontology-evolution/external-real-v4-evidence-aligned#Lead_and_Copper_Rule_Improvements____EPA_copper_action_level"",""predicate_iri"":""file:///G:/LearnAI/ontology-evolution/external-real-v4-evidence-aligned#action_level"",""old_value"":{""kind"":""literal"",""lexical"":""epa_lcr_copper_level=previous_or_not_encoded"",""datatype"":""http://www.w3.org/2001/XMLSchema#string""},""new_value"":{""kind"":""literal"",""lexical"":""copper_action_level=1_3_ppm;near_miss=wrong_scope"",""datatype"":""http://www.w3.org/2001/XMLSchema#string""}}",READY,Added in external-real-v4-evidence-aligned; candidate order rotates and is not an oracle code.
EXT_E107,CAND_003,copper_action_level=1_3_ppm,"{""operator"":""REPLACE_PROPERTY_VALUE"",""subject_iri"":""file:///G:/LearnAI/ontology-evolution/external-real-v4-evidence-aligned#Lead_and_Copper_Rule_Improvements____EPA_copper_action_level"",""predicate_iri"":""file:///G:/LearnAI/ontology-evolution/external-real-v4-evidence-aligned#action_level"",""old_value"":{""kind"":""literal"",""lexical"":""epa_lcr_copper_level=previous_or_not_encoded"",""datatype"":""http://www.w3.org/2001/XMLSchema#string""},""new_value"":{""kind"":""literal"",""lexical"":""copper_action_level=1_3_ppm"",""datatype"":""http://www.w3.org/2001/XMLSchema#string""}}",READY,Added in external-real-v4-evidence-aligned; candidate order rotates and is not an oracle code.
EXT_E108,CAND_001,trigger=lead_action_level_exceeded,"{""operator"":""REPLACE_PROPERTY_VALUE"",""subject_iri"":""file:///G:/LearnAI/ontology-evolution/external-real-v4-evidence-aligned#Lead_and_Copper_Rule_Improvements____EPA_public_education_trigger"",""predicate_iri"":""file:///G:/LearnAI/ontology-evolution/external-real-v4-evidence-aligned#notification_trigger"",""old_value"":{""kind"":""literal"",""lexical"":""epa_public_education_trigger=previous_or_not_encoded"",""datatype"":""http://www.w3.org/2001/XMLSchema#string""},""new_value"":{""kind"":""literal"",""lexical"":""trigger=lead_action_level_exceeded"",""datatype"":""http://www.w3.org/2001/XMLSchema#string""}}",READY,Added in external-real-v4-evidence-aligned; candidate order rotates and is not an oracle code.
EXT_E108,CAND_002,epa_public_education_trigger=previous_or_not_encoded,"{""operator"":""REPLACE_PROPERTY_VALUE"",""subject_iri"":""file:///G:/LearnAI/ontology-evolution/external-real-v4-evidence-aligned#Lead_and_Copper_Rule_Improvements____EPA_public_education_trigger"",""predicate_iri"":""file:///G:/LearnAI/ontology-evolution/external-real-v4-evidence-aligned#notification_trigger"",""old_value"":{""kind"":""literal"",""lexical"":""epa_public_education_trigger=previous_or_not_encoded"",""datatype"":""http://www.w3.org/2001/XMLSchema#string""},""new_value"":{""kind"":""literal"",""lexical"":""epa_public_education_trigger=previous_or_not_encoded"",""datatype"":""http://www.w3.org/2001/XMLSchema#string""}}",READY,Added in external-real-v4-evidence-aligned; candidate order rotates and is not an oracle code.
EXT_E108,CAND_003,trigger=lead_action_level_exceeded;near_miss=wrong_scope,"{""operator"":""REPLACE_PROPERTY_VALUE"",""subject_iri"":""file:///G:/LearnAI/ontology-evolution/external-real-v4-evidence-aligned#Lead_and_Copper_Rule_Improvements____EPA_public_education_trigger"",""predicate_iri"":""file:///G:/LearnAI/ontology-evolution/external-real-v4-evidence-aligned#notification_trigger"",""old_value"":{""kind"":""literal"",""lexical"":""epa_public_education_trigger=previous_or_not_encoded"",""datatype"":""http://www.w3.org/2001/XMLSchema#string""},""new_value"":{""kind"":""literal"",""lexical"":""trigger=lead_action_level_exceeded;near_miss=wrong_scope"",""datatype"":""http://www.w3.org/2001/XMLSchema#string""}}",READY,Added in external-real-v4-evidence-aligned; candidate order rotates and is not an oracle code.
EXT_E109,CAND_001,epa_lcri_improvement_scope=previous_or_not_encoded,"{""operator"":""REPLACE_PROPERTY_VALUE"",""subject_iri"":""file:///G:/LearnAI/ontology-evolution/external-real-v4-evidence-aligned#Lead_and_Copper_Rule_Improvements____EPA_2024_LCRI_scope"",""predicate_iri"":""file:///G:/LearnAI/ontology-evolution/external-real-v4-evidence-aligned#scope_rule"",""old_value"":{""kind"":""literal"",""lexical"":""epa_lcri_improvement_scope=previous_or_not_encoded"",""datatype"":""http://www.w3.org/2001/XMLSchema#string""},""new_value"":{""kind"":""literal"",""lexical"":""epa_lcri_improvement_scope=previous_or_not_encoded"",""datatype"":""http://www.w3.org/2001/XMLSchema#string""}}",READY,Added in external-real-v4-evidence-aligned; candidate order rotates and is not an oracle code.
EXT_E109,CAND_002,scope=lead_service_line_improvements,"{""operator"":""REPLACE_PROPERTY_VALUE"",""subject_iri"":""file:///G:/LearnAI/ontology-evolution/external-real-v4-evidence-aligned#Lead_and_Copper_Rule_Improvements____EPA_2024_LCRI_scope"",""predicate_iri"":""file:///G:/LearnAI/ontology-evolution/external-real-v4-evidence-aligned#scope_rule"",""old_value"":{""kind"":""literal"",""lexical"":""epa_lcri_improvement_scope=previous_or_not_encoded"",""datatype"":""http://www.w3.org/2001/XMLSchema#string""},""new_value"":{""kind"":""literal"",""lexical"":""scope=lead_service_line_improvements"",""datatype"":""http://www.w3.org/2001/XMLSchema#string""}}",READY,Added in external-real-v4-evidence-aligned; candidate order rotates and is not an oracle code.
EXT_E109,CAND_003,scope=lead_service_line_improvements;near_miss=wrong_scope,"{""operator"":""REPLACE_PROPERTY_VALUE"",""subject_iri"":""file:///G:/LearnAI/ontology-evolution/external-real-v4-evidence-aligned#Lead_and_Copper_Rule_Improvements____EPA_2024_LCRI_scope"",""predicate_iri"":""file:///G:/LearnAI/ontology-evolution/external-real-v4-evidence-aligned#scope_rule"",""old_value"":{""kind"":""literal"",""lexical"":""epa_lcri_improvement_scope=previous_or_not_encoded"",""datatype"":""http://www.w3.org/2001/XMLSchema#string""},""new_value"":{""kind"":""literal"",""lexical"":""scope=lead_service_line_improvements;near_miss=wrong_scope"",""datatype"":""http://www.w3.org/2001/XMLSchema#string""}}",READY,Added in external-real-v4-evidence-aligned; candidate order rotates and is not an oracle code.
EXT_E110,CAND_001,epa_lcrr_childcare_scope=previous_or_not_encoded,"{""operator"":""REPLACE_PROPERTY_VALUE"",""subject_iri"":""file:///G:/LearnAI/ontology-evolution/external-real-v4-evidence-aligned#Lead_and_Copper_Rule_Improvements____EPA_2021_LCRR_school_and_childcare_scope"",""predicate_iri"":""file:///G:/LearnAI/ontology-evolution/external-real-v4-evidence-aligned#scope_rule"",""old_value"":{""kind"":""literal"",""lexical"":""epa_lcrr_childcare_scope=previous_or_not_encoded"",""datatype"":""http://www.w3.org/2001/XMLSchema#string""},""new_value"":{""kind"":""literal"",""lexical"":""epa_lcrr_childcare_scope=previous_or_not_encoded"",""datatype"":""http://www.w3.org/2001/XMLSchema#string""}}",READY,Added in external-real-v4-evidence-aligned; candidate order rotates and is not an oracle code.
EXT_E110,CAND_002,scope=schools_childcare_inventory;near_miss=wrong_scope,"{""operator"":""REPLACE_PROPERTY_VALUE"",""subject_iri"":""file:///G:/LearnAI/ontology-evolution/external-real-v4-evidence-aligned#Lead_and_Copper_Rule_Improvements____EPA_2021_LCRR_school_and_childcare_scope"",""predicate_iri"":""file:///G:/LearnAI/ontology-evolution/external-real-v4-evidence-aligned#scope_rule"",""old_value"":{""kind"":""literal"",""lexical"":""epa_lcrr_childcare_scope=previous_or_not_encoded"",""datatype"":""http://www.w3.org/2001/XMLSchema#string""},""new_value"":{""kind"":""literal"",""lexical"":""scope=schools_childcare_inventory;near_miss=wrong_scope"",""datatype"":""http://www.w3.org/2001/XMLSchema#string""}}",READY,Added in external-real-v4-evidence-aligned; candidate order rotates and is not an oracle code.
EXT_E110,CAND_003,scope=schools_childcare_inventory,"{""operator"":""REPLACE_PROPERTY_VALUE"",""subject_iri"":""file:///G:/LearnAI/ontology-evolution/external-real-v4-evidence-aligned#Lead_and_Copper_Rule_Improvements____EPA_2021_LCRR_school_and_childcare_scope"",""predicate_iri"":""file:///G:/LearnAI/ontology-evolution/external-real-v4-evidence-aligned#scope_rule"",""old_value"":{""kind"":""literal"",""lexical"":""epa_lcrr_childcare_scope=previous_or_not_encoded"",""datatype"":""http://www.w3.org/2001/XMLSchema#string""},""new_value"":{""kind"":""literal"",""lexical"":""scope=schools_childcare_inventory"",""datatype"":""http://www.w3.org/2001/XMLSchema#string""}}",READY,Added in external-real-v4-evidence-aligned; candidate order rotates and is not an oracle code.
EXT_E111,CAND_001,requirement=service_line_inventory,"{""operator"":""REPLACE_PROPERTY_VALUE"",""subject_iri"":""file:///G:/LearnAI/ontology-evolution/external-real-v4-evidence-aligned#Lead_and_Copper_Rule_Improvements____EPA_service_line_inventory_requirement"",""predicate_iri"":""file:///G:/LearnAI/ontology-evolution/external-real-v4-evidence-aligned#inventory_rule"",""old_value"":{""kind"":""literal"",""lexical"":""epa_inventory_requirement=previous_or_not_encoded"",""datatype"":""http://www.w3.org/2001/XMLSchema#string""},""new_value"":{""kind"":""literal"",""lexical"":""requirement=service_line_inventory"",""datatype"":""http://www.w3.org/2001/XMLSchema#string""}}",READY,Added in external-real-v4-evidence-aligned; candidate order rotates and is not an oracle code.
EXT_E111,CAND_002,epa_inventory_requirement=previous_or_not_encoded,"{""operator"":""REPLACE_PROPERTY_VALUE"",""subject_iri"":""file:///G:/LearnAI/ontology-evolution/external-real-v4-evidence-aligned#Lead_and_Copper_Rule_Improvements____EPA_service_line_inventory_requirement"",""predicate_iri"":""file:///G:/LearnAI/ontology-evolution/external-real-v4-evidence-aligned#inventory_rule"",""old_value"":{""kind"":""literal"",""lexical"":""epa_inventory_requirement=previous_or_not_encoded"",""datatype"":""http://www.w3.org/2001/XMLSchema#string""},""new_value"":{""kind"":""literal"",""lexical"":""epa_inventory_requirement=previous_or_not_encoded"",""datatype"":""http://www.w3.org/2001/XMLSchema#string""}}",READY,Added in external-real-v4-evidence-aligned; candidate order rotates and is not an oracle code.
EXT_E111,CAND_003,requirement=service_line_inventory;near_miss=wrong_scope,"{""operator"":""REPLACE_PROPERTY_VALUE"",""subject_iri"":""file:///G:/LearnAI/ontology-evolution/external-real-v4-evidence-aligned#Lead_and_Copper_Rule_Improvements____EPA_service_line_inventory_requirement"",""predicate_iri"":""file:///G:/LearnAI/ontology-evolution/external-real-v4-evidence-aligned#inventory_rule"",""old_value"":{""kind"":""literal"",""lexical"":""epa_inventory_requirement=previous_or_not_encoded"",""datatype"":""http://www.w3.org/2001/XMLSchema#string""},""new_value"":{""kind"":""literal"",""lexical"":""requirement=service_line_inventory;near_miss=wrong_scope"",""datatype"":""http://www.w3.org/2001/XMLSchema#string""}}",READY,Added in external-real-v4-evidence-aligned; candidate order rotates and is not an oracle code.
EXT_E112,CAND_001,epa_replacement_requirement=previous_or_not_encoded,"{""operator"":""REPLACE_PROPERTY_VALUE"",""subject_iri"":""file:///G:/LearnAI/ontology-evolution/external-real-v4-evidence-aligned#Lead_and_Copper_Rule_Improvements____EPA_lead_service_line_replacement"",""predicate_iri"":""file:///G:/LearnAI/ontology-evolution/external-real-v4-evidence-aligned#replacement_rule"",""old_value"":{""kind"":""literal"",""lexical"":""epa_replacement_requirement=previous_or_not_encoded"",""datatype"":""http://www.w3.org/2001/XMLSchema#string""},""new_value"":{""kind"":""literal"",""lexical"":""epa_replacement_requirement=previous_or_not_encoded"",""datatype"":""http://www.w3.org/2001/XMLSchema#string""}}",READY,Added in external-real-v4-evidence-aligned; candidate order rotates and is not an oracle code.
EXT_E112,CAND_002,requirement=replacement_plan,"{""operator"":""REPLACE_PROPERTY_VALUE"",""subject_iri"":""file:///G:/LearnAI/ontology-evolution/external-real-v4-evidence-aligned#Lead_and_Copper_Rule_Improvements____EPA_lead_service_line_replacement"",""predicate_iri"":""file:///G:/LearnAI/ontology-evolution/external-real-v4-evidence-aligned#replacement_rule"",""old_value"":{""kind"":""literal"",""lexical"":""epa_replacement_requirement=previous_or_not_encoded"",""datatype"":""http://www.w3.org/2001/XMLSchema#string""},""new_value"":{""kind"":""literal"",""lexical"":""requirement=replacement_plan"",""datatype"":""http://www.w3.org/2001/XMLSchema#string""}}",READY,Added in external-real-v4-evidence-aligned; candidate order rotates and is not an oracle code.
EXT_E112,CAND_003,requirement=replacement_plan;near_miss=wrong_scope,"{""operator"":""REPLACE_PROPERTY_VALUE"",""subject_iri"":""file:///G:/LearnAI/ontology-evolution/external-real-v4-evidence-aligned#Lead_and_Copper_Rule_Improvements____EPA_lead_service_line_replacement"",""predicate_iri"":""file:///G:/LearnAI/ontology-evolution/external-real-v4-evidence-aligned#replacement_rule"",""old_value"":{""kind"":""literal"",""lexical"":""epa_replacement_requirement=previous_or_not_encoded"",""datatype"":""http://www.w3.org/2001/XMLSchema#string""},""new_value"":{""kind"":""literal"",""lexical"":""requirement=replacement_plan;near_miss=wrong_scope"",""datatype"":""http://www.w3.org/2001/XMLSchema#string""}}",READY,Added in external-real-v4-evidence-aligned; candidate order rotates and is not an oracle code.
EXT_E113,CAND_001,epa_sampling_scope=previous_or_not_encoded,"{""operator"":""REPLACE_PROPERTY_VALUE"",""subject_iri"":""file:///G:/LearnAI/ontology-evolution/external-real-v4-evidence-aligned#Lead_and_Copper_Rule_Improvements____EPA_tap_sampling_scope"",""predicate_iri"":""file:///G:/LearnAI/ontology-evolution/external-real-v4-evidence-aligned#sampling_scope"",""old_value"":{""kind"":""literal"",""lexical"":""epa_sampling_scope=previous_or_not_encoded"",""datatype"":""http://www.w3.org/2001/XMLSchema#string""},""new_value"":{""kind"":""literal"",""lexical"":""epa_sampling_scope=previous_or_not_encoded"",""datatype"":""http://www.w3.org/2001/XMLSchema#string""}}",READY,Added in external-real-v4-evidence-aligned; candidate order rotates and is not an oracle code.
EXT_E113,CAND_002,scope=customer_tap_monitoring;near_miss=wrong_scope,"{""operator"":""REPLACE_PROPERTY_VALUE"",""subject_iri"":""file:///G:/LearnAI/ontology-evolution/external-real-v4-evidence-aligned#Lead_and_Copper_Rule_Improvements____EPA_tap_sampling_scope"",""predicate_iri"":""file:///G:/LearnAI/ontology-evolution/external-real-v4-evidence-aligned#sampling_scope"",""old_value"":{""kind"":""literal"",""lexical"":""epa_sampling_scope=previous_or_not_encoded"",""datatype"":""http://www.w3.org/2001/XMLSchema#string""},""new_value"":{""kind"":""literal"",""lexical"":""scope=customer_tap_monitoring;near_miss=wrong_scope"",""datatype"":""http://www.w3.org/2001/XMLSchema#string""}}",READY,Added in external-real-v4-evidence-aligned; candidate order rotates and is not an oracle code.
EXT_E113,CAND_003,scope=customer_tap_monitoring,"{""operator"":""REPLACE_PROPERTY_VALUE"",""subject_iri"":""file:///G:/LearnAI/ontology-evolution/external-real-v4-evidence-aligned#Lead_and_Copper_Rule_Improvements____EPA_tap_sampling_scope"",""predicate_iri"":""file:///G:/LearnAI/ontology-evolution/external-real-v4-evidence-aligned#sampling_scope"",""old_value"":{""kind"":""literal"",""lexical"":""epa_sampling_scope=previous_or_not_encoded"",""datatype"":""http://www.w3.org/2001/XMLSchema#string""},""new_value"":{""kind"":""literal"",""lexical"":""scope=customer_tap_monitoring"",""datatype"":""http://www.w3.org/2001/XMLSchema#string""}}",READY,Added in external-real-v4-evidence-aligned; candidate order rotates and is not an oracle code.
EXT_E114,CAND_001,function=govern_added,"{""operator"":""REPLACE_PROPERTY_VALUE"",""subject_iri"":""file:///G:/LearnAI/ontology-evolution/external-real-v4-evidence-aligned#Cybersecurity_Framework_2_0____CSF_2_0_Govern_function"",""predicate_iri"":""file:///G:/LearnAI/ontology-evolution/external-real-v4-evidence-aligned#core_function"",""old_value"":{""kind"":""literal"",""lexical"":""csf2_govern_function=previous_or_not_encoded"",""datatype"":""http://www.w3.org/2001/XMLSchema#string""},""new_value"":{""kind"":""literal"",""lexical"":""function=govern_added"",""datatype"":""http://www.w3.org/2001/XMLSchema#string""}}",READY,Added in external-real-v4-evidence-aligned; candidate order rotates and is not an oracle code.
EXT_E114,CAND_002,csf2_govern_function=previous_or_not_encoded,"{""operator"":""REPLACE_PROPERTY_VALUE"",""subject_iri"":""file:///G:/LearnAI/ontology-evolution/external-real-v4-evidence-aligned#Cybersecurity_Framework_2_0____CSF_2_0_Govern_function"",""predicate_iri"":""file:///G:/LearnAI/ontology-evolution/external-real-v4-evidence-aligned#core_function"",""old_value"":{""kind"":""literal"",""lexical"":""csf2_govern_function=previous_or_not_encoded"",""datatype"":""http://www.w3.org/2001/XMLSchema#string""},""new_value"":{""kind"":""literal"",""lexical"":""csf2_govern_function=previous_or_not_encoded"",""datatype"":""http://www.w3.org/2001/XMLSchema#string""}}",READY,Added in external-real-v4-evidence-aligned; candidate order rotates and is not an oracle code.
EXT_E114,CAND_003,function=govern_added;near_miss=wrong_scope,"{""operator"":""REPLACE_PROPERTY_VALUE"",""subject_iri"":""file:///G:/LearnAI/ontology-evolution/external-real-v4-evidence-aligned#Cybersecurity_Framework_2_0____CSF_2_0_Govern_function"",""predicate_iri"":""file:///G:/LearnAI/ontology-evolution/external-real-v4-evidence-aligned#core_function"",""old_value"":{""kind"":""literal"",""lexical"":""csf2_govern_function=previous_or_not_encoded"",""datatype"":""http://www.w3.org/2001/XMLSchema#string""},""new_value"":{""kind"":""literal"",""lexical"":""function=govern_added;near_miss=wrong_scope"",""datatype"":""http://www.w3.org/2001/XMLSchema#string""}}",READY,Added in external-real-v4-evidence-aligned; candidate order rotates and is not an oracle code.
EXT_E115,CAND_001,csf2_all_organizations_scope=previous_or_not_encoded,"{""operator"":""REPLACE_PROPERTY_VALUE"",""subject_iri"":""file:///G:/LearnAI/ontology-evolution/external-real-v4-evidence-aligned#Cybersecurity_Framework_2_0____CSF_2_0_all_organization_scope"",""predicate_iri"":""file:///G:/LearnAI/ontology-evolution/external-real-v4-evidence-aligned#scope"",""old_value"":{""kind"":""literal"",""lexical"":""csf2_all_organizations_scope=previous_or_not_encoded"",""datatype"":""http://www.w3.org/2001/XMLSchema#string""},""new_value"":{""kind"":""literal"",""lexical"":""csf2_all_organizations_scope=previous_or_not_encoded"",""datatype"":""http://www.w3.org/2001/XMLSchema#string""}}",READY,Added in external-real-v4-evidence-aligned; candidate order rotates and is not an oracle code.
EXT_E115,CAND_002,scope=all_organizations,"{""operator"":""REPLACE_PROPERTY_VALUE"",""subject_iri"":""file:///G:/LearnAI/ontology-evolution/external-real-v4-evidence-aligned#Cybersecurity_Framework_2_0____CSF_2_0_all_organization_scope"",""predicate_iri"":""file:///G:/LearnAI/ontology-evolution/external-real-v4-evidence-aligned#scope"",""old_value"":{""kind"":""literal"",""lexical"":""csf2_all_organizations_scope=previous_or_not_encoded"",""datatype"":""http://www.w3.org/2001/XMLSchema#string""},""new_value"":{""kind"":""literal"",""lexical"":""scope=all_organizations"",""datatype"":""http://www.w3.org/2001/XMLSchema#string""}}",READY,Added in external-real-v4-evidence-aligned; candidate order rotates and is not an oracle code.
EXT_E115,CAND_003,scope=all_organizations;near_miss=wrong_scope,"{""operator"":""REPLACE_PROPERTY_VALUE"",""subject_iri"":""file:///G:/LearnAI/ontology-evolution/external-real-v4-evidence-aligned#Cybersecurity_Framework_2_0____CSF_2_0_all_organization_scope"",""predicate_iri"":""file:///G:/LearnAI/ontology-evolution/external-real-v4-evidence-aligned#scope"",""old_value"":{""kind"":""literal"",""lexical"":""csf2_all_organizations_scope=previous_or_not_encoded"",""datatype"":""http://www.w3.org/2001/XMLSchema#string""},""new_value"":{""kind"":""literal"",""lexical"":""scope=all_organizations;near_miss=wrong_scope"",""datatype"":""http://www.w3.org/2001/XMLSchema#string""}}",READY,Added in external-real-v4-evidence-aligned; candidate order rotates and is not an oracle code.
EXT_E116,CAND_001,csf2_supply_chain_emphasis=previous_or_not_encoded,"{""operator"":""REPLACE_PROPERTY_VALUE"",""subject_iri"":""file:///G:/LearnAI/ontology-evolution/external-real-v4-evidence-aligned#Cybersecurity_Framework_2_0____CSF_2_0_supply_chain_emphasis"",""predicate_iri"":""file:///G:/LearnAI/ontology-evolution/external-real-v4-evidence-aligned#emphasis"",""old_value"":{""kind"":""literal"",""lexical"":""csf2_supply_chain_emphasis=previous_or_not_encoded"",""datatype"":""http://www.w3.org/2001/XMLSchema#string""},""new_value"":{""kind"":""literal"",""lexical"":""csf2_supply_chain_emphasis=previous_or_not_encoded"",""datatype"":""http://www.w3.org/2001/XMLSchema#string""}}",READY,Added in external-real-v4-evidence-aligned; candidate order rotates and is not an oracle code.
EXT_E116,CAND_002,emphasis=supply_chain;near_miss=wrong_scope,"{""operator"":""REPLACE_PROPERTY_VALUE"",""subject_iri"":""file:///G:/LearnAI/ontology-evolution/external-real-v4-evidence-aligned#Cybersecurity_Framework_2_0____CSF_2_0_supply_chain_emphasis"",""predicate_iri"":""file:///G:/LearnAI/ontology-evolution/external-real-v4-evidence-aligned#emphasis"",""old_value"":{""kind"":""literal"",""lexical"":""csf2_supply_chain_emphasis=previous_or_not_encoded"",""datatype"":""http://www.w3.org/2001/XMLSchema#string""},""new_value"":{""kind"":""literal"",""lexical"":""emphasis=supply_chain;near_miss=wrong_scope"",""datatype"":""http://www.w3.org/2001/XMLSchema#string""}}",READY,Added in external-real-v4-evidence-aligned; candidate order rotates and is not an oracle code.
EXT_E116,CAND_003,emphasis=supply_chain,"{""operator"":""REPLACE_PROPERTY_VALUE"",""subject_iri"":""file:///G:/LearnAI/ontology-evolution/external-real-v4-evidence-aligned#Cybersecurity_Framework_2_0____CSF_2_0_supply_chain_emphasis"",""predicate_iri"":""file:///G:/LearnAI/ontology-evolution/external-real-v4-evidence-aligned#emphasis"",""old_value"":{""kind"":""literal"",""lexical"":""csf2_supply_chain_emphasis=previous_or_not_encoded"",""datatype"":""http://www.w3.org/2001/XMLSchema#string""},""new_value"":{""kind"":""literal"",""lexical"":""emphasis=supply_chain"",""datatype"":""http://www.w3.org/2001/XMLSchema#string""}}",READY,Added in external-real-v4-evidence-aligned; candidate order rotates and is not an oracle code.
EXT_E117,CAND_001,profiles=expanded_resources,"{""operator"":""REPLACE_PROPERTY_VALUE"",""subject_iri"":""file:///G:/LearnAI/ontology-evolution/external-real-v4-evidence-aligned#Cybersecurity_Framework_2_0____CSF_2_0_profile_resources"",""predicate_iri"":""file:///G:/LearnAI/ontology-evolution/external-real-v4-evidence-aligned#resource_status"",""old_value"":{""kind"":""literal"",""lexical"":""csf2_profiles_resources=previous_or_not_encoded"",""datatype"":""http://www.w3.org/2001/XMLSchema#string""},""new_value"":{""kind"":""literal"",""lexical"":""profiles=expanded_resources"",""datatype"":""http://www.w3.org/2001/XMLSchema#string""}}",READY,Added in external-real-v4-evidence-aligned; candidate order rotates and is not an oracle code.
EXT_E117,CAND_002,csf2_profiles_resources=previous_or_not_encoded,"{""operator"":""REPLACE_PROPERTY_VALUE"",""subject_iri"":""file:///G:/LearnAI/ontology-evolution/external-real-v4-evidence-aligned#Cybersecurity_Framework_2_0____CSF_2_0_profile_resources"",""predicate_iri"":""file:///G:/LearnAI/ontology-evolution/external-real-v4-evidence-aligned#resource_status"",""old_value"":{""kind"":""literal"",""lexical"":""csf2_profiles_resources=previous_or_not_encoded"",""datatype"":""http://www.w3.org/2001/XMLSchema#string""},""new_value"":{""kind"":""literal"",""lexical"":""csf2_profiles_resources=previous_or_not_encoded"",""datatype"":""http://www.w3.org/2001/XMLSchema#string""}}",READY,Added in external-real-v4-evidence-aligned; candidate order rotates and is not an oracle code.
EXT_E117,CAND_003,profiles=expanded_resources;near_miss=wrong_scope,"{""operator"":""REPLACE_PROPERTY_VALUE"",""subject_iri"":""file:///G:/LearnAI/ontology-evolution/external-real-v4-evidence-aligned#Cybersecurity_Framework_2_0____CSF_2_0_profile_resources"",""predicate_iri"":""file:///G:/LearnAI/ontology-evolution/external-real-v4-evidence-aligned#resource_status"",""old_value"":{""kind"":""literal"",""lexical"":""csf2_profiles_resources=previous_or_not_encoded"",""datatype"":""http://www.w3.org/2001/XMLSchema#string""},""new_value"":{""kind"":""literal"",""lexical"":""profiles=expanded_resources;near_miss=wrong_scope"",""datatype"":""http://www.w3.org/2001/XMLSchema#string""}}",READY,Added in external-real-v4-evidence-aligned; candidate order rotates and is not an oracle code.
EXT_E118,CAND_001,csf2_quick_start_guides=previous_or_not_encoded,"{""operator"":""REPLACE_PROPERTY_VALUE"",""subject_iri"":""file:///G:/LearnAI/ontology-evolution/external-real-v4-evidence-aligned#Cybersecurity_Framework_2_0____CSF_2_0_quick_start_guides"",""predicate_iri"":""file:///G:/LearnAI/ontology-evolution/external-real-v4-evidence-aligned#resource_status"",""old_value"":{""kind"":""literal"",""lexical"":""csf2_quick_start_guides=previous_or_not_encoded"",""datatype"":""http://www.w3.org/2001/XMLSchema#string""},""new_value"":{""kind"":""literal"",""lexical"":""csf2_quick_start_guides=previous_or_not_encoded"",""datatype"":""http://www.w3.org/2001/XMLSchema#string""}}",READY,Added in external-real-v4-evidence-aligned; candidate order rotates and is not an oracle code.
EXT_E118,CAND_002,quick_start_guides=available,"{""operator"":""REPLACE_PROPERTY_VALUE"",""subject_iri"":""file:///G:/LearnAI/ontology-evolution/external-real-v4-evidence-aligned#Cybersecurity_Framework_2_0____CSF_2_0_quick_start_guides"",""predicate_iri"":""file:///G:/LearnAI/ontology-evolution/external-real-v4-evidence-aligned#resource_status"",""old_value"":{""kind"":""literal"",""lexical"":""csf2_quick_start_guides=previous_or_not_encoded"",""datatype"":""http://www.w3.org/2001/XMLSchema#string""},""new_value"":{""kind"":""literal"",""lexical"":""quick_start_guides=available"",""datatype"":""http://www.w3.org/2001/XMLSchema#string""}}",READY,Added in external-real-v4-evidence-aligned; candidate order rotates and is not an oracle code.
EXT_E118,CAND_003,quick_start_guides=available;near_miss=wrong_scope,"{""operator"":""REPLACE_PROPERTY_VALUE"",""subject_iri"":""file:///G:/LearnAI/ontology-evolution/external-real-v4-evidence-aligned#Cybersecurity_Framework_2_0____CSF_2_0_quick_start_guides"",""predicate_iri"":""file:///G:/LearnAI/ontology-evolution/external-real-v4-evidence-aligned#resource_status"",""old_value"":{""kind"":""literal"",""lexical"":""csf2_quick_start_guides=previous_or_not_encoded"",""datatype"":""http://www.w3.org/2001/XMLSchema#string""},""new_value"":{""kind"":""literal"",""lexical"":""quick_start_guides=available;near_miss=wrong_scope"",""datatype"":""http://www.w3.org/2001/XMLSchema#string""}}",READY,Added in external-real-v4-evidence-aligned; candidate order rotates and is not an oracle code.
EXT_E119,CAND_001,csf2_informative_references=previous_or_not_encoded,"{""operator"":""REPLACE_PROPERTY_VALUE"",""subject_iri"":""file:///G:/LearnAI/ontology-evolution/external-real-v4-evidence-aligned#Cybersecurity_Framework_2_0____CSF_2_0_informative_references"",""predicate_iri"":""file:///G:/LearnAI/ontology-evolution/external-real-v4-evidence-aligned#mapping_status"",""old_value"":{""kind"":""literal"",""lexical"":""csf2_informative_references=previous_or_not_encoded"",""datatype"":""http://www.w3.org/2001/XMLSchema#string""},""new_value"":{""kind"":""literal"",""lexical"":""csf2_informative_references=previous_or_not_encoded"",""datatype"":""http://www.w3.org/2001/XMLSchema#string""}}",READY,Added in external-real-v4-evidence-aligned; candidate order rotates and is not an oracle code.
EXT_E119,CAND_002,references=searchable_catalog;near_miss=wrong_scope,"{""operator"":""REPLACE_PROPERTY_VALUE"",""subject_iri"":""file:///G:/LearnAI/ontology-evolution/external-real-v4-evidence-aligned#Cybersecurity_Framework_2_0____CSF_2_0_informative_references"",""predicate_iri"":""file:///G:/LearnAI/ontology-evolution/external-real-v4-evidence-aligned#mapping_status"",""old_value"":{""kind"":""literal"",""lexical"":""csf2_informative_references=previous_or_not_encoded"",""datatype"":""http://www.w3.org/2001/XMLSchema#string""},""new_value"":{""kind"":""literal"",""lexical"":""references=searchable_catalog;near_miss=wrong_scope"",""datatype"":""http://www.w3.org/2001/XMLSchema#string""}}",READY,Added in external-real-v4-evidence-aligned; candidate order rotates and is not an oracle code.
EXT_E119,CAND_003,references=searchable_catalog,"{""operator"":""REPLACE_PROPERTY_VALUE"",""subject_iri"":""file:///G:/LearnAI/ontology-evolution/external-real-v4-evidence-aligned#Cybersecurity_Framework_2_0____CSF_2_0_informative_references"",""predicate_iri"":""file:///G:/LearnAI/ontology-evolution/external-real-v4-evidence-aligned#mapping_status"",""old_value"":{""kind"":""literal"",""lexical"":""csf2_informative_references=previous_or_not_encoded"",""datatype"":""http://www.w3.org/2001/XMLSchema#string""},""new_value"":{""kind"":""literal"",""lexical"":""references=searchable_catalog"",""datatype"":""http://www.w3.org/2001/XMLSchema#string""}}",READY,Added in external-real-v4-evidence-aligned; candidate order rotates and is not an oracle code.
EXT_E120,CAND_001,tool=reference_export,"{""operator"":""REPLACE_PROPERTY_VALUE"",""subject_iri"":""file:///G:/LearnAI/ontology-evolution/external-real-v4-evidence-aligned#Cybersecurity_Framework_2_0____CSF_2_0_reference_tool"",""predicate_iri"":""file:///G:/LearnAI/ontology-evolution/external-real-v4-evidence-aligned#tool_status"",""old_value"":{""kind"":""literal"",""lexical"":""csf2_reference_tool=previous_or_not_encoded"",""datatype"":""http://www.w3.org/2001/XMLSchema#string""},""new_value"":{""kind"":""literal"",""lexical"":""tool=reference_export"",""datatype"":""http://www.w3.org/2001/XMLSchema#string""}}",READY,Added in external-real-v4-evidence-aligned; candidate order rotates and is not an oracle code.
EXT_E120,CAND_002,csf2_reference_tool=previous_or_not_encoded,"{""operator"":""REPLACE_PROPERTY_VALUE"",""subject_iri"":""file:///G:/LearnAI/ontology-evolution/external-real-v4-evidence-aligned#Cybersecurity_Framework_2_0____CSF_2_0_reference_tool"",""predicate_iri"":""file:///G:/LearnAI/ontology-evolution/external-real-v4-evidence-aligned#tool_status"",""old_value"":{""kind"":""literal"",""lexical"":""csf2_reference_tool=previous_or_not_encoded"",""datatype"":""http://www.w3.org/2001/XMLSchema#string""},""new_value"":{""kind"":""literal"",""lexical"":""csf2_reference_tool=previous_or_not_encoded"",""datatype"":""http://www.w3.org/2001/XMLSchema#string""}}",READY,Added in external-real-v4-evidence-aligned; candidate order rotates and is not an oracle code.
EXT_E120,CAND_003,tool=reference_export;near_miss=wrong_scope,"{""operator"":""REPLACE_PROPERTY_VALUE"",""subject_iri"":""file:///G:/LearnAI/ontology-evolution/external-real-v4-evidence-aligned#Cybersecurity_Framework_2_0____CSF_2_0_reference_tool"",""predicate_iri"":""file:///G:/LearnAI/ontology-evolution/external-real-v4-evidence-aligned#tool_status"",""old_value"":{""kind"":""literal"",""lexical"":""csf2_reference_tool=previous_or_not_encoded"",""datatype"":""http://www.w3.org/2001/XMLSchema#string""},""new_value"":{""kind"":""literal"",""lexical"":""tool=reference_export;near_miss=wrong_scope"",""datatype"":""http://www.w3.org/2001/XMLSchema#string""}}",READY,Added in external-real-v4-evidence-aligned; candidate order rotates and is not an oracle code.
EXT_E121,CAND_001,csf2_enterprise_risk=previous_or_not_encoded,"{""operator"":""REPLACE_PROPERTY_VALUE"",""subject_iri"":""file:///G:/LearnAI/ontology-evolution/external-real-v4-evidence-aligned#Cybersecurity_Framework_2_0____CSF_2_0_enterprise_risk_framing"",""predicate_iri"":""file:///G:/LearnAI/ontology-evolution/external-real-v4-evidence-aligned#scope"",""old_value"":{""kind"":""literal"",""lexical"":""csf2_enterprise_risk=previous_or_not_encoded"",""datatype"":""http://www.w3.org/2001/XMLSchema#string""},""new_value"":{""kind"":""literal"",""lexical"":""csf2_enterprise_risk=previous_or_not_encoded"",""datatype"":""http://www.w3.org/2001/XMLSchema#string""}}",READY,Added in external-real-v4-evidence-aligned; candidate order rotates and is not an oracle code.
EXT_E121,CAND_002,scope=enterprise_risk,"{""operator"":""REPLACE_PROPERTY_VALUE"",""subject_iri"":""file:///G:/LearnAI/ontology-evolution/external-real-v4-evidence-aligned#Cybersecurity_Framework_2_0____CSF_2_0_enterprise_risk_framing"",""predicate_iri"":""file:///G:/LearnAI/ontology-evolution/external-real-v4-evidence-aligned#scope"",""old_value"":{""kind"":""literal"",""lexical"":""csf2_enterprise_risk=previous_or_not_encoded"",""datatype"":""http://www.w3.org/2001/XMLSchema#string""},""new_value"":{""kind"":""literal"",""lexical"":""scope=enterprise_risk"",""datatype"":""http://www.w3.org/2001/XMLSchema#string""}}",READY,Added in external-real-v4-evidence-aligned; candidate order rotates and is not an oracle code.
EXT_E121,CAND_003,scope=enterprise_risk;near_miss=wrong_scope,"{""operator"":""REPLACE_PROPERTY_VALUE"",""subject_iri"":""file:///G:/LearnAI/ontology-evolution/external-real-v4-evidence-aligned#Cybersecurity_Framework_2_0____CSF_2_0_enterprise_risk_framing"",""predicate_iri"":""file:///G:/LearnAI/ontology-evolution/external-real-v4-evidence-aligned#scope"",""old_value"":{""kind"":""literal"",""lexical"":""csf2_enterprise_risk=previous_or_not_encoded"",""datatype"":""http://www.w3.org/2001/XMLSchema#string""},""new_value"":{""kind"":""literal"",""lexical"":""scope=enterprise_risk;near_miss=wrong_scope"",""datatype"":""http://www.w3.org/2001/XMLSchema#string""}}",READY,Added in external-real-v4-evidence-aligned; candidate order rotates and is not an oracle code.
EXT_E122,CAND_001,csf2_small_business_audience=previous_or_not_encoded,"{""operator"":""REPLACE_PROPERTY_VALUE"",""subject_iri"":""file:///G:/LearnAI/ontology-evolution/external-real-v4-evidence-aligned#Cybersecurity_Framework_2_0____CSF_2_0_small_business_audience"",""predicate_iri"":""file:///G:/LearnAI/ontology-evolution/external-real-v4-evidence-aligned#audience"",""old_value"":{""kind"":""literal"",""lexical"":""csf2_small_business_audience=previous_or_not_encoded"",""datatype"":""http://www.w3.org/2001/XMLSchema#string""},""new_value"":{""kind"":""literal"",""lexical"":""csf2_small_business_audience=previous_or_not_encoded"",""datatype"":""http://www.w3.org/2001/XMLSchema#string""}}",READY,Added in external-real-v4-evidence-aligned; candidate order rotates and is not an oracle code.
EXT_E122,CAND_002,audience=small_business_supported;near_miss=wrong_scope,"{""operator"":""REPLACE_PROPERTY_VALUE"",""subject_iri"":""file:///G:/LearnAI/ontology-evolution/external-real-v4-evidence-aligned#Cybersecurity_Framework_2_0____CSF_2_0_small_business_audience"",""predicate_iri"":""file:///G:/LearnAI/ontology-evolution/external-real-v4-evidence-aligned#audience"",""old_value"":{""kind"":""literal"",""lexical"":""csf2_small_business_audience=previous_or_not_encoded"",""datatype"":""http://www.w3.org/2001/XMLSchema#string""},""new_value"":{""kind"":""literal"",""lexical"":""audience=small_business_supported;near_miss=wrong_scope"",""datatype"":""http://www.w3.org/2001/XMLSchema#string""}}",READY,Added in external-real-v4-evidence-aligned; candidate order rotates and is not an oracle code.
EXT_E122,CAND_003,audience=small_business_supported,"{""operator"":""REPLACE_PROPERTY_VALUE"",""subject_iri"":""file:///G:/LearnAI/ontology-evolution/external-real-v4-evidence-aligned#Cybersecurity_Framework_2_0____CSF_2_0_small_business_audience"",""predicate_iri"":""file:///G:/LearnAI/ontology-evolution/external-real-v4-evidence-aligned#audience"",""old_value"":{""kind"":""literal"",""lexical"":""csf2_small_business_audience=previous_or_not_encoded"",""datatype"":""http://www.w3.org/2001/XMLSchema#string""},""new_value"":{""kind"":""literal"",""lexical"":""audience=small_business_supported"",""datatype"":""http://www.w3.org/2001/XMLSchema#string""}}",READY,Added in external-real-v4-evidence-aligned; candidate order rotates and is not an oracle code.
EXT_E123,CAND_001,core=updated,"{""operator"":""REPLACE_PROPERTY_VALUE"",""subject_iri"":""file:///G:/LearnAI/ontology-evolution/external-real-v4-evidence-aligned#Cybersecurity_Framework_2_0____CSF_2_0_core_guidance_update"",""predicate_iri"":""file:///G:/LearnAI/ontology-evolution/external-real-v4-evidence-aligned#core_status"",""old_value"":{""kind"":""literal"",""lexical"":""csf2_core_guidance_update=previous_or_not_encoded"",""datatype"":""http://www.w3.org/2001/XMLSchema#string""},""new_value"":{""kind"":""literal"",""lexical"":""core=updated"",""datatype"":""http://www.w3.org/2001/XMLSchema#string""}}",READY,Added in external-real-v4-evidence-aligned; candidate order rotates and is not an oracle code.
EXT_E123,CAND_002,csf2_core_guidance_update=previous_or_not_encoded,"{""operator"":""REPLACE_PROPERTY_VALUE"",""subject_iri"":""file:///G:/LearnAI/ontology-evolution/external-real-v4-evidence-aligned#Cybersecurity_Framework_2_0____CSF_2_0_core_guidance_update"",""predicate_iri"":""file:///G:/LearnAI/ontology-evolution/external-real-v4-evidence-aligned#core_status"",""old_value"":{""kind"":""literal"",""lexical"":""csf2_core_guidance_update=previous_or_not_encoded"",""datatype"":""http://www.w3.org/2001/XMLSchema#string""},""new_value"":{""kind"":""literal"",""lexical"":""csf2_core_guidance_update=previous_or_not_encoded"",""datatype"":""http://www.w3.org/2001/XMLSchema#string""}}",READY,Added in external-real-v4-evidence-aligned; candidate order rotates and is not an oracle code.
EXT_E123,CAND_003,core=updated;near_miss=wrong_scope,"{""operator"":""REPLACE_PROPERTY_VALUE"",""subject_iri"":""file:///G:/LearnAI/ontology-evolution/external-real-v4-evidence-aligned#Cybersecurity_Framework_2_0____CSF_2_0_core_guidance_update"",""predicate_iri"":""file:///G:/LearnAI/ontology-evolution/external-real-v4-evidence-aligned#core_status"",""old_value"":{""kind"":""literal"",""lexical"":""csf2_core_guidance_update=previous_or_not_encoded"",""datatype"":""http://www.w3.org/2001/XMLSchema#string""},""new_value"":{""kind"":""literal"",""lexical"":""core=updated;near_miss=wrong_scope"",""datatype"":""http://www.w3.org/2001/XMLSchema#string""}}",READY,Added in external-real-v4-evidence-aligned; candidate order rotates and is not an oracle code.
EXT_E124,CAND_001,csf2_governance_decisions=previous_or_not_encoded,"{""operator"":""REPLACE_PROPERTY_VALUE"",""subject_iri"":""file:///G:/LearnAI/ontology-evolution/external-real-v4-evidence-aligned#Cybersecurity_Framework_2_0____CSF_governance_decision_making"",""predicate_iri"":""file:///G:/LearnAI/ontology-evolution/external-real-v4-evidence-aligned#governance_rule"",""old_value"":{""kind"":""literal"",""lexical"":""csf2_governance_decisions=previous_or_not_encoded"",""datatype"":""http://www.w3.org/2001/XMLSchema#string""},""new_value"":{""kind"":""literal"",""lexical"":""csf2_governance_decisions=previous_or_not_encoded"",""datatype"":""http://www.w3.org/2001/XMLSchema#string""}}",READY,Added in external-real-v4-evidence-aligned; candidate order rotates and is not an oracle code.
EXT_E124,CAND_002,requirement=informed_decisions,"{""operator"":""REPLACE_PROPERTY_VALUE"",""subject_iri"":""file:///G:/LearnAI/ontology-evolution/external-real-v4-evidence-aligned#Cybersecurity_Framework_2_0____CSF_governance_decision_making"",""predicate_iri"":""file:///G:/LearnAI/ontology-evolution/external-real-v4-evidence-aligned#governance_rule"",""old_value"":{""kind"":""literal"",""lexical"":""csf2_governance_decisions=previous_or_not_encoded"",""datatype"":""http://www.w3.org/2001/XMLSchema#string""},""new_value"":{""kind"":""literal"",""lexical"":""requirement=informed_decisions"",""datatype"":""http://www.w3.org/2001/XMLSchema#string""}}",READY,Added in external-real-v4-evidence-aligned; candidate order rotates and is not an oracle code.
EXT_E124,CAND_003,requirement=informed_decisions;near_miss=wrong_scope,"{""operator"":""REPLACE_PROPERTY_VALUE"",""subject_iri"":""file:///G:/LearnAI/ontology-evolution/external-real-v4-evidence-aligned#Cybersecurity_Framework_2_0____CSF_governance_decision_making"",""predicate_iri"":""file:///G:/LearnAI/ontology-evolution/external-real-v4-evidence-aligned#governance_rule"",""old_value"":{""kind"":""literal"",""lexical"":""csf2_governance_decisions=previous_or_not_encoded"",""datatype"":""http://www.w3.org/2001/XMLSchema#string""},""new_value"":{""kind"":""literal"",""lexical"":""requirement=informed_decisions;near_miss=wrong_scope"",""datatype"":""http://www.w3.org/2001/XMLSchema#string""}}",READY,Added in external-real-v4-evidence-aligned; candidate order rotates and is not an oracle code.
EXT_E125,CAND_001,csf2_lifecycle_functions=previous_or_not_encoded,"{""operator"":""REPLACE_PROPERTY_VALUE"",""subject_iri"":""file:///G:/LearnAI/ontology-evolution/external-real-v4-evidence-aligned#Cybersecurity_Framework_2_0____CSF_2_0_lifecycle_functions"",""predicate_iri"":""file:///G:/LearnAI/ontology-evolution/external-real-v4-evidence-aligned#function_scope"",""old_value"":{""kind"":""literal"",""lexical"":""csf2_lifecycle_functions=previous_or_not_encoded"",""datatype"":""http://www.w3.org/2001/XMLSchema#string""},""new_value"":{""kind"":""literal"",""lexical"":""csf2_lifecycle_functions=previous_or_not_encoded"",""datatype"":""http://www.w3.org/2001/XMLSchema#string""}}",READY,Added in external-real-v4-evidence-aligned; candidate order rotates and is not an oracle code.
EXT_E125,CAND_002,scope=six_functions;near_miss=wrong_scope,"{""operator"":""REPLACE_PROPERTY_VALUE"",""subject_iri"":""file:///G:/LearnAI/ontology-evolution/external-real-v4-evidence-aligned#Cybersecurity_Framework_2_0____CSF_2_0_lifecycle_functions"",""predicate_iri"":""file:///G:/LearnAI/ontology-evolution/external-real-v4-evidence-aligned#function_scope"",""old_value"":{""kind"":""literal"",""lexical"":""csf2_lifecycle_functions=previous_or_not_encoded"",""datatype"":""http://www.w3.org/2001/XMLSchema#string""},""new_value"":{""kind"":""literal"",""lexical"":""scope=six_functions;near_miss=wrong_scope"",""datatype"":""http://www.w3.org/2001/XMLSchema#string""}}",READY,Added in external-real-v4-evidence-aligned; candidate order rotates and is not an oracle code.
EXT_E125,CAND_003,scope=six_functions,"{""operator"":""REPLACE_PROPERTY_VALUE"",""subject_iri"":""file:///G:/LearnAI/ontology-evolution/external-real-v4-evidence-aligned#Cybersecurity_Framework_2_0____CSF_2_0_lifecycle_functions"",""predicate_iri"":""file:///G:/LearnAI/ontology-evolution/external-real-v4-evidence-aligned#function_scope"",""old_value"":{""kind"":""literal"",""lexical"":""csf2_lifecycle_functions=previous_or_not_encoded"",""datatype"":""http://www.w3.org/2001/XMLSchema#string""},""new_value"":{""kind"":""literal"",""lexical"":""scope=six_functions"",""datatype"":""http://www.w3.org/2001/XMLSchema#string""}}",READY,Added in external-real-v4-evidence-aligned; candidate order rotates and is not an oracle code.
EXT_E126,CAND_001,translations=published_or_planned,"{""operator"":""REPLACE_PROPERTY_VALUE"",""subject_iri"":""file:///G:/LearnAI/ontology-evolution/external-real-v4-evidence-aligned#Cybersecurity_Framework_2_0____CSF_2_0_translations"",""predicate_iri"":""file:///G:/LearnAI/ontology-evolution/external-real-v4-evidence-aligned#resource_status"",""old_value"":{""kind"":""literal"",""lexical"":""csf2_translation_resources=previous_or_not_encoded"",""datatype"":""http://www.w3.org/2001/XMLSchema#string""},""new_value"":{""kind"":""literal"",""lexical"":""translations=published_or_planned"",""datatype"":""http://www.w3.org/2001/XMLSchema#string""}}",READY,Added in external-real-v4-evidence-aligned; candidate order rotates and is not an oracle code.
EXT_E126,CAND_002,csf2_translation_resources=previous_or_not_encoded,"{""operator"":""REPLACE_PROPERTY_VALUE"",""subject_iri"":""file:///G:/LearnAI/ontology-evolution/external-real-v4-evidence-aligned#Cybersecurity_Framework_2_0____CSF_2_0_translations"",""predicate_iri"":""file:///G:/LearnAI/ontology-evolution/external-real-v4-evidence-aligned#resource_status"",""old_value"":{""kind"":""literal"",""lexical"":""csf2_translation_resources=previous_or_not_encoded"",""datatype"":""http://www.w3.org/2001/XMLSchema#string""},""new_value"":{""kind"":""literal"",""lexical"":""csf2_translation_resources=previous_or_not_encoded"",""datatype"":""http://www.w3.org/2001/XMLSchema#string""}}",READY,Added in external-real-v4-evidence-aligned; candidate order rotates and is not an oracle code.
EXT_E126,CAND_003,translations=published_or_planned;near_miss=wrong_scope,"{""operator"":""REPLACE_PROPERTY_VALUE"",""subject_iri"":""file:///G:/LearnAI/ontology-evolution/external-real-v4-evidence-aligned#Cybersecurity_Framework_2_0____CSF_2_0_translations"",""predicate_iri"":""file:///G:/LearnAI/ontology-evolution/external-real-v4-evidence-aligned#resource_status"",""old_value"":{""kind"":""literal"",""lexical"":""csf2_translation_resources=previous_or_not_encoded"",""datatype"":""http://www.w3.org/2001/XMLSchema#string""},""new_value"":{""kind"":""literal"",""lexical"":""translations=published_or_planned;near_miss=wrong_scope"",""datatype"":""http://www.w3.org/2001/XMLSchema#string""}}",READY,Added in external-real-v4-evidence-aligned; candidate order rotates and is not an oracle code.
EXT_E127,CAND_001,csf2_ai_qsg=previous_or_not_encoded,"{""operator"":""REPLACE_PROPERTY_VALUE"",""subject_iri"":""file:///G:/LearnAI/ontology-evolution/external-real-v4-evidence-aligned#Cybersecurity_Framework_2_0____CSF_AI_quick_start_draft"",""predicate_iri"":""file:///G:/LearnAI/ontology-evolution/external-real-v4-evidence-aligned#draft_resource"",""old_value"":{""kind"":""literal"",""lexical"":""csf2_ai_qsg=previous_or_not_encoded"",""datatype"":""http://www.w3.org/2001/XMLSchema#string""},""new_value"":{""kind"":""literal"",""lexical"":""csf2_ai_qsg=previous_or_not_encoded"",""datatype"":""http://www.w3.org/2001/XMLSchema#string""}}",READY,Added in external-real-v4-evidence-aligned; candidate order rotates and is not an oracle code.
EXT_E127,CAND_002,resource=ai_qsg_ipd,"{""operator"":""REPLACE_PROPERTY_VALUE"",""subject_iri"":""file:///G:/LearnAI/ontology-evolution/external-real-v4-evidence-aligned#Cybersecurity_Framework_2_0____CSF_AI_quick_start_draft"",""predicate_iri"":""file:///G:/LearnAI/ontology-evolution/external-real-v4-evidence-aligned#draft_resource"",""old_value"":{""kind"":""literal"",""lexical"":""csf2_ai_qsg=previous_or_not_encoded"",""datatype"":""http://www.w3.org/2001/XMLSchema#string""},""new_value"":{""kind"":""literal"",""lexical"":""resource=ai_qsg_ipd"",""datatype"":""http://www.w3.org/2001/XMLSchema#string""}}",READY,Added in external-real-v4-evidence-aligned; candidate order rotates and is not an oracle code.
EXT_E127,CAND_003,resource=ai_qsg_ipd;near_miss=wrong_scope,"{""operator"":""REPLACE_PROPERTY_VALUE"",""subject_iri"":""file:///G:/LearnAI/ontology-evolution/external-real-v4-evidence-aligned#Cybersecurity_Framework_2_0____CSF_AI_quick_start_draft"",""predicate_iri"":""file:///G:/LearnAI/ontology-evolution/external-real-v4-evidence-aligned#draft_resource"",""old_value"":{""kind"":""literal"",""lexical"":""csf2_ai_qsg=previous_or_not_encoded"",""datatype"":""http://www.w3.org/2001/XMLSchema#string""},""new_value"":{""kind"":""literal"",""lexical"":""resource=ai_qsg_ipd;near_miss=wrong_scope"",""datatype"":""http://www.w3.org/2001/XMLSchema#string""}}",READY,Added in external-real-v4-evidence-aligned; candidate order rotates and is not an oracle code.
EXT_E128,CAND_001,csf2_mappings_overlap=previous_or_not_encoded,"{""operator"":""REPLACE_PROPERTY_VALUE"",""subject_iri"":""file:///G:/LearnAI/ontology-evolution/external-real-v4-evidence-aligned#Cybersecurity_Framework_2_0____CSF_informative_reference_mappings"",""predicate_iri"":""file:///G:/LearnAI/ontology-evolution/external-real-v4-evidence-aligned#mapping_scope"",""old_value"":{""kind"":""literal"",""lexical"":""csf2_mappings_overlap=previous_or_not_encoded"",""datatype"":""http://www.w3.org/2001/XMLSchema#string""},""new_value"":{""kind"":""literal"",""lexical"":""csf2_mappings_overlap=previous_or_not_encoded"",""datatype"":""http://www.w3.org/2001/XMLSchema#string""}}",READY,Added in external-real-v4-evidence-aligned; candidate order rotates and is not an oracle code.
EXT_E128,CAND_002,scope=overlap_mappings;near_miss=wrong_scope,"{""operator"":""REPLACE_PROPERTY_VALUE"",""subject_iri"":""file:///G:/LearnAI/ontology-evolution/external-real-v4-evidence-aligned#Cybersecurity_Framework_2_0____CSF_informative_reference_mappings"",""predicate_iri"":""file:///G:/LearnAI/ontology-evolution/external-real-v4-evidence-aligned#mapping_scope"",""old_value"":{""kind"":""literal"",""lexical"":""csf2_mappings_overlap=previous_or_not_encoded"",""datatype"":""http://www.w3.org/2001/XMLSchema#string""},""new_value"":{""kind"":""literal"",""lexical"":""scope=overlap_mappings;near_miss=wrong_scope"",""datatype"":""http://www.w3.org/2001/XMLSchema#string""}}",READY,Added in external-real-v4-evidence-aligned; candidate order rotates and is not an oracle code.
EXT_E128,CAND_003,scope=overlap_mappings,"{""operator"":""REPLACE_PROPERTY_VALUE"",""subject_iri"":""file:///G:/LearnAI/ontology-evolution/external-real-v4-evidence-aligned#Cybersecurity_Framework_2_0____CSF_informative_reference_mappings"",""predicate_iri"":""file:///G:/LearnAI/ontology-evolution/external-real-v4-evidence-aligned#mapping_scope"",""old_value"":{""kind"":""literal"",""lexical"":""csf2_mappings_overlap=previous_or_not_encoded"",""datatype"":""http://www.w3.org/2001/XMLSchema#string""},""new_value"":{""kind"":""literal"",""lexical"":""scope=overlap_mappings"",""datatype"":""http://www.w3.org/2001/XMLSchema#string""}}",READY,Added in external-real-v4-evidence-aligned; candidate order rotates and is not an oracle code.
EXT_E129,CAND_001,scope=community_profiles,"{""operator"":""REPLACE_PROPERTY_VALUE"",""subject_iri"":""file:///G:/LearnAI/ontology-evolution/external-real-v4-evidence-aligned#Cybersecurity_Framework_2_0____CSF_profiles_templates"",""predicate_iri"":""file:///G:/LearnAI/ontology-evolution/external-real-v4-evidence-aligned#profile_scope"",""old_value"":{""kind"":""literal"",""lexical"":""csf2_community_profiles=previous_or_not_encoded"",""datatype"":""http://www.w3.org/2001/XMLSchema#string""},""new_value"":{""kind"":""literal"",""lexical"":""scope=community_profiles"",""datatype"":""http://www.w3.org/2001/XMLSchema#string""}}",READY,Added in external-real-v4-evidence-aligned; candidate order rotates and is not an oracle code.
EXT_E129,CAND_002,csf2_community_profiles=previous_or_not_encoded,"{""operator"":""REPLACE_PROPERTY_VALUE"",""subject_iri"":""file:///G:/LearnAI/ontology-evolution/external-real-v4-evidence-aligned#Cybersecurity_Framework_2_0____CSF_profiles_templates"",""predicate_iri"":""file:///G:/LearnAI/ontology-evolution/external-real-v4-evidence-aligned#profile_scope"",""old_value"":{""kind"":""literal"",""lexical"":""csf2_community_profiles=previous_or_not_encoded"",""datatype"":""http://www.w3.org/2001/XMLSchema#string""},""new_value"":{""kind"":""literal"",""lexical"":""csf2_community_profiles=previous_or_not_encoded"",""datatype"":""http://www.w3.org/2001/XMLSchema#string""}}",READY,Added in external-real-v4-evidence-aligned; candidate order rotates and is not an oracle code.
EXT_E129,CAND_003,scope=community_profiles;near_miss=wrong_scope,"{""operator"":""REPLACE_PROPERTY_VALUE"",""subject_iri"":""file:///G:/LearnAI/ontology-evolution/external-real-v4-evidence-aligned#Cybersecurity_Framework_2_0____CSF_profiles_templates"",""predicate_iri"":""file:///G:/LearnAI/ontology-evolution/external-real-v4-evidence-aligned#profile_scope"",""old_value"":{""kind"":""literal"",""lexical"":""csf2_community_profiles=previous_or_not_encoded"",""datatype"":""http://www.w3.org/2001/XMLSchema#string""},""new_value"":{""kind"":""literal"",""lexical"":""scope=community_profiles;near_miss=wrong_scope"",""datatype"":""http://www.w3.org/2001/XMLSchema#string""}}",READY,Added in external-real-v4-evidence-aligned; candidate order rotates and is not an oracle code.
EXT_E130,CAND_001,csf2_noncritical_infrastructure=previous_or_not_encoded,"{""operator"":""REPLACE_PROPERTY_VALUE"",""subject_iri"":""file:///G:/LearnAI/ontology-evolution/external-real-v4-evidence-aligned#Cybersecurity_Framework_2_0____CSF_non_critical_infrastructure_applicability"",""predicate_iri"":""file:///G:/LearnAI/ontology-evolution/external-real-v4-evidence-aligned#scope"",""old_value"":{""kind"":""literal"",""lexical"":""csf2_noncritical_infrastructure=previous_or_not_encoded"",""datatype"":""http://www.w3.org/2001/XMLSchema#string""},""new_value"":{""kind"":""literal"",""lexical"":""csf2_noncritical_infrastructure=previous_or_not_encoded"",""datatype"":""http://www.w3.org/2001/XMLSchema#string""}}",READY,Added in external-real-v4-evidence-aligned; candidate order rotates and is not an oracle code.
EXT_E130,CAND_002,scope=beyond_critical_infrastructure,"{""operator"":""REPLACE_PROPERTY_VALUE"",""subject_iri"":""file:///G:/LearnAI/ontology-evolution/external-real-v4-evidence-aligned#Cybersecurity_Framework_2_0____CSF_non_critical_infrastructure_applicability"",""predicate_iri"":""file:///G:/LearnAI/ontology-evolution/external-real-v4-evidence-aligned#scope"",""old_value"":{""kind"":""literal"",""lexical"":""csf2_noncritical_infrastructure=previous_or_not_encoded"",""datatype"":""http://www.w3.org/2001/XMLSchema#string""},""new_value"":{""kind"":""literal"",""lexical"":""scope=beyond_critical_infrastructure"",""datatype"":""http://www.w3.org/2001/XMLSchema#string""}}",READY,Added in external-real-v4-evidence-aligned; candidate order rotates and is not an oracle code.
EXT_E130,CAND_003,scope=beyond_critical_infrastructure;near_miss=wrong_scope,"{""operator"":""REPLACE_PROPERTY_VALUE"",""subject_iri"":""file:///G:/LearnAI/ontology-evolution/external-real-v4-evidence-aligned#Cybersecurity_Framework_2_0____CSF_non_critical_infrastructure_applicability"",""predicate_iri"":""file:///G:/LearnAI/ontology-evolution/external-real-v4-evidence-aligned#scope"",""old_value"":{""kind"":""literal"",""lexical"":""csf2_noncritical_infrastructure=previous_or_not_encoded"",""datatype"":""http://www.w3.org/2001/XMLSchema#string""},""new_value"":{""kind"":""literal"",""lexical"":""scope=beyond_critical_infrastructure;near_miss=wrong_scope"",""datatype"":""http://www.w3.org/2001/XMLSchema#string""}}",READY,Added in external-real-v4-evidence-aligned; candidate order rotates and is not an oracle code.
EXT_E131,CAND_001,csf2_risk_manager_pathway=previous_or_not_encoded,"{""operator"":""REPLACE_PROPERTY_VALUE"",""subject_iri"":""file:///G:/LearnAI/ontology-evolution/external-real-v4-evidence-aligned#Cybersecurity_Framework_2_0____CSF_enterprise_risk_manager_pathway"",""predicate_iri"":""file:///G:/LearnAI/ontology-evolution/external-real-v4-evidence-aligned#audience"",""old_value"":{""kind"":""literal"",""lexical"":""csf2_risk_manager_pathway=previous_or_not_encoded"",""datatype"":""http://www.w3.org/2001/XMLSchema#string""},""new_value"":{""kind"":""literal"",""lexical"":""csf2_risk_manager_pathway=previous_or_not_encoded"",""datatype"":""http://www.w3.org/2001/XMLSchema#string""}}",READY,Added in external-real-v4-evidence-aligned; candidate order rotates and is not an oracle code.
EXT_E131,CAND_002,audience=enterprise_risk_manager;near_miss=wrong_scope,"{""operator"":""REPLACE_PROPERTY_VALUE"",""subject_iri"":""file:///G:/LearnAI/ontology-evolution/external-real-v4-evidence-aligned#Cybersecurity_Framework_2_0____CSF_enterprise_risk_manager_pathway"",""predicate_iri"":""file:///G:/LearnAI/ontology-evolution/external-real-v4-evidence-aligned#audience"",""old_value"":{""kind"":""literal"",""lexical"":""csf2_risk_manager_pathway=previous_or_not_encoded"",""datatype"":""http://www.w3.org/2001/XMLSchema#string""},""new_value"":{""kind"":""literal"",""lexical"":""audience=enterprise_risk_manager;near_miss=wrong_scope"",""datatype"":""http://www.w3.org/2001/XMLSchema#string""}}",READY,Added in external-real-v4-evidence-aligned; candidate order rotates and is not an oracle code.
EXT_E131,CAND_003,audience=enterprise_risk_manager,"{""operator"":""REPLACE_PROPERTY_VALUE"",""subject_iri"":""file:///G:/LearnAI/ontology-evolution/external-real-v4-evidence-aligned#Cybersecurity_Framework_2_0____CSF_enterprise_risk_manager_pathway"",""predicate_iri"":""file:///G:/LearnAI/ontology-evolution/external-real-v4-evidence-aligned#audience"",""old_value"":{""kind"":""literal"",""lexical"":""csf2_risk_manager_pathway=previous_or_not_encoded"",""datatype"":""http://www.w3.org/2001/XMLSchema#string""},""new_value"":{""kind"":""literal"",""lexical"":""audience=enterprise_risk_manager"",""datatype"":""http://www.w3.org/2001/XMLSchema#string""}}",READY,Added in external-real-v4-evidence-aligned; candidate order rotates and is not an oracle code.
EXT_E132,CAND_001,audience=supply_chain,"{""operator"":""REPLACE_PROPERTY_VALUE"",""subject_iri"":""file:///G:/LearnAI/ontology-evolution/external-real-v4-evidence-aligned#Cybersecurity_Framework_2_0____CSF_supply_chain_pathway"",""predicate_iri"":""file:///G:/LearnAI/ontology-evolution/external-real-v4-evidence-aligned#audience"",""old_value"":{""kind"":""literal"",""lexical"":""csf2_supply_chain_pathway=previous_or_not_encoded"",""datatype"":""http://www.w3.org/2001/XMLSchema#string""},""new_value"":{""kind"":""literal"",""lexical"":""audience=supply_chain"",""datatype"":""http://www.w3.org/2001/XMLSchema#string""}}",READY,Added in external-real-v4-evidence-aligned; candidate order rotates and is not an oracle code.
EXT_E132,CAND_002,csf2_supply_chain_pathway=previous_or_not_encoded,"{""operator"":""REPLACE_PROPERTY_VALUE"",""subject_iri"":""file:///G:/LearnAI/ontology-evolution/external-real-v4-evidence-aligned#Cybersecurity_Framework_2_0____CSF_supply_chain_pathway"",""predicate_iri"":""file:///G:/LearnAI/ontology-evolution/external-real-v4-evidence-aligned#audience"",""old_value"":{""kind"":""literal"",""lexical"":""csf2_supply_chain_pathway=previous_or_not_encoded"",""datatype"":""http://www.w3.org/2001/XMLSchema#string""},""new_value"":{""kind"":""literal"",""lexical"":""csf2_supply_chain_pathway=previous_or_not_encoded"",""datatype"":""http://www.w3.org/2001/XMLSchema#string""}}",READY,Added in external-real-v4-evidence-aligned; candidate order rotates and is not an oracle code.
EXT_E132,CAND_003,audience=supply_chain;near_miss=wrong_scope,"{""operator"":""REPLACE_PROPERTY_VALUE"",""subject_iri"":""file:///G:/LearnAI/ontology-evolution/external-real-v4-evidence-aligned#Cybersecurity_Framework_2_0____CSF_supply_chain_pathway"",""predicate_iri"":""file:///G:/LearnAI/ontology-evolution/external-real-v4-evidence-aligned#audience"",""old_value"":{""kind"":""literal"",""lexical"":""csf2_supply_chain_pathway=previous_or_not_encoded"",""datatype"":""http://www.w3.org/2001/XMLSchema#string""},""new_value"":{""kind"":""literal"",""lexical"":""audience=supply_chain;near_miss=wrong_scope"",""datatype"":""http://www.w3.org/2001/XMLSchema#string""}}",READY,Added in external-real-v4-evidence-aligned; candidate order rotates and is not an oracle code.
EXT_E133,CAND_001,csf2_continuous_improvement=previous_or_not_encoded,"{""operator"":""REPLACE_PROPERTY_VALUE"",""subject_iri"":""file:///G:/LearnAI/ontology-evolution/external-real-v4-evidence-aligned#Cybersecurity_Framework_2_0____CSF_continuous_improvement_framing"",""predicate_iri"":""file:///G:/LearnAI/ontology-evolution/external-real-v4-evidence-aligned#process_rule"",""old_value"":{""kind"":""literal"",""lexical"":""csf2_continuous_improvement=previous_or_not_encoded"",""datatype"":""http://www.w3.org/2001/XMLSchema#string""},""new_value"":{""kind"":""literal"",""lexical"":""csf2_continuous_improvement=previous_or_not_encoded"",""datatype"":""http://www.w3.org/2001/XMLSchema#string""}}",READY,Added in external-real-v4-evidence-aligned; candidate order rotates and is not an oracle code.
EXT_E133,CAND_002,process=customize_over_time,"{""operator"":""REPLACE_PROPERTY_VALUE"",""subject_iri"":""file:///G:/LearnAI/ontology-evolution/external-real-v4-evidence-aligned#Cybersecurity_Framework_2_0____CSF_continuous_improvement_framing"",""predicate_iri"":""file:///G:/LearnAI/ontology-evolution/external-real-v4-evidence-aligned#process_rule"",""old_value"":{""kind"":""literal"",""lexical"":""csf2_continuous_improvement=previous_or_not_encoded"",""datatype"":""http://www.w3.org/2001/XMLSchema#string""},""new_value"":{""kind"":""literal"",""lexical"":""process=customize_over_time"",""datatype"":""http://www.w3.org/2001/XMLSchema#string""}}",READY,Added in external-real-v4-evidence-aligned; candidate order rotates and is not an oracle code.
EXT_E133,CAND_003,process=customize_over_time;near_miss=wrong_scope,"{""operator"":""REPLACE_PROPERTY_VALUE"",""subject_iri"":""file:///G:/LearnAI/ontology-evolution/external-real-v4-evidence-aligned#Cybersecurity_Framework_2_0____CSF_continuous_improvement_framing"",""predicate_iri"":""file:///G:/LearnAI/ontology-evolution/external-real-v4-evidence-aligned#process_rule"",""old_value"":{""kind"":""literal"",""lexical"":""csf2_continuous_improvement=previous_or_not_encoded"",""datatype"":""http://www.w3.org/2001/XMLSchema#string""},""new_value"":{""kind"":""literal"",""lexical"":""process=customize_over_time;near_miss=wrong_scope"",""datatype"":""http://www.w3.org/2001/XMLSchema#string""}}",READY,Added in external-real-v4-evidence-aligned; candidate order rotates and is not an oracle code.
EXT_E134,CAND_001,pf11_update_status=previous_or_not_encoded,"{""operator"":""REPLACE_PROPERTY_VALUE"",""subject_iri"":""file:///G:/LearnAI/ontology-evolution/external-real-v4-evidence-aligned#Privacy_Framework_1_1_Initial_Public_Draft____Privacy_Framework_1_1_update_status"",""predicate_iri"":""file:///G:/LearnAI/ontology-evolution/external-real-v4-evidence-aligned#version_status"",""old_value"":{""kind"":""literal"",""lexical"":""pf11_update_status=previous_or_not_encoded"",""datatype"":""http://www.w3.org/2001/XMLSchema#string""},""new_value"":{""kind"":""literal"",""lexical"":""pf11_update_status=previous_or_not_encoded"",""datatype"":""http://www.w3.org/2001/XMLSchema#string""}}",READY,Added in external-real-v4-evidence-aligned; candidate order rotates and is not an oracle code.
EXT_E134,CAND_002,version=1_1_ipd;near_miss=wrong_scope,"{""operator"":""REPLACE_PROPERTY_VALUE"",""subject_iri"":""file:///G:/LearnAI/ontology-evolution/external-real-v4-evidence-aligned#Privacy_Framework_1_1_Initial_Public_Draft____Privacy_Framework_1_1_update_status"",""predicate_iri"":""file:///G:/LearnAI/ontology-evolution/external-real-v4-evidence-aligned#version_status"",""old_value"":{""kind"":""literal"",""lexical"":""pf11_update_status=previous_or_not_encoded"",""datatype"":""http://www.w3.org/2001/XMLSchema#string""},""new_value"":{""kind"":""literal"",""lexical"":""version=1_1_ipd;near_miss=wrong_scope"",""datatype"":""http://www.w3.org/2001/XMLSchema#string""}}",READY,Added in external-real-v4-evidence-aligned; candidate order rotates and is not an oracle code.
EXT_E134,CAND_003,version=1_1_ipd,"{""operator"":""REPLACE_PROPERTY_VALUE"",""subject_iri"":""file:///G:/LearnAI/ontology-evolution/external-real-v4-evidence-aligned#Privacy_Framework_1_1_Initial_Public_Draft____Privacy_Framework_1_1_update_status"",""predicate_iri"":""file:///G:/LearnAI/ontology-evolution/external-real-v4-evidence-aligned#version_status"",""old_value"":{""kind"":""literal"",""lexical"":""pf11_update_status=previous_or_not_encoded"",""datatype"":""http://www.w3.org/2001/XMLSchema#string""},""new_value"":{""kind"":""literal"",""lexical"":""version=1_1_ipd"",""datatype"":""http://www.w3.org/2001/XMLSchema#string""}}",READY,Added in external-real-v4-evidence-aligned; candidate order rotates and is not an oracle code.
EXT_E136,CAND_001,pf11_mapping_resource=previous_or_not_encoded,"{""operator"":""REPLACE_PROPERTY_VALUE"",""subject_iri"":""file:///G:/LearnAI/ontology-evolution/external-real-v4-evidence-aligned#Privacy_Framework_1_1_Initial_Public_Draft____PF_1_0_to_PF_1_1_mapping"",""predicate_iri"":""file:///G:/LearnAI/ontology-evolution/external-real-v4-evidence-aligned#mapping_status"",""old_value"":{""kind"":""literal"",""lexical"":""pf11_mapping_resource=previous_or_not_encoded"",""datatype"":""http://www.w3.org/2001/XMLSchema#string""},""new_value"":{""kind"":""literal"",""lexical"":""pf11_mapping_resource=previous_or_not_encoded"",""datatype"":""http://www.w3.org/2001/XMLSchema#string""}}",READY,Added in external-real-v4-evidence-aligned; candidate order rotates and is not an oracle code.
EXT_E136,CAND_002,mapping=core_traceability,"{""operator"":""REPLACE_PROPERTY_VALUE"",""subject_iri"":""file:///G:/LearnAI/ontology-evolution/external-real-v4-evidence-aligned#Privacy_Framework_1_1_Initial_Public_Draft____PF_1_0_to_PF_1_1_mapping"",""predicate_iri"":""file:///G:/LearnAI/ontology-evolution/external-real-v4-evidence-aligned#mapping_status"",""old_value"":{""kind"":""literal"",""lexical"":""pf11_mapping_resource=previous_or_not_encoded"",""datatype"":""http://www.w3.org/2001/XMLSchema#string""},""new_value"":{""kind"":""literal"",""lexical"":""mapping=core_traceability"",""datatype"":""http://www.w3.org/2001/XMLSchema#string""}}",READY,Added in external-real-v4-evidence-aligned; candidate order rotates and is not an oracle code.
EXT_E136,CAND_003,mapping=core_traceability;near_miss=wrong_scope,"{""operator"":""REPLACE_PROPERTY_VALUE"",""subject_iri"":""file:///G:/LearnAI/ontology-evolution/external-real-v4-evidence-aligned#Privacy_Framework_1_1_Initial_Public_Draft____PF_1_0_to_PF_1_1_mapping"",""predicate_iri"":""file:///G:/LearnAI/ontology-evolution/external-real-v4-evidence-aligned#mapping_status"",""old_value"":{""kind"":""literal"",""lexical"":""pf11_mapping_resource=previous_or_not_encoded"",""datatype"":""http://www.w3.org/2001/XMLSchema#string""},""new_value"":{""kind"":""literal"",""lexical"":""mapping=core_traceability;near_miss=wrong_scope"",""datatype"":""http://www.w3.org/2001/XMLSchema#string""}}",READY,Added in external-real-v4-evidence-aligned; candidate order rotates and is not an oracle code.
EXT_E137,CAND_001,pf11_comment_period=previous_or_not_encoded,"{""operator"":""REPLACE_PROPERTY_VALUE"",""subject_iri"":""file:///G:/LearnAI/ontology-evolution/external-real-v4-evidence-aligned#Privacy_Framework_1_1_Initial_Public_Draft____Privacy_Framework_public_comment_period"",""predicate_iri"":""file:///G:/LearnAI/ontology-evolution/external-real-v4-evidence-aligned#comment_status"",""old_value"":{""kind"":""literal"",""lexical"":""pf11_comment_period=previous_or_not_encoded"",""datatype"":""http://www.w3.org/2001/XMLSchema#string""},""new_value"":{""kind"":""literal"",""lexical"":""pf11_comment_period=previous_or_not_encoded"",""datatype"":""http://www.w3.org/2001/XMLSchema#string""}}",READY,Added in external-real-v4-evidence-aligned; candidate order rotates and is not an oracle code.
EXT_E137,CAND_002,comment_period=closed_2025_06_13;near_miss=wrong_scope,"{""operator"":""REPLACE_PROPERTY_VALUE"",""subject_iri"":""file:///G:/LearnAI/ontology-evolution/external-real-v4-evidence-aligned#Privacy_Framework_1_1_Initial_Public_Draft____Privacy_Framework_public_comment_period"",""predicate_iri"":""file:///G:/LearnAI/ontology-evolution/external-real-v4-evidence-aligned#comment_status"",""old_value"":{""kind"":""literal"",""lexical"":""pf11_comment_period=previous_or_not_encoded"",""datatype"":""http://www.w3.org/2001/XMLSchema#string""},""new_value"":{""kind"":""literal"",""lexical"":""comment_period=closed_2025_06_13;near_miss=wrong_scope"",""datatype"":""http://www.w3.org/2001/XMLSchema#string""}}",READY,Added in external-real-v4-evidence-aligned; candidate order rotates and is not an oracle code.
EXT_E137,CAND_003,comment_period=closed_2025_06_13,"{""operator"":""REPLACE_PROPERTY_VALUE"",""subject_iri"":""file:///G:/LearnAI/ontology-evolution/external-real-v4-evidence-aligned#Privacy_Framework_1_1_Initial_Public_Draft____Privacy_Framework_public_comment_period"",""predicate_iri"":""file:///G:/LearnAI/ontology-evolution/external-real-v4-evidence-aligned#comment_status"",""old_value"":{""kind"":""literal"",""lexical"":""pf11_comment_period=previous_or_not_encoded"",""datatype"":""http://www.w3.org/2001/XMLSchema#string""},""new_value"":{""kind"":""literal"",""lexical"":""comment_period=closed_2025_06_13"",""datatype"":""http://www.w3.org/2001/XMLSchema#string""}}",READY,Added in external-real-v4-evidence-aligned; candidate order rotates and is not an oracle code.
EXT_E139,CAND_001,pf11_current_risk_needs=previous_or_not_encoded,"{""operator"":""REPLACE_PROPERTY_VALUE"",""subject_iri"":""file:///G:/LearnAI/ontology-evolution/external-real-v4-evidence-aligned#Privacy_Framework_1_1_Initial_Public_Draft____Privacy_Framework_current_risk_needs"",""predicate_iri"":""file:///G:/LearnAI/ontology-evolution/external-real-v4-evidence-aligned#scope"",""old_value"":{""kind"":""literal"",""lexical"":""pf11_current_risk_needs=previous_or_not_encoded"",""datatype"":""http://www.w3.org/2001/XMLSchema#string""},""new_value"":{""kind"":""literal"",""lexical"":""pf11_current_risk_needs=previous_or_not_encoded"",""datatype"":""http://www.w3.org/2001/XMLSchema#string""}}",READY,Added in external-real-v4-evidence-aligned; candidate order rotates and is not an oracle code.
EXT_E139,CAND_002,scope=current_privacy_risk,"{""operator"":""REPLACE_PROPERTY_VALUE"",""subject_iri"":""file:///G:/LearnAI/ontology-evolution/external-real-v4-evidence-aligned#Privacy_Framework_1_1_Initial_Public_Draft____Privacy_Framework_current_risk_needs"",""predicate_iri"":""file:///G:/LearnAI/ontology-evolution/external-real-v4-evidence-aligned#scope"",""old_value"":{""kind"":""literal"",""lexical"":""pf11_current_risk_needs=previous_or_not_encoded"",""datatype"":""http://www.w3.org/2001/XMLSchema#string""},""new_value"":{""kind"":""literal"",""lexical"":""scope=current_privacy_risk"",""datatype"":""http://www.w3.org/2001/XMLSchema#string""}}",READY,Added in external-real-v4-evidence-aligned; candidate order rotates and is not an oracle code.
EXT_E139,CAND_003,scope=current_privacy_risk;near_miss=wrong_scope,"{""operator"":""REPLACE_PROPERTY_VALUE"",""subject_iri"":""file:///G:/LearnAI/ontology-evolution/external-real-v4-evidence-aligned#Privacy_Framework_1_1_Initial_Public_Draft____Privacy_Framework_current_risk_needs"",""predicate_iri"":""file:///G:/LearnAI/ontology-evolution/external-real-v4-evidence-aligned#scope"",""old_value"":{""kind"":""literal"",""lexical"":""pf11_current_risk_needs=previous_or_not_encoded"",""datatype"":""http://www.w3.org/2001/XMLSchema#string""},""new_value"":{""kind"":""literal"",""lexical"":""scope=current_privacy_risk;near_miss=wrong_scope"",""datatype"":""http://www.w3.org/2001/XMLSchema#string""}}",READY,Added in external-real-v4-evidence-aligned; candidate order rotates and is not an oracle code.
EXT_E140,CAND_001,pf11_data_governance_profile=previous_or_not_encoded,"{""operator"":""REPLACE_PROPERTY_VALUE"",""subject_iri"":""file:///G:/LearnAI/ontology-evolution/external-real-v4-evidence-aligned#Privacy_Framework_1_1_Initial_Public_Draft____Privacy_data_governance_profile_workshop"",""predicate_iri"":""file:///G:/LearnAI/ontology-evolution/external-real-v4-evidence-aligned#profile_status"",""old_value"":{""kind"":""literal"",""lexical"":""pf11_data_governance_profile=previous_or_not_encoded"",""datatype"":""http://www.w3.org/2001/XMLSchema#string""},""new_value"":{""kind"":""literal"",""lexical"":""pf11_data_governance_profile=previous_or_not_encoded"",""datatype"":""http://www.w3.org/2001/XMLSchema#string""}}",READY,Added in external-real-v4-evidence-aligned; candidate order rotates and is not an oracle code.
EXT_E140,CAND_002,profile=data_governance;near_miss=wrong_scope,"{""operator"":""REPLACE_PROPERTY_VALUE"",""subject_iri"":""file:///G:/LearnAI/ontology-evolution/external-real-v4-evidence-aligned#Privacy_Framework_1_1_Initial_Public_Draft____Privacy_data_governance_profile_workshop"",""predicate_iri"":""file:///G:/LearnAI/ontology-evolution/external-real-v4-evidence-aligned#profile_status"",""old_value"":{""kind"":""literal"",""lexical"":""pf11_data_governance_profile=previous_or_not_encoded"",""datatype"":""http://www.w3.org/2001/XMLSchema#string""},""new_value"":{""kind"":""literal"",""lexical"":""profile=data_governance;near_miss=wrong_scope"",""datatype"":""http://www.w3.org/2001/XMLSchema#string""}}",READY,Added in external-real-v4-evidence-aligned; candidate order rotates and is not an oracle code.
EXT_E140,CAND_003,profile=data_governance,"{""operator"":""REPLACE_PROPERTY_VALUE"",""subject_iri"":""file:///G:/LearnAI/ontology-evolution/external-real-v4-evidence-aligned#Privacy_Framework_1_1_Initial_Public_Draft____Privacy_data_governance_profile_workshop"",""predicate_iri"":""file:///G:/LearnAI/ontology-evolution/external-real-v4-evidence-aligned#profile_status"",""old_value"":{""kind"":""literal"",""lexical"":""pf11_data_governance_profile=previous_or_not_encoded"",""datatype"":""http://www.w3.org/2001/XMLSchema#string""},""new_value"":{""kind"":""literal"",""lexical"":""profile=data_governance"",""datatype"":""http://www.w3.org/2001/XMLSchema#string""}}",READY,Added in external-real-v4-evidence-aligned; candidate order rotates and is not an oracle code.
EXT_E141,CAND_001,resources=ipd_bundle,"{""operator"":""REPLACE_PROPERTY_VALUE"",""subject_iri"":""file:///G:/LearnAI/ontology-evolution/external-real-v4-evidence-aligned#Privacy_Framework_1_1_Initial_Public_Draft____Privacy_Framework_IPD_resource_bundle"",""predicate_iri"":""file:///G:/LearnAI/ontology-evolution/external-real-v4-evidence-aligned#resource_status"",""old_value"":{""kind"":""literal"",""lexical"":""pf11_ipd_resource_bundle=previous_or_not_encoded"",""datatype"":""http://www.w3.org/2001/XMLSchema#string""},""new_value"":{""kind"":""literal"",""lexical"":""resources=ipd_bundle"",""datatype"":""http://www.w3.org/2001/XMLSchema#string""}}",READY,Added in external-real-v4-evidence-aligned; candidate order rotates and is not an oracle code.
EXT_E141,CAND_002,pf11_ipd_resource_bundle=previous_or_not_encoded,"{""operator"":""REPLACE_PROPERTY_VALUE"",""subject_iri"":""file:///G:/LearnAI/ontology-evolution/external-real-v4-evidence-aligned#Privacy_Framework_1_1_Initial_Public_Draft____Privacy_Framework_IPD_resource_bundle"",""predicate_iri"":""file:///G:/LearnAI/ontology-evolution/external-real-v4-evidence-aligned#resource_status"",""old_value"":{""kind"":""literal"",""lexical"":""pf11_ipd_resource_bundle=previous_or_not_encoded"",""datatype"":""http://www.w3.org/2001/XMLSchema#string""},""new_value"":{""kind"":""literal"",""lexical"":""pf11_ipd_resource_bundle=previous_or_not_encoded"",""datatype"":""http://www.w3.org/2001/XMLSchema#string""}}",READY,Added in external-real-v4-evidence-aligned; candidate order rotates and is not an oracle code.
EXT_E141,CAND_003,resources=ipd_bundle;near_miss=wrong_scope,"{""operator"":""REPLACE_PROPERTY_VALUE"",""subject_iri"":""file:///G:/LearnAI/ontology-evolution/external-real-v4-evidence-aligned#Privacy_Framework_1_1_Initial_Public_Draft____Privacy_Framework_IPD_resource_bundle"",""predicate_iri"":""file:///G:/LearnAI/ontology-evolution/external-real-v4-evidence-aligned#resource_status"",""old_value"":{""kind"":""literal"",""lexical"":""pf11_ipd_resource_bundle=previous_or_not_encoded"",""datatype"":""http://www.w3.org/2001/XMLSchema#string""},""new_value"":{""kind"":""literal"",""lexical"":""resources=ipd_bundle;near_miss=wrong_scope"",""datatype"":""http://www.w3.org/2001/XMLSchema#string""}}",READY,Added in external-real-v4-evidence-aligned; candidate order rotates and is not an oracle code.
EXT_E142,CAND_001,pf11_core_category_trace=previous_or_not_encoded,"{""operator"":""REPLACE_PROPERTY_VALUE"",""subject_iri"":""file:///G:/LearnAI/ontology-evolution/external-real-v4-evidence-aligned#Privacy_Framework_1_1_Initial_Public_Draft____Privacy_Framework_core_category_trace"",""predicate_iri"":""file:///G:/LearnAI/ontology-evolution/external-real-v4-evidence-aligned#mapping_status"",""old_value"":{""kind"":""literal"",""lexical"":""pf11_core_category_trace=previous_or_not_encoded"",""datatype"":""http://www.w3.org/2001/XMLSchema#string""},""new_value"":{""kind"":""literal"",""lexical"":""pf11_core_category_trace=previous_or_not_encoded"",""datatype"":""http://www.w3.org/2001/XMLSchema#string""}}",READY,Added in external-real-v4-evidence-aligned; candidate order rotates and is not an oracle code.
EXT_E142,CAND_002,trace=core_categories,"{""operator"":""REPLACE_PROPERTY_VALUE"",""subject_iri"":""file:///G:/LearnAI/ontology-evolution/external-real-v4-evidence-aligned#Privacy_Framework_1_1_Initial_Public_Draft____Privacy_Framework_core_category_trace"",""predicate_iri"":""file:///G:/LearnAI/ontology-evolution/external-real-v4-evidence-aligned#mapping_status"",""old_value"":{""kind"":""literal"",""lexical"":""pf11_core_category_trace=previous_or_not_encoded"",""datatype"":""http://www.w3.org/2001/XMLSchema#string""},""new_value"":{""kind"":""literal"",""lexical"":""trace=core_categories"",""datatype"":""http://www.w3.org/2001/XMLSchema#string""}}",READY,Added in external-real-v4-evidence-aligned; candidate order rotates and is not an oracle code.
EXT_E142,CAND_003,trace=core_categories;near_miss=wrong_scope,"{""operator"":""REPLACE_PROPERTY_VALUE"",""subject_iri"":""file:///G:/LearnAI/ontology-evolution/external-real-v4-evidence-aligned#Privacy_Framework_1_1_Initial_Public_Draft____Privacy_Framework_core_category_trace"",""predicate_iri"":""file:///G:/LearnAI/ontology-evolution/external-real-v4-evidence-aligned#mapping_status"",""old_value"":{""kind"":""literal"",""lexical"":""pf11_core_category_trace=previous_or_not_encoded"",""datatype"":""http://www.w3.org/2001/XMLSchema#string""},""new_value"":{""kind"":""literal"",""lexical"":""trace=core_categories;near_miss=wrong_scope"",""datatype"":""http://www.w3.org/2001/XMLSchema#string""}}",READY,Added in external-real-v4-evidence-aligned; candidate order rotates and is not an oracle code.
EXT_E144,CAND_001,scope=evolving_tool,"{""operator"":""REPLACE_PROPERTY_VALUE"",""subject_iri"":""file:///G:/LearnAI/ontology-evolution/external-real-v4-evidence-aligned#Privacy_Framework_1_1_Initial_Public_Draft____Privacy_Framework_living_tool_scope"",""predicate_iri"":""file:///G:/LearnAI/ontology-evolution/external-real-v4-evidence-aligned#scope"",""old_value"":{""kind"":""literal"",""lexical"":""pf11_living_tool_scope=previous_or_not_encoded"",""datatype"":""http://www.w3.org/2001/XMLSchema#string""},""new_value"":{""kind"":""literal"",""lexical"":""scope=evolving_tool"",""datatype"":""http://www.w3.org/2001/XMLSchema#string""}}",READY,Added in external-real-v4-evidence-aligned; candidate order rotates and is not an oracle code.
EXT_E144,CAND_002,pf11_living_tool_scope=previous_or_not_encoded,"{""operator"":""REPLACE_PROPERTY_VALUE"",""subject_iri"":""file:///G:/LearnAI/ontology-evolution/external-real-v4-evidence-aligned#Privacy_Framework_1_1_Initial_Public_Draft____Privacy_Framework_living_tool_scope"",""predicate_iri"":""file:///G:/LearnAI/ontology-evolution/external-real-v4-evidence-aligned#scope"",""old_value"":{""kind"":""literal"",""lexical"":""pf11_living_tool_scope=previous_or_not_encoded"",""datatype"":""http://www.w3.org/2001/XMLSchema#string""},""new_value"":{""kind"":""literal"",""lexical"":""pf11_living_tool_scope=previous_or_not_encoded"",""datatype"":""http://www.w3.org/2001/XMLSchema#string""}}",READY,Added in external-real-v4-evidence-aligned; candidate order rotates and is not an oracle code.
EXT_E144,CAND_003,scope=evolving_tool;near_miss=wrong_scope,"{""operator"":""REPLACE_PROPERTY_VALUE"",""subject_iri"":""file:///G:/LearnAI/ontology-evolution/external-real-v4-evidence-aligned#Privacy_Framework_1_1_Initial_Public_Draft____Privacy_Framework_living_tool_scope"",""predicate_iri"":""file:///G:/LearnAI/ontology-evolution/external-real-v4-evidence-aligned#scope"",""old_value"":{""kind"":""literal"",""lexical"":""pf11_living_tool_scope=previous_or_not_encoded"",""datatype"":""http://www.w3.org/2001/XMLSchema#string""},""new_value"":{""kind"":""literal"",""lexical"":""scope=evolving_tool;near_miss=wrong_scope"",""datatype"":""http://www.w3.org/2001/XMLSchema#string""}}",READY,Added in external-real-v4-evidence-aligned; candidate order rotates and is not an oracle code.
EXT_E145,CAND_001,pf11_stakeholder_response=previous_or_not_encoded,"{""operator"":""REPLACE_PROPERTY_VALUE"",""subject_iri"":""file:///G:/LearnAI/ontology-evolution/external-real-v4-evidence-aligned#Privacy_Framework_1_1_Initial_Public_Draft____Privacy_Framework_stakeholder_response"",""predicate_iri"":""file:///G:/LearnAI/ontology-evolution/external-real-v4-evidence-aligned#change_basis"",""old_value"":{""kind"":""literal"",""lexical"":""pf11_stakeholder_response=previous_or_not_encoded"",""datatype"":""http://www.w3.org/2001/XMLSchema#string""},""new_value"":{""kind"":""literal"",""lexical"":""pf11_stakeholder_response=previous_or_not_encoded"",""datatype"":""http://www.w3.org/2001/XMLSchema#string""}}",READY,Added in external-real-v4-evidence-aligned; candidate order rotates and is not an oracle code.
EXT_E145,CAND_002,basis=stakeholder_needs,"{""operator"":""REPLACE_PROPERTY_VALUE"",""subject_iri"":""file:///G:/LearnAI/ontology-evolution/external-real-v4-evidence-aligned#Privacy_Framework_1_1_Initial_Public_Draft____Privacy_Framework_stakeholder_response"",""predicate_iri"":""file:///G:/LearnAI/ontology-evolution/external-real-v4-evidence-aligned#change_basis"",""old_value"":{""kind"":""literal"",""lexical"":""pf11_stakeholder_response=previous_or_not_encoded"",""datatype"":""http://www.w3.org/2001/XMLSchema#string""},""new_value"":{""kind"":""literal"",""lexical"":""basis=stakeholder_needs"",""datatype"":""http://www.w3.org/2001/XMLSchema#string""}}",READY,Added in external-real-v4-evidence-aligned; candidate order rotates and is not an oracle code.
EXT_E145,CAND_003,basis=stakeholder_needs;near_miss=wrong_scope,"{""operator"":""REPLACE_PROPERTY_VALUE"",""subject_iri"":""file:///G:/LearnAI/ontology-evolution/external-real-v4-evidence-aligned#Privacy_Framework_1_1_Initial_Public_Draft____Privacy_Framework_stakeholder_response"",""predicate_iri"":""file:///G:/LearnAI/ontology-evolution/external-real-v4-evidence-aligned#change_basis"",""old_value"":{""kind"":""literal"",""lexical"":""pf11_stakeholder_response=previous_or_not_encoded"",""datatype"":""http://www.w3.org/2001/XMLSchema#string""},""new_value"":{""kind"":""literal"",""lexical"":""basis=stakeholder_needs;near_miss=wrong_scope"",""datatype"":""http://www.w3.org/2001/XMLSchema#string""}}",READY,Added in external-real-v4-evidence-aligned; candidate order rotates and is not an oracle code.
EXT_E146,CAND_001,pf11_update_project_timeline=previous_or_not_encoded,"{""operator"":""REPLACE_PROPERTY_VALUE"",""subject_iri"":""file:///G:/LearnAI/ontology-evolution/external-real-v4-evidence-aligned#Privacy_Framework_1_1_Initial_Public_Draft____Privacy_Framework_update_project_timeline"",""predicate_iri"":""file:///G:/LearnAI/ontology-evolution/external-real-v4-evidence-aligned#timeline"",""old_value"":{""kind"":""literal"",""lexical"":""pf11_update_project_timeline=previous_or_not_encoded"",""datatype"":""http://www.w3.org/2001/XMLSchema#string""},""new_value"":{""kind"":""literal"",""lexical"":""pf11_update_project_timeline=previous_or_not_encoded"",""datatype"":""http://www.w3.org/2001/XMLSchema#string""}}",READY,Added in external-real-v4-evidence-aligned; candidate order rotates and is not an oracle code.
EXT_E146,CAND_002,timeline=2024_2025_update;near_miss=wrong_scope,"{""operator"":""REPLACE_PROPERTY_VALUE"",""subject_iri"":""file:///G:/LearnAI/ontology-evolution/external-real-v4-evidence-aligned#Privacy_Framework_1_1_Initial_Public_Draft____Privacy_Framework_update_project_timeline"",""predicate_iri"":""file:///G:/LearnAI/ontology-evolution/external-real-v4-evidence-aligned#timeline"",""old_value"":{""kind"":""literal"",""lexical"":""pf11_update_project_timeline=previous_or_not_encoded"",""datatype"":""http://www.w3.org/2001/XMLSchema#string""},""new_value"":{""kind"":""literal"",""lexical"":""timeline=2024_2025_update;near_miss=wrong_scope"",""datatype"":""http://www.w3.org/2001/XMLSchema#string""}}",READY,Added in external-real-v4-evidence-aligned; candidate order rotates and is not an oracle code.
EXT_E146,CAND_003,timeline=2024_2025_update,"{""operator"":""REPLACE_PROPERTY_VALUE"",""subject_iri"":""file:///G:/LearnAI/ontology-evolution/external-real-v4-evidence-aligned#Privacy_Framework_1_1_Initial_Public_Draft____Privacy_Framework_update_project_timeline"",""predicate_iri"":""file:///G:/LearnAI/ontology-evolution/external-real-v4-evidence-aligned#timeline"",""old_value"":{""kind"":""literal"",""lexical"":""pf11_update_project_timeline=previous_or_not_encoded"",""datatype"":""http://www.w3.org/2001/XMLSchema#string""},""new_value"":{""kind"":""literal"",""lexical"":""timeline=2024_2025_update"",""datatype"":""http://www.w3.org/2001/XMLSchema#string""}}",READY,Added in external-real-v4-evidence-aligned; candidate order rotates and is not an oracle code.
EXT_E147,CAND_001,scope=joint_use_with_csf,"{""operator"":""REPLACE_PROPERTY_VALUE"",""subject_iri"":""file:///G:/LearnAI/ontology-evolution/external-real-v4-evidence-aligned#Privacy_Framework_1_1_Initial_Public_Draft____Privacy_Framework_and_CSF_joint_use"",""predicate_iri"":""file:///G:/LearnAI/ontology-evolution/external-real-v4-evidence-aligned#scope"",""old_value"":{""kind"":""literal"",""lexical"":""pf11_privacy_csf_joint_use=previous_or_not_encoded"",""datatype"":""http://www.w3.org/2001/XMLSchema#string""},""new_value"":{""kind"":""literal"",""lexical"":""scope=joint_use_with_csf"",""datatype"":""http://www.w3.org/2001/XMLSchema#string""}}",READY,Added in external-real-v4-evidence-aligned; candidate order rotates and is not an oracle code.
EXT_E147,CAND_002,pf11_privacy_csf_joint_use=previous_or_not_encoded,"{""operator"":""REPLACE_PROPERTY_VALUE"",""subject_iri"":""file:///G:/LearnAI/ontology-evolution/external-real-v4-evidence-aligned#Privacy_Framework_1_1_Initial_Public_Draft____Privacy_Framework_and_CSF_joint_use"",""predicate_iri"":""file:///G:/LearnAI/ontology-evolution/external-real-v4-evidence-aligned#scope"",""old_value"":{""kind"":""literal"",""lexical"":""pf11_privacy_csf_joint_use=previous_or_not_encoded"",""datatype"":""http://www.w3.org/2001/XMLSchema#string""},""new_value"":{""kind"":""literal"",""lexical"":""pf11_privacy_csf_joint_use=previous_or_not_encoded"",""datatype"":""http://www.w3.org/2001/XMLSchema#string""}}",READY,Added in external-real-v4-evidence-aligned; candidate order rotates and is not an oracle code.
EXT_E147,CAND_003,scope=joint_use_with_csf;near_miss=wrong_scope,"{""operator"":""REPLACE_PROPERTY_VALUE"",""subject_iri"":""file:///G:/LearnAI/ontology-evolution/external-real-v4-evidence-aligned#Privacy_Framework_1_1_Initial_Public_Draft____Privacy_Framework_and_CSF_joint_use"",""predicate_iri"":""file:///G:/LearnAI/ontology-evolution/external-real-v4-evidence-aligned#scope"",""old_value"":{""kind"":""literal"",""lexical"":""pf11_privacy_csf_joint_use=previous_or_not_encoded"",""datatype"":""http://www.w3.org/2001/XMLSchema#string""},""new_value"":{""kind"":""literal"",""lexical"":""scope=joint_use_with_csf;near_miss=wrong_scope"",""datatype"":""http://www.w3.org/2001/XMLSchema#string""}}",READY,Added in external-real-v4-evidence-aligned; candidate order rotates and is not an oracle code.
EXT_E148,CAND_001,pf11_ipd_pdf=previous_or_not_encoded,"{""operator"":""REPLACE_PROPERTY_VALUE"",""subject_iri"":""file:///G:/LearnAI/ontology-evolution/external-real-v4-evidence-aligned#Privacy_Framework_1_1_Initial_Public_Draft____Privacy_Framework_IPD_PDF_availability"",""predicate_iri"":""file:///G:/LearnAI/ontology-evolution/external-real-v4-evidence-aligned#resource_status"",""old_value"":{""kind"":""literal"",""lexical"":""pf11_ipd_pdf=previous_or_not_encoded"",""datatype"":""http://www.w3.org/2001/XMLSchema#string""},""new_value"":{""kind"":""literal"",""lexical"":""pf11_ipd_pdf=previous_or_not_encoded"",""datatype"":""http://www.w3.org/2001/XMLSchema#string""}}",READY,Added in external-real-v4-evidence-aligned; candidate order rotates and is not an oracle code.
EXT_E148,CAND_002,resource=ipd_pdf,"{""operator"":""REPLACE_PROPERTY_VALUE"",""subject_iri"":""file:///G:/LearnAI/ontology-evolution/external-real-v4-evidence-aligned#Privacy_Framework_1_1_Initial_Public_Draft____Privacy_Framework_IPD_PDF_availability"",""predicate_iri"":""file:///G:/LearnAI/ontology-evolution/external-real-v4-evidence-aligned#resource_status"",""old_value"":{""kind"":""literal"",""lexical"":""pf11_ipd_pdf=previous_or_not_encoded"",""datatype"":""http://www.w3.org/2001/XMLSchema#string""},""new_value"":{""kind"":""literal"",""lexical"":""resource=ipd_pdf"",""datatype"":""http://www.w3.org/2001/XMLSchema#string""}}",READY,Added in external-real-v4-evidence-aligned; candidate order rotates and is not an oracle code.
EXT_E148,CAND_003,resource=ipd_pdf;near_miss=wrong_scope,"{""operator"":""REPLACE_PROPERTY_VALUE"",""subject_iri"":""file:///G:/LearnAI/ontology-evolution/external-real-v4-evidence-aligned#Privacy_Framework_1_1_Initial_Public_Draft____Privacy_Framework_IPD_PDF_availability"",""predicate_iri"":""file:///G:/LearnAI/ontology-evolution/external-real-v4-evidence-aligned#resource_status"",""old_value"":{""kind"":""literal"",""lexical"":""pf11_ipd_pdf=previous_or_not_encoded"",""datatype"":""http://www.w3.org/2001/XMLSchema#string""},""new_value"":{""kind"":""literal"",""lexical"":""resource=ipd_pdf;near_miss=wrong_scope"",""datatype"":""http://www.w3.org/2001/XMLSchema#string""}}",READY,Added in external-real-v4-evidence-aligned; candidate order rotates and is not an oracle code.
EXT_E149,CAND_001,pf11_mapping_xlsx=previous_or_not_encoded,"{""operator"":""REPLACE_PROPERTY_VALUE"",""subject_iri"":""file:///G:/LearnAI/ontology-evolution/external-real-v4-evidence-aligned#Privacy_Framework_1_1_Initial_Public_Draft____Privacy_Framework_mapping_spreadsheet"",""predicate_iri"":""file:///G:/LearnAI/ontology-evolution/external-real-v4-evidence-aligned#resource_status"",""old_value"":{""kind"":""literal"",""lexical"":""pf11_mapping_xlsx=previous_or_not_encoded"",""datatype"":""http://www.w3.org/2001/XMLSchema#string""},""new_value"":{""kind"":""literal"",""lexical"":""pf11_mapping_xlsx=previous_or_not_encoded"",""datatype"":""http://www.w3.org/2001/XMLSchema#string""}}",READY,Added in external-real-v4-evidence-aligned; candidate order rotates and is not an oracle code.
EXT_E149,CAND_002,resource=mapping_xlsx;near_miss=wrong_scope,"{""operator"":""REPLACE_PROPERTY_VALUE"",""subject_iri"":""file:///G:/LearnAI/ontology-evolution/external-real-v4-evidence-aligned#Privacy_Framework_1_1_Initial_Public_Draft____Privacy_Framework_mapping_spreadsheet"",""predicate_iri"":""file:///G:/LearnAI/ontology-evolution/external-real-v4-evidence-aligned#resource_status"",""old_value"":{""kind"":""literal"",""lexical"":""pf11_mapping_xlsx=previous_or_not_encoded"",""datatype"":""http://www.w3.org/2001/XMLSchema#string""},""new_value"":{""kind"":""literal"",""lexical"":""resource=mapping_xlsx;near_miss=wrong_scope"",""datatype"":""http://www.w3.org/2001/XMLSchema#string""}}",READY,Added in external-real-v4-evidence-aligned; candidate order rotates and is not an oracle code.
EXT_E149,CAND_003,resource=mapping_xlsx,"{""operator"":""REPLACE_PROPERTY_VALUE"",""subject_iri"":""file:///G:/LearnAI/ontology-evolution/external-real-v4-evidence-aligned#Privacy_Framework_1_1_Initial_Public_Draft____Privacy_Framework_mapping_spreadsheet"",""predicate_iri"":""file:///G:/LearnAI/ontology-evolution/external-real-v4-evidence-aligned#resource_status"",""old_value"":{""kind"":""literal"",""lexical"":""pf11_mapping_xlsx=previous_or_not_encoded"",""datatype"":""http://www.w3.org/2001/XMLSchema#string""},""new_value"":{""kind"":""literal"",""lexical"":""resource=mapping_xlsx"",""datatype"":""http://www.w3.org/2001/XMLSchema#string""}}",READY,Added in external-real-v4-evidence-aligned; candidate order rotates and is not an oracle code.
EXT_E153,CAND_001,engagement=website_email_social,"{""operator"":""REPLACE_PROPERTY_VALUE"",""subject_iri"":""file:///G:/LearnAI/ontology-evolution/external-real-v4-evidence-aligned#Privacy_Framework_1_1_Initial_Public_Draft____Privacy_Framework_engagement_channels"",""predicate_iri"":""file:///G:/LearnAI/ontology-evolution/external-real-v4-evidence-aligned#resource_status"",""old_value"":{""kind"":""literal"",""lexical"":""pf11_engagement_channels=previous_or_not_encoded"",""datatype"":""http://www.w3.org/2001/XMLSchema#string""},""new_value"":{""kind"":""literal"",""lexical"":""engagement=website_email_social"",""datatype"":""http://www.w3.org/2001/XMLSchema#string""}}",READY,Added in external-real-v4-evidence-aligned; candidate order rotates and is not an oracle code.
EXT_E153,CAND_002,pf11_engagement_channels=previous_or_not_encoded,"{""operator"":""REPLACE_PROPERTY_VALUE"",""subject_iri"":""file:///G:/LearnAI/ontology-evolution/external-real-v4-evidence-aligned#Privacy_Framework_1_1_Initial_Public_Draft____Privacy_Framework_engagement_channels"",""predicate_iri"":""file:///G:/LearnAI/ontology-evolution/external-real-v4-evidence-aligned#resource_status"",""old_value"":{""kind"":""literal"",""lexical"":""pf11_engagement_channels=previous_or_not_encoded"",""datatype"":""http://www.w3.org/2001/XMLSchema#string""},""new_value"":{""kind"":""literal"",""lexical"":""pf11_engagement_channels=previous_or_not_encoded"",""datatype"":""http://www.w3.org/2001/XMLSchema#string""}}",READY,Added in external-real-v4-evidence-aligned; candidate order rotates and is not an oracle code.
EXT_E153,CAND_003,engagement=website_email_social;near_miss=wrong_scope,"{""operator"":""REPLACE_PROPERTY_VALUE"",""subject_iri"":""file:///G:/LearnAI/ontology-evolution/external-real-v4-evidence-aligned#Privacy_Framework_1_1_Initial_Public_Draft____Privacy_Framework_engagement_channels"",""predicate_iri"":""file:///G:/LearnAI/ontology-evolution/external-real-v4-evidence-aligned#resource_status"",""old_value"":{""kind"":""literal"",""lexical"":""pf11_engagement_channels=previous_or_not_encoded"",""datatype"":""http://www.w3.org/2001/XMLSchema#string""},""new_value"":{""kind"":""literal"",""lexical"":""engagement=website_email_social;near_miss=wrong_scope"",""datatype"":""http://www.w3.org/2001/XMLSchema#string""}}",READY,Added in external-real-v4-evidence-aligned; candidate order rotates and is not an oracle code.
EXT_E154,CAND_001,aiact_regulation_status=previous_or_not_encoded,"{""operator"":""REPLACE_PROPERTY_VALUE"",""subject_iri"":""file:///G:/LearnAI/ontology-evolution/external-real-v4-evidence-aligned#Regulation__EU__2024_1689_Artificial_Intelligence_Act____EU_AI_Act_regulation_status"",""predicate_iri"":""file:///G:/LearnAI/ontology-evolution/external-real-v4-evidence-aligned#legal_status"",""old_value"":{""kind"":""literal"",""lexical"":""aiact_regulation_status=previous_or_not_encoded"",""datatype"":""http://www.w3.org/2001/XMLSchema#string""},""new_value"":{""kind"":""literal"",""lexical"":""aiact_regulation_status=previous_or_not_encoded"",""datatype"":""http://www.w3.org/2001/XMLSchema#string""}}",READY,Added in external-real-v4-evidence-aligned; candidate order rotates and is not an oracle code.
EXT_E154,CAND_002,status=regulation_2024_1689,"{""operator"":""REPLACE_PROPERTY_VALUE"",""subject_iri"":""file:///G:/LearnAI/ontology-evolution/external-real-v4-evidence-aligned#Regulation__EU__2024_1689_Artificial_Intelligence_Act____EU_AI_Act_regulation_status"",""predicate_iri"":""file:///G:/LearnAI/ontology-evolution/external-real-v4-evidence-aligned#legal_status"",""old_value"":{""kind"":""literal"",""lexical"":""aiact_regulation_status=previous_or_not_encoded"",""datatype"":""http://www.w3.org/2001/XMLSchema#string""},""new_value"":{""kind"":""literal"",""lexical"":""status=regulation_2024_1689"",""datatype"":""http://www.w3.org/2001/XMLSchema#string""}}",READY,Added in external-real-v4-evidence-aligned; candidate order rotates and is not an oracle code.
EXT_E154,CAND_003,status=regulation_2024_1689;near_miss=wrong_scope,"{""operator"":""REPLACE_PROPERTY_VALUE"",""subject_iri"":""file:///G:/LearnAI/ontology-evolution/external-real-v4-evidence-aligned#Regulation__EU__2024_1689_Artificial_Intelligence_Act____EU_AI_Act_regulation_status"",""predicate_iri"":""file:///G:/LearnAI/ontology-evolution/external-real-v4-evidence-aligned#legal_status"",""old_value"":{""kind"":""literal"",""lexical"":""aiact_regulation_status=previous_or_not_encoded"",""datatype"":""http://www.w3.org/2001/XMLSchema#string""},""new_value"":{""kind"":""literal"",""lexical"":""status=regulation_2024_1689;near_miss=wrong_scope"",""datatype"":""http://www.w3.org/2001/XMLSchema#string""}}",READY,Added in external-real-v4-evidence-aligned; candidate order rotates and is not an oracle code.
EXT_E155,CAND_001,aiact_high_risk_classification=previous_or_not_encoded,"{""operator"":""REPLACE_PROPERTY_VALUE"",""subject_iri"":""file:///G:/LearnAI/ontology-evolution/external-real-v4-evidence-aligned#Regulation__EU__2024_1689_Artificial_Intelligence_Act____AI_Act_high_risk_classification"",""predicate_iri"":""file:///G:/LearnAI/ontology-evolution/external-real-v4-evidence-aligned#classification_rule"",""old_value"":{""kind"":""literal"",""lexical"":""aiact_high_risk_classification=previous_or_not_encoded"",""datatype"":""http://www.w3.org/2001/XMLSchema#string""},""new_value"":{""kind"":""literal"",""lexical"":""aiact_high_risk_classification=previous_or_not_encoded"",""datatype"":""http://www.w3.org/2001/XMLSchema#string""}}",READY,Added in external-real-v4-evidence-aligned; candidate order rotates and is not an oracle code.
EXT_E155,CAND_002,classification=high_risk;near_miss=wrong_scope,"{""operator"":""REPLACE_PROPERTY_VALUE"",""subject_iri"":""file:///G:/LearnAI/ontology-evolution/external-real-v4-evidence-aligned#Regulation__EU__2024_1689_Artificial_Intelligence_Act____AI_Act_high_risk_classification"",""predicate_iri"":""file:///G:/LearnAI/ontology-evolution/external-real-v4-evidence-aligned#classification_rule"",""old_value"":{""kind"":""literal"",""lexical"":""aiact_high_risk_classification=previous_or_not_encoded"",""datatype"":""http://www.w3.org/2001/XMLSchema#string""},""new_value"":{""kind"":""literal"",""lexical"":""classification=high_risk;near_miss=wrong_scope"",""datatype"":""http://www.w3.org/2001/XMLSchema#string""}}",READY,Added in external-real-v4-evidence-aligned; candidate order rotates and is not an oracle code.
EXT_E155,CAND_003,classification=high_risk,"{""operator"":""REPLACE_PROPERTY_VALUE"",""subject_iri"":""file:///G:/LearnAI/ontology-evolution/external-real-v4-evidence-aligned#Regulation__EU__2024_1689_Artificial_Intelligence_Act____AI_Act_high_risk_classification"",""predicate_iri"":""file:///G:/LearnAI/ontology-evolution/external-real-v4-evidence-aligned#classification_rule"",""old_value"":{""kind"":""literal"",""lexical"":""aiact_high_risk_classification=previous_or_not_encoded"",""datatype"":""http://www.w3.org/2001/XMLSchema#string""},""new_value"":{""kind"":""literal"",""lexical"":""classification=high_risk"",""datatype"":""http://www.w3.org/2001/XMLSchema#string""}}",READY,Added in external-real-v4-evidence-aligned; candidate order rotates and is not an oracle code.
EXT_E156,CAND_001,scope=annex_iii_cases,"{""operator"":""REPLACE_PROPERTY_VALUE"",""subject_iri"":""file:///G:/LearnAI/ontology-evolution/external-real-v4-evidence-aligned#Regulation__EU__2024_1689_Artificial_Intelligence_Act____AI_Act_Annex_III_scope"",""predicate_iri"":""file:///G:/LearnAI/ontology-evolution/external-real-v4-evidence-aligned#scope"",""old_value"":{""kind"":""literal"",""lexical"":""aiact_annex_iii_scope=previous_or_not_encoded"",""datatype"":""http://www.w3.org/2001/XMLSchema#string""},""new_value"":{""kind"":""literal"",""lexical"":""scope=annex_iii_cases"",""datatype"":""http://www.w3.org/2001/XMLSchema#string""}}",READY,Added in external-real-v4-evidence-aligned; candidate order rotates and is not an oracle code.
EXT_E156,CAND_002,aiact_annex_iii_scope=previous_or_not_encoded,"{""operator"":""REPLACE_PROPERTY_VALUE"",""subject_iri"":""file:///G:/LearnAI/ontology-evolution/external-real-v4-evidence-aligned#Regulation__EU__2024_1689_Artificial_Intelligence_Act____AI_Act_Annex_III_scope"",""predicate_iri"":""file:///G:/LearnAI/ontology-evolution/external-real-v4-evidence-aligned#scope"",""old_value"":{""kind"":""literal"",""lexical"":""aiact_annex_iii_scope=previous_or_not_encoded"",""datatype"":""http://www.w3.org/2001/XMLSchema#string""},""new_value"":{""kind"":""literal"",""lexical"":""aiact_annex_iii_scope=previous_or_not_encoded"",""datatype"":""http://www.w3.org/2001/XMLSchema#string""}}",READY,Added in external-real-v4-evidence-aligned; candidate order rotates and is not an oracle code.
EXT_E156,CAND_003,scope=annex_iii_cases;near_miss=wrong_scope,"{""operator"":""REPLACE_PROPERTY_VALUE"",""subject_iri"":""file:///G:/LearnAI/ontology-evolution/external-real-v4-evidence-aligned#Regulation__EU__2024_1689_Artificial_Intelligence_Act____AI_Act_Annex_III_scope"",""predicate_iri"":""file:///G:/LearnAI/ontology-evolution/external-real-v4-evidence-aligned#scope"",""old_value"":{""kind"":""literal"",""lexical"":""aiact_annex_iii_scope=previous_or_not_encoded"",""datatype"":""http://www.w3.org/2001/XMLSchema#string""},""new_value"":{""kind"":""literal"",""lexical"":""scope=annex_iii_cases;near_miss=wrong_scope"",""datatype"":""http://www.w3.org/2001/XMLSchema#string""}}",READY,Added in external-real-v4-evidence-aligned; candidate order rotates and is not an oracle code.
EXT_E157,CAND_001,aiact_prohibited_practices=previous_or_not_encoded,"{""operator"":""REPLACE_PROPERTY_VALUE"",""subject_iri"":""file:///G:/LearnAI/ontology-evolution/external-real-v4-evidence-aligned#Regulation__EU__2024_1689_Artificial_Intelligence_Act____AI_Act_prohibited_practices"",""predicate_iri"":""file:///G:/LearnAI/ontology-evolution/external-real-v4-evidence-aligned#prohibition_rule"",""old_value"":{""kind"":""literal"",""lexical"":""aiact_prohibited_practices=previous_or_not_encoded"",""datatype"":""http://www.w3.org/2001/XMLSchema#string""},""new_value"":{""kind"":""literal"",""lexical"":""aiact_prohibited_practices=previous_or_not_encoded"",""datatype"":""http://www.w3.org/2001/XMLSchema#string""}}",READY,Added in external-real-v4-evidence-aligned; candidate order rotates and is not an oracle code.
EXT_E157,CAND_002,rule=prohibited_practices,"{""operator"":""REPLACE_PROPERTY_VALUE"",""subject_iri"":""file:///G:/LearnAI/ontology-evolution/external-real-v4-evidence-aligned#Regulation__EU__2024_1689_Artificial_Intelligence_Act____AI_Act_prohibited_practices"",""predicate_iri"":""file:///G:/LearnAI/ontology-evolution/external-real-v4-evidence-aligned#prohibition_rule"",""old_value"":{""kind"":""literal"",""lexical"":""aiact_prohibited_practices=previous_or_not_encoded"",""datatype"":""http://www.w3.org/2001/XMLSchema#string""},""new_value"":{""kind"":""literal"",""lexical"":""rule=prohibited_practices"",""datatype"":""http://www.w3.org/2001/XMLSchema#string""}}",READY,Added in external-real-v4-evidence-aligned; candidate order rotates and is not an oracle code.
EXT_E157,CAND_003,rule=prohibited_practices;near_miss=wrong_scope,"{""operator"":""REPLACE_PROPERTY_VALUE"",""subject_iri"":""file:///G:/LearnAI/ontology-evolution/external-real-v4-evidence-aligned#Regulation__EU__2024_1689_Artificial_Intelligence_Act____AI_Act_prohibited_practices"",""predicate_iri"":""file:///G:/LearnAI/ontology-evolution/external-real-v4-evidence-aligned#prohibition_rule"",""old_value"":{""kind"":""literal"",""lexical"":""aiact_prohibited_practices=previous_or_not_encoded"",""datatype"":""http://www.w3.org/2001/XMLSchema#string""},""new_value"":{""kind"":""literal"",""lexical"":""rule=prohibited_practices;near_miss=wrong_scope"",""datatype"":""http://www.w3.org/2001/XMLSchema#string""}}",READY,Added in external-real-v4-evidence-aligned; candidate order rotates and is not an oracle code.
EXT_E160,CAND_001,aiact_risk_management_system=previous_or_not_encoded,"{""operator"":""REPLACE_PROPERTY_VALUE"",""subject_iri"":""file:///G:/LearnAI/ontology-evolution/external-real-v4-evidence-aligned#Regulation__EU__2024_1689_Artificial_Intelligence_Act____AI_Act_risk_management_system"",""predicate_iri"":""file:///G:/LearnAI/ontology-evolution/external-real-v4-evidence-aligned#system_requirement"",""old_value"":{""kind"":""literal"",""lexical"":""aiact_risk_management_system=previous_or_not_encoded"",""datatype"":""http://www.w3.org/2001/XMLSchema#string""},""new_value"":{""kind"":""literal"",""lexical"":""aiact_risk_management_system=previous_or_not_encoded"",""datatype"":""http://www.w3.org/2001/XMLSchema#string""}}",READY,Added in external-real-v4-evidence-aligned; candidate order rotates and is not an oracle code.
EXT_E160,CAND_002,requirement=risk_management_system,"{""operator"":""REPLACE_PROPERTY_VALUE"",""subject_iri"":""file:///G:/LearnAI/ontology-evolution/external-real-v4-evidence-aligned#Regulation__EU__2024_1689_Artificial_Intelligence_Act____AI_Act_risk_management_system"",""predicate_iri"":""file:///G:/LearnAI/ontology-evolution/external-real-v4-evidence-aligned#system_requirement"",""old_value"":{""kind"":""literal"",""lexical"":""aiact_risk_management_system=previous_or_not_encoded"",""datatype"":""http://www.w3.org/2001/XMLSchema#string""},""new_value"":{""kind"":""literal"",""lexical"":""requirement=risk_management_system"",""datatype"":""http://www.w3.org/2001/XMLSchema#string""}}",READY,Added in external-real-v4-evidence-aligned; candidate order rotates and is not an oracle code.
EXT_E160,CAND_003,requirement=risk_management_system;near_miss=wrong_scope,"{""operator"":""REPLACE_PROPERTY_VALUE"",""subject_iri"":""file:///G:/LearnAI/ontology-evolution/external-real-v4-evidence-aligned#Regulation__EU__2024_1689_Artificial_Intelligence_Act____AI_Act_risk_management_system"",""predicate_iri"":""file:///G:/LearnAI/ontology-evolution/external-real-v4-evidence-aligned#system_requirement"",""old_value"":{""kind"":""literal"",""lexical"":""aiact_risk_management_system=previous_or_not_encoded"",""datatype"":""http://www.w3.org/2001/XMLSchema#string""},""new_value"":{""kind"":""literal"",""lexical"":""requirement=risk_management_system;near_miss=wrong_scope"",""datatype"":""http://www.w3.org/2001/XMLSchema#string""}}",READY,Added in external-real-v4-evidence-aligned; candidate order rotates and is not an oracle code.
EXT_E161,CAND_001,aiact_data_governance=previous_or_not_encoded,"{""operator"":""REPLACE_PROPERTY_VALUE"",""subject_iri"":""file:///G:/LearnAI/ontology-evolution/external-real-v4-evidence-aligned#Regulation__EU__2024_1689_Artificial_Intelligence_Act____AI_Act_data_governance"",""predicate_iri"":""file:///G:/LearnAI/ontology-evolution/external-real-v4-evidence-aligned#data_rule"",""old_value"":{""kind"":""literal"",""lexical"":""aiact_data_governance=previous_or_not_encoded"",""datatype"":""http://www.w3.org/2001/XMLSchema#string""},""new_value"":{""kind"":""literal"",""lexical"":""aiact_data_governance=previous_or_not_encoded"",""datatype"":""http://www.w3.org/2001/XMLSchema#string""}}",READY,Added in external-real-v4-evidence-aligned; candidate order rotates and is not an oracle code.
EXT_E161,CAND_002,requirement=data_governance;near_miss=wrong_scope,"{""operator"":""REPLACE_PROPERTY_VALUE"",""subject_iri"":""file:///G:/LearnAI/ontology-evolution/external-real-v4-evidence-aligned#Regulation__EU__2024_1689_Artificial_Intelligence_Act____AI_Act_data_governance"",""predicate_iri"":""file:///G:/LearnAI/ontology-evolution/external-real-v4-evidence-aligned#data_rule"",""old_value"":{""kind"":""literal"",""lexical"":""aiact_data_governance=previous_or_not_encoded"",""datatype"":""http://www.w3.org/2001/XMLSchema#string""},""new_value"":{""kind"":""literal"",""lexical"":""requirement=data_governance;near_miss=wrong_scope"",""datatype"":""http://www.w3.org/2001/XMLSchema#string""}}",READY,Added in external-real-v4-evidence-aligned; candidate order rotates and is not an oracle code.
EXT_E161,CAND_003,requirement=data_governance,"{""operator"":""REPLACE_PROPERTY_VALUE"",""subject_iri"":""file:///G:/LearnAI/ontology-evolution/external-real-v4-evidence-aligned#Regulation__EU__2024_1689_Artificial_Intelligence_Act____AI_Act_data_governance"",""predicate_iri"":""file:///G:/LearnAI/ontology-evolution/external-real-v4-evidence-aligned#data_rule"",""old_value"":{""kind"":""literal"",""lexical"":""aiact_data_governance=previous_or_not_encoded"",""datatype"":""http://www.w3.org/2001/XMLSchema#string""},""new_value"":{""kind"":""literal"",""lexical"":""requirement=data_governance"",""datatype"":""http://www.w3.org/2001/XMLSchema#string""}}",READY,Added in external-real-v4-evidence-aligned; candidate order rotates and is not an oracle code.
EXT_E162,CAND_001,requirement=technical_documentation,"{""operator"":""REPLACE_PROPERTY_VALUE"",""subject_iri"":""file:///G:/LearnAI/ontology-evolution/external-real-v4-evidence-aligned#Regulation__EU__2024_1689_Artificial_Intelligence_Act____AI_Act_technical_documentation"",""predicate_iri"":""file:///G:/LearnAI/ontology-evolution/external-real-v4-evidence-aligned#documentation_rule"",""old_value"":{""kind"":""literal"",""lexical"":""aiact_technical_documentation=previous_or_not_encoded"",""datatype"":""http://www.w3.org/2001/XMLSchema#string""},""new_value"":{""kind"":""literal"",""lexical"":""requirement=technical_documentation"",""datatype"":""http://www.w3.org/2001/XMLSchema#string""}}",READY,Added in external-real-v4-evidence-aligned; candidate order rotates and is not an oracle code.
EXT_E162,CAND_002,aiact_technical_documentation=previous_or_not_encoded,"{""operator"":""REPLACE_PROPERTY_VALUE"",""subject_iri"":""file:///G:/LearnAI/ontology-evolution/external-real-v4-evidence-aligned#Regulation__EU__2024_1689_Artificial_Intelligence_Act____AI_Act_technical_documentation"",""predicate_iri"":""file:///G:/LearnAI/ontology-evolution/external-real-v4-evidence-aligned#documentation_rule"",""old_value"":{""kind"":""literal"",""lexical"":""aiact_technical_documentation=previous_or_not_encoded"",""datatype"":""http://www.w3.org/2001/XMLSchema#string""},""new_value"":{""kind"":""literal"",""lexical"":""aiact_technical_documentation=previous_or_not_encoded"",""datatype"":""http://www.w3.org/2001/XMLSchema#string""}}",READY,Added in external-real-v4-evidence-aligned; candidate order rotates and is not an oracle code.
EXT_E162,CAND_003,requirement=technical_documentation;near_miss=wrong_scope,"{""operator"":""REPLACE_PROPERTY_VALUE"",""subject_iri"":""file:///G:/LearnAI/ontology-evolution/external-real-v4-evidence-aligned#Regulation__EU__2024_1689_Artificial_Intelligence_Act____AI_Act_technical_documentation"",""predicate_iri"":""file:///G:/LearnAI/ontology-evolution/external-real-v4-evidence-aligned#documentation_rule"",""old_value"":{""kind"":""literal"",""lexical"":""aiact_technical_documentation=previous_or_not_encoded"",""datatype"":""http://www.w3.org/2001/XMLSchema#string""},""new_value"":{""kind"":""literal"",""lexical"":""requirement=technical_documentation;near_miss=wrong_scope"",""datatype"":""http://www.w3.org/2001/XMLSchema#string""}}",READY,Added in external-real-v4-evidence-aligned; candidate order rotates and is not an oracle code.
EXT_E163,CAND_001,aiact_record_keeping=previous_or_not_encoded,"{""operator"":""REPLACE_PROPERTY_VALUE"",""subject_iri"":""file:///G:/LearnAI/ontology-evolution/external-real-v4-evidence-aligned#Regulation__EU__2024_1689_Artificial_Intelligence_Act____AI_Act_record_keeping"",""predicate_iri"":""file:///G:/LearnAI/ontology-evolution/external-real-v4-evidence-aligned#record_rule"",""old_value"":{""kind"":""literal"",""lexical"":""aiact_record_keeping=previous_or_not_encoded"",""datatype"":""http://www.w3.org/2001/XMLSchema#string""},""new_value"":{""kind"":""literal"",""lexical"":""aiact_record_keeping=previous_or_not_encoded"",""datatype"":""http://www.w3.org/2001/XMLSchema#string""}}",READY,Added in external-real-v4-evidence-aligned; candidate order rotates and is not an oracle code.
EXT_E163,CAND_002,requirement=record_keeping,"{""operator"":""REPLACE_PROPERTY_VALUE"",""subject_iri"":""file:///G:/LearnAI/ontology-evolution/external-real-v4-evidence-aligned#Regulation__EU__2024_1689_Artificial_Intelligence_Act____AI_Act_record_keeping"",""predicate_iri"":""file:///G:/LearnAI/ontology-evolution/external-real-v4-evidence-aligned#record_rule"",""old_value"":{""kind"":""literal"",""lexical"":""aiact_record_keeping=previous_or_not_encoded"",""datatype"":""http://www.w3.org/2001/XMLSchema#string""},""new_value"":{""kind"":""literal"",""lexical"":""requirement=record_keeping"",""datatype"":""http://www.w3.org/2001/XMLSchema#string""}}",READY,Added in external-real-v4-evidence-aligned; candidate order rotates and is not an oracle code.
EXT_E163,CAND_003,requirement=record_keeping;near_miss=wrong_scope,"{""operator"":""REPLACE_PROPERTY_VALUE"",""subject_iri"":""file:///G:/LearnAI/ontology-evolution/external-real-v4-evidence-aligned#Regulation__EU__2024_1689_Artificial_Intelligence_Act____AI_Act_record_keeping"",""predicate_iri"":""file:///G:/LearnAI/ontology-evolution/external-real-v4-evidence-aligned#record_rule"",""old_value"":{""kind"":""literal"",""lexical"":""aiact_record_keeping=previous_or_not_encoded"",""datatype"":""http://www.w3.org/2001/XMLSchema#string""},""new_value"":{""kind"":""literal"",""lexical"":""requirement=record_keeping;near_miss=wrong_scope"",""datatype"":""http://www.w3.org/2001/XMLSchema#string""}}",READY,Added in external-real-v4-evidence-aligned; candidate order rotates and is not an oracle code.
EXT_E164,CAND_001,aiact_transparency=previous_or_not_encoded,"{""operator"":""REPLACE_PROPERTY_VALUE"",""subject_iri"":""file:///G:/LearnAI/ontology-evolution/external-real-v4-evidence-aligned#Regulation__EU__2024_1689_Artificial_Intelligence_Act____AI_Act_transparency"",""predicate_iri"":""file:///G:/LearnAI/ontology-evolution/external-real-v4-evidence-aligned#transparency_rule"",""old_value"":{""kind"":""literal"",""lexical"":""aiact_transparency=previous_or_not_encoded"",""datatype"":""http://www.w3.org/2001/XMLSchema#string""},""new_value"":{""kind"":""literal"",""lexical"":""aiact_transparency=previous_or_not_encoded"",""datatype"":""http://www.w3.org/2001/XMLSchema#string""}}",READY,Added in external-real-v4-evidence-aligned; candidate order rotates and is not an oracle code.
EXT_E164,CAND_002,requirement=transparency;near_miss=wrong_scope,"{""operator"":""REPLACE_PROPERTY_VALUE"",""subject_iri"":""file:///G:/LearnAI/ontology-evolution/external-real-v4-evidence-aligned#Regulation__EU__2024_1689_Artificial_Intelligence_Act____AI_Act_transparency"",""predicate_iri"":""file:///G:/LearnAI/ontology-evolution/external-real-v4-evidence-aligned#transparency_rule"",""old_value"":{""kind"":""literal"",""lexical"":""aiact_transparency=previous_or_not_encoded"",""datatype"":""http://www.w3.org/2001/XMLSchema#string""},""new_value"":{""kind"":""literal"",""lexical"":""requirement=transparency;near_miss=wrong_scope"",""datatype"":""http://www.w3.org/2001/XMLSchema#string""}}",READY,Added in external-real-v4-evidence-aligned; candidate order rotates and is not an oracle code.
EXT_E164,CAND_003,requirement=transparency,"{""operator"":""REPLACE_PROPERTY_VALUE"",""subject_iri"":""file:///G:/LearnAI/ontology-evolution/external-real-v4-evidence-aligned#Regulation__EU__2024_1689_Artificial_Intelligence_Act____AI_Act_transparency"",""predicate_iri"":""file:///G:/LearnAI/ontology-evolution/external-real-v4-evidence-aligned#transparency_rule"",""old_value"":{""kind"":""literal"",""lexical"":""aiact_transparency=previous_or_not_encoded"",""datatype"":""http://www.w3.org/2001/XMLSchema#string""},""new_value"":{""kind"":""literal"",""lexical"":""requirement=transparency"",""datatype"":""http://www.w3.org/2001/XMLSchema#string""}}",READY,Added in external-real-v4-evidence-aligned; candidate order rotates and is not an oracle code.
EXT_E165,CAND_001,requirement=human_oversight,"{""operator"":""REPLACE_PROPERTY_VALUE"",""subject_iri"":""file:///G:/LearnAI/ontology-evolution/external-real-v4-evidence-aligned#Regulation__EU__2024_1689_Artificial_Intelligence_Act____AI_Act_human_oversight"",""predicate_iri"":""file:///G:/LearnAI/ontology-evolution/external-real-v4-evidence-aligned#oversight_rule"",""old_value"":{""kind"":""literal"",""lexical"":""aiact_human_oversight=previous_or_not_encoded"",""datatype"":""http://www.w3.org/2001/XMLSchema#string""},""new_value"":{""kind"":""literal"",""lexical"":""requirement=human_oversight"",""datatype"":""http://www.w3.org/2001/XMLSchema#string""}}",READY,Added in external-real-v4-evidence-aligned; candidate order rotates and is not an oracle code.
EXT_E165,CAND_002,aiact_human_oversight=previous_or_not_encoded,"{""operator"":""REPLACE_PROPERTY_VALUE"",""subject_iri"":""file:///G:/LearnAI/ontology-evolution/external-real-v4-evidence-aligned#Regulation__EU__2024_1689_Artificial_Intelligence_Act____AI_Act_human_oversight"",""predicate_iri"":""file:///G:/LearnAI/ontology-evolution/external-real-v4-evidence-aligned#oversight_rule"",""old_value"":{""kind"":""literal"",""lexical"":""aiact_human_oversight=previous_or_not_encoded"",""datatype"":""http://www.w3.org/2001/XMLSchema#string""},""new_value"":{""kind"":""literal"",""lexical"":""aiact_human_oversight=previous_or_not_encoded"",""datatype"":""http://www.w3.org/2001/XMLSchema#string""}}",READY,Added in external-real-v4-evidence-aligned; candidate order rotates and is not an oracle code.
EXT_E165,CAND_003,requirement=human_oversight;near_miss=wrong_scope,"{""operator"":""REPLACE_PROPERTY_VALUE"",""subject_iri"":""file:///G:/LearnAI/ontology-evolution/external-real-v4-evidence-aligned#Regulation__EU__2024_1689_Artificial_Intelligence_Act____AI_Act_human_oversight"",""predicate_iri"":""file:///G:/LearnAI/ontology-evolution/external-real-v4-evidence-aligned#oversight_rule"",""old_value"":{""kind"":""literal"",""lexical"":""aiact_human_oversight=previous_or_not_encoded"",""datatype"":""http://www.w3.org/2001/XMLSchema#string""},""new_value"":{""kind"":""literal"",""lexical"":""requirement=human_oversight;near_miss=wrong_scope"",""datatype"":""http://www.w3.org/2001/XMLSchema#string""}}",READY,Added in external-real-v4-evidence-aligned; candidate order rotates and is not an oracle code.
EXT_E166,CAND_001,aiact_accuracy_robustness=previous_or_not_encoded,"{""operator"":""REPLACE_PROPERTY_VALUE"",""subject_iri"":""file:///G:/LearnAI/ontology-evolution/external-real-v4-evidence-aligned#Regulation__EU__2024_1689_Artificial_Intelligence_Act____AI_Act_accuracy_and_robustness"",""predicate_iri"":""file:///G:/LearnAI/ontology-evolution/external-real-v4-evidence-aligned#quality_rule"",""old_value"":{""kind"":""literal"",""lexical"":""aiact_accuracy_robustness=previous_or_not_encoded"",""datatype"":""http://www.w3.org/2001/XMLSchema#string""},""new_value"":{""kind"":""literal"",""lexical"":""aiact_accuracy_robustness=previous_or_not_encoded"",""datatype"":""http://www.w3.org/2001/XMLSchema#string""}}",READY,Added in external-real-v4-evidence-aligned; candidate order rotates and is not an oracle code.
EXT_E166,CAND_002,requirement=accuracy_robustness,"{""operator"":""REPLACE_PROPERTY_VALUE"",""subject_iri"":""file:///G:/LearnAI/ontology-evolution/external-real-v4-evidence-aligned#Regulation__EU__2024_1689_Artificial_Intelligence_Act____AI_Act_accuracy_and_robustness"",""predicate_iri"":""file:///G:/LearnAI/ontology-evolution/external-real-v4-evidence-aligned#quality_rule"",""old_value"":{""kind"":""literal"",""lexical"":""aiact_accuracy_robustness=previous_or_not_encoded"",""datatype"":""http://www.w3.org/2001/XMLSchema#string""},""new_value"":{""kind"":""literal"",""lexical"":""requirement=accuracy_robustness"",""datatype"":""http://www.w3.org/2001/XMLSchema#string""}}",READY,Added in external-real-v4-evidence-aligned; candidate order rotates and is not an oracle code.
EXT_E166,CAND_003,requirement=accuracy_robustness;near_miss=wrong_scope,"{""operator"":""REPLACE_PROPERTY_VALUE"",""subject_iri"":""file:///G:/LearnAI/ontology-evolution/external-real-v4-evidence-aligned#Regulation__EU__2024_1689_Artificial_Intelligence_Act____AI_Act_accuracy_and_robustness"",""predicate_iri"":""file:///G:/LearnAI/ontology-evolution/external-real-v4-evidence-aligned#quality_rule"",""old_value"":{""kind"":""literal"",""lexical"":""aiact_accuracy_robustness=previous_or_not_encoded"",""datatype"":""http://www.w3.org/2001/XMLSchema#string""},""new_value"":{""kind"":""literal"",""lexical"":""requirement=accuracy_robustness;near_miss=wrong_scope"",""datatype"":""http://www.w3.org/2001/XMLSchema#string""}}",READY,Added in external-real-v4-evidence-aligned; candidate order rotates and is not an oracle code.
EXT_E167,CAND_001,aiact_post_market_monitoring=previous_or_not_encoded,"{""operator"":""REPLACE_PROPERTY_VALUE"",""subject_iri"":""file:///G:/LearnAI/ontology-evolution/external-real-v4-evidence-aligned#Regulation__EU__2024_1689_Artificial_Intelligence_Act____AI_Act_post_market_monitoring"",""predicate_iri"":""file:///G:/LearnAI/ontology-evolution/external-real-v4-evidence-aligned#monitoring_rule"",""old_value"":{""kind"":""literal"",""lexical"":""aiact_post_market_monitoring=previous_or_not_encoded"",""datatype"":""http://www.w3.org/2001/XMLSchema#string""},""new_value"":{""kind"":""literal"",""lexical"":""aiact_post_market_monitoring=previous_or_not_encoded"",""datatype"":""http://www.w3.org/2001/XMLSchema#string""}}",READY,Added in external-real-v4-evidence-aligned; candidate order rotates and is not an oracle code.
EXT_E167,CAND_002,requirement=post_market_monitoring;near_miss=wrong_scope,"{""operator"":""REPLACE_PROPERTY_VALUE"",""subject_iri"":""file:///G:/LearnAI/ontology-evolution/external-real-v4-evidence-aligned#Regulation__EU__2024_1689_Artificial_Intelligence_Act____AI_Act_post_market_monitoring"",""predicate_iri"":""file:///G:/LearnAI/ontology-evolution/external-real-v4-evidence-aligned#monitoring_rule"",""old_value"":{""kind"":""literal"",""lexical"":""aiact_post_market_monitoring=previous_or_not_encoded"",""datatype"":""http://www.w3.org/2001/XMLSchema#string""},""new_value"":{""kind"":""literal"",""lexical"":""requirement=post_market_monitoring;near_miss=wrong_scope"",""datatype"":""http://www.w3.org/2001/XMLSchema#string""}}",READY,Added in external-real-v4-evidence-aligned; candidate order rotates and is not an oracle code.
EXT_E167,CAND_003,requirement=post_market_monitoring,"{""operator"":""REPLACE_PROPERTY_VALUE"",""subject_iri"":""file:///G:/LearnAI/ontology-evolution/external-real-v4-evidence-aligned#Regulation__EU__2024_1689_Artificial_Intelligence_Act____AI_Act_post_market_monitoring"",""predicate_iri"":""file:///G:/LearnAI/ontology-evolution/external-real-v4-evidence-aligned#monitoring_rule"",""old_value"":{""kind"":""literal"",""lexical"":""aiact_post_market_monitoring=previous_or_not_encoded"",""datatype"":""http://www.w3.org/2001/XMLSchema#string""},""new_value"":{""kind"":""literal"",""lexical"":""requirement=post_market_monitoring"",""datatype"":""http://www.w3.org/2001/XMLSchema#string""}}",READY,Added in external-real-v4-evidence-aligned; candidate order rotates and is not an oracle code.
EXT_E168,CAND_001,requirement=conformity_assessment,"{""operator"":""REPLACE_PROPERTY_VALUE"",""subject_iri"":""file:///G:/LearnAI/ontology-evolution/external-real-v4-evidence-aligned#Regulation__EU__2024_1689_Artificial_Intelligence_Act____AI_Act_conformity_assessment"",""predicate_iri"":""file:///G:/LearnAI/ontology-evolution/external-real-v4-evidence-aligned#assessment_rule"",""old_value"":{""kind"":""literal"",""lexical"":""aiact_conformity_assessment=previous_or_not_encoded"",""datatype"":""http://www.w3.org/2001/XMLSchema#string""},""new_value"":{""kind"":""literal"",""lexical"":""requirement=conformity_assessment"",""datatype"":""http://www.w3.org/2001/XMLSchema#string""}}",READY,Added in external-real-v4-evidence-aligned; candidate order rotates and is not an oracle code.
EXT_E168,CAND_002,aiact_conformity_assessment=previous_or_not_encoded,"{""operator"":""REPLACE_PROPERTY_VALUE"",""subject_iri"":""file:///G:/LearnAI/ontology-evolution/external-real-v4-evidence-aligned#Regulation__EU__2024_1689_Artificial_Intelligence_Act____AI_Act_conformity_assessment"",""predicate_iri"":""file:///G:/LearnAI/ontology-evolution/external-real-v4-evidence-aligned#assessment_rule"",""old_value"":{""kind"":""literal"",""lexical"":""aiact_conformity_assessment=previous_or_not_encoded"",""datatype"":""http://www.w3.org/2001/XMLSchema#string""},""new_value"":{""kind"":""literal"",""lexical"":""aiact_conformity_assessment=previous_or_not_encoded"",""datatype"":""http://www.w3.org/2001/XMLSchema#string""}}",READY,Added in external-real-v4-evidence-aligned; candidate order rotates and is not an oracle code.
EXT_E168,CAND_003,requirement=conformity_assessment;near_miss=wrong_scope,"{""operator"":""REPLACE_PROPERTY_VALUE"",""subject_iri"":""file:///G:/LearnAI/ontology-evolution/external-real-v4-evidence-aligned#Regulation__EU__2024_1689_Artificial_Intelligence_Act____AI_Act_conformity_assessment"",""predicate_iri"":""file:///G:/LearnAI/ontology-evolution/external-real-v4-evidence-aligned#assessment_rule"",""old_value"":{""kind"":""literal"",""lexical"":""aiact_conformity_assessment=previous_or_not_encoded"",""datatype"":""http://www.w3.org/2001/XMLSchema#string""},""new_value"":{""kind"":""literal"",""lexical"":""requirement=conformity_assessment;near_miss=wrong_scope"",""datatype"":""http://www.w3.org/2001/XMLSchema#string""}}",READY,Added in external-real-v4-evidence-aligned; candidate order rotates and is not an oracle code.
EXT_E169,CAND_001,aiact_gpai_obligations=previous_or_not_encoded,"{""operator"":""REPLACE_PROPERTY_VALUE"",""subject_iri"":""file:///G:/LearnAI/ontology-evolution/external-real-v4-evidence-aligned#Regulation__EU__2024_1689_Artificial_Intelligence_Act____AI_Act_GPAI_obligations"",""predicate_iri"":""file:///G:/LearnAI/ontology-evolution/external-real-v4-evidence-aligned#obligation_rule"",""old_value"":{""kind"":""literal"",""lexical"":""aiact_gpai_obligations=previous_or_not_encoded"",""datatype"":""http://www.w3.org/2001/XMLSchema#string""},""new_value"":{""kind"":""literal"",""lexical"":""aiact_gpai_obligations=previous_or_not_encoded"",""datatype"":""http://www.w3.org/2001/XMLSchema#string""}}",READY,Added in external-real-v4-evidence-aligned; candidate order rotates and is not an oracle code.
EXT_E169,CAND_002,obligation=gpai,"{""operator"":""REPLACE_PROPERTY_VALUE"",""subject_iri"":""file:///G:/LearnAI/ontology-evolution/external-real-v4-evidence-aligned#Regulation__EU__2024_1689_Artificial_Intelligence_Act____AI_Act_GPAI_obligations"",""predicate_iri"":""file:///G:/LearnAI/ontology-evolution/external-real-v4-evidence-aligned#obligation_rule"",""old_value"":{""kind"":""literal"",""lexical"":""aiact_gpai_obligations=previous_or_not_encoded"",""datatype"":""http://www.w3.org/2001/XMLSchema#string""},""new_value"":{""kind"":""literal"",""lexical"":""obligation=gpai"",""datatype"":""http://www.w3.org/2001/XMLSchema#string""}}",READY,Added in external-real-v4-evidence-aligned; candidate order rotates and is not an oracle code.
EXT_E169,CAND_003,obligation=gpai;near_miss=wrong_scope,"{""operator"":""REPLACE_PROPERTY_VALUE"",""subject_iri"":""file:///G:/LearnAI/ontology-evolution/external-real-v4-evidence-aligned#Regulation__EU__2024_1689_Artificial_Intelligence_Act____AI_Act_GPAI_obligations"",""predicate_iri"":""file:///G:/LearnAI/ontology-evolution/external-real-v4-evidence-aligned#obligation_rule"",""old_value"":{""kind"":""literal"",""lexical"":""aiact_gpai_obligations=previous_or_not_encoded"",""datatype"":""http://www.w3.org/2001/XMLSchema#string""},""new_value"":{""kind"":""literal"",""lexical"":""obligation=gpai;near_miss=wrong_scope"",""datatype"":""http://www.w3.org/2001/XMLSchema#string""}}",READY,Added in external-real-v4-evidence-aligned; candidate order rotates and is not an oracle code.
EXT_E170,CAND_001,aiact_codes_of_practice=previous_or_not_encoded,"{""operator"":""REPLACE_PROPERTY_VALUE"",""subject_iri"":""file:///G:/LearnAI/ontology-evolution/external-real-v4-evidence-aligned#Regulation__EU__2024_1689_Artificial_Intelligence_Act____AI_Act_codes_of_practice"",""predicate_iri"":""file:///G:/LearnAI/ontology-evolution/external-real-v4-evidence-aligned#practice_rule"",""old_value"":{""kind"":""literal"",""lexical"":""aiact_codes_of_practice=previous_or_not_encoded"",""datatype"":""http://www.w3.org/2001/XMLSchema#string""},""new_value"":{""kind"":""literal"",""lexical"":""aiact_codes_of_practice=previous_or_not_encoded"",""datatype"":""http://www.w3.org/2001/XMLSchema#string""}}",READY,Added in external-real-v4-evidence-aligned; candidate order rotates and is not an oracle code.
EXT_E170,CAND_002,rule=codes_of_practice;near_miss=wrong_scope,"{""operator"":""REPLACE_PROPERTY_VALUE"",""subject_iri"":""file:///G:/LearnAI/ontology-evolution/external-real-v4-evidence-aligned#Regulation__EU__2024_1689_Artificial_Intelligence_Act____AI_Act_codes_of_practice"",""predicate_iri"":""file:///G:/LearnAI/ontology-evolution/external-real-v4-evidence-aligned#practice_rule"",""old_value"":{""kind"":""literal"",""lexical"":""aiact_codes_of_practice=previous_or_not_encoded"",""datatype"":""http://www.w3.org/2001/XMLSchema#string""},""new_value"":{""kind"":""literal"",""lexical"":""rule=codes_of_practice;near_miss=wrong_scope"",""datatype"":""http://www.w3.org/2001/XMLSchema#string""}}",READY,Added in external-real-v4-evidence-aligned; candidate order rotates and is not an oracle code.
EXT_E170,CAND_003,rule=codes_of_practice,"{""operator"":""REPLACE_PROPERTY_VALUE"",""subject_iri"":""file:///G:/LearnAI/ontology-evolution/external-real-v4-evidence-aligned#Regulation__EU__2024_1689_Artificial_Intelligence_Act____AI_Act_codes_of_practice"",""predicate_iri"":""file:///G:/LearnAI/ontology-evolution/external-real-v4-evidence-aligned#practice_rule"",""old_value"":{""kind"":""literal"",""lexical"":""aiact_codes_of_practice=previous_or_not_encoded"",""datatype"":""http://www.w3.org/2001/XMLSchema#string""},""new_value"":{""kind"":""literal"",""lexical"":""rule=codes_of_practice"",""datatype"":""http://www.w3.org/2001/XMLSchema#string""}}",READY,Added in external-real-v4-evidence-aligned; candidate order rotates and is not an oracle code.
EXT_E171,CAND_001,requirement=market_surveillance,"{""operator"":""REPLACE_PROPERTY_VALUE"",""subject_iri"":""file:///G:/LearnAI/ontology-evolution/external-real-v4-evidence-aligned#Regulation__EU__2024_1689_Artificial_Intelligence_Act____AI_Act_market_surveillance"",""predicate_iri"":""file:///G:/LearnAI/ontology-evolution/external-real-v4-evidence-aligned#surveillance_rule"",""old_value"":{""kind"":""literal"",""lexical"":""aiact_market_surveillance=previous_or_not_encoded"",""datatype"":""http://www.w3.org/2001/XMLSchema#string""},""new_value"":{""kind"":""literal"",""lexical"":""requirement=market_surveillance"",""datatype"":""http://www.w3.org/2001/XMLSchema#string""}}",READY,Added in external-real-v4-evidence-aligned; candidate order rotates and is not an oracle code.
EXT_E171,CAND_002,aiact_market_surveillance=previous_or_not_encoded,"{""operator"":""REPLACE_PROPERTY_VALUE"",""subject_iri"":""file:///G:/LearnAI/ontology-evolution/external-real-v4-evidence-aligned#Regulation__EU__2024_1689_Artificial_Intelligence_Act____AI_Act_market_surveillance"",""predicate_iri"":""file:///G:/LearnAI/ontology-evolution/external-real-v4-evidence-aligned#surveillance_rule"",""old_value"":{""kind"":""literal"",""lexical"":""aiact_market_surveillance=previous_or_not_encoded"",""datatype"":""http://www.w3.org/2001/XMLSchema#string""},""new_value"":{""kind"":""literal"",""lexical"":""aiact_market_surveillance=previous_or_not_encoded"",""datatype"":""http://www.w3.org/2001/XMLSchema#string""}}",READY,Added in external-real-v4-evidence-aligned; candidate order rotates and is not an oracle code.
EXT_E171,CAND_003,requirement=market_surveillance;near_miss=wrong_scope,"{""operator"":""REPLACE_PROPERTY_VALUE"",""subject_iri"":""file:///G:/LearnAI/ontology-evolution/external-real-v4-evidence-aligned#Regulation__EU__2024_1689_Artificial_Intelligence_Act____AI_Act_market_surveillance"",""predicate_iri"":""file:///G:/LearnAI/ontology-evolution/external-real-v4-evidence-aligned#surveillance_rule"",""old_value"":{""kind"":""literal"",""lexical"":""aiact_market_surveillance=previous_or_not_encoded"",""datatype"":""http://www.w3.org/2001/XMLSchema#string""},""new_value"":{""kind"":""literal"",""lexical"":""requirement=market_surveillance;near_miss=wrong_scope"",""datatype"":""http://www.w3.org/2001/XMLSchema#string""}}",READY,Added in external-real-v4-evidence-aligned; candidate order rotates and is not an oracle code.
EXT_E172,CAND_001,aiact_penalties=previous_or_not_encoded,"{""operator"":""REPLACE_PROPERTY_VALUE"",""subject_iri"":""file:///G:/LearnAI/ontology-evolution/external-real-v4-evidence-aligned#Regulation__EU__2024_1689_Artificial_Intelligence_Act____AI_Act_penalties"",""predicate_iri"":""file:///G:/LearnAI/ontology-evolution/external-real-v4-evidence-aligned#penalty_rule"",""old_value"":{""kind"":""literal"",""lexical"":""aiact_penalties=previous_or_not_encoded"",""datatype"":""http://www.w3.org/2001/XMLSchema#string""},""new_value"":{""kind"":""literal"",""lexical"":""aiact_penalties=previous_or_not_encoded"",""datatype"":""http://www.w3.org/2001/XMLSchema#string""}}",READY,Added in external-real-v4-evidence-aligned; candidate order rotates and is not an oracle code.
EXT_E172,CAND_002,rule=penalties,"{""operator"":""REPLACE_PROPERTY_VALUE"",""subject_iri"":""file:///G:/LearnAI/ontology-evolution/external-real-v4-evidence-aligned#Regulation__EU__2024_1689_Artificial_Intelligence_Act____AI_Act_penalties"",""predicate_iri"":""file:///G:/LearnAI/ontology-evolution/external-real-v4-evidence-aligned#penalty_rule"",""old_value"":{""kind"":""literal"",""lexical"":""aiact_penalties=previous_or_not_encoded"",""datatype"":""http://www.w3.org/2001/XMLSchema#string""},""new_value"":{""kind"":""literal"",""lexical"":""rule=penalties"",""datatype"":""http://www.w3.org/2001/XMLSchema#string""}}",READY,Added in external-real-v4-evidence-aligned; candidate order rotates and is not an oracle code.
EXT_E172,CAND_003,rule=penalties;near_miss=wrong_scope,"{""operator"":""REPLACE_PROPERTY_VALUE"",""subject_iri"":""file:///G:/LearnAI/ontology-evolution/external-real-v4-evidence-aligned#Regulation__EU__2024_1689_Artificial_Intelligence_Act____AI_Act_penalties"",""predicate_iri"":""file:///G:/LearnAI/ontology-evolution/external-real-v4-evidence-aligned#penalty_rule"",""old_value"":{""kind"":""literal"",""lexical"":""aiact_penalties=previous_or_not_encoded"",""datatype"":""http://www.w3.org/2001/XMLSchema#string""},""new_value"":{""kind"":""literal"",""lexical"":""rule=penalties;near_miss=wrong_scope"",""datatype"":""http://www.w3.org/2001/XMLSchema#string""}}",READY,Added in external-real-v4-evidence-aligned; candidate order rotates and is not an oracle code.
EXT_E173,CAND_001,aiact_effective_application=previous_or_not_encoded,"{""operator"":""REPLACE_PROPERTY_VALUE"",""subject_iri"":""file:///G:/LearnAI/ontology-evolution/external-real-v4-evidence-aligned#Regulation__EU__2024_1689_Artificial_Intelligence_Act____AI_Act_phased_application"",""predicate_iri"":""file:///G:/LearnAI/ontology-evolution/external-real-v4-evidence-aligned#temporal_rule"",""old_value"":{""kind"":""literal"",""lexical"":""aiact_effective_application=previous_or_not_encoded"",""datatype"":""http://www.w3.org/2001/XMLSchema#string""},""new_value"":{""kind"":""literal"",""lexical"":""aiact_effective_application=previous_or_not_encoded"",""datatype"":""http://www.w3.org/2001/XMLSchema#string""}}",READY,Added in external-real-v4-evidence-aligned; candidate order rotates and is not an oracle code.
EXT_E173,CAND_002,application=phased;near_miss=wrong_scope,"{""operator"":""REPLACE_PROPERTY_VALUE"",""subject_iri"":""file:///G:/LearnAI/ontology-evolution/external-real-v4-evidence-aligned#Regulation__EU__2024_1689_Artificial_Intelligence_Act____AI_Act_phased_application"",""predicate_iri"":""file:///G:/LearnAI/ontology-evolution/external-real-v4-evidence-aligned#temporal_rule"",""old_value"":{""kind"":""literal"",""lexical"":""aiact_effective_application=previous_or_not_encoded"",""datatype"":""http://www.w3.org/2001/XMLSchema#string""},""new_value"":{""kind"":""literal"",""lexical"":""application=phased;near_miss=wrong_scope"",""datatype"":""http://www.w3.org/2001/XMLSchema#string""}}",READY,Added in external-real-v4-evidence-aligned; candidate order rotates and is not an oracle code.
EXT_E173,CAND_003,application=phased,"{""operator"":""REPLACE_PROPERTY_VALUE"",""subject_iri"":""file:///G:/LearnAI/ontology-evolution/external-real-v4-evidence-aligned#Regulation__EU__2024_1689_Artificial_Intelligence_Act____AI_Act_phased_application"",""predicate_iri"":""file:///G:/LearnAI/ontology-evolution/external-real-v4-evidence-aligned#temporal_rule"",""old_value"":{""kind"":""literal"",""lexical"":""aiact_effective_application=previous_or_not_encoded"",""datatype"":""http://www.w3.org/2001/XMLSchema#string""},""new_value"":{""kind"":""literal"",""lexical"":""application=phased"",""datatype"":""http://www.w3.org/2001/XMLSchema#string""}}",READY,Added in external-real-v4-evidence-aligned; candidate order rotates and is not an oracle code.
EXT_E174,CAND_001,status=2025_supersedes_2023,"{""operator"":""REPLACE_PROPERTY_VALUE"",""subject_iri"":""file:///G:/LearnAI/ontology-evolution/external-real-v4-evidence-aligned#Cybersecurity_in_Medical_Devices_guidance_update____FDA_2025_guidance_supersedes_2023_guidance"",""predicate_iri"":""file:///G:/LearnAI/ontology-evolution/external-real-v4-evidence-aligned#version_status"",""old_value"":{""kind"":""literal"",""lexical"":""fda_2025_supersedes_2023=previous_or_not_encoded"",""datatype"":""http://www.w3.org/2001/XMLSchema#string""},""new_value"":{""kind"":""literal"",""lexical"":""status=2025_supersedes_2023"",""datatype"":""http://www.w3.org/2001/XMLSchema#string""}}",READY,Added in external-real-v4-evidence-aligned; candidate order rotates and is not an oracle code.
EXT_E174,CAND_002,fda_2025_supersedes_2023=previous_or_not_encoded,"{""operator"":""REPLACE_PROPERTY_VALUE"",""subject_iri"":""file:///G:/LearnAI/ontology-evolution/external-real-v4-evidence-aligned#Cybersecurity_in_Medical_Devices_guidance_update____FDA_2025_guidance_supersedes_2023_guidance"",""predicate_iri"":""file:///G:/LearnAI/ontology-evolution/external-real-v4-evidence-aligned#version_status"",""old_value"":{""kind"":""literal"",""lexical"":""fda_2025_supersedes_2023=previous_or_not_encoded"",""datatype"":""http://www.w3.org/2001/XMLSchema#string""},""new_value"":{""kind"":""literal"",""lexical"":""fda_2025_supersedes_2023=previous_or_not_encoded"",""datatype"":""http://www.w3.org/2001/XMLSchema#string""}}",READY,Added in external-real-v4-evidence-aligned; candidate order rotates and is not an oracle code.
EXT_E174,CAND_003,status=2025_supersedes_2023;near_miss=wrong_scope,"{""operator"":""REPLACE_PROPERTY_VALUE"",""subject_iri"":""file:///G:/LearnAI/ontology-evolution/external-real-v4-evidence-aligned#Cybersecurity_in_Medical_Devices_guidance_update____FDA_2025_guidance_supersedes_2023_guidance"",""predicate_iri"":""file:///G:/LearnAI/ontology-evolution/external-real-v4-evidence-aligned#version_status"",""old_value"":{""kind"":""literal"",""lexical"":""fda_2025_supersedes_2023=previous_or_not_encoded"",""datatype"":""http://www.w3.org/2001/XMLSchema#string""},""new_value"":{""kind"":""literal"",""lexical"":""status=2025_supersedes_2023;near_miss=wrong_scope"",""datatype"":""http://www.w3.org/2001/XMLSchema#string""}}",READY,Added in external-real-v4-evidence-aligned; candidate order rotates and is not an oracle code.
EXT_E175,CAND_001,fda_section_524b=previous_or_not_encoded,"{""operator"":""REPLACE_PROPERTY_VALUE"",""subject_iri"":""file:///G:/LearnAI/ontology-evolution/external-real-v4-evidence-aligned#Cybersecurity_in_Medical_Devices_guidance_update____FDA_Section_524B_recommendations"",""predicate_iri"":""file:///G:/LearnAI/ontology-evolution/external-real-v4-evidence-aligned#section_status"",""old_value"":{""kind"":""literal"",""lexical"":""fda_section_524b=previous_or_not_encoded"",""datatype"":""http://www.w3.org/2001/XMLSchema#string""},""new_value"":{""kind"":""literal"",""lexical"":""fda_section_524b=previous_or_not_encoded"",""datatype"":""http://www.w3.org/2001/XMLSchema#string""}}",READY,Added in external-real-v4-evidence-aligned; candidate order rotates and is not an oracle code.
EXT_E175,CAND_002,section=VII_524B,"{""operator"":""REPLACE_PROPERTY_VALUE"",""subject_iri"":""file:///G:/LearnAI/ontology-evolution/external-real-v4-evidence-aligned#Cybersecurity_in_Medical_Devices_guidance_update____FDA_Section_524B_recommendations"",""predicate_iri"":""file:///G:/LearnAI/ontology-evolution/external-real-v4-evidence-aligned#section_status"",""old_value"":{""kind"":""literal"",""lexical"":""fda_section_524b=previous_or_not_encoded"",""datatype"":""http://www.w3.org/2001/XMLSchema#string""},""new_value"":{""kind"":""literal"",""lexical"":""section=VII_524B"",""datatype"":""http://www.w3.org/2001/XMLSchema#string""}}",READY,Added in external-real-v4-evidence-aligned; candidate order rotates and is not an oracle code.
EXT_E175,CAND_003,section=VII_524B;near_miss=wrong_scope,"{""operator"":""REPLACE_PROPERTY_VALUE"",""subject_iri"":""file:///G:/LearnAI/ontology-evolution/external-real-v4-evidence-aligned#Cybersecurity_in_Medical_Devices_guidance_update____FDA_Section_524B_recommendations"",""predicate_iri"":""file:///G:/LearnAI/ontology-evolution/external-real-v4-evidence-aligned#section_status"",""old_value"":{""kind"":""literal"",""lexical"":""fda_section_524b=previous_or_not_encoded"",""datatype"":""http://www.w3.org/2001/XMLSchema#string""},""new_value"":{""kind"":""literal"",""lexical"":""section=VII_524B;near_miss=wrong_scope"",""datatype"":""http://www.w3.org/2001/XMLSchema#string""}}",READY,Added in external-real-v4-evidence-aligned; candidate order rotates and is not an oracle code.
EXT_E176,CAND_001,fda_cyber_device_scope=previous_or_not_encoded,"{""operator"":""REPLACE_PROPERTY_VALUE"",""subject_iri"":""file:///G:/LearnAI/ontology-evolution/external-real-v4-evidence-aligned#Cybersecurity_in_Medical_Devices_guidance_update____FDA_cyber_device_scope"",""predicate_iri"":""file:///G:/LearnAI/ontology-evolution/external-real-v4-evidence-aligned#scope"",""old_value"":{""kind"":""literal"",""lexical"":""fda_cyber_device_scope=previous_or_not_encoded"",""datatype"":""http://www.w3.org/2001/XMLSchema#string""},""new_value"":{""kind"":""literal"",""lexical"":""fda_cyber_device_scope=previous_or_not_encoded"",""datatype"":""http://www.w3.org/2001/XMLSchema#string""}}",READY,Added in external-real-v4-evidence-aligned; candidate order rotates and is not an oracle code.
EXT_E176,CAND_002,scope=cyber_devices;near_miss=wrong_scope,"{""operator"":""REPLACE_PROPERTY_VALUE"",""subject_iri"":""file:///G:/LearnAI/ontology-evolution/external-real-v4-evidence-aligned#Cybersecurity_in_Medical_Devices_guidance_update____FDA_cyber_device_scope"",""predicate_iri"":""file:///G:/LearnAI/ontology-evolution/external-real-v4-evidence-aligned#scope"",""old_value"":{""kind"":""literal"",""lexical"":""fda_cyber_device_scope=previous_or_not_encoded"",""datatype"":""http://www.w3.org/2001/XMLSchema#string""},""new_value"":{""kind"":""literal"",""lexical"":""scope=cyber_devices;near_miss=wrong_scope"",""datatype"":""http://www.w3.org/2001/XMLSchema#string""}}",READY,Added in external-real-v4-evidence-aligned; candidate order rotates and is not an oracle code.
EXT_E176,CAND_003,scope=cyber_devices,"{""operator"":""REPLACE_PROPERTY_VALUE"",""subject_iri"":""file:///G:/LearnAI/ontology-evolution/external-real-v4-evidence-aligned#Cybersecurity_in_Medical_Devices_guidance_update____FDA_cyber_device_scope"",""predicate_iri"":""file:///G:/LearnAI/ontology-evolution/external-real-v4-evidence-aligned#scope"",""old_value"":{""kind"":""literal"",""lexical"":""fda_cyber_device_scope=previous_or_not_encoded"",""datatype"":""http://www.w3.org/2001/XMLSchema#string""},""new_value"":{""kind"":""literal"",""lexical"":""scope=cyber_devices"",""datatype"":""http://www.w3.org/2001/XMLSchema#string""}}",READY,Added in external-real-v4-evidence-aligned; candidate order rotates and is not an oracle code.
EXT_E177,CAND_001,requirement=premarket_cybersecurity_docs,"{""operator"":""REPLACE_PROPERTY_VALUE"",""subject_iri"":""file:///G:/LearnAI/ontology-evolution/external-real-v4-evidence-aligned#Cybersecurity_in_Medical_Devices_guidance_update____FDA_premarket_submission_documentation"",""predicate_iri"":""file:///G:/LearnAI/ontology-evolution/external-real-v4-evidence-aligned#documentation_rule"",""old_value"":{""kind"":""literal"",""lexical"":""fda_premarket_submission=previous_or_not_encoded"",""datatype"":""http://www.w3.org/2001/XMLSchema#string""},""new_value"":{""kind"":""literal"",""lexical"":""requirement=premarket_cybersecurity_docs"",""datatype"":""http://www.w3.org/2001/XMLSchema#string""}}",READY,Added in external-real-v4-evidence-aligned; candidate order rotates and is not an oracle code.
EXT_E177,CAND_002,fda_premarket_submission=previous_or_not_encoded,"{""operator"":""REPLACE_PROPERTY_VALUE"",""subject_iri"":""file:///G:/LearnAI/ontology-evolution/external-real-v4-evidence-aligned#Cybersecurity_in_Medical_Devices_guidance_update____FDA_premarket_submission_documentation"",""predicate_iri"":""file:///G:/LearnAI/ontology-evolution/external-real-v4-evidence-aligned#documentation_rule"",""old_value"":{""kind"":""literal"",""lexical"":""fda_premarket_submission=previous_or_not_encoded"",""datatype"":""http://www.w3.org/2001/XMLSchema#string""},""new_value"":{""kind"":""literal"",""lexical"":""fda_premarket_submission=previous_or_not_encoded"",""datatype"":""http://www.w3.org/2001/XMLSchema#string""}}",READY,Added in external-real-v4-evidence-aligned; candidate order rotates and is not an oracle code.
EXT_E177,CAND_003,requirement=premarket_cybersecurity_docs;near_miss=wrong_scope,"{""operator"":""REPLACE_PROPERTY_VALUE"",""subject_iri"":""file:///G:/LearnAI/ontology-evolution/external-real-v4-evidence-aligned#Cybersecurity_in_Medical_Devices_guidance_update____FDA_premarket_submission_documentation"",""predicate_iri"":""file:///G:/LearnAI/ontology-evolution/external-real-v4-evidence-aligned#documentation_rule"",""old_value"":{""kind"":""literal"",""lexical"":""fda_premarket_submission=previous_or_not_encoded"",""datatype"":""http://www.w3.org/2001/XMLSchema#string""},""new_value"":{""kind"":""literal"",""lexical"":""requirement=premarket_cybersecurity_docs;near_miss=wrong_scope"",""datatype"":""http://www.w3.org/2001/XMLSchema#string""}}",READY,Added in external-real-v4-evidence-aligned; candidate order rotates and is not an oracle code.
EXT_E178,CAND_001,fda_device_design=previous_or_not_encoded,"{""operator"":""REPLACE_PROPERTY_VALUE"",""subject_iri"":""file:///G:/LearnAI/ontology-evolution/external-real-v4-evidence-aligned#Cybersecurity_in_Medical_Devices_guidance_update____FDA_cybersecurity_device_design"",""predicate_iri"":""file:///G:/LearnAI/ontology-evolution/external-real-v4-evidence-aligned#design_rule"",""old_value"":{""kind"":""literal"",""lexical"":""fda_device_design=previous_or_not_encoded"",""datatype"":""http://www.w3.org/2001/XMLSchema#string""},""new_value"":{""kind"":""literal"",""lexical"":""fda_device_design=previous_or_not_encoded"",""datatype"":""http://www.w3.org/2001/XMLSchema#string""}}",READY,Added in external-real-v4-evidence-aligned; candidate order rotates and is not an oracle code.
EXT_E178,CAND_002,requirement=device_design,"{""operator"":""REPLACE_PROPERTY_VALUE"",""subject_iri"":""file:///G:/LearnAI/ontology-evolution/external-real-v4-evidence-aligned#Cybersecurity_in_Medical_Devices_guidance_update____FDA_cybersecurity_device_design"",""predicate_iri"":""file:///G:/LearnAI/ontology-evolution/external-real-v4-evidence-aligned#design_rule"",""old_value"":{""kind"":""literal"",""lexical"":""fda_device_design=previous_or_not_encoded"",""datatype"":""http://www.w3.org/2001/XMLSchema#string""},""new_value"":{""kind"":""literal"",""lexical"":""requirement=device_design"",""datatype"":""http://www.w3.org/2001/XMLSchema#string""}}",READY,Added in external-real-v4-evidence-aligned; candidate order rotates and is not an oracle code.
EXT_E178,CAND_003,requirement=device_design;near_miss=wrong_scope,"{""operator"":""REPLACE_PROPERTY_VALUE"",""subject_iri"":""file:///G:/LearnAI/ontology-evolution/external-real-v4-evidence-aligned#Cybersecurity_in_Medical_Devices_guidance_update____FDA_cybersecurity_device_design"",""predicate_iri"":""file:///G:/LearnAI/ontology-evolution/external-real-v4-evidence-aligned#design_rule"",""old_value"":{""kind"":""literal"",""lexical"":""fda_device_design=previous_or_not_encoded"",""datatype"":""http://www.w3.org/2001/XMLSchema#string""},""new_value"":{""kind"":""literal"",""lexical"":""requirement=device_design;near_miss=wrong_scope"",""datatype"":""http://www.w3.org/2001/XMLSchema#string""}}",READY,Added in external-real-v4-evidence-aligned; candidate order rotates and is not an oracle code.
EXT_E179,CAND_001,fda_labeling=previous_or_not_encoded,"{""operator"":""REPLACE_PROPERTY_VALUE"",""subject_iri"":""file:///G:/LearnAI/ontology-evolution/external-real-v4-evidence-aligned#Cybersecurity_in_Medical_Devices_guidance_update____FDA_cybersecurity_labeling"",""predicate_iri"":""file:///G:/LearnAI/ontology-evolution/external-real-v4-evidence-aligned#labeling_rule"",""old_value"":{""kind"":""literal"",""lexical"":""fda_labeling=previous_or_not_encoded"",""datatype"":""http://www.w3.org/2001/XMLSchema#string""},""new_value"":{""kind"":""literal"",""lexical"":""fda_labeling=previous_or_not_encoded"",""datatype"":""http://www.w3.org/2001/XMLSchema#string""}}",READY,Added in external-real-v4-evidence-aligned; candidate order rotates and is not an oracle code.
EXT_E179,CAND_002,requirement=labeling;near_miss=wrong_scope,"{""operator"":""REPLACE_PROPERTY_VALUE"",""subject_iri"":""file:///G:/LearnAI/ontology-evolution/external-real-v4-evidence-aligned#Cybersecurity_in_Medical_Devices_guidance_update____FDA_cybersecurity_labeling"",""predicate_iri"":""file:///G:/LearnAI/ontology-evolution/external-real-v4-evidence-aligned#labeling_rule"",""old_value"":{""kind"":""literal"",""lexical"":""fda_labeling=previous_or_not_encoded"",""datatype"":""http://www.w3.org/2001/XMLSchema#string""},""new_value"":{""kind"":""literal"",""lexical"":""requirement=labeling;near_miss=wrong_scope"",""datatype"":""http://www.w3.org/2001/XMLSchema#string""}}",READY,Added in external-real-v4-evidence-aligned; candidate order rotates and is not an oracle code.
EXT_E179,CAND_003,requirement=labeling,"{""operator"":""REPLACE_PROPERTY_VALUE"",""subject_iri"":""file:///G:/LearnAI/ontology-evolution/external-real-v4-evidence-aligned#Cybersecurity_in_Medical_Devices_guidance_update____FDA_cybersecurity_labeling"",""predicate_iri"":""file:///G:/LearnAI/ontology-evolution/external-real-v4-evidence-aligned#labeling_rule"",""old_value"":{""kind"":""literal"",""lexical"":""fda_labeling=previous_or_not_encoded"",""datatype"":""http://www.w3.org/2001/XMLSchema#string""},""new_value"":{""kind"":""literal"",""lexical"":""requirement=labeling"",""datatype"":""http://www.w3.org/2001/XMLSchema#string""}}",READY,Added in external-real-v4-evidence-aligned; candidate order rotates and is not an oracle code.
EXT_E180,CAND_001,requirement=risk_management,"{""operator"":""REPLACE_PROPERTY_VALUE"",""subject_iri"":""file:///G:/LearnAI/ontology-evolution/external-real-v4-evidence-aligned#Cybersecurity_in_Medical_Devices_guidance_update____FDA_cybersecurity_risk_management"",""predicate_iri"":""file:///G:/LearnAI/ontology-evolution/external-real-v4-evidence-aligned#risk_rule"",""old_value"":{""kind"":""literal"",""lexical"":""fda_risk_management=previous_or_not_encoded"",""datatype"":""http://www.w3.org/2001/XMLSchema#string""},""new_value"":{""kind"":""literal"",""lexical"":""requirement=risk_management"",""datatype"":""http://www.w3.org/2001/XMLSchema#string""}}",READY,Added in external-real-v4-evidence-aligned; candidate order rotates and is not an oracle code.
EXT_E180,CAND_002,fda_risk_management=previous_or_not_encoded,"{""operator"":""REPLACE_PROPERTY_VALUE"",""subject_iri"":""file:///G:/LearnAI/ontology-evolution/external-real-v4-evidence-aligned#Cybersecurity_in_Medical_Devices_guidance_update____FDA_cybersecurity_risk_management"",""predicate_iri"":""file:///G:/LearnAI/ontology-evolution/external-real-v4-evidence-aligned#risk_rule"",""old_value"":{""kind"":""literal"",""lexical"":""fda_risk_management=previous_or_not_encoded"",""datatype"":""http://www.w3.org/2001/XMLSchema#string""},""new_value"":{""kind"":""literal"",""lexical"":""fda_risk_management=previous_or_not_encoded"",""datatype"":""http://www.w3.org/2001/XMLSchema#string""}}",READY,Added in external-real-v4-evidence-aligned; candidate order rotates and is not an oracle code.
EXT_E180,CAND_003,requirement=risk_management;near_miss=wrong_scope,"{""operator"":""REPLACE_PROPERTY_VALUE"",""subject_iri"":""file:///G:/LearnAI/ontology-evolution/external-real-v4-evidence-aligned#Cybersecurity_in_Medical_Devices_guidance_update____FDA_cybersecurity_risk_management"",""predicate_iri"":""file:///G:/LearnAI/ontology-evolution/external-real-v4-evidence-aligned#risk_rule"",""old_value"":{""kind"":""literal"",""lexical"":""fda_risk_management=previous_or_not_encoded"",""datatype"":""http://www.w3.org/2001/XMLSchema#string""},""new_value"":{""kind"":""literal"",""lexical"":""requirement=risk_management;near_miss=wrong_scope"",""datatype"":""http://www.w3.org/2001/XMLSchema#string""}}",READY,Added in external-real-v4-evidence-aligned; candidate order rotates and is not an oracle code.
EXT_E181,CAND_001,fda_vulnerability_management=previous_or_not_encoded,"{""operator"":""REPLACE_PROPERTY_VALUE"",""subject_iri"":""file:///G:/LearnAI/ontology-evolution/external-real-v4-evidence-aligned#Cybersecurity_in_Medical_Devices_guidance_update____FDA_vulnerability_management"",""predicate_iri"":""file:///G:/LearnAI/ontology-evolution/external-real-v4-evidence-aligned#vulnerability_rule"",""old_value"":{""kind"":""literal"",""lexical"":""fda_vulnerability_management=previous_or_not_encoded"",""datatype"":""http://www.w3.org/2001/XMLSchema#string""},""new_value"":{""kind"":""literal"",""lexical"":""fda_vulnerability_management=previous_or_not_encoded"",""datatype"":""http://www.w3.org/2001/XMLSchema#string""}}",READY,Added in external-real-v4-evidence-aligned; candidate order rotates and is not an oracle code.
EXT_E181,CAND_002,requirement=vulnerability_management,"{""operator"":""REPLACE_PROPERTY_VALUE"",""subject_iri"":""file:///G:/LearnAI/ontology-evolution/external-real-v4-evidence-aligned#Cybersecurity_in_Medical_Devices_guidance_update____FDA_vulnerability_management"",""predicate_iri"":""file:///G:/LearnAI/ontology-evolution/external-real-v4-evidence-aligned#vulnerability_rule"",""old_value"":{""kind"":""literal"",""lexical"":""fda_vulnerability_management=previous_or_not_encoded"",""datatype"":""http://www.w3.org/2001/XMLSchema#string""},""new_value"":{""kind"":""literal"",""lexical"":""requirement=vulnerability_management"",""datatype"":""http://www.w3.org/2001/XMLSchema#string""}}",READY,Added in external-real-v4-evidence-aligned; candidate order rotates and is not an oracle code.
EXT_E181,CAND_003,requirement=vulnerability_management;near_miss=wrong_scope,"{""operator"":""REPLACE_PROPERTY_VALUE"",""subject_iri"":""file:///G:/LearnAI/ontology-evolution/external-real-v4-evidence-aligned#Cybersecurity_in_Medical_Devices_guidance_update____FDA_vulnerability_management"",""predicate_iri"":""file:///G:/LearnAI/ontology-evolution/external-real-v4-evidence-aligned#vulnerability_rule"",""old_value"":{""kind"":""literal"",""lexical"":""fda_vulnerability_management=previous_or_not_encoded"",""datatype"":""http://www.w3.org/2001/XMLSchema#string""},""new_value"":{""kind"":""literal"",""lexical"":""requirement=vulnerability_management;near_miss=wrong_scope"",""datatype"":""http://www.w3.org/2001/XMLSchema#string""}}",READY,Added in external-real-v4-evidence-aligned; candidate order rotates and is not an oracle code.
EXT_E183,CAND_001,requirement=security_updates,"{""operator"":""REPLACE_PROPERTY_VALUE"",""subject_iri"":""file:///G:/LearnAI/ontology-evolution/external-real-v4-evidence-aligned#Cybersecurity_in_Medical_Devices_guidance_update____FDA_security_update_process"",""predicate_iri"":""file:///G:/LearnAI/ontology-evolution/external-real-v4-evidence-aligned#update_rule"",""old_value"":{""kind"":""literal"",""lexical"":""fda_security_updates=previous_or_not_encoded"",""datatype"":""http://www.w3.org/2001/XMLSchema#string""},""new_value"":{""kind"":""literal"",""lexical"":""requirement=security_updates"",""datatype"":""http://www.w3.org/2001/XMLSchema#string""}}",READY,Added in external-real-v4-evidence-aligned; candidate order rotates and is not an oracle code.
EXT_E183,CAND_002,fda_security_updates=previous_or_not_encoded,"{""operator"":""REPLACE_PROPERTY_VALUE"",""subject_iri"":""file:///G:/LearnAI/ontology-evolution/external-real-v4-evidence-aligned#Cybersecurity_in_Medical_Devices_guidance_update____FDA_security_update_process"",""predicate_iri"":""file:///G:/LearnAI/ontology-evolution/external-real-v4-evidence-aligned#update_rule"",""old_value"":{""kind"":""literal"",""lexical"":""fda_security_updates=previous_or_not_encoded"",""datatype"":""http://www.w3.org/2001/XMLSchema#string""},""new_value"":{""kind"":""literal"",""lexical"":""fda_security_updates=previous_or_not_encoded"",""datatype"":""http://www.w3.org/2001/XMLSchema#string""}}",READY,Added in external-real-v4-evidence-aligned; candidate order rotates and is not an oracle code.
EXT_E183,CAND_003,requirement=security_updates;near_miss=wrong_scope,"{""operator"":""REPLACE_PROPERTY_VALUE"",""subject_iri"":""file:///G:/LearnAI/ontology-evolution/external-real-v4-evidence-aligned#Cybersecurity_in_Medical_Devices_guidance_update____FDA_security_update_process"",""predicate_iri"":""file:///G:/LearnAI/ontology-evolution/external-real-v4-evidence-aligned#update_rule"",""old_value"":{""kind"":""literal"",""lexical"":""fda_security_updates=previous_or_not_encoded"",""datatype"":""http://www.w3.org/2001/XMLSchema#string""},""new_value"":{""kind"":""literal"",""lexical"":""requirement=security_updates;near_miss=wrong_scope"",""datatype"":""http://www.w3.org/2001/XMLSchema#string""}}",READY,Added in external-real-v4-evidence-aligned; candidate order rotates and is not an oracle code.
EXT_E184,CAND_001,fda_total_product_lifecycle=previous_or_not_encoded,"{""operator"":""REPLACE_PROPERTY_VALUE"",""subject_iri"":""file:///G:/LearnAI/ontology-evolution/external-real-v4-evidence-aligned#Cybersecurity_in_Medical_Devices_guidance_update____FDA_total_product_lifecycle"",""predicate_iri"":""file:///G:/LearnAI/ontology-evolution/external-real-v4-evidence-aligned#lifecycle_rule"",""old_value"":{""kind"":""literal"",""lexical"":""fda_total_product_lifecycle=previous_or_not_encoded"",""datatype"":""http://www.w3.org/2001/XMLSchema#string""},""new_value"":{""kind"":""literal"",""lexical"":""fda_total_product_lifecycle=previous_or_not_encoded"",""datatype"":""http://www.w3.org/2001/XMLSchema#string""}}",READY,Added in external-real-v4-evidence-aligned; candidate order rotates and is not an oracle code.
EXT_E184,CAND_002,scope=total_product_lifecycle,"{""operator"":""REPLACE_PROPERTY_VALUE"",""subject_iri"":""file:///G:/LearnAI/ontology-evolution/external-real-v4-evidence-aligned#Cybersecurity_in_Medical_Devices_guidance_update____FDA_total_product_lifecycle"",""predicate_iri"":""file:///G:/LearnAI/ontology-evolution/external-real-v4-evidence-aligned#lifecycle_rule"",""old_value"":{""kind"":""literal"",""lexical"":""fda_total_product_lifecycle=previous_or_not_encoded"",""datatype"":""http://www.w3.org/2001/XMLSchema#string""},""new_value"":{""kind"":""literal"",""lexical"":""scope=total_product_lifecycle"",""datatype"":""http://www.w3.org/2001/XMLSchema#string""}}",READY,Added in external-real-v4-evidence-aligned; candidate order rotates and is not an oracle code.
EXT_E184,CAND_003,scope=total_product_lifecycle;near_miss=wrong_scope,"{""operator"":""REPLACE_PROPERTY_VALUE"",""subject_iri"":""file:///G:/LearnAI/ontology-evolution/external-real-v4-evidence-aligned#Cybersecurity_in_Medical_Devices_guidance_update____FDA_total_product_lifecycle"",""predicate_iri"":""file:///G:/LearnAI/ontology-evolution/external-real-v4-evidence-aligned#lifecycle_rule"",""old_value"":{""kind"":""literal"",""lexical"":""fda_total_product_lifecycle=previous_or_not_encoded"",""datatype"":""http://www.w3.org/2001/XMLSchema#string""},""new_value"":{""kind"":""literal"",""lexical"":""scope=total_product_lifecycle;near_miss=wrong_scope"",""datatype"":""http://www.w3.org/2001/XMLSchema#string""}}",READY,Added in external-real-v4-evidence-aligned; candidate order rotates and is not an oracle code.
EXT_E185,CAND_001,fda_quality_system=previous_or_not_encoded,"{""operator"":""REPLACE_PROPERTY_VALUE"",""subject_iri"":""file:///G:/LearnAI/ontology-evolution/external-real-v4-evidence-aligned#Cybersecurity_in_Medical_Devices_guidance_update____FDA_quality_system_considerations"",""predicate_iri"":""file:///G:/LearnAI/ontology-evolution/external-real-v4-evidence-aligned#quality_rule"",""old_value"":{""kind"":""literal"",""lexical"":""fda_quality_system=previous_or_not_encoded"",""datatype"":""http://www.w3.org/2001/XMLSchema#string""},""new_value"":{""kind"":""literal"",""lexical"":""fda_quality_system=previous_or_not_encoded"",""datatype"":""http://www.w3.org/2001/XMLSchema#string""}}",READY,Added in external-real-v4-evidence-aligned; candidate order rotates and is not an oracle code.
EXT_E185,CAND_002,requirement=quality_system;near_miss=wrong_scope,"{""operator"":""REPLACE_PROPERTY_VALUE"",""subject_iri"":""file:///G:/LearnAI/ontology-evolution/external-real-v4-evidence-aligned#Cybersecurity_in_Medical_Devices_guidance_update____FDA_quality_system_considerations"",""predicate_iri"":""file:///G:/LearnAI/ontology-evolution/external-real-v4-evidence-aligned#quality_rule"",""old_value"":{""kind"":""literal"",""lexical"":""fda_quality_system=previous_or_not_encoded"",""datatype"":""http://www.w3.org/2001/XMLSchema#string""},""new_value"":{""kind"":""literal"",""lexical"":""requirement=quality_system;near_miss=wrong_scope"",""datatype"":""http://www.w3.org/2001/XMLSchema#string""}}",READY,Added in external-real-v4-evidence-aligned; candidate order rotates and is not an oracle code.
EXT_E185,CAND_003,requirement=quality_system,"{""operator"":""REPLACE_PROPERTY_VALUE"",""subject_iri"":""file:///G:/LearnAI/ontology-evolution/external-real-v4-evidence-aligned#Cybersecurity_in_Medical_Devices_guidance_update____FDA_quality_system_considerations"",""predicate_iri"":""file:///G:/LearnAI/ontology-evolution/external-real-v4-evidence-aligned#quality_rule"",""old_value"":{""kind"":""literal"",""lexical"":""fda_quality_system=previous_or_not_encoded"",""datatype"":""http://www.w3.org/2001/XMLSchema#string""},""new_value"":{""kind"":""literal"",""lexical"":""requirement=quality_system"",""datatype"":""http://www.w3.org/2001/XMLSchema#string""}}",READY,Added in external-real-v4-evidence-aligned; candidate order rotates and is not an oracle code.
EXT_E186,CAND_001,requirement=consistent_review,"{""operator"":""REPLACE_PROPERTY_VALUE"",""subject_iri"":""file:///G:/LearnAI/ontology-evolution/external-real-v4-evidence-aligned#Cybersecurity_in_Medical_Devices_guidance_update____FDA_documentation_consistency"",""predicate_iri"":""file:///G:/LearnAI/ontology-evolution/external-real-v4-evidence-aligned#documentation_rule"",""old_value"":{""kind"":""literal"",""lexical"":""fda_documentation_consistency=previous_or_not_encoded"",""datatype"":""http://www.w3.org/2001/XMLSchema#string""},""new_value"":{""kind"":""literal"",""lexical"":""requirement=consistent_review"",""datatype"":""http://www.w3.org/2001/XMLSchema#string""}}",READY,Added in external-real-v4-evidence-aligned; candidate order rotates and is not an oracle code.
EXT_E186,CAND_002,fda_documentation_consistency=previous_or_not_encoded,"{""operator"":""REPLACE_PROPERTY_VALUE"",""subject_iri"":""file:///G:/LearnAI/ontology-evolution/external-real-v4-evidence-aligned#Cybersecurity_in_Medical_Devices_guidance_update____FDA_documentation_consistency"",""predicate_iri"":""file:///G:/LearnAI/ontology-evolution/external-real-v4-evidence-aligned#documentation_rule"",""old_value"":{""kind"":""literal"",""lexical"":""fda_documentation_consistency=previous_or_not_encoded"",""datatype"":""http://www.w3.org/2001/XMLSchema#string""},""new_value"":{""kind"":""literal"",""lexical"":""fda_documentation_consistency=previous_or_not_encoded"",""datatype"":""http://www.w3.org/2001/XMLSchema#string""}}",READY,Added in external-real-v4-evidence-aligned; candidate order rotates and is not an oracle code.
EXT_E186,CAND_003,requirement=consistent_review;near_miss=wrong_scope,"{""operator"":""REPLACE_PROPERTY_VALUE"",""subject_iri"":""file:///G:/LearnAI/ontology-evolution/external-real-v4-evidence-aligned#Cybersecurity_in_Medical_Devices_guidance_update____FDA_documentation_consistency"",""predicate_iri"":""file:///G:/LearnAI/ontology-evolution/external-real-v4-evidence-aligned#documentation_rule"",""old_value"":{""kind"":""literal"",""lexical"":""fda_documentation_consistency=previous_or_not_encoded"",""datatype"":""http://www.w3.org/2001/XMLSchema#string""},""new_value"":{""kind"":""literal"",""lexical"":""requirement=consistent_review;near_miss=wrong_scope"",""datatype"":""http://www.w3.org/2001/XMLSchema#string""}}",READY,Added in external-real-v4-evidence-aligned; candidate order rotates and is not an oracle code.
EXT_E187,CAND_001,fda_networked_devices=previous_or_not_encoded,"{""operator"":""REPLACE_PROPERTY_VALUE"",""subject_iri"":""file:///G:/LearnAI/ontology-evolution/external-real-v4-evidence-aligned#Cybersecurity_in_Medical_Devices_guidance_update____FDA_networked_device_risk"",""predicate_iri"":""file:///G:/LearnAI/ontology-evolution/external-real-v4-evidence-aligned#risk_scope"",""old_value"":{""kind"":""literal"",""lexical"":""fda_networked_devices=previous_or_not_encoded"",""datatype"":""http://www.w3.org/2001/XMLSchema#string""},""new_value"":{""kind"":""literal"",""lexical"":""fda_networked_devices=previous_or_not_encoded"",""datatype"":""http://www.w3.org/2001/XMLSchema#string""}}",READY,Added in external-real-v4-evidence-aligned; candidate order rotates and is not an oracle code.
EXT_E187,CAND_002,scope=networked_devices,"{""operator"":""REPLACE_PROPERTY_VALUE"",""subject_iri"":""file:///G:/LearnAI/ontology-evolution/external-real-v4-evidence-aligned#Cybersecurity_in_Medical_Devices_guidance_update____FDA_networked_device_risk"",""predicate_iri"":""file:///G:/LearnAI/ontology-evolution/external-real-v4-evidence-aligned#risk_scope"",""old_value"":{""kind"":""literal"",""lexical"":""fda_networked_devices=previous_or_not_encoded"",""datatype"":""http://www.w3.org/2001/XMLSchema#string""},""new_value"":{""kind"":""literal"",""lexical"":""scope=networked_devices"",""datatype"":""http://www.w3.org/2001/XMLSchema#string""}}",READY,Added in external-real-v4-evidence-aligned; candidate order rotates and is not an oracle code.
EXT_E187,CAND_003,scope=networked_devices;near_miss=wrong_scope,"{""operator"":""REPLACE_PROPERTY_VALUE"",""subject_iri"":""file:///G:/LearnAI/ontology-evolution/external-real-v4-evidence-aligned#Cybersecurity_in_Medical_Devices_guidance_update____FDA_networked_device_risk"",""predicate_iri"":""file:///G:/LearnAI/ontology-evolution/external-real-v4-evidence-aligned#risk_scope"",""old_value"":{""kind"":""literal"",""lexical"":""fda_networked_devices=previous_or_not_encoded"",""datatype"":""http://www.w3.org/2001/XMLSchema#string""},""new_value"":{""kind"":""literal"",""lexical"":""scope=networked_devices;near_miss=wrong_scope"",""datatype"":""http://www.w3.org/2001/XMLSchema#string""}}",READY,Added in external-real-v4-evidence-aligned; candidate order rotates and is not an oracle code.
EXT_E188,CAND_001,fda_patient_harm_context=previous_or_not_encoded,"{""operator"":""REPLACE_PROPERTY_VALUE"",""subject_iri"":""file:///G:/LearnAI/ontology-evolution/external-real-v4-evidence-aligned#Cybersecurity_in_Medical_Devices_guidance_update____FDA_patient_harm_context"",""predicate_iri"":""file:///G:/LearnAI/ontology-evolution/external-real-v4-evidence-aligned#safety_scope"",""old_value"":{""kind"":""literal"",""lexical"":""fda_patient_harm_context=previous_or_not_encoded"",""datatype"":""http://www.w3.org/2001/XMLSchema#string""},""new_value"":{""kind"":""literal"",""lexical"":""fda_patient_harm_context=previous_or_not_encoded"",""datatype"":""http://www.w3.org/2001/XMLSchema#string""}}",READY,Added in external-real-v4-evidence-aligned; candidate order rotates and is not an oracle code.
EXT_E188,CAND_002,scope=patient_harm;near_miss=wrong_scope,"{""operator"":""REPLACE_PROPERTY_VALUE"",""subject_iri"":""file:///G:/LearnAI/ontology-evolution/external-real-v4-evidence-aligned#Cybersecurity_in_Medical_Devices_guidance_update____FDA_patient_harm_context"",""predicate_iri"":""file:///G:/LearnAI/ontology-evolution/external-real-v4-evidence-aligned#safety_scope"",""old_value"":{""kind"":""literal"",""lexical"":""fda_patient_harm_context=previous_or_not_encoded"",""datatype"":""http://www.w3.org/2001/XMLSchema#string""},""new_value"":{""kind"":""literal"",""lexical"":""scope=patient_harm;near_miss=wrong_scope"",""datatype"":""http://www.w3.org/2001/XMLSchema#string""}}",READY,Added in external-real-v4-evidence-aligned; candidate order rotates and is not an oracle code.
EXT_E188,CAND_003,scope=patient_harm,"{""operator"":""REPLACE_PROPERTY_VALUE"",""subject_iri"":""file:///G:/LearnAI/ontology-evolution/external-real-v4-evidence-aligned#Cybersecurity_in_Medical_Devices_guidance_update____FDA_patient_harm_context"",""predicate_iri"":""file:///G:/LearnAI/ontology-evolution/external-real-v4-evidence-aligned#safety_scope"",""old_value"":{""kind"":""literal"",""lexical"":""fda_patient_harm_context=previous_or_not_encoded"",""datatype"":""http://www.w3.org/2001/XMLSchema#string""},""new_value"":{""kind"":""literal"",""lexical"":""scope=patient_harm"",""datatype"":""http://www.w3.org/2001/XMLSchema#string""}}",READY,Added in external-real-v4-evidence-aligned; candidate order rotates and is not an oracle code.
EXT_E189,CAND_001,requirement=postmarket_management,"{""operator"":""REPLACE_PROPERTY_VALUE"",""subject_iri"":""file:///G:/LearnAI/ontology-evolution/external-real-v4-evidence-aligned#Cybersecurity_in_Medical_Devices_guidance_update____FDA_postmarket_management_reference"",""predicate_iri"":""file:///G:/LearnAI/ontology-evolution/external-real-v4-evidence-aligned#postmarket_rule"",""old_value"":{""kind"":""literal"",""lexical"":""fda_postmarket_management=previous_or_not_encoded"",""datatype"":""http://www.w3.org/2001/XMLSchema#string""},""new_value"":{""kind"":""literal"",""lexical"":""requirement=postmarket_management"",""datatype"":""http://www.w3.org/2001/XMLSchema#string""}}",READY,Added in external-real-v4-evidence-aligned; candidate order rotates and is not an oracle code.
EXT_E189,CAND_002,fda_postmarket_management=previous_or_not_encoded,"{""operator"":""REPLACE_PROPERTY_VALUE"",""subject_iri"":""file:///G:/LearnAI/ontology-evolution/external-real-v4-evidence-aligned#Cybersecurity_in_Medical_Devices_guidance_update____FDA_postmarket_management_reference"",""predicate_iri"":""file:///G:/LearnAI/ontology-evolution/external-real-v4-evidence-aligned#postmarket_rule"",""old_value"":{""kind"":""literal"",""lexical"":""fda_postmarket_management=previous_or_not_encoded"",""datatype"":""http://www.w3.org/2001/XMLSchema#string""},""new_value"":{""kind"":""literal"",""lexical"":""fda_postmarket_management=previous_or_not_encoded"",""datatype"":""http://www.w3.org/2001/XMLSchema#string""}}",READY,Added in external-real-v4-evidence-aligned; candidate order rotates and is not an oracle code.
EXT_E189,CAND_003,requirement=postmarket_management;near_miss=wrong_scope,"{""operator"":""REPLACE_PROPERTY_VALUE"",""subject_iri"":""file:///G:/LearnAI/ontology-evolution/external-real-v4-evidence-aligned#Cybersecurity_in_Medical_Devices_guidance_update____FDA_postmarket_management_reference"",""predicate_iri"":""file:///G:/LearnAI/ontology-evolution/external-real-v4-evidence-aligned#postmarket_rule"",""old_value"":{""kind"":""literal"",""lexical"":""fda_postmarket_management=previous_or_not_encoded"",""datatype"":""http://www.w3.org/2001/XMLSchema#string""},""new_value"":{""kind"":""literal"",""lexical"":""requirement=postmarket_management;near_miss=wrong_scope"",""datatype"":""http://www.w3.org/2001/XMLSchema#string""}}",READY,Added in external-real-v4-evidence-aligned; candidate order rotates and is not an oracle code.
EXT_E190,CAND_001,fda_alerts_safety_comm=previous_or_not_encoded,"{""operator"":""REPLACE_PROPERTY_VALUE"",""subject_iri"":""file:///G:/LearnAI/ontology-evolution/external-real-v4-evidence-aligned#Cybersecurity_in_Medical_Devices_guidance_update____FDA_safety_communications_alerts"",""predicate_iri"":""file:///G:/LearnAI/ontology-evolution/external-real-v4-evidence-aligned#alert_rule"",""old_value"":{""kind"":""literal"",""lexical"":""fda_alerts_safety_comm=previous_or_not_encoded"",""datatype"":""http://www.w3.org/2001/XMLSchema#string""},""new_value"":{""kind"":""literal"",""lexical"":""fda_alerts_safety_comm=previous_or_not_encoded"",""datatype"":""http://www.w3.org/2001/XMLSchema#string""}}",READY,Added in external-real-v4-evidence-aligned; candidate order rotates and is not an oracle code.
EXT_E190,CAND_002,resource=safety_communications,"{""operator"":""REPLACE_PROPERTY_VALUE"",""subject_iri"":""file:///G:/LearnAI/ontology-evolution/external-real-v4-evidence-aligned#Cybersecurity_in_Medical_Devices_guidance_update____FDA_safety_communications_alerts"",""predicate_iri"":""file:///G:/LearnAI/ontology-evolution/external-real-v4-evidence-aligned#alert_rule"",""old_value"":{""kind"":""literal"",""lexical"":""fda_alerts_safety_comm=previous_or_not_encoded"",""datatype"":""http://www.w3.org/2001/XMLSchema#string""},""new_value"":{""kind"":""literal"",""lexical"":""resource=safety_communications"",""datatype"":""http://www.w3.org/2001/XMLSchema#string""}}",READY,Added in external-real-v4-evidence-aligned; candidate order rotates and is not an oracle code.
EXT_E190,CAND_003,resource=safety_communications;near_miss=wrong_scope,"{""operator"":""REPLACE_PROPERTY_VALUE"",""subject_iri"":""file:///G:/LearnAI/ontology-evolution/external-real-v4-evidence-aligned#Cybersecurity_in_Medical_Devices_guidance_update____FDA_safety_communications_alerts"",""predicate_iri"":""file:///G:/LearnAI/ontology-evolution/external-real-v4-evidence-aligned#alert_rule"",""old_value"":{""kind"":""literal"",""lexical"":""fda_alerts_safety_comm=previous_or_not_encoded"",""datatype"":""http://www.w3.org/2001/XMLSchema#string""},""new_value"":{""kind"":""literal"",""lexical"":""resource=safety_communications;near_miss=wrong_scope"",""datatype"":""http://www.w3.org/2001/XMLSchema#string""}}",READY,Added in external-real-v4-evidence-aligned; candidate order rotates and is not an oracle code.
EXT_E191,CAND_001,fda_patching_mitigation=previous_or_not_encoded,"{""operator"":""REPLACE_PROPERTY_VALUE"",""subject_iri"":""file:///G:/LearnAI/ontology-evolution/external-real-v4-evidence-aligned#Cybersecurity_in_Medical_Devices_guidance_update____FDA_patching_mitigation"",""predicate_iri"":""file:///G:/LearnAI/ontology-evolution/external-real-v4-evidence-aligned#mitigation_rule"",""old_value"":{""kind"":""literal"",""lexical"":""fda_patching_mitigation=previous_or_not_encoded"",""datatype"":""http://www.w3.org/2001/XMLSchema#string""},""new_value"":{""kind"":""literal"",""lexical"":""fda_patching_mitigation=previous_or_not_encoded"",""datatype"":""http://www.w3.org/2001/XMLSchema#string""}}",READY,Added in external-real-v4-evidence-aligned; candidate order rotates and is not an oracle code.
EXT_E191,CAND_002,requirement=patch_or_mitigate;near_miss=wrong_scope,"{""operator"":""REPLACE_PROPERTY_VALUE"",""subject_iri"":""file:///G:/LearnAI/ontology-evolution/external-real-v4-evidence-aligned#Cybersecurity_in_Medical_Devices_guidance_update____FDA_patching_mitigation"",""predicate_iri"":""file:///G:/LearnAI/ontology-evolution/external-real-v4-evidence-aligned#mitigation_rule"",""old_value"":{""kind"":""literal"",""lexical"":""fda_patching_mitigation=previous_or_not_encoded"",""datatype"":""http://www.w3.org/2001/XMLSchema#string""},""new_value"":{""kind"":""literal"",""lexical"":""requirement=patch_or_mitigate;near_miss=wrong_scope"",""datatype"":""http://www.w3.org/2001/XMLSchema#string""}}",READY,Added in external-real-v4-evidence-aligned; candidate order rotates and is not an oracle code.
EXT_E191,CAND_003,requirement=patch_or_mitigate,"{""operator"":""REPLACE_PROPERTY_VALUE"",""subject_iri"":""file:///G:/LearnAI/ontology-evolution/external-real-v4-evidence-aligned#Cybersecurity_in_Medical_Devices_guidance_update____FDA_patching_mitigation"",""predicate_iri"":""file:///G:/LearnAI/ontology-evolution/external-real-v4-evidence-aligned#mitigation_rule"",""old_value"":{""kind"":""literal"",""lexical"":""fda_patching_mitigation=previous_or_not_encoded"",""datatype"":""http://www.w3.org/2001/XMLSchema#string""},""new_value"":{""kind"":""literal"",""lexical"":""requirement=patch_or_mitigate"",""datatype"":""http://www.w3.org/2001/XMLSchema#string""}}",READY,Added in external-real-v4-evidence-aligned; candidate order rotates and is not an oracle code.
EXT_E192,CAND_001,requirement=resilience,"{""operator"":""REPLACE_PROPERTY_VALUE"",""subject_iri"":""file:///G:/LearnAI/ontology-evolution/external-real-v4-evidence-aligned#Cybersecurity_in_Medical_Devices_guidance_update____FDA_device_resilience"",""predicate_iri"":""file:///G:/LearnAI/ontology-evolution/external-real-v4-evidence-aligned#resilience_rule"",""old_value"":{""kind"":""literal"",""lexical"":""fda_cybersecurity_resilience=previous_or_not_encoded"",""datatype"":""http://www.w3.org/2001/XMLSchema#string""},""new_value"":{""kind"":""literal"",""lexical"":""requirement=resilience"",""datatype"":""http://www.w3.org/2001/XMLSchema#string""}}",READY,Added in external-real-v4-evidence-aligned; candidate order rotates and is not an oracle code.
EXT_E192,CAND_002,fda_cybersecurity_resilience=previous_or_not_encoded,"{""operator"":""REPLACE_PROPERTY_VALUE"",""subject_iri"":""file:///G:/LearnAI/ontology-evolution/external-real-v4-evidence-aligned#Cybersecurity_in_Medical_Devices_guidance_update____FDA_device_resilience"",""predicate_iri"":""file:///G:/LearnAI/ontology-evolution/external-real-v4-evidence-aligned#resilience_rule"",""old_value"":{""kind"":""literal"",""lexical"":""fda_cybersecurity_resilience=previous_or_not_encoded"",""datatype"":""http://www.w3.org/2001/XMLSchema#string""},""new_value"":{""kind"":""literal"",""lexical"":""fda_cybersecurity_resilience=previous_or_not_encoded"",""datatype"":""http://www.w3.org/2001/XMLSchema#string""}}",READY,Added in external-real-v4-evidence-aligned; candidate order rotates and is not an oracle code.
EXT_E192,CAND_003,requirement=resilience;near_miss=wrong_scope,"{""operator"":""REPLACE_PROPERTY_VALUE"",""subject_iri"":""file:///G:/LearnAI/ontology-evolution/external-real-v4-evidence-aligned#Cybersecurity_in_Medical_Devices_guidance_update____FDA_device_resilience"",""predicate_iri"":""file:///G:/LearnAI/ontology-evolution/external-real-v4-evidence-aligned#resilience_rule"",""old_value"":{""kind"":""literal"",""lexical"":""fda_cybersecurity_resilience=previous_or_not_encoded"",""datatype"":""http://www.w3.org/2001/XMLSchema#string""},""new_value"":{""kind"":""literal"",""lexical"":""requirement=resilience;near_miss=wrong_scope"",""datatype"":""http://www.w3.org/2001/XMLSchema#string""}}",READY,Added in external-real-v4-evidence-aligned; candidate order rotates and is not an oracle code.
EXT_E193,CAND_001,fda_premarket_review_efficiency=previous_or_not_encoded,"{""operator"":""REPLACE_PROPERTY_VALUE"",""subject_iri"":""file:///G:/LearnAI/ontology-evolution/external-real-v4-evidence-aligned#Cybersecurity_in_Medical_Devices_guidance_update____FDA_premarket_review_consistency"",""predicate_iri"":""file:///G:/LearnAI/ontology-evolution/external-real-v4-evidence-aligned#review_rule"",""old_value"":{""kind"":""literal"",""lexical"":""fda_premarket_review_efficiency=previous_or_not_encoded"",""datatype"":""http://www.w3.org/2001/XMLSchema#string""},""new_value"":{""kind"":""literal"",""lexical"":""fda_premarket_review_efficiency=previous_or_not_encoded"",""datatype"":""http://www.w3.org/2001/XMLSchema#string""}}",READY,Added in external-real-v4-evidence-aligned; candidate order rotates and is not an oracle code.
EXT_E193,CAND_002,goal=efficient_review,"{""operator"":""REPLACE_PROPERTY_VALUE"",""subject_iri"":""file:///G:/LearnAI/ontology-evolution/external-real-v4-evidence-aligned#Cybersecurity_in_Medical_Devices_guidance_update____FDA_premarket_review_consistency"",""predicate_iri"":""file:///G:/LearnAI/ontology-evolution/external-real-v4-evidence-aligned#review_rule"",""old_value"":{""kind"":""literal"",""lexical"":""fda_premarket_review_efficiency=previous_or_not_encoded"",""datatype"":""http://www.w3.org/2001/XMLSchema#string""},""new_value"":{""kind"":""literal"",""lexical"":""goal=efficient_review"",""datatype"":""http://www.w3.org/2001/XMLSchema#string""}}",READY,Added in external-real-v4-evidence-aligned; candidate order rotates and is not an oracle code.
EXT_E193,CAND_003,goal=efficient_review;near_miss=wrong_scope,"{""operator"":""REPLACE_PROPERTY_VALUE"",""subject_iri"":""file:///G:/LearnAI/ontology-evolution/external-real-v4-evidence-aligned#Cybersecurity_in_Medical_Devices_guidance_update____FDA_premarket_review_consistency"",""predicate_iri"":""file:///G:/LearnAI/ontology-evolution/external-real-v4-evidence-aligned#review_rule"",""old_value"":{""kind"":""literal"",""lexical"":""fda_premarket_review_efficiency=previous_or_not_encoded"",""datatype"":""http://www.w3.org/2001/XMLSchema#string""},""new_value"":{""kind"":""literal"",""lexical"":""goal=efficient_review;near_miss=wrong_scope"",""datatype"":""http://www.w3.org/2001/XMLSchema#string""}}",READY,Added in external-real-v4-evidence-aligned; candidate order rotates and is not an oracle code.
EXT_E195,CAND_001,condition=early_with_s2,"{""operator"":""REPLACE_PROPERTY_VALUE"",""subject_iri"":""file:///G:/LearnAI/ontology-evolution/external-real-v4-evidence-aligned#IFRS_S1_General_Requirements____IFRS_S1_early_application_with_S2"",""predicate_iri"":""file:///G:/LearnAI/ontology-evolution/external-real-v4-evidence-aligned#application_condition"",""old_value"":{""kind"":""literal"",""lexical"":""ifrs_s1_apply_with_s2=previous_or_not_encoded"",""datatype"":""http://www.w3.org/2001/XMLSchema#string""},""new_value"":{""kind"":""literal"",""lexical"":""condition=early_with_s2"",""datatype"":""http://www.w3.org/2001/XMLSchema#string""}}",READY,Added in external-real-v4-evidence-aligned; candidate order rotates and is not an oracle code.
EXT_E195,CAND_002,ifrs_s1_apply_with_s2=previous_or_not_encoded,"{""operator"":""REPLACE_PROPERTY_VALUE"",""subject_iri"":""file:///G:/LearnAI/ontology-evolution/external-real-v4-evidence-aligned#IFRS_S1_General_Requirements____IFRS_S1_early_application_with_S2"",""predicate_iri"":""file:///G:/LearnAI/ontology-evolution/external-real-v4-evidence-aligned#application_condition"",""old_value"":{""kind"":""literal"",""lexical"":""ifrs_s1_apply_with_s2=previous_or_not_encoded"",""datatype"":""http://www.w3.org/2001/XMLSchema#string""},""new_value"":{""kind"":""literal"",""lexical"":""ifrs_s1_apply_with_s2=previous_or_not_encoded"",""datatype"":""http://www.w3.org/2001/XMLSchema#string""}}",READY,Added in external-real-v4-evidence-aligned; candidate order rotates and is not an oracle code.
EXT_E195,CAND_003,condition=early_with_s2;near_miss=wrong_scope,"{""operator"":""REPLACE_PROPERTY_VALUE"",""subject_iri"":""file:///G:/LearnAI/ontology-evolution/external-real-v4-evidence-aligned#IFRS_S1_General_Requirements____IFRS_S1_early_application_with_S2"",""predicate_iri"":""file:///G:/LearnAI/ontology-evolution/external-real-v4-evidence-aligned#application_condition"",""old_value"":{""kind"":""literal"",""lexical"":""ifrs_s1_apply_with_s2=previous_or_not_encoded"",""datatype"":""http://www.w3.org/2001/XMLSchema#string""},""new_value"":{""kind"":""literal"",""lexical"":""condition=early_with_s2;near_miss=wrong_scope"",""datatype"":""http://www.w3.org/2001/XMLSchema#string""}}",READY,Added in external-real-v4-evidence-aligned; candidate order rotates and is not an oracle code.
EXT_E196,CAND_001,ifrs_s1_sustainability_risks=previous_or_not_encoded,"{""operator"":""REPLACE_PROPERTY_VALUE"",""subject_iri"":""file:///G:/LearnAI/ontology-evolution/external-real-v4-evidence-aligned#IFRS_S1_General_Requirements____IFRS_S1_sustainability_related_risks"",""predicate_iri"":""file:///G:/LearnAI/ontology-evolution/external-real-v4-evidence-aligned#scope"",""old_value"":{""kind"":""literal"",""lexical"":""ifrs_s1_sustainability_risks=previous_or_not_encoded"",""datatype"":""http://www.w3.org/2001/XMLSchema#string""},""new_value"":{""kind"":""literal"",""lexical"":""ifrs_s1_sustainability_risks=previous_or_not_encoded"",""datatype"":""http://www.w3.org/2001/XMLSchema#string""}}",READY,Added in external-real-v4-evidence-aligned; candidate order rotates and is not an oracle code.
EXT_E196,CAND_002,scope=sustainability_risks_opportunities,"{""operator"":""REPLACE_PROPERTY_VALUE"",""subject_iri"":""file:///G:/LearnAI/ontology-evolution/external-real-v4-evidence-aligned#IFRS_S1_General_Requirements____IFRS_S1_sustainability_related_risks"",""predicate_iri"":""file:///G:/LearnAI/ontology-evolution/external-real-v4-evidence-aligned#scope"",""old_value"":{""kind"":""literal"",""lexical"":""ifrs_s1_sustainability_risks=previous_or_not_encoded"",""datatype"":""http://www.w3.org/2001/XMLSchema#string""},""new_value"":{""kind"":""literal"",""lexical"":""scope=sustainability_risks_opportunities"",""datatype"":""http://www.w3.org/2001/XMLSchema#string""}}",READY,Added in external-real-v4-evidence-aligned; candidate order rotates and is not an oracle code.
EXT_E196,CAND_003,scope=sustainability_risks_opportunities;near_miss=wrong_scope,"{""operator"":""REPLACE_PROPERTY_VALUE"",""subject_iri"":""file:///G:/LearnAI/ontology-evolution/external-real-v4-evidence-aligned#IFRS_S1_General_Requirements____IFRS_S1_sustainability_related_risks"",""predicate_iri"":""file:///G:/LearnAI/ontology-evolution/external-real-v4-evidence-aligned#scope"",""old_value"":{""kind"":""literal"",""lexical"":""ifrs_s1_sustainability_risks=previous_or_not_encoded"",""datatype"":""http://www.w3.org/2001/XMLSchema#string""},""new_value"":{""kind"":""literal"",""lexical"":""scope=sustainability_risks_opportunities;near_miss=wrong_scope"",""datatype"":""http://www.w3.org/2001/XMLSchema#string""}}",READY,Added in external-real-v4-evidence-aligned; candidate order rotates and is not an oracle code.
EXT_E197,CAND_001,ifrs_s1_cash_flow_effects=previous_or_not_encoded,"{""operator"":""REPLACE_PROPERTY_VALUE"",""subject_iri"":""file:///G:/LearnAI/ontology-evolution/external-real-v4-evidence-aligned#IFRS_S1_General_Requirements____IFRS_S1_cash_flow_effect_scope"",""predicate_iri"":""file:///G:/LearnAI/ontology-evolution/external-real-v4-evidence-aligned#scope"",""old_value"":{""kind"":""literal"",""lexical"":""ifrs_s1_cash_flow_effects=previous_or_not_encoded"",""datatype"":""http://www.w3.org/2001/XMLSchema#string""},""new_value"":{""kind"":""literal"",""lexical"":""ifrs_s1_cash_flow_effects=previous_or_not_encoded"",""datatype"":""http://www.w3.org/2001/XMLSchema#string""}}",READY,Added in external-real-v4-evidence-aligned; candidate order rotates and is not an oracle code.
EXT_E197,CAND_002,scope=cash_flows_finance_cost_capital;near_miss=wrong_scope,"{""operator"":""REPLACE_PROPERTY_VALUE"",""subject_iri"":""file:///G:/LearnAI/ontology-evolution/external-real-v4-evidence-aligned#IFRS_S1_General_Requirements____IFRS_S1_cash_flow_effect_scope"",""predicate_iri"":""file:///G:/LearnAI/ontology-evolution/external-real-v4-evidence-aligned#scope"",""old_value"":{""kind"":""literal"",""lexical"":""ifrs_s1_cash_flow_effects=previous_or_not_encoded"",""datatype"":""http://www.w3.org/2001/XMLSchema#string""},""new_value"":{""kind"":""literal"",""lexical"":""scope=cash_flows_finance_cost_capital;near_miss=wrong_scope"",""datatype"":""http://www.w3.org/2001/XMLSchema#string""}}",READY,Added in external-real-v4-evidence-aligned; candidate order rotates and is not an oracle code.
EXT_E197,CAND_003,scope=cash_flows_finance_cost_capital,"{""operator"":""REPLACE_PROPERTY_VALUE"",""subject_iri"":""file:///G:/LearnAI/ontology-evolution/external-real-v4-evidence-aligned#IFRS_S1_General_Requirements____IFRS_S1_cash_flow_effect_scope"",""predicate_iri"":""file:///G:/LearnAI/ontology-evolution/external-real-v4-evidence-aligned#scope"",""old_value"":{""kind"":""literal"",""lexical"":""ifrs_s1_cash_flow_effects=previous_or_not_encoded"",""datatype"":""http://www.w3.org/2001/XMLSchema#string""},""new_value"":{""kind"":""literal"",""lexical"":""scope=cash_flows_finance_cost_capital"",""datatype"":""http://www.w3.org/2001/XMLSchema#string""}}",READY,Added in external-real-v4-evidence-aligned; candidate order rotates and is not an oracle code.
EXT_E198,CAND_001,requirement=content_presentation,"{""operator"":""REPLACE_PROPERTY_VALUE"",""subject_iri"":""file:///G:/LearnAI/ontology-evolution/external-real-v4-evidence-aligned#IFRS_S1_General_Requirements____IFRS_S1_content_and_presentation"",""predicate_iri"":""file:///G:/LearnAI/ontology-evolution/external-real-v4-evidence-aligned#presentation_rule"",""old_value"":{""kind"":""literal"",""lexical"":""ifrs_s1_content_presentation=previous_or_not_encoded"",""datatype"":""http://www.w3.org/2001/XMLSchema#string""},""new_value"":{""kind"":""literal"",""lexical"":""requirement=content_presentation"",""datatype"":""http://www.w3.org/2001/XMLSchema#string""}}",READY,Added in external-real-v4-evidence-aligned; candidate order rotates and is not an oracle code.
EXT_E198,CAND_002,ifrs_s1_content_presentation=previous_or_not_encoded,"{""operator"":""REPLACE_PROPERTY_VALUE"",""subject_iri"":""file:///G:/LearnAI/ontology-evolution/external-real-v4-evidence-aligned#IFRS_S1_General_Requirements____IFRS_S1_content_and_presentation"",""predicate_iri"":""file:///G:/LearnAI/ontology-evolution/external-real-v4-evidence-aligned#presentation_rule"",""old_value"":{""kind"":""literal"",""lexical"":""ifrs_s1_content_presentation=previous_or_not_encoded"",""datatype"":""http://www.w3.org/2001/XMLSchema#string""},""new_value"":{""kind"":""literal"",""lexical"":""ifrs_s1_content_presentation=previous_or_not_encoded"",""datatype"":""http://www.w3.org/2001/XMLSchema#string""}}",READY,Added in external-real-v4-evidence-aligned; candidate order rotates and is not an oracle code.
EXT_E198,CAND_003,requirement=content_presentation;near_miss=wrong_scope,"{""operator"":""REPLACE_PROPERTY_VALUE"",""subject_iri"":""file:///G:/LearnAI/ontology-evolution/external-real-v4-evidence-aligned#IFRS_S1_General_Requirements____IFRS_S1_content_and_presentation"",""predicate_iri"":""file:///G:/LearnAI/ontology-evolution/external-real-v4-evidence-aligned#presentation_rule"",""old_value"":{""kind"":""literal"",""lexical"":""ifrs_s1_content_presentation=previous_or_not_encoded"",""datatype"":""http://www.w3.org/2001/XMLSchema#string""},""new_value"":{""kind"":""literal"",""lexical"":""requirement=content_presentation;near_miss=wrong_scope"",""datatype"":""http://www.w3.org/2001/XMLSchema#string""}}",READY,Added in external-real-v4-evidence-aligned; candidate order rotates and is not an oracle code.
EXT_E199,CAND_001,ifrs_s1_governance=previous_or_not_encoded,"{""operator"":""REPLACE_PROPERTY_VALUE"",""subject_iri"":""file:///G:/LearnAI/ontology-evolution/external-real-v4-evidence-aligned#IFRS_S1_General_Requirements____IFRS_S1_governance_disclosure"",""predicate_iri"":""file:///G:/LearnAI/ontology-evolution/external-real-v4-evidence-aligned#disclosure_topic"",""old_value"":{""kind"":""literal"",""lexical"":""ifrs_s1_governance=previous_or_not_encoded"",""datatype"":""http://www.w3.org/2001/XMLSchema#string""},""new_value"":{""kind"":""literal"",""lexical"":""ifrs_s1_governance=previous_or_not_encoded"",""datatype"":""http://www.w3.org/2001/XMLSchema#string""}}",READY,Added in external-real-v4-evidence-aligned; candidate order rotates and is not an oracle code.
EXT_E199,CAND_002,topic=governance,"{""operator"":""REPLACE_PROPERTY_VALUE"",""subject_iri"":""file:///G:/LearnAI/ontology-evolution/external-real-v4-evidence-aligned#IFRS_S1_General_Requirements____IFRS_S1_governance_disclosure"",""predicate_iri"":""file:///G:/LearnAI/ontology-evolution/external-real-v4-evidence-aligned#disclosure_topic"",""old_value"":{""kind"":""literal"",""lexical"":""ifrs_s1_governance=previous_or_not_encoded"",""datatype"":""http://www.w3.org/2001/XMLSchema#string""},""new_value"":{""kind"":""literal"",""lexical"":""topic=governance"",""datatype"":""http://www.w3.org/2001/XMLSchema#string""}}",READY,Added in external-real-v4-evidence-aligned; candidate order rotates and is not an oracle code.
EXT_E199,CAND_003,topic=governance;near_miss=wrong_scope,"{""operator"":""REPLACE_PROPERTY_VALUE"",""subject_iri"":""file:///G:/LearnAI/ontology-evolution/external-real-v4-evidence-aligned#IFRS_S1_General_Requirements____IFRS_S1_governance_disclosure"",""predicate_iri"":""file:///G:/LearnAI/ontology-evolution/external-real-v4-evidence-aligned#disclosure_topic"",""old_value"":{""kind"":""literal"",""lexical"":""ifrs_s1_governance=previous_or_not_encoded"",""datatype"":""http://www.w3.org/2001/XMLSchema#string""},""new_value"":{""kind"":""literal"",""lexical"":""topic=governance;near_miss=wrong_scope"",""datatype"":""http://www.w3.org/2001/XMLSchema#string""}}",READY,Added in external-real-v4-evidence-aligned; candidate order rotates and is not an oracle code.
EXT_E200,CAND_001,ifrs_s1_strategy=previous_or_not_encoded,"{""operator"":""REPLACE_PROPERTY_VALUE"",""subject_iri"":""file:///G:/LearnAI/ontology-evolution/external-real-v4-evidence-aligned#IFRS_S1_General_Requirements____IFRS_S1_strategy_disclosure"",""predicate_iri"":""file:///G:/LearnAI/ontology-evolution/external-real-v4-evidence-aligned#disclosure_topic"",""old_value"":{""kind"":""literal"",""lexical"":""ifrs_s1_strategy=previous_or_not_encoded"",""datatype"":""http://www.w3.org/2001/XMLSchema#string""},""new_value"":{""kind"":""literal"",""lexical"":""ifrs_s1_strategy=previous_or_not_encoded"",""datatype"":""http://www.w3.org/2001/XMLSchema#string""}}",READY,Added in external-real-v4-evidence-aligned; candidate order rotates and is not an oracle code.
EXT_E200,CAND_002,topic=strategy;near_miss=wrong_scope,"{""operator"":""REPLACE_PROPERTY_VALUE"",""subject_iri"":""file:///G:/LearnAI/ontology-evolution/external-real-v4-evidence-aligned#IFRS_S1_General_Requirements____IFRS_S1_strategy_disclosure"",""predicate_iri"":""file:///G:/LearnAI/ontology-evolution/external-real-v4-evidence-aligned#disclosure_topic"",""old_value"":{""kind"":""literal"",""lexical"":""ifrs_s1_strategy=previous_or_not_encoded"",""datatype"":""http://www.w3.org/2001/XMLSchema#string""},""new_value"":{""kind"":""literal"",""lexical"":""topic=strategy;near_miss=wrong_scope"",""datatype"":""http://www.w3.org/2001/XMLSchema#string""}}",READY,Added in external-real-v4-evidence-aligned; candidate order rotates and is not an oracle code.
EXT_E200,CAND_003,topic=strategy,"{""operator"":""REPLACE_PROPERTY_VALUE"",""subject_iri"":""file:///G:/LearnAI/ontology-evolution/external-real-v4-evidence-aligned#IFRS_S1_General_Requirements____IFRS_S1_strategy_disclosure"",""predicate_iri"":""file:///G:/LearnAI/ontology-evolution/external-real-v4-evidence-aligned#disclosure_topic"",""old_value"":{""kind"":""literal"",""lexical"":""ifrs_s1_strategy=previous_or_not_encoded"",""datatype"":""http://www.w3.org/2001/XMLSchema#string""},""new_value"":{""kind"":""literal"",""lexical"":""topic=strategy"",""datatype"":""http://www.w3.org/2001/XMLSchema#string""}}",READY,Added in external-real-v4-evidence-aligned; candidate order rotates and is not an oracle code.
EXT_E201,CAND_001,topic=risk_management,"{""operator"":""REPLACE_PROPERTY_VALUE"",""subject_iri"":""file:///G:/LearnAI/ontology-evolution/external-real-v4-evidence-aligned#IFRS_S1_General_Requirements____IFRS_S1_risk_management_disclosure"",""predicate_iri"":""file:///G:/LearnAI/ontology-evolution/external-real-v4-evidence-aligned#disclosure_topic"",""old_value"":{""kind"":""literal"",""lexical"":""ifrs_s1_risk_management=previous_or_not_encoded"",""datatype"":""http://www.w3.org/2001/XMLSchema#string""},""new_value"":{""kind"":""literal"",""lexical"":""topic=risk_management"",""datatype"":""http://www.w3.org/2001/XMLSchema#string""}}",READY,Added in external-real-v4-evidence-aligned; candidate order rotates and is not an oracle code.
EXT_E201,CAND_002,ifrs_s1_risk_management=previous_or_not_encoded,"{""operator"":""REPLACE_PROPERTY_VALUE"",""subject_iri"":""file:///G:/LearnAI/ontology-evolution/external-real-v4-evidence-aligned#IFRS_S1_General_Requirements____IFRS_S1_risk_management_disclosure"",""predicate_iri"":""file:///G:/LearnAI/ontology-evolution/external-real-v4-evidence-aligned#disclosure_topic"",""old_value"":{""kind"":""literal"",""lexical"":""ifrs_s1_risk_management=previous_or_not_encoded"",""datatype"":""http://www.w3.org/2001/XMLSchema#string""},""new_value"":{""kind"":""literal"",""lexical"":""ifrs_s1_risk_management=previous_or_not_encoded"",""datatype"":""http://www.w3.org/2001/XMLSchema#string""}}",READY,Added in external-real-v4-evidence-aligned; candidate order rotates and is not an oracle code.
EXT_E201,CAND_003,topic=risk_management;near_miss=wrong_scope,"{""operator"":""REPLACE_PROPERTY_VALUE"",""subject_iri"":""file:///G:/LearnAI/ontology-evolution/external-real-v4-evidence-aligned#IFRS_S1_General_Requirements____IFRS_S1_risk_management_disclosure"",""predicate_iri"":""file:///G:/LearnAI/ontology-evolution/external-real-v4-evidence-aligned#disclosure_topic"",""old_value"":{""kind"":""literal"",""lexical"":""ifrs_s1_risk_management=previous_or_not_encoded"",""datatype"":""http://www.w3.org/2001/XMLSchema#string""},""new_value"":{""kind"":""literal"",""lexical"":""topic=risk_management;near_miss=wrong_scope"",""datatype"":""http://www.w3.org/2001/XMLSchema#string""}}",READY,Added in external-real-v4-evidence-aligned; candidate order rotates and is not an oracle code.
EXT_E202,CAND_001,ifrs_s1_metrics_targets=previous_or_not_encoded,"{""operator"":""REPLACE_PROPERTY_VALUE"",""subject_iri"":""file:///G:/LearnAI/ontology-evolution/external-real-v4-evidence-aligned#IFRS_S1_General_Requirements____IFRS_S1_metrics_and_targets"",""predicate_iri"":""file:///G:/LearnAI/ontology-evolution/external-real-v4-evidence-aligned#disclosure_topic"",""old_value"":{""kind"":""literal"",""lexical"":""ifrs_s1_metrics_targets=previous_or_not_encoded"",""datatype"":""http://www.w3.org/2001/XMLSchema#string""},""new_value"":{""kind"":""literal"",""lexical"":""ifrs_s1_metrics_targets=previous_or_not_encoded"",""datatype"":""http://www.w3.org/2001/XMLSchema#string""}}",READY,Added in external-real-v4-evidence-aligned; candidate order rotates and is not an oracle code.
EXT_E202,CAND_002,topic=metrics_targets,"{""operator"":""REPLACE_PROPERTY_VALUE"",""subject_iri"":""file:///G:/LearnAI/ontology-evolution/external-real-v4-evidence-aligned#IFRS_S1_General_Requirements____IFRS_S1_metrics_and_targets"",""predicate_iri"":""file:///G:/LearnAI/ontology-evolution/external-real-v4-evidence-aligned#disclosure_topic"",""old_value"":{""kind"":""literal"",""lexical"":""ifrs_s1_metrics_targets=previous_or_not_encoded"",""datatype"":""http://www.w3.org/2001/XMLSchema#string""},""new_value"":{""kind"":""literal"",""lexical"":""topic=metrics_targets"",""datatype"":""http://www.w3.org/2001/XMLSchema#string""}}",READY,Added in external-real-v4-evidence-aligned; candidate order rotates and is not an oracle code.
EXT_E202,CAND_003,topic=metrics_targets;near_miss=wrong_scope,"{""operator"":""REPLACE_PROPERTY_VALUE"",""subject_iri"":""file:///G:/LearnAI/ontology-evolution/external-real-v4-evidence-aligned#IFRS_S1_General_Requirements____IFRS_S1_metrics_and_targets"",""predicate_iri"":""file:///G:/LearnAI/ontology-evolution/external-real-v4-evidence-aligned#disclosure_topic"",""old_value"":{""kind"":""literal"",""lexical"":""ifrs_s1_metrics_targets=previous_or_not_encoded"",""datatype"":""http://www.w3.org/2001/XMLSchema#string""},""new_value"":{""kind"":""literal"",""lexical"":""topic=metrics_targets;near_miss=wrong_scope"",""datatype"":""http://www.w3.org/2001/XMLSchema#string""}}",READY,Added in external-real-v4-evidence-aligned; candidate order rotates and is not an oracle code.
EXT_E203,CAND_001,ifrs_s1_general_requirements=previous_or_not_encoded,"{""operator"":""REPLACE_PROPERTY_VALUE"",""subject_iri"":""file:///G:/LearnAI/ontology-evolution/external-real-v4-evidence-aligned#IFRS_S1_General_Requirements____IFRS_S1_general_requirements"",""predicate_iri"":""file:///G:/LearnAI/ontology-evolution/external-real-v4-evidence-aligned#requirement"",""old_value"":{""kind"":""literal"",""lexical"":""ifrs_s1_general_requirements=previous_or_not_encoded"",""datatype"":""http://www.w3.org/2001/XMLSchema#string""},""new_value"":{""kind"":""literal"",""lexical"":""ifrs_s1_general_requirements=previous_or_not_encoded"",""datatype"":""http://www.w3.org/2001/XMLSchema#string""}}",READY,Added in external-real-v4-evidence-aligned; candidate order rotates and is not an oracle code.
EXT_E203,CAND_002,requirement=general_disclosure;near_miss=wrong_scope,"{""operator"":""REPLACE_PROPERTY_VALUE"",""subject_iri"":""file:///G:/LearnAI/ontology-evolution/external-real-v4-evidence-aligned#IFRS_S1_General_Requirements____IFRS_S1_general_requirements"",""predicate_iri"":""file:///G:/LearnAI/ontology-evolution/external-real-v4-evidence-aligned#requirement"",""old_value"":{""kind"":""literal"",""lexical"":""ifrs_s1_general_requirements=previous_or_not_encoded"",""datatype"":""http://www.w3.org/2001/XMLSchema#string""},""new_value"":{""kind"":""literal"",""lexical"":""requirement=general_disclosure;near_miss=wrong_scope"",""datatype"":""http://www.w3.org/2001/XMLSchema#string""}}",READY,Added in external-real-v4-evidence-aligned; candidate order rotates and is not an oracle code.
EXT_E203,CAND_003,requirement=general_disclosure,"{""operator"":""REPLACE_PROPERTY_VALUE"",""subject_iri"":""file:///G:/LearnAI/ontology-evolution/external-real-v4-evidence-aligned#IFRS_S1_General_Requirements____IFRS_S1_general_requirements"",""predicate_iri"":""file:///G:/LearnAI/ontology-evolution/external-real-v4-evidence-aligned#requirement"",""old_value"":{""kind"":""literal"",""lexical"":""ifrs_s1_general_requirements=previous_or_not_encoded"",""datatype"":""http://www.w3.org/2001/XMLSchema#string""},""new_value"":{""kind"":""literal"",""lexical"":""requirement=general_disclosure"",""datatype"":""http://www.w3.org/2001/XMLSchema#string""}}",READY,Added in external-real-v4-evidence-aligned; candidate order rotates and is not an oracle code.
EXT_E205,CAND_001,ifrs_s2_apply_with_s1=previous_or_not_encoded,"{""operator"":""REPLACE_PROPERTY_VALUE"",""subject_iri"":""file:///G:/LearnAI/ontology-evolution/external-real-v4-evidence-aligned#IFRS_S2_Climate_related_Disclosures____IFRS_S2_application_with_S1"",""predicate_iri"":""file:///G:/LearnAI/ontology-evolution/external-real-v4-evidence-aligned#application_condition"",""old_value"":{""kind"":""literal"",""lexical"":""ifrs_s2_apply_with_s1=previous_or_not_encoded"",""datatype"":""http://www.w3.org/2001/XMLSchema#string""},""new_value"":{""kind"":""literal"",""lexical"":""ifrs_s2_apply_with_s1=previous_or_not_encoded"",""datatype"":""http://www.w3.org/2001/XMLSchema#string""}}",READY,Added in external-real-v4-evidence-aligned; candidate order rotates and is not an oracle code.
EXT_E205,CAND_002,condition=apply_with_s1,"{""operator"":""REPLACE_PROPERTY_VALUE"",""subject_iri"":""file:///G:/LearnAI/ontology-evolution/external-real-v4-evidence-aligned#IFRS_S2_Climate_related_Disclosures____IFRS_S2_application_with_S1"",""predicate_iri"":""file:///G:/LearnAI/ontology-evolution/external-real-v4-evidence-aligned#application_condition"",""old_value"":{""kind"":""literal"",""lexical"":""ifrs_s2_apply_with_s1=previous_or_not_encoded"",""datatype"":""http://www.w3.org/2001/XMLSchema#string""},""new_value"":{""kind"":""literal"",""lexical"":""condition=apply_with_s1"",""datatype"":""http://www.w3.org/2001/XMLSchema#string""}}",READY,Added in external-real-v4-evidence-aligned; candidate order rotates and is not an oracle code.
EXT_E205,CAND_003,condition=apply_with_s1;near_miss=wrong_scope,"{""operator"":""REPLACE_PROPERTY_VALUE"",""subject_iri"":""file:///G:/LearnAI/ontology-evolution/external-real-v4-evidence-aligned#IFRS_S2_Climate_related_Disclosures____IFRS_S2_application_with_S1"",""predicate_iri"":""file:///G:/LearnAI/ontology-evolution/external-real-v4-evidence-aligned#application_condition"",""old_value"":{""kind"":""literal"",""lexical"":""ifrs_s2_apply_with_s1=previous_or_not_encoded"",""datatype"":""http://www.w3.org/2001/XMLSchema#string""},""new_value"":{""kind"":""literal"",""lexical"":""condition=apply_with_s1;near_miss=wrong_scope"",""datatype"":""http://www.w3.org/2001/XMLSchema#string""}}",READY,Added in external-real-v4-evidence-aligned; candidate order rotates and is not an oracle code.
EXT_E206,CAND_001,ifrs_s2_climate_risks=previous_or_not_encoded,"{""operator"":""REPLACE_PROPERTY_VALUE"",""subject_iri"":""file:///G:/LearnAI/ontology-evolution/external-real-v4-evidence-aligned#IFRS_S2_Climate_related_Disclosures____IFRS_S2_climate_related_risks"",""predicate_iri"":""file:///G:/LearnAI/ontology-evolution/external-real-v4-evidence-aligned#scope"",""old_value"":{""kind"":""literal"",""lexical"":""ifrs_s2_climate_risks=previous_or_not_encoded"",""datatype"":""http://www.w3.org/2001/XMLSchema#string""},""new_value"":{""kind"":""literal"",""lexical"":""ifrs_s2_climate_risks=previous_or_not_encoded"",""datatype"":""http://www.w3.org/2001/XMLSchema#string""}}",READY,Added in external-real-v4-evidence-aligned; candidate order rotates and is not an oracle code.
EXT_E206,CAND_002,scope=climate_risks_opportunities;near_miss=wrong_scope,"{""operator"":""REPLACE_PROPERTY_VALUE"",""subject_iri"":""file:///G:/LearnAI/ontology-evolution/external-real-v4-evidence-aligned#IFRS_S2_Climate_related_Disclosures____IFRS_S2_climate_related_risks"",""predicate_iri"":""file:///G:/LearnAI/ontology-evolution/external-real-v4-evidence-aligned#scope"",""old_value"":{""kind"":""literal"",""lexical"":""ifrs_s2_climate_risks=previous_or_not_encoded"",""datatype"":""http://www.w3.org/2001/XMLSchema#string""},""new_value"":{""kind"":""literal"",""lexical"":""scope=climate_risks_opportunities;near_miss=wrong_scope"",""datatype"":""http://www.w3.org/2001/XMLSchema#string""}}",READY,Added in external-real-v4-evidence-aligned; candidate order rotates and is not an oracle code.
EXT_E206,CAND_003,scope=climate_risks_opportunities,"{""operator"":""REPLACE_PROPERTY_VALUE"",""subject_iri"":""file:///G:/LearnAI/ontology-evolution/external-real-v4-evidence-aligned#IFRS_S2_Climate_related_Disclosures____IFRS_S2_climate_related_risks"",""predicate_iri"":""file:///G:/LearnAI/ontology-evolution/external-real-v4-evidence-aligned#scope"",""old_value"":{""kind"":""literal"",""lexical"":""ifrs_s2_climate_risks=previous_or_not_encoded"",""datatype"":""http://www.w3.org/2001/XMLSchema#string""},""new_value"":{""kind"":""literal"",""lexical"":""scope=climate_risks_opportunities"",""datatype"":""http://www.w3.org/2001/XMLSchema#string""}}",READY,Added in external-real-v4-evidence-aligned; candidate order rotates and is not an oracle code.
EXT_E207,CAND_001,risk=physical,"{""operator"":""REPLACE_PROPERTY_VALUE"",""subject_iri"":""file:///G:/LearnAI/ontology-evolution/external-real-v4-evidence-aligned#IFRS_S2_Climate_related_Disclosures____IFRS_S2_physical_risks"",""predicate_iri"":""file:///G:/LearnAI/ontology-evolution/external-real-v4-evidence-aligned#risk_subtype"",""old_value"":{""kind"":""literal"",""lexical"":""ifrs_s2_physical_risks=previous_or_not_encoded"",""datatype"":""http://www.w3.org/2001/XMLSchema#string""},""new_value"":{""kind"":""literal"",""lexical"":""risk=physical"",""datatype"":""http://www.w3.org/2001/XMLSchema#string""}}",READY,Added in external-real-v4-evidence-aligned; candidate order rotates and is not an oracle code.
EXT_E207,CAND_002,ifrs_s2_physical_risks=previous_or_not_encoded,"{""operator"":""REPLACE_PROPERTY_VALUE"",""subject_iri"":""file:///G:/LearnAI/ontology-evolution/external-real-v4-evidence-aligned#IFRS_S2_Climate_related_Disclosures____IFRS_S2_physical_risks"",""predicate_iri"":""file:///G:/LearnAI/ontology-evolution/external-real-v4-evidence-aligned#risk_subtype"",""old_value"":{""kind"":""literal"",""lexical"":""ifrs_s2_physical_risks=previous_or_not_encoded"",""datatype"":""http://www.w3.org/2001/XMLSchema#string""},""new_value"":{""kind"":""literal"",""lexical"":""ifrs_s2_physical_risks=previous_or_not_encoded"",""datatype"":""http://www.w3.org/2001/XMLSchema#string""}}",READY,Added in external-real-v4-evidence-aligned; candidate order rotates and is not an oracle code.
EXT_E207,CAND_003,risk=physical;near_miss=wrong_scope,"{""operator"":""REPLACE_PROPERTY_VALUE"",""subject_iri"":""file:///G:/LearnAI/ontology-evolution/external-real-v4-evidence-aligned#IFRS_S2_Climate_related_Disclosures____IFRS_S2_physical_risks"",""predicate_iri"":""file:///G:/LearnAI/ontology-evolution/external-real-v4-evidence-aligned#risk_subtype"",""old_value"":{""kind"":""literal"",""lexical"":""ifrs_s2_physical_risks=previous_or_not_encoded"",""datatype"":""http://www.w3.org/2001/XMLSchema#string""},""new_value"":{""kind"":""literal"",""lexical"":""risk=physical;near_miss=wrong_scope"",""datatype"":""http://www.w3.org/2001/XMLSchema#string""}}",READY,Added in external-real-v4-evidence-aligned; candidate order rotates and is not an oracle code.
EXT_E208,CAND_001,ifrs_s2_transition_risks=previous_or_not_encoded,"{""operator"":""REPLACE_PROPERTY_VALUE"",""subject_iri"":""file:///G:/LearnAI/ontology-evolution/external-real-v4-evidence-aligned#IFRS_S2_Climate_related_Disclosures____IFRS_S2_transition_risks"",""predicate_iri"":""file:///G:/LearnAI/ontology-evolution/external-real-v4-evidence-aligned#risk_subtype"",""old_value"":{""kind"":""literal"",""lexical"":""ifrs_s2_transition_risks=previous_or_not_encoded"",""datatype"":""http://www.w3.org/2001/XMLSchema#string""},""new_value"":{""kind"":""literal"",""lexical"":""ifrs_s2_transition_risks=previous_or_not_encoded"",""datatype"":""http://www.w3.org/2001/XMLSchema#string""}}",READY,Added in external-real-v4-evidence-aligned; candidate order rotates and is not an oracle code.
EXT_E208,CAND_002,risk=transition,"{""operator"":""REPLACE_PROPERTY_VALUE"",""subject_iri"":""file:///G:/LearnAI/ontology-evolution/external-real-v4-evidence-aligned#IFRS_S2_Climate_related_Disclosures____IFRS_S2_transition_risks"",""predicate_iri"":""file:///G:/LearnAI/ontology-evolution/external-real-v4-evidence-aligned#risk_subtype"",""old_value"":{""kind"":""literal"",""lexical"":""ifrs_s2_transition_risks=previous_or_not_encoded"",""datatype"":""http://www.w3.org/2001/XMLSchema#string""},""new_value"":{""kind"":""literal"",""lexical"":""risk=transition"",""datatype"":""http://www.w3.org/2001/XMLSchema#string""}}",READY,Added in external-real-v4-evidence-aligned; candidate order rotates and is not an oracle code.
EXT_E208,CAND_003,risk=transition;near_miss=wrong_scope,"{""operator"":""REPLACE_PROPERTY_VALUE"",""subject_iri"":""file:///G:/LearnAI/ontology-evolution/external-real-v4-evidence-aligned#IFRS_S2_Climate_related_Disclosures____IFRS_S2_transition_risks"",""predicate_iri"":""file:///G:/LearnAI/ontology-evolution/external-real-v4-evidence-aligned#risk_subtype"",""old_value"":{""kind"":""literal"",""lexical"":""ifrs_s2_transition_risks=previous_or_not_encoded"",""datatype"":""http://www.w3.org/2001/XMLSchema#string""},""new_value"":{""kind"":""literal"",""lexical"":""risk=transition;near_miss=wrong_scope"",""datatype"":""http://www.w3.org/2001/XMLSchema#string""}}",READY,Added in external-real-v4-evidence-aligned; candidate order rotates and is not an oracle code.
EXT_E209,CAND_001,ifrs_s2_opportunities=previous_or_not_encoded,"{""operator"":""REPLACE_PROPERTY_VALUE"",""subject_iri"":""file:///G:/LearnAI/ontology-evolution/external-real-v4-evidence-aligned#IFRS_S2_Climate_related_Disclosures____IFRS_S2_climate_opportunities"",""predicate_iri"":""file:///G:/LearnAI/ontology-evolution/external-real-v4-evidence-aligned#scope"",""old_value"":{""kind"":""literal"",""lexical"":""ifrs_s2_opportunities=previous_or_not_encoded"",""datatype"":""http://www.w3.org/2001/XMLSchema#string""},""new_value"":{""kind"":""literal"",""lexical"":""ifrs_s2_opportunities=previous_or_not_encoded"",""datatype"":""http://www.w3.org/2001/XMLSchema#string""}}",READY,Added in external-real-v4-evidence-aligned; candidate order rotates and is not an oracle code.
EXT_E209,CAND_002,scope=climate_opportunities;near_miss=wrong_scope,"{""operator"":""REPLACE_PROPERTY_VALUE"",""subject_iri"":""file:///G:/LearnAI/ontology-evolution/external-real-v4-evidence-aligned#IFRS_S2_Climate_related_Disclosures____IFRS_S2_climate_opportunities"",""predicate_iri"":""file:///G:/LearnAI/ontology-evolution/external-real-v4-evidence-aligned#scope"",""old_value"":{""kind"":""literal"",""lexical"":""ifrs_s2_opportunities=previous_or_not_encoded"",""datatype"":""http://www.w3.org/2001/XMLSchema#string""},""new_value"":{""kind"":""literal"",""lexical"":""scope=climate_opportunities;near_miss=wrong_scope"",""datatype"":""http://www.w3.org/2001/XMLSchema#string""}}",READY,Added in external-real-v4-evidence-aligned; candidate order rotates and is not an oracle code.
EXT_E209,CAND_003,scope=climate_opportunities,"{""operator"":""REPLACE_PROPERTY_VALUE"",""subject_iri"":""file:///G:/LearnAI/ontology-evolution/external-real-v4-evidence-aligned#IFRS_S2_Climate_related_Disclosures____IFRS_S2_climate_opportunities"",""predicate_iri"":""file:///G:/LearnAI/ontology-evolution/external-real-v4-evidence-aligned#scope"",""old_value"":{""kind"":""literal"",""lexical"":""ifrs_s2_opportunities=previous_or_not_encoded"",""datatype"":""http://www.w3.org/2001/XMLSchema#string""},""new_value"":{""kind"":""literal"",""lexical"":""scope=climate_opportunities"",""datatype"":""http://www.w3.org/2001/XMLSchema#string""}}",READY,Added in external-real-v4-evidence-aligned; candidate order rotates and is not an oracle code.
EXT_E210,CAND_001,topic=climate_governance,"{""operator"":""REPLACE_PROPERTY_VALUE"",""subject_iri"":""file:///G:/LearnAI/ontology-evolution/external-real-v4-evidence-aligned#IFRS_S2_Climate_related_Disclosures____IFRS_S2_governance_disclosure"",""predicate_iri"":""file:///G:/LearnAI/ontology-evolution/external-real-v4-evidence-aligned#disclosure_topic"",""old_value"":{""kind"":""literal"",""lexical"":""ifrs_s2_governance=previous_or_not_encoded"",""datatype"":""http://www.w3.org/2001/XMLSchema#string""},""new_value"":{""kind"":""literal"",""lexical"":""topic=climate_governance"",""datatype"":""http://www.w3.org/2001/XMLSchema#string""}}",READY,Added in external-real-v4-evidence-aligned; candidate order rotates and is not an oracle code.
EXT_E210,CAND_002,ifrs_s2_governance=previous_or_not_encoded,"{""operator"":""REPLACE_PROPERTY_VALUE"",""subject_iri"":""file:///G:/LearnAI/ontology-evolution/external-real-v4-evidence-aligned#IFRS_S2_Climate_related_Disclosures____IFRS_S2_governance_disclosure"",""predicate_iri"":""file:///G:/LearnAI/ontology-evolution/external-real-v4-evidence-aligned#disclosure_topic"",""old_value"":{""kind"":""literal"",""lexical"":""ifrs_s2_governance=previous_or_not_encoded"",""datatype"":""http://www.w3.org/2001/XMLSchema#string""},""new_value"":{""kind"":""literal"",""lexical"":""ifrs_s2_governance=previous_or_not_encoded"",""datatype"":""http://www.w3.org/2001/XMLSchema#string""}}",READY,Added in external-real-v4-evidence-aligned; candidate order rotates and is not an oracle code.
EXT_E210,CAND_003,topic=climate_governance;near_miss=wrong_scope,"{""operator"":""REPLACE_PROPERTY_VALUE"",""subject_iri"":""file:///G:/LearnAI/ontology-evolution/external-real-v4-evidence-aligned#IFRS_S2_Climate_related_Disclosures____IFRS_S2_governance_disclosure"",""predicate_iri"":""file:///G:/LearnAI/ontology-evolution/external-real-v4-evidence-aligned#disclosure_topic"",""old_value"":{""kind"":""literal"",""lexical"":""ifrs_s2_governance=previous_or_not_encoded"",""datatype"":""http://www.w3.org/2001/XMLSchema#string""},""new_value"":{""kind"":""literal"",""lexical"":""topic=climate_governance;near_miss=wrong_scope"",""datatype"":""http://www.w3.org/2001/XMLSchema#string""}}",READY,Added in external-real-v4-evidence-aligned; candidate order rotates and is not an oracle code.
EXT_E211,CAND_001,ifrs_s2_strategy=previous_or_not_encoded,"{""operator"":""REPLACE_PROPERTY_VALUE"",""subject_iri"":""file:///G:/LearnAI/ontology-evolution/external-real-v4-evidence-aligned#IFRS_S2_Climate_related_Disclosures____IFRS_S2_strategy_disclosure"",""predicate_iri"":""file:///G:/LearnAI/ontology-evolution/external-real-v4-evidence-aligned#disclosure_topic"",""old_value"":{""kind"":""literal"",""lexical"":""ifrs_s2_strategy=previous_or_not_encoded"",""datatype"":""http://www.w3.org/2001/XMLSchema#string""},""new_value"":{""kind"":""literal"",""lexical"":""ifrs_s2_strategy=previous_or_not_encoded"",""datatype"":""http://www.w3.org/2001/XMLSchema#string""}}",READY,Added in external-real-v4-evidence-aligned; candidate order rotates and is not an oracle code.
EXT_E211,CAND_002,topic=climate_strategy,"{""operator"":""REPLACE_PROPERTY_VALUE"",""subject_iri"":""file:///G:/LearnAI/ontology-evolution/external-real-v4-evidence-aligned#IFRS_S2_Climate_related_Disclosures____IFRS_S2_strategy_disclosure"",""predicate_iri"":""file:///G:/LearnAI/ontology-evolution/external-real-v4-evidence-aligned#disclosure_topic"",""old_value"":{""kind"":""literal"",""lexical"":""ifrs_s2_strategy=previous_or_not_encoded"",""datatype"":""http://www.w3.org/2001/XMLSchema#string""},""new_value"":{""kind"":""literal"",""lexical"":""topic=climate_strategy"",""datatype"":""http://www.w3.org/2001/XMLSchema#string""}}",READY,Added in external-real-v4-evidence-aligned; candidate order rotates and is not an oracle code.
EXT_E211,CAND_003,topic=climate_strategy;near_miss=wrong_scope,"{""operator"":""REPLACE_PROPERTY_VALUE"",""subject_iri"":""file:///G:/LearnAI/ontology-evolution/external-real-v4-evidence-aligned#IFRS_S2_Climate_related_Disclosures____IFRS_S2_strategy_disclosure"",""predicate_iri"":""file:///G:/LearnAI/ontology-evolution/external-real-v4-evidence-aligned#disclosure_topic"",""old_value"":{""kind"":""literal"",""lexical"":""ifrs_s2_strategy=previous_or_not_encoded"",""datatype"":""http://www.w3.org/2001/XMLSchema#string""},""new_value"":{""kind"":""literal"",""lexical"":""topic=climate_strategy;near_miss=wrong_scope"",""datatype"":""http://www.w3.org/2001/XMLSchema#string""}}",READY,Added in external-real-v4-evidence-aligned; candidate order rotates and is not an oracle code.
EXT_E212,CAND_001,ifrs_s2_metrics_targets=previous_or_not_encoded,"{""operator"":""REPLACE_PROPERTY_VALUE"",""subject_iri"":""file:///G:/LearnAI/ontology-evolution/external-real-v4-evidence-aligned#IFRS_S2_Climate_related_Disclosures____IFRS_S2_metrics_and_targets"",""predicate_iri"":""file:///G:/LearnAI/ontology-evolution/external-real-v4-evidence-aligned#disclosure_topic"",""old_value"":{""kind"":""literal"",""lexical"":""ifrs_s2_metrics_targets=previous_or_not_encoded"",""datatype"":""http://www.w3.org/2001/XMLSchema#string""},""new_value"":{""kind"":""literal"",""lexical"":""ifrs_s2_metrics_targets=previous_or_not_encoded"",""datatype"":""http://www.w3.org/2001/XMLSchema#string""}}",READY,Added in external-real-v4-evidence-aligned; candidate order rotates and is not an oracle code.
EXT_E212,CAND_002,topic=climate_metrics_targets;near_miss=wrong_scope,"{""operator"":""REPLACE_PROPERTY_VALUE"",""subject_iri"":""file:///G:/LearnAI/ontology-evolution/external-real-v4-evidence-aligned#IFRS_S2_Climate_related_Disclosures____IFRS_S2_metrics_and_targets"",""predicate_iri"":""file:///G:/LearnAI/ontology-evolution/external-real-v4-evidence-aligned#disclosure_topic"",""old_value"":{""kind"":""literal"",""lexical"":""ifrs_s2_metrics_targets=previous_or_not_encoded"",""datatype"":""http://www.w3.org/2001/XMLSchema#string""},""new_value"":{""kind"":""literal"",""lexical"":""topic=climate_metrics_targets;near_miss=wrong_scope"",""datatype"":""http://www.w3.org/2001/XMLSchema#string""}}",READY,Added in external-real-v4-evidence-aligned; candidate order rotates and is not an oracle code.
EXT_E212,CAND_003,topic=climate_metrics_targets,"{""operator"":""REPLACE_PROPERTY_VALUE"",""subject_iri"":""file:///G:/LearnAI/ontology-evolution/external-real-v4-evidence-aligned#IFRS_S2_Climate_related_Disclosures____IFRS_S2_metrics_and_targets"",""predicate_iri"":""file:///G:/LearnAI/ontology-evolution/external-real-v4-evidence-aligned#disclosure_topic"",""old_value"":{""kind"":""literal"",""lexical"":""ifrs_s2_metrics_targets=previous_or_not_encoded"",""datatype"":""http://www.w3.org/2001/XMLSchema#string""},""new_value"":{""kind"":""literal"",""lexical"":""topic=climate_metrics_targets"",""datatype"":""http://www.w3.org/2001/XMLSchema#string""}}",READY,Added in external-real-v4-evidence-aligned; candidate order rotates and is not an oracle code.
EXT_E213,CAND_001,objective=useful_climate_information,"{""operator"":""REPLACE_PROPERTY_VALUE"",""subject_iri"":""file:///G:/LearnAI/ontology-evolution/external-real-v4-evidence-aligned#IFRS_S2_Climate_related_Disclosures____IFRS_S2_objective"",""predicate_iri"":""file:///G:/LearnAI/ontology-evolution/external-real-v4-evidence-aligned#objective"",""old_value"":{""kind"":""literal"",""lexical"":""ifrs_s2_general_objective=previous_or_not_encoded"",""datatype"":""http://www.w3.org/2001/XMLSchema#string""},""new_value"":{""kind"":""literal"",""lexical"":""objective=useful_climate_information"",""datatype"":""http://www.w3.org/2001/XMLSchema#string""}}",READY,Added in external-real-v4-evidence-aligned; candidate order rotates and is not an oracle code.
EXT_E213,CAND_002,ifrs_s2_general_objective=previous_or_not_encoded,"{""operator"":""REPLACE_PROPERTY_VALUE"",""subject_iri"":""file:///G:/LearnAI/ontology-evolution/external-real-v4-evidence-aligned#IFRS_S2_Climate_related_Disclosures____IFRS_S2_objective"",""predicate_iri"":""file:///G:/LearnAI/ontology-evolution/external-real-v4-evidence-aligned#objective"",""old_value"":{""kind"":""literal"",""lexical"":""ifrs_s2_general_objective=previous_or_not_encoded"",""datatype"":""http://www.w3.org/2001/XMLSchema#string""},""new_value"":{""kind"":""literal"",""lexical"":""ifrs_s2_general_objective=previous_or_not_encoded"",""datatype"":""http://www.w3.org/2001/XMLSchema#string""}}",READY,Added in external-real-v4-evidence-aligned; candidate order rotates and is not an oracle code.
EXT_E213,CAND_003,objective=useful_climate_information;near_miss=wrong_scope,"{""operator"":""REPLACE_PROPERTY_VALUE"",""subject_iri"":""file:///G:/LearnAI/ontology-evolution/external-real-v4-evidence-aligned#IFRS_S2_Climate_related_Disclosures____IFRS_S2_objective"",""predicate_iri"":""file:///G:/LearnAI/ontology-evolution/external-real-v4-evidence-aligned#objective"",""old_value"":{""kind"":""literal"",""lexical"":""ifrs_s2_general_objective=previous_or_not_encoded"",""datatype"":""http://www.w3.org/2001/XMLSchema#string""},""new_value"":{""kind"":""literal"",""lexical"":""objective=useful_climate_information;near_miss=wrong_scope"",""datatype"":""http://www.w3.org/2001/XMLSchema#string""}}",READY,Added in external-real-v4-evidence-aligned; candidate order rotates and is not an oracle code.
