event_id,semantic_type,run,seed,generation_status,selection_status,selected_candidate_id,selected_value,auto_semantic_result,selection_reason,candidate_match_evidence,runtime_ms,prompt_eval_count,eval_count,candidate_owl,triples_removed,triples_added,minimal_edit_gate,reasoner_result,reasoner_runtime_ms,reasoner_gate,source_triggers_repair_cq,candidate_satisfies_repair_cq,repair_cq_message,oracle_candidate_id,oracle_value,selection_oracle_correct,full_closure_success
EXT_E001,TEMPORAL_VERSION,1,20260820,GENERATED,SELECTED,CAND_002,spring=1100;summer_autumn=900;total=2000,春播 1100 元，夏秋播 900 元,unique semantic candidate match,"[{""candidate_id"": ""CAND_001"", ""display_value"": ""total_only=2000"", ""evidence"": {""family"": ""exact_fallback""}, ""match"": false}, {""candidate_id"": ""CAND_002"", ""display_value"": ""spring=1100;summer_autumn=900;total=2000"", ""evidence"": {""family"": ""insurance_amount_split"", ""has_1100"": true, ""has_900"": true}, ""match"": true}, {""candidate_id"": ""CAND_003"", ""display_value"": ""spring=1000;summer_autumn=1000;total=2000"", ""evidence"": {""family"": ""exact_fallback""}, ""match"": false}]",7686,1162,334,benchmark\external-real-v1\built\candidate-owls\EXT_E001\CAND_002.owl,1,1,True,CONSISTENT,695,True,True,True,,CAND_002,spring=1100;summer_autumn=900;total=2000,True,True
EXT_E001,TEMPORAL_VERSION,2,20260821,GENERATED,SELECTED,CAND_002,spring=1100;summer_autumn=900;total=2000,"春季 1100, 夏秋季 900",unique semantic candidate match,"[{""candidate_id"": ""CAND_001"", ""display_value"": ""total_only=2000"", ""evidence"": {""family"": ""exact_fallback""}, ""match"": false}, {""candidate_id"": ""CAND_002"", ""display_value"": ""spring=1100;summer_autumn=900;total=2000"", ""evidence"": {""family"": ""insurance_amount_split"", ""has_1100"": true, ""has_900"": true}, ""match"": true}, {""candidate_id"": ""CAND_003"", ""display_value"": ""spring=1000;summer_autumn=1000;total=2000"", ""evidence"": {""family"": ""exact_fallback""}, ""match"": false}]",6917,1162,327,benchmark\external-real-v1\built\candidate-owls\EXT_E001\CAND_002.owl,1,1,True,CONSISTENT,695,True,True,True,,CAND_002,spring=1100;summer_autumn=900;total=2000,True,True
EXT_E001,TEMPORAL_VERSION,3,20260822,GENERATED,SELECTED,CAND_002,spring=1100;summer_autumn=900;total=2000,"春播 1100, 夏秋播 900",unique semantic candidate match,"[{""candidate_id"": ""CAND_001"", ""display_value"": ""total_only=2000"", ""evidence"": {""family"": ""exact_fallback""}, ""match"": false}, {""candidate_id"": ""CAND_002"", ""display_value"": ""spring=1100;summer_autumn=900;total=2000"", ""evidence"": {""family"": ""insurance_amount_split"", ""has_1100"": true, ""has_900"": true}, ""match"": true}, {""candidate_id"": ""CAND_003"", ""display_value"": ""spring=1000;summer_autumn=1000;total=2000"", ""evidence"": {""family"": ""exact_fallback""}, ""match"": false}]",7086,1162,339,benchmark\external-real-v1\built\candidate-owls\EXT_E001\CAND_002.owl,1,1,True,CONSISTENT,695,True,True,True,,CAND_002,spring=1100;summer_autumn=900;total=2000,True,True
EXT_E001,TEMPORAL_VERSION,4,20260823,GENERATED,SELECTED,CAND_002,spring=1100;summer_autumn=900;total=2000,每亩保险金额分项为：春季 1100 元，夏秋季 900 元,unique semantic candidate match,"[{""candidate_id"": ""CAND_001"", ""display_value"": ""total_only=2000"", ""evidence"": {""family"": ""exact_fallback""}, ""match"": false}, {""candidate_id"": ""CAND_002"", ""display_value"": ""spring=1100;summer_autumn=900;total=2000"", ""evidence"": {""family"": ""insurance_amount_split"", ""has_1100"": true, ""has_900"": true}, ""match"": true}, {""candidate_id"": ""CAND_003"", ""display_value"": ""spring=1000;summer_autumn=1000;total=2000"", ""evidence"": {""family"": ""exact_fallback""}, ""match"": false}]",6825,1162,314,benchmark\external-real-v1\built\candidate-owls\EXT_E001\CAND_002.owl,1,1,True,CONSISTENT,695,True,True,True,,CAND_002,spring=1100;summer_autumn=900;total=2000,True,True
EXT_E001,TEMPORAL_VERSION,5,20260824,GENERATED,SELECTED,CAND_002,spring=1100;summer_autumn=900;total=2000,"每亩保险金额分项：春季 1100, 夏秋季 900",unique semantic candidate match,"[{""candidate_id"": ""CAND_001"", ""display_value"": ""total_only=2000"", ""evidence"": {""family"": ""exact_fallback""}, ""match"": false}, {""candidate_id"": ""CAND_002"", ""display_value"": ""spring=1100;summer_autumn=900;total=2000"", ""evidence"": {""family"": ""insurance_amount_split"", ""has_1100"": true, ""has_900"": true}, ""match"": true}, {""candidate_id"": ""CAND_003"", ""display_value"": ""spring=1000;summer_autumn=1000;total=2000"", ""evidence"": {""family"": ""exact_fallback""}, ""match"": false}]",6438,1162,298,benchmark\external-real-v1\built\candidate-owls\EXT_E001\CAND_002.owl,1,1,True,CONSISTENT,695,True,True,True,,CAND_002,spring=1100;summer_autumn=900;total=2000,True,True
EXT_E002,CROSS_SENTENCE_SCOPE,1,20260820,GENERATED,SELECTED,CAND_002,five_level_definition=level1_no_lodging;level2_lt30;level3_30_45;level4_45_60;level5_gt60,小麦种植及小麦完全成本保险中倒伏危害的释义范围应包含：无倒伏、轻微倒伏（小于 30 度）、中等倒伏（30 至 45 度）、较重倒伏（45 至 60 度）、严重倒伏（大于 60 度）,unique semantic candidate match,"[{""candidate_id"": ""CAND_001"", ""display_value"": ""hazard_only=strong_rain_or_wind_causes_lodging"", ""evidence"": {""family"": ""exact_fallback""}, ""match"": false}, {""candidate_id"": ""CAND_002"", ""display_value"": ""five_level_definition=level1_no_lodging;level2_lt30;level3_30_45;level4_45_60;level5_gt60"", ""evidence"": {""family"": ""insurance_lodging_levels"", ""has_30"": true, ""has_45"": true, ""has_60"": true, ""has_level_language"": true}, ""match"": true}, {""candidate_id"": ""CAND_003"", ""display_value"": ""three_level_definition=minor;moderate;severe"", ""evidence"": {""family"": ""exact_fallback""}, ""match"": false}]",8522,1049,338,benchmark\external-real-v1\built\candidate-owls\EXT_E002\CAND_002.owl,1,1,True,CONSISTENT,484,True,True,True,,CAND_002,five_level_definition=level1_no_lodging;level2_lt30;level3_30_45;level4_45_60;level5_gt60,True,True
EXT_E002,CROSS_SENTENCE_SCOPE,2,20260821,GENERATED,SELECTED,CAND_002,five_level_definition=level1_no_lodging;level2_lt30;level3_30_45;level4_45_60;level5_gt60,本体应包含倒伏危害的五级释义范围：无倒伏、轻微倒伏（<30 度）、中度倒伏（30-45 度）、较重倒伏（45-60 度）、严重倒伏（>60 度）,unique semantic candidate match,"[{""candidate_id"": ""CAND_001"", ""display_value"": ""hazard_only=strong_rain_or_wind_causes_lodging"", ""evidence"": {""family"": ""exact_fallback""}, ""match"": false}, {""candidate_id"": ""CAND_002"", ""display_value"": ""five_level_definition=level1_no_lodging;level2_lt30;level3_30_45;level4_45_60;level5_gt60"", ""evidence"": {""family"": ""insurance_lodging_levels"", ""has_30"": true, ""has_45"": true, ""has_60"": true, ""has_level_language"": true}, ""match"": true}, {""candidate_id"": ""CAND_003"", ""display_value"": ""three_level_definition=minor;moderate;severe"", ""evidence"": {""family"": ""exact_fallback""}, ""match"": false}]",9044,1049,402,benchmark\external-real-v1\built\candidate-owls\EXT_E002\CAND_002.owl,1,1,True,CONSISTENT,484,True,True,True,,CAND_002,five_level_definition=level1_no_lodging;level2_lt30;level3_30_45;level4_45_60;level5_gt60,True,True
EXT_E002,CROSS_SENTENCE_SCOPE,3,20260822,GENERATED,SELECTED,CAND_002,five_level_definition=level1_no_lodging;level2_lt30;level3_30_45;level4_45_60;level5_gt60,小麦种植及小麦完全成本保险倒伏程度定义应包含：无倒伏、轻微倒伏（小于 30 度）、中度倒伏（30 至 45 度）、较重倒伏（45 至 60 度）、严重倒伏（大于 60 度）,unique semantic candidate match,"[{""candidate_id"": ""CAND_001"", ""display_value"": ""hazard_only=strong_rain_or_wind_causes_lodging"", ""evidence"": {""family"": ""exact_fallback""}, ""match"": false}, {""candidate_id"": ""CAND_002"", ""display_value"": ""five_level_definition=level1_no_lodging;level2_lt30;level3_30_45;level4_45_60;level5_gt60"", ""evidence"": {""family"": ""insurance_lodging_levels"", ""has_30"": true, ""has_45"": true, ""has_60"": true, ""has_level_language"": true}, ""match"": true}, {""candidate_id"": ""CAND_003"", ""display_value"": ""three_level_definition=minor;moderate;severe"", ""evidence"": {""family"": ""exact_fallback""}, ""match"": false}]",7471,1049,326,benchmark\external-real-v1\built\candidate-owls\EXT_E002\CAND_002.owl,1,1,True,CONSISTENT,484,True,True,True,,CAND_002,five_level_definition=level1_no_lodging;level2_lt30;level3_30_45;level4_45_60;level5_gt60,True,True
EXT_E002,CROSS_SENTENCE_SCOPE,4,20260823,GENERATED,ABSTAIN,,,小麦种植及小麦完全成本保险中倒伏危害的语义结果必须包含完整的五级角度阈值定义,no candidate value matched auto semantic_result,"[{""candidate_id"": ""CAND_001"", ""display_value"": ""hazard_only=strong_rain_or_wind_causes_lodging"", ""evidence"": {""family"": ""exact_fallback""}, ""match"": false}, {""candidate_id"": ""CAND_002"", ""display_value"": ""five_level_definition=level1_no_lodging;level2_lt30;level3_30_45;level4_45_60;level5_gt60"", ""evidence"": {""family"": ""insurance_lodging_levels"", ""has_30"": false, ""has_45"": false, ""has_60"": false, ""has_level_language"": true}, ""match"": false}, {""candidate_id"": ""CAND_003"", ""display_value"": ""three_level_definition=minor;moderate;severe"", ""evidence"": {""family"": ""exact_fallback""}, ""match"": false}]",8019,1049,350,,,,,,,,,,,CAND_002,five_level_definition=level1_no_lodging;level2_lt30;level3_30_45;level4_45_60;level5_gt60,False,False
EXT_E002,CROSS_SENTENCE_SCOPE,5,20260824,GENERATED,SELECTED,CAND_002,five_level_definition=level1_no_lodging;level2_lt30;level3_30_45;level4_45_60;level5_gt60,小麦种植及小麦完全成本保险中倒伏危害的释义范围应定义为包含无倒伏、轻微倒伏（<30 度）、中度倒伏（30-45 度）、较重倒伏（45-60 度）和严重倒伏（>60 度）的五级标准,unique semantic candidate match,"[{""candidate_id"": ""CAND_001"", ""display_value"": ""hazard_only=strong_rain_or_wind_causes_lodging"", ""evidence"": {""family"": ""exact_fallback""}, ""match"": false}, {""candidate_id"": ""CAND_002"", ""display_value"": ""five_level_definition=level1_no_lodging;level2_lt30;level3_30_45;level4_45_60;level5_gt60"", ""evidence"": {""family"": ""insurance_lodging_levels"", ""has_30"": true, ""has_45"": true, ""has_60"": true, ""has_level_language"": true}, ""match"": true}, {""candidate_id"": ""CAND_003"", ""display_value"": ""three_level_definition=minor;moderate;severe"", ""evidence"": {""family"": ""exact_fallback""}, ""match"": false}]",9318,1049,398,benchmark\external-real-v1\built\candidate-owls\EXT_E002\CAND_002.owl,1,1,True,CONSISTENT,484,True,True,True,,CAND_002,five_level_definition=level1_no_lodging;level2_lt30;level3_30_45;level4_45_60;level5_gt60,True,True
EXT_E003,GENERAL_RULE_EXCEPTION,1,20260820,GENERATED,SELECTED,CAND_002,formula=accident_date_limit_times_loss_rate,梨种植保险冻害损失赔偿计算公式更新为：事故日期每亩赔偿限额 × 损失率,unique semantic candidate match,"[{""candidate_id"": ""CAND_001"", ""display_value"": ""formula=effective_amount_times_loss_minus_50_over_50"", ""evidence"": {""family"": ""exact_fallback""}, ""match"": false}, {""candidate_id"": ""CAND_002"", ""display_value"": ""formula=accident_date_limit_times_loss_rate"", ""evidence"": {""canonical_match"": true, ""family"": ""insurance_formula"", ""natural_language_match"": true, ""symbolic_match"": true}, ""match"": true}, {""candidate_id"": ""CAND_003"", ""display_value"": ""formula=effective_amount_times_loss_rate"", ""evidence"": {""family"": ""exact_fallback""}, ""match"": false}]",7303,991,280,benchmark\external-real-v1\built\candidate-owls\EXT_E003\CAND_002.owl,1,1,True,CONSISTENT,473,True,True,True,,CAND_002,formula=accident_date_limit_times_loss_rate,True,True
EXT_E003,GENERAL_RULE_EXCEPTION,2,20260821,GENERATED,SELECTED,CAND_002,formula=accident_date_limit_times_loss_rate,梨种植保险冻害损失赔偿公式变更为：事故日期每亩赔偿限额 × 损失率,unique semantic candidate match,"[{""candidate_id"": ""CAND_001"", ""display_value"": ""formula=effective_amount_times_loss_minus_50_over_50"", ""evidence"": {""family"": ""exact_fallback""}, ""match"": false}, {""candidate_id"": ""CAND_002"", ""display_value"": ""formula=accident_date_limit_times_loss_rate"", ""evidence"": {""canonical_match"": true, ""family"": ""insurance_formula"", ""natural_language_match"": true, ""symbolic_match"": true}, ""match"": true}, {""candidate_id"": ""CAND_003"", ""display_value"": ""formula=effective_amount_times_loss_rate"", ""evidence"": {""family"": ""exact_fallback""}, ""match"": false}]",5304,991,218,benchmark\external-real-v1\built\candidate-owls\EXT_E003\CAND_002.owl,1,1,True,CONSISTENT,473,True,True,True,,CAND_002,formula=accident_date_limit_times_loss_rate,True,True
EXT_E003,GENERAL_RULE_EXCEPTION,3,20260822,GENERATED,SELECTED,CAND_002,formula=accident_date_limit_times_loss_rate,赔偿金额 = 事故日期每亩赔偿限额 × 损失率,unique semantic candidate match,"[{""candidate_id"": ""CAND_001"", ""display_value"": ""formula=effective_amount_times_loss_minus_50_over_50"", ""evidence"": {""family"": ""exact_fallback""}, ""match"": false}, {""candidate_id"": ""CAND_002"", ""display_value"": ""formula=accident_date_limit_times_loss_rate"", ""evidence"": {""canonical_match"": true, ""family"": ""insurance_formula"", ""natural_language_match"": true, ""symbolic_match"": true}, ""match"": true}, {""candidate_id"": ""CAND_003"", ""display_value"": ""formula=effective_amount_times_loss_rate"", ""evidence"": {""family"": ""exact_fallback""}, ""match"": false}]",7197,991,305,benchmark\external-real-v1\built\candidate-owls\EXT_E003\CAND_002.owl,1,1,True,CONSISTENT,473,True,True,True,,CAND_002,formula=accident_date_limit_times_loss_rate,True,True
EXT_E003,GENERAL_RULE_EXCEPTION,4,20260823,GENERATED,SELECTED,CAND_002,formula=accident_date_limit_times_loss_rate,梨种植保险冻害损失赔偿公式变更为：事故日期每亩赔偿限额 × 损失率,unique semantic candidate match,"[{""candidate_id"": ""CAND_001"", ""display_value"": ""formula=effective_amount_times_loss_minus_50_over_50"", ""evidence"": {""family"": ""exact_fallback""}, ""match"": false}, {""candidate_id"": ""CAND_002"", ""display_value"": ""formula=accident_date_limit_times_loss_rate"", ""evidence"": {""canonical_match"": true, ""family"": ""insurance_formula"", ""natural_language_match"": true, ""symbolic_match"": true}, ""match"": true}, {""candidate_id"": ""CAND_003"", ""display_value"": ""formula=effective_amount_times_loss_rate"", ""evidence"": {""family"": ""exact_fallback""}, ""match"": false}]",5387,991,220,benchmark\external-real-v1\built\candidate-owls\EXT_E003\CAND_002.owl,1,1,True,CONSISTENT,473,True,True,True,,CAND_002,formula=accident_date_limit_times_loss_rate,True,True
EXT_E003,GENERAL_RULE_EXCEPTION,5,20260824,GENERATED,SELECTED,CAND_002,formula=accident_date_limit_times_loss_rate,冻害损失赔偿公式 = 事故日期每亩赔偿限额 * 损失率,unique semantic candidate match,"[{""candidate_id"": ""CAND_001"", ""display_value"": ""formula=effective_amount_times_loss_minus_50_over_50"", ""evidence"": {""family"": ""exact_fallback""}, ""match"": false}, {""candidate_id"": ""CAND_002"", ""display_value"": ""formula=accident_date_limit_times_loss_rate"", ""evidence"": {""canonical_match"": true, ""family"": ""insurance_formula"", ""natural_language_match"": true, ""symbolic_match"": true}, ""match"": true}, {""candidate_id"": ""CAND_003"", ""display_value"": ""formula=effective_amount_times_loss_rate"", ""evidence"": {""family"": ""exact_fallback""}, ""match"": false}]",5236,991,219,benchmark\external-real-v1\built\candidate-owls\EXT_E003\CAND_002.owl,1,1,True,CONSISTENT,473,True,True,True,,CAND_002,formula=accident_date_limit_times_loss_rate,True,True
EXT_E004,TEMPORAL_VERSION,1,20260820,GENERATED,SELECTED,CAND_002,wcag22_added=2.4.11;level=AA,"The requirement status for WCAG success criterion 2.4.11 is active in WCAG 2.2 with conformance level AA, representing an addition relative to WCAG 2.1.",unique semantic candidate match,"[{""candidate_id"": ""CAND_001"", ""display_value"": ""wcag21_status=not_present"", ""evidence"": {""family"": ""exact_fallback""}, ""match"": false}, {""candidate_id"": ""CAND_002"", ""display_value"": ""wcag22_added=2.4.11;level=AA"", ""evidence"": {""change_ok"": true, ""code"": ""2.4.11"", ""expected_name_tokens"": ""focu|focus|minimum|not|obscur|obscured"", ""family"": ""wcag22_added"", ""has_code"": true, ""has_level"": true, ""has_name"": false, ""has_wcag21"": true, ""has_wcag22"": true, ""input_ok"": true, ""level"": ""AA"", ""matched_name_tokens"": """", ""scope_ok"": false}, ""match"": true}, {""candidate_id"": ""CAND_003"", ""display_value"": ""wcag22_added=2.4.11;level=AAA"", ""evidence"": {""change_ok"": true, ""code"": ""2.4.11"", ""expected_name_tokens"": ""focu|focus|minimum|not|obscur|obscured"", ""family"": ""wcag22_added"", ""has_code"": true, ""has_level"": false, ""has_name"": false, ""has_wcag21"": true, ""has_wcag22"": true, ""input_ok"": true, ""level"": ""AAA"", ""matched_name_tokens"": """", ""scope_ok"": false}, ""match"": false}]",7812,913,287,benchmark\external-real-v1\built\candidate-owls\EXT_E004\CAND_002.owl,1,1,True,CONSISTENT,475,True,True,True,,CAND_002,wcag22_added=2.4.11;level=AA,True,True
EXT_E004,TEMPORAL_VERSION,2,20260821,GENERATED,ABSTAIN,,,success criterion 2.4.11 Focus Not Obscured Minimum is active with conformance level AA,no candidate value matched auto semantic_result,"[{""candidate_id"": ""CAND_001"", ""display_value"": ""wcag21_status=not_present"", ""evidence"": {""family"": ""exact_fallback""}, ""match"": false}, {""candidate_id"": ""CAND_002"", ""display_value"": ""wcag22_added=2.4.11;level=AA"", ""evidence"": {""change_ok"": true, ""code"": ""2.4.11"", ""expected_name_tokens"": ""focu|focus|minimum|not|obscur|obscured"", ""family"": ""wcag22_added"", ""has_code"": true, ""has_level"": true, ""has_name"": true, ""has_wcag21"": false, ""has_wcag22"": false, ""input_ok"": false, ""level"": ""AA"", ""matched_name_tokens"": ""focu|focus|minimum|not|obscur|obscured"", ""scope_ok"": false}, ""match"": false}, {""candidate_id"": ""CAND_003"", ""display_value"": ""wcag22_added=2.4.11;level=AAA"", ""evidence"": {""change_ok"": true, ""code"": ""2.4.11"", ""expected_name_tokens"": ""focu|focus|minimum|not|obscur|obscured"", ""family"": ""wcag22_added"", ""has_code"": true, ""has_level"": false, ""has_name"": true, ""has_wcag21"": false, ""has_wcag22"": false, ""input_ok"": false, ""level"": ""AAA"", ""matched_name_tokens"": ""focu|focus|minimum|not|obscur|obscured"", ""scope_ok"": false}, ""match"": false}]",5350,913,220,,,,,,,,,,,CAND_002,wcag22_added=2.4.11;level=AA,False,False
EXT_E004,TEMPORAL_VERSION,3,20260822,GENERATED,SELECTED,CAND_002,wcag22_added=2.4.11;level=AA,The requirement for WCAG success criterion 2.4.11 Focus Not Obscured Minimum is active and applicable under the current revision WCAG 2.2 with conformance level AA.,unique semantic candidate match,"[{""candidate_id"": ""CAND_001"", ""display_value"": ""wcag21_status=not_present"", ""evidence"": {""family"": ""exact_fallback""}, ""match"": false}, {""candidate_id"": ""CAND_002"", ""display_value"": ""wcag22_added=2.4.11;level=AA"", ""evidence"": {""change_ok"": true, ""code"": ""2.4.11"", ""expected_name_tokens"": ""focu|focus|minimum|not|obscur|obscured"", ""family"": ""wcag22_added"", ""has_code"": true, ""has_level"": true, ""has_name"": true, ""has_wcag21"": false, ""has_wcag22"": true, ""input_ok"": true, ""level"": ""AA"", ""matched_name_tokens"": ""focu|focus|minimum|not|obscur|obscured"", ""scope_ok"": false}, ""match"": true}, {""candidate_id"": ""CAND_003"", ""display_value"": ""wcag22_added=2.4.11;level=AAA"", ""evidence"": {""change_ok"": true, ""code"": ""2.4.11"", ""expected_name_tokens"": ""focu|focus|minimum|not|obscur|obscured"", ""family"": ""wcag22_added"", ""has_code"": true, ""has_level"": false, ""has_name"": true, ""has_wcag21"": false, ""has_wcag22"": true, ""input_ok"": true, ""level"": ""AAA"", ""matched_name_tokens"": ""focu|focus|minimum|not|obscur|obscured"", ""scope_ok"": false}, ""match"": false}]",6892,913,285,benchmark\external-real-v1\built\candidate-owls\EXT_E004\CAND_002.owl,1,1,True,CONSISTENT,475,True,True,True,,CAND_002,wcag22_added=2.4.11;level=AA,True,True
EXT_E004,TEMPORAL_VERSION,4,20260823,GENERATED,SELECTED,CAND_002,wcag22_added=2.4.11;level=AA,"The requirement status for WCAG success criterion 2.4.11 is active in WCAG 2.2 with conformance level AA, representing an addition compared to WCAG 2.1.",unique semantic candidate match,"[{""candidate_id"": ""CAND_001"", ""display_value"": ""wcag21_status=not_present"", ""evidence"": {""family"": ""exact_fallback""}, ""match"": false}, {""candidate_id"": ""CAND_002"", ""display_value"": ""wcag22_added=2.4.11;level=AA"", ""evidence"": {""change_ok"": true, ""code"": ""2.4.11"", ""expected_name_tokens"": ""focu|focus|minimum|not|obscur|obscured"", ""family"": ""wcag22_added"", ""has_code"": true, ""has_level"": true, ""has_name"": false, ""has_wcag21"": true, ""has_wcag22"": true, ""input_ok"": true, ""level"": ""AA"", ""matched_name_tokens"": """", ""scope_ok"": false}, ""match"": true}, {""candidate_id"": ""CAND_003"", ""display_value"": ""wcag22_added=2.4.11;level=AAA"", ""evidence"": {""change_ok"": true, ""code"": ""2.4.11"", ""expected_name_tokens"": ""focu|focus|minimum|not|obscur|obscured"", ""family"": ""wcag22_added"", ""has_code"": true, ""has_level"": false, ""has_name"": false, ""has_wcag21"": true, ""has_wcag22"": true, ""input_ok"": true, ""level"": ""AAA"", ""matched_name_tokens"": """", ""scope_ok"": false}, ""match"": false}]",7130,913,287,benchmark\external-real-v1\built\candidate-owls\EXT_E004\CAND_002.owl,1,1,True,CONSISTENT,475,True,True,True,,CAND_002,wcag22_added=2.4.11;level=AA,True,True
EXT_E004,TEMPORAL_VERSION,5,20260824,GENERATED,SELECTED,CAND_002,wcag22_added=2.4.11;level=AA,The requirement for WCAG success criterion 2.4.11 Focus Not Obscured Minimum is active in version WCAG 2.2 with conformance level AA.,unique semantic candidate match,"[{""candidate_id"": ""CAND_001"", ""display_value"": ""wcag21_status=not_present"", ""evidence"": {""family"": ""exact_fallback""}, ""match"": false}, {""candidate_id"": ""CAND_002"", ""display_value"": ""wcag22_added=2.4.11;level=AA"", ""evidence"": {""change_ok"": true, ""code"": ""2.4.11"", ""expected_name_tokens"": ""focu|focus|minimum|not|obscur|obscured"", ""family"": ""wcag22_added"", ""has_code"": true, ""has_level"": true, ""has_name"": true, ""has_wcag21"": false, ""has_wcag22"": true, ""input_ok"": true, ""level"": ""AA"", ""matched_name_tokens"": ""focu|focus|minimum|not|obscur|obscured"", ""scope_ok"": false}, ""match"": true}, {""candidate_id"": ""CAND_003"", ""display_value"": ""wcag22_added=2.4.11;level=AAA"", ""evidence"": {""change_ok"": true, ""code"": ""2.4.11"", ""expected_name_tokens"": ""focu|focus|minimum|not|obscur|obscured"", ""family"": ""wcag22_added"", ""has_code"": true, ""has_level"": false, ""has_name"": true, ""has_wcag21"": false, ""has_wcag22"": true, ""input_ok"": true, ""level"": ""AAA"", ""matched_name_tokens"": ""focu|focus|minimum|not|obscur|obscured"", ""scope_ok"": false}, ""match"": false}]",6874,913,281,benchmark\external-real-v1\built\candidate-owls\EXT_E004\CAND_002.owl,1,1,True,CONSISTENT,475,True,True,True,,CAND_002,wcag22_added=2.4.11;level=AA,True,True
EXT_E005,TEMPORAL_VERSION,1,20260820,GENERATED,ABSTAIN,,,"The requirement is now defined under WCAG 2.2 as 'Focus Not Obscured Enhanced' with conformance level AAA, superseding its absence or different definition in WCAG 2.1.",no candidate value matched auto semantic_result,"[{""candidate_id"": ""CAND_001"", ""display_value"": ""wcag21_status=not_present"", ""evidence"": {""family"": ""exact_fallback""}, ""match"": false}, {""candidate_id"": ""CAND_002"", ""display_value"": ""wcag22_added=2.4.12;level=AAA"", ""evidence"": {""change_ok"": false, ""code"": ""2.4.12"", ""expected_name_tokens"": ""enhanc|enhanced|focu|focus|not|obscur|obscured"", ""family"": ""wcag22_added"", ""has_code"": false, ""has_level"": true, ""has_name"": true, ""has_wcag21"": true, ""has_wcag22"": true, ""input_ok"": true, ""level"": ""AAA"", ""matched_name_tokens"": ""enhanc|enhanced|focu|focus|not|obscur|obscured"", ""scope_ok"": false}, ""match"": false}, {""candidate_id"": ""CAND_003"", ""display_value"": ""wcag22_added=2.4.12;level=AA"", ""evidence"": {""change_ok"": false, ""code"": ""2.4.12"", ""expected_name_tokens"": ""enhanc|enhanced|focu|focus|not|obscur|obscured"", ""family"": ""wcag22_added"", ""has_code"": false, ""has_level"": false, ""has_name"": true, ""has_wcag21"": true, ""has_wcag22"": true, ""input_ok"": true, ""level"": ""AA"", ""matched_name_tokens"": ""enhanc|enhanced|focu|focus|not|obscur|obscured"", ""scope_ok"": false}, ""match"": false}]",7038,913,253,,,,,,,,,,,CAND_002,wcag22_added=2.4.12;level=AAA,False,False
EXT_E005,TEMPORAL_VERSION,2,20260821,GENERATED,SELECTED,CAND_002,wcag22_added=2.4.12;level=AAA,"The subject 'WCAG success criterion 2.4.12' is now active under the 'WCAG 2.2' revision with conformance level AAA, replacing or extending the state from 'WCAG 2.1'.",unique semantic candidate match,"[{""candidate_id"": ""CAND_001"", ""display_value"": ""wcag21_status=not_present"", ""evidence"": {""family"": ""exact_fallback""}, ""match"": false}, {""candidate_id"": ""CAND_002"", ""display_value"": ""wcag22_added=2.4.12;level=AAA"", ""evidence"": {""change_ok"": true, ""code"": ""2.4.12"", ""expected_name_tokens"": ""enhanc|enhanced|focu|focus|not|obscur|obscured"", ""family"": ""wcag22_added"", ""has_code"": true, ""has_level"": true, ""has_name"": false, ""has_wcag21"": true, ""has_wcag22"": true, ""input_ok"": false, ""level"": ""AAA"", ""matched_name_tokens"": """", ""scope_ok"": false}, ""match"": true}, {""candidate_id"": ""CAND_003"", ""display_value"": ""wcag22_added=2.4.12;level=AA"", ""evidence"": {""change_ok"": true, ""code"": ""2.4.12"", ""expected_name_tokens"": ""enhanc|enhanced|focu|focus|not|obscur|obscured"", ""family"": ""wcag22_added"", ""has_code"": true, ""has_level"": false, ""has_name"": false, ""has_wcag21"": true, ""has_wcag22"": true, ""input_ok"": false, ""level"": ""AA"", ""matched_name_tokens"": """", ""scope_ok"": false}, ""match"": false}]",7239,913,294,benchmark\external-real-v1\built\candidate-owls\EXT_E005\CAND_002.owl,1,1,True,CONSISTENT,497,True,True,True,,CAND_002,wcag22_added=2.4.12;level=AAA,True,True
EXT_E005,TEMPORAL_VERSION,3,20260822,GENERATED,SELECTED,CAND_002,wcag22_added=2.4.12;level=AAA,The requirement status is updated to include the new WCAG 2.2 success criterion 'Focus Not Obscured Enhanced' at conformance level AAA.,unique semantic candidate match,"[{""candidate_id"": ""CAND_001"", ""display_value"": ""wcag21_status=not_present"", ""evidence"": {""family"": ""exact_fallback""}, ""match"": false}, {""candidate_id"": ""CAND_002"", ""display_value"": ""wcag22_added=2.4.12;level=AAA"", ""evidence"": {""change_ok"": true, ""code"": ""2.4.12"", ""expected_name_tokens"": ""enhanc|enhanced|focu|focus|not|obscur|obscured"", ""family"": ""wcag22_added"", ""has_code"": false, ""has_level"": true, ""has_name"": true, ""has_wcag21"": false, ""has_wcag22"": true, ""input_ok"": true, ""level"": ""AAA"", ""matched_name_tokens"": ""enhanc|enhanced|focu|focus|not|obscur|obscured"", ""scope_ok"": false}, ""match"": true}, {""candidate_id"": ""CAND_003"", ""display_value"": ""wcag22_added=2.4.12;level=AA"", ""evidence"": {""change_ok"": true, ""code"": ""2.4.12"", ""expected_name_tokens"": ""enhanc|enhanced|focu|focus|not|obscur|obscured"", ""family"": ""wcag22_added"", ""has_code"": false, ""has_level"": false, ""has_name"": true, ""has_wcag21"": false, ""has_wcag22"": true, ""input_ok"": true, ""level"": ""AA"", ""matched_name_tokens"": ""enhanc|enhanced|focu|focus|not|obscur|obscured"", ""scope_ok"": false}, ""match"": false}]",6165,913,242,benchmark\external-real-v1\built\candidate-owls\EXT_E005\CAND_002.owl,1,1,True,CONSISTENT,497,True,True,True,,CAND_002,wcag22_added=2.4.12;level=AAA,True,True
EXT_E005,TEMPORAL_VERSION,4,20260823,GENERATED,ABSTAIN,,,"The requirement is now defined under WCAG 2.2 as 'Focus Not Obscured Enhanced' with conformance level AAA, superseding any prior absence or different definition in WCAG 2.1.",no candidate value matched auto semantic_result,"[{""candidate_id"": ""CAND_001"", ""display_value"": ""wcag21_status=not_present"", ""evidence"": {""family"": ""exact_fallback""}, ""match"": false}, {""candidate_id"": ""CAND_002"", ""display_value"": ""wcag22_added=2.4.12;level=AAA"", ""evidence"": {""change_ok"": false, ""code"": ""2.4.12"", ""expected_name_tokens"": ""enhanc|enhanced|focu|focus|not|obscur|obscured"", ""family"": ""wcag22_added"", ""has_code"": false, ""has_level"": true, ""has_name"": true, ""has_wcag21"": true, ""has_wcag22"": true, ""input_ok"": true, ""level"": ""AAA"", ""matched_name_tokens"": ""enhanc|enhanced|focu|focus|not|obscur|obscured"", ""scope_ok"": false}, ""match"": false}, {""candidate_id"": ""CAND_003"", ""display_value"": ""wcag22_added=2.4.12;level=AA"", ""evidence"": {""change_ok"": false, ""code"": ""2.4.12"", ""expected_name_tokens"": ""enhanc|enhanced|focu|focus|not|obscur|obscured"", ""family"": ""wcag22_added"", ""has_code"": false, ""has_level"": false, ""has_name"": true, ""has_wcag21"": true, ""has_wcag22"": true, ""input_ok"": true, ""level"": ""AA"", ""matched_name_tokens"": ""enhanc|enhanced|focu|focus|not|obscur|obscured"", ""scope_ok"": false}, ""match"": false}]",6304,913,253,,,,,,,,,,,CAND_002,wcag22_added=2.4.12;level=AAA,False,False
EXT_E005,TEMPORAL_VERSION,5,20260824,GENERATED,SELECTED,CAND_002,wcag22_added=2.4.12;level=AAA,"The requirement status is updated to include the new WCAG 2.2 success criterion 'Focus Not Obscured Enhanced' at conformance level AAA, superseding or extending the previous WCAG 2.1 state.",unique semantic candidate match,"[{""candidate_id"": ""CAND_001"", ""display_value"": ""wcag21_status=not_present"", ""evidence"": {""family"": ""exact_fallback""}, ""match"": false}, {""candidate_id"": ""CAND_002"", ""display_value"": ""wcag22_added=2.4.12;level=AAA"", ""evidence"": {""change_ok"": true, ""code"": ""2.4.12"", ""expected_name_tokens"": ""enhanc|enhanced|focu|focus|not|obscur|obscured"", ""family"": ""wcag22_added"", ""has_code"": false, ""has_level"": true, ""has_name"": true, ""has_wcag21"": true, ""has_wcag22"": true, ""input_ok"": true, ""level"": ""AAA"", ""matched_name_tokens"": ""enhanc|enhanced|focu|focus|not|obscur|obscured"", ""scope_ok"": false}, ""match"": true}, {""candidate_id"": ""CAND_003"", ""display_value"": ""wcag22_added=2.4.12;level=AA"", ""evidence"": {""change_ok"": true, ""code"": ""2.4.12"", ""expected_name_tokens"": ""enhanc|enhanced|focu|focus|not|obscur|obscured"", ""family"": ""wcag22_added"", ""has_code"": false, ""has_level"": false, ""has_name"": true, ""has_wcag21"": true, ""has_wcag22"": true, ""input_ok"": true, ""level"": ""AA"", ""matched_name_tokens"": ""enhanc|enhanced|focu|focus|not|obscur|obscured"", ""scope_ok"": false}, ""match"": false}]",6490,913,255,benchmark\external-real-v1\built\candidate-owls\EXT_E005\CAND_002.owl,1,1,True,CONSISTENT,497,True,True,True,,CAND_002,wcag22_added=2.4.12;level=AAA,True,True
EXT_E006,TEMPORAL_VERSION,1,20260820,GENERATED,SELECTED,CAND_002,wcag22_added=2.4.13;level=AAA,The requirement for WCAG success criterion 2.4.13 Focus Appearance at conformance level AAA is active in WCAG 2.2.,unique semantic candidate match,"[{""candidate_id"": ""CAND_001"", ""display_value"": ""wcag21_status=not_present"", ""evidence"": {""family"": ""exact_fallback""}, ""match"": false}, {""candidate_id"": ""CAND_002"", ""display_value"": ""wcag22_added=2.4.13;level=AAA"", ""evidence"": {""change_ok"": true, ""code"": ""2.4.13"", ""expected_name_tokens"": ""appearance|focu|focus"", ""family"": ""wcag22_added"", ""has_code"": true, ""has_level"": true, ""has_name"": true, ""has_wcag21"": false, ""has_wcag22"": true, ""input_ok"": true, ""level"": ""AAA"", ""matched_name_tokens"": ""appearance|focu|focus"", ""scope_ok"": false}, ""match"": true}, {""candidate_id"": ""CAND_003"", ""display_value"": ""wcag22_added=2.4.13;level=AA"", ""evidence"": {""change_ok"": true, ""code"": ""2.4.13"", ""expected_name_tokens"": ""appearance|focu|focus"", ""family"": ""wcag22_added"", ""has_code"": true, ""has_level"": false, ""has_name"": true, ""has_wcag21"": false, ""has_wcag22"": true, ""input_ok"": true, ""level"": ""AA"", ""matched_name_tokens"": ""appearance|focu|focus"", ""scope_ok"": false}, ""match"": false}]",6696,905,238,benchmark\external-real-v1\built\candidate-owls\EXT_E006\CAND_002.owl,1,1,True,CONSISTENT,493,True,True,True,,CAND_002,wcag22_added=2.4.13;level=AAA,True,True
EXT_E006,TEMPORAL_VERSION,2,20260821,GENERATED,ABSTAIN,,,Requirement status: Active with conformance level AAA; Criterion name: Focus Appearance,no candidate value matched auto semantic_result,"[{""candidate_id"": ""CAND_001"", ""display_value"": ""wcag21_status=not_present"", ""evidence"": {""family"": ""exact_fallback""}, ""match"": false}, {""candidate_id"": ""CAND_002"", ""display_value"": ""wcag22_added=2.4.13;level=AAA"", ""evidence"": {""change_ok"": true, ""code"": ""2.4.13"", ""expected_name_tokens"": ""appearance|focu|focus"", ""family"": ""wcag22_added"", ""has_code"": false, ""has_level"": true, ""has_name"": true, ""has_wcag21"": false, ""has_wcag22"": false, ""input_ok"": true, ""level"": ""AAA"", ""matched_name_tokens"": ""appearance|focu|focus"", ""scope_ok"": false}, ""match"": false}, {""candidate_id"": ""CAND_003"", ""display_value"": ""wcag22_added=2.4.13;level=AA"", ""evidence"": {""change_ok"": true, ""code"": ""2.4.13"", ""expected_name_tokens"": ""appearance|focu|focus"", ""family"": ""wcag22_added"", ""has_code"": false, ""has_level"": false, ""has_name"": true, ""has_wcag21"": false, ""has_wcag22"": false, ""input_ok"": true, ""level"": ""AA"", ""matched_name_tokens"": ""appearance|focu|focus"", ""scope_ok"": false}, ""match"": false}]",6894,905,276,,,,,,,,,,,CAND_002,wcag22_added=2.4.13;level=AAA,False,False
EXT_E006,TEMPORAL_VERSION,3,20260822,GENERATED,ABSTAIN,,,The requirement status for WCAG success criterion 2.4.13 is 'active' with conformance level 'AAA' in the current revision.,no candidate value matched auto semantic_result,"[{""candidate_id"": ""CAND_001"", ""display_value"": ""wcag21_status=not_present"", ""evidence"": {""family"": ""exact_fallback""}, ""match"": false}, {""candidate_id"": ""CAND_002"", ""display_value"": ""wcag22_added=2.4.13;level=AAA"", ""evidence"": {""change_ok"": true, ""code"": ""2.4.13"", ""expected_name_tokens"": ""appearance|focu|focus"", ""family"": ""wcag22_added"", ""has_code"": true, ""has_level"": true, ""has_name"": false, ""has_wcag21"": false, ""has_wcag22"": false, ""input_ok"": true, ""level"": ""AAA"", ""matched_name_tokens"": """", ""scope_ok"": false}, ""match"": false}, {""candidate_id"": ""CAND_003"", ""display_value"": ""wcag22_added=2.4.13;level=AA"", ""evidence"": {""change_ok"": true, ""code"": ""2.4.13"", ""expected_name_tokens"": ""appearance|focu|focus"", ""family"": ""wcag22_added"", ""has_code"": true, ""has_level"": false, ""has_name"": false, ""has_wcag21"": false, ""has_wcag22"": false, ""input_ok"": true, ""level"": ""AA"", ""matched_name_tokens"": """", ""scope_ok"": false}, ""match"": false}]",5937,905,233,,,,,,,,,,,CAND_002,wcag22_added=2.4.13;level=AAA,False,False
EXT_E006,TEMPORAL_VERSION,4,20260823,GENERATED,SELECTED,CAND_002,wcag22_added=2.4.13;level=AAA,The requirement for WCAG success criterion 2.4.13 Focus Appearance at conformance level AAA is active in WCAG 2.2.,unique semantic candidate match,"[{""candidate_id"": ""CAND_001"", ""display_value"": ""wcag21_status=not_present"", ""evidence"": {""family"": ""exact_fallback""}, ""match"": false}, {""candidate_id"": ""CAND_002"", ""display_value"": ""wcag22_added=2.4.13;level=AAA"", ""evidence"": {""change_ok"": true, ""code"": ""2.4.13"", ""expected_name_tokens"": ""appearance|focu|focus"", ""family"": ""wcag22_added"", ""has_code"": true, ""has_level"": true, ""has_name"": true, ""has_wcag21"": false, ""has_wcag22"": true, ""input_ok"": true, ""level"": ""AAA"", ""matched_name_tokens"": ""appearance|focu|focus"", ""scope_ok"": false}, ""match"": true}, {""candidate_id"": ""CAND_003"", ""display_value"": ""wcag22_added=2.4.13;level=AA"", ""evidence"": {""change_ok"": true, ""code"": ""2.4.13"", ""expected_name_tokens"": ""appearance|focu|focus"", ""family"": ""wcag22_added"", ""has_code"": true, ""has_level"": false, ""has_name"": true, ""has_wcag21"": false, ""has_wcag22"": true, ""input_ok"": true, ""level"": ""AA"", ""matched_name_tokens"": ""appearance|focu|focus"", ""scope_ok"": false}, ""match"": false}]",6933,905,272,benchmark\external-real-v1\built\candidate-owls\EXT_E006\CAND_002.owl,1,1,True,CONSISTENT,493,True,True,True,,CAND_002,wcag22_added=2.4.13;level=AAA,True,True
EXT_E006,TEMPORAL_VERSION,5,20260824,GENERATED,SELECTED,CAND_002,wcag22_added=2.4.13;level=AAA,The requirement status is updated to include the new WCAG 2.2 Success Criterion 2.4.13 Focus Appearance at conformance level AAA.,unique semantic candidate match,"[{""candidate_id"": ""CAND_001"", ""display_value"": ""wcag21_status=not_present"", ""evidence"": {""family"": ""exact_fallback""}, ""match"": false}, {""candidate_id"": ""CAND_002"", ""display_value"": ""wcag22_added=2.4.13;level=AAA"", ""evidence"": {""change_ok"": true, ""code"": ""2.4.13"", ""expected_name_tokens"": ""appearance|focu|focus"", ""family"": ""wcag22_added"", ""has_code"": true, ""has_level"": true, ""has_name"": true, ""has_wcag21"": false, ""has_wcag22"": true, ""input_ok"": true, ""level"": ""AAA"", ""matched_name_tokens"": ""appearance|focu|focus"", ""scope_ok"": false}, ""match"": true}, {""candidate_id"": ""CAND_003"", ""display_value"": ""wcag22_added=2.4.13;level=AA"", ""evidence"": {""change_ok"": true, ""code"": ""2.4.13"", ""expected_name_tokens"": ""appearance|focu|focus"", ""family"": ""wcag22_added"", ""has_code"": true, ""has_level"": false, ""has_name"": true, ""has_wcag21"": false, ""has_wcag22"": true, ""input_ok"": true, ""level"": ""AA"", ""matched_name_tokens"": ""appearance|focu|focus"", ""scope_ok"": false}, ""match"": false}]",6246,905,243,benchmark\external-real-v1\built\candidate-owls\EXT_E006\CAND_002.owl,1,1,True,CONSISTENT,493,True,True,True,,CAND_002,wcag22_added=2.4.13;level=AAA,True,True
EXT_E007,TEMPORAL_VERSION,1,20260820,GENERATED,SELECTED,CAND_002,wcag22_added=2.5.7;level=AA,The requirement 'Dragging Movements' is active and applicable under WCAG 2.2 with conformance level AA.,unique semantic candidate match,"[{""candidate_id"": ""CAND_001"", ""display_value"": ""wcag21_status=not_present"", ""evidence"": {""family"": ""exact_fallback""}, ""match"": false}, {""candidate_id"": ""CAND_002"", ""display_value"": ""wcag22_added=2.5.7;level=AA"", ""evidence"": {""change_ok"": true, ""code"": ""2.5.7"", ""expected_name_tokens"": ""dragg|dragging|movement|movements"", ""family"": ""wcag22_added"", ""has_code"": false, ""has_level"": true, ""has_name"": true, ""has_wcag21"": false, ""has_wcag22"": true, ""input_ok"": true, ""level"": ""AA"", ""matched_name_tokens"": ""dragg|dragging|movement|movements"", ""scope_ok"": false}, ""match"": true}, {""candidate_id"": ""CAND_003"", ""display_value"": ""wcag22_added=2.5.7;level=AAA"", ""evidence"": {""change_ok"": true, ""code"": ""2.5.7"", ""expected_name_tokens"": ""dragg|dragging|movement|movements"", ""family"": ""wcag22_added"", ""has_code"": false, ""has_level"": false, ""has_name"": true, ""has_wcag21"": false, ""has_wcag22"": true, ""input_ok"": true, ""level"": ""AAA"", ""matched_name_tokens"": ""dragg|dragging|movement|movements"", ""scope_ok"": false}, ""match"": false}]",6603,904,229,benchmark\external-real-v1\built\candidate-owls\EXT_E007\CAND_002.owl,1,1,True,CONSISTENT,479,True,True,True,,CAND_002,wcag22_added=2.5.7;level=AA,True,True
EXT_E007,TEMPORAL_VERSION,2,20260821,GENERATED,SELECTED,CAND_002,wcag22_added=2.5.7;level=AA,"The target subject 'WCAG success criterion 2.5.7' is now valid under the current revision 'WCAG 2.2' with conformance level AA, superseding its absence or different status in previous revisions.",unique semantic candidate match,"[{""candidate_id"": ""CAND_001"", ""display_value"": ""wcag21_status=not_present"", ""evidence"": {""family"": ""exact_fallback""}, ""match"": false}, {""candidate_id"": ""CAND_002"", ""display_value"": ""wcag22_added=2.5.7;level=AA"", ""evidence"": {""change_ok"": true, ""code"": ""2.5.7"", ""expected_name_tokens"": ""dragg|dragging|movement|movements"", ""family"": ""wcag22_added"", ""has_code"": true, ""has_level"": true, ""has_name"": false, ""has_wcag21"": false, ""has_wcag22"": true, ""input_ok"": false, ""level"": ""AA"", ""matched_name_tokens"": """", ""scope_ok"": false}, ""match"": true}, {""candidate_id"": ""CAND_003"", ""display_value"": ""wcag22_added=2.5.7;level=AAA"", ""evidence"": {""change_ok"": true, ""code"": ""2.5.7"", ""expected_name_tokens"": ""dragg|dragging|movement|movements"", ""family"": ""wcag22_added"", ""has_code"": true, ""has_level"": false, ""has_name"": false, ""has_wcag21"": false, ""has_wcag22"": true, ""input_ok"": false, ""level"": ""AAA"", ""matched_name_tokens"": """", ""scope_ok"": false}, ""match"": false}]",6288,904,247,benchmark\external-real-v1\built\candidate-owls\EXT_E007\CAND_002.owl,1,1,True,CONSISTENT,479,True,True,True,,CAND_002,wcag22_added=2.5.7;level=AA,True,True
EXT_E007,TEMPORAL_VERSION,3,20260822,GENERATED,SELECTED,CAND_002,wcag22_added=2.5.7;level=AA,"The requirement 'Dragging Movements' is active in WCAG 2.2 with conformance level AA, replacing the absence of this specific criterion in WCAG 2.1.",unique semantic candidate match,"[{""candidate_id"": ""CAND_001"", ""display_value"": ""wcag21_status=not_present"", ""evidence"": {""family"": ""exact_fallback""}, ""match"": false}, {""candidate_id"": ""CAND_002"", ""display_value"": ""wcag22_added=2.5.7;level=AA"", ""evidence"": {""change_ok"": true, ""code"": ""2.5.7"", ""expected_name_tokens"": ""dragg|dragging|movement|movements"", ""family"": ""wcag22_added"", ""has_code"": false, ""has_level"": true, ""has_name"": true, ""has_wcag21"": true, ""has_wcag22"": true, ""input_ok"": true, ""level"": ""AA"", ""matched_name_tokens"": ""dragg|dragging|movement|movements"", ""scope_ok"": false}, ""match"": true}, {""candidate_id"": ""CAND_003"", ""display_value"": ""wcag22_added=2.5.7;level=AAA"", ""evidence"": {""change_ok"": true, ""code"": ""2.5.7"", ""expected_name_tokens"": ""dragg|dragging|movement|movements"", ""family"": ""wcag22_added"", ""has_code"": false, ""has_level"": false, ""has_name"": true, ""has_wcag21"": true, ""has_wcag22"": true, ""input_ok"": true, ""level"": ""AAA"", ""matched_name_tokens"": ""dragg|dragging|movement|movements"", ""scope_ok"": false}, ""match"": false}]",6178,904,243,benchmark\external-real-v1\built\candidate-owls\EXT_E007\CAND_002.owl,1,1,True,CONSISTENT,479,True,True,True,,CAND_002,wcag22_added=2.5.7;level=AA,True,True
EXT_E007,TEMPORAL_VERSION,4,20260823,GENERATED,SELECTED,CAND_002,wcag22_added=2.5.7;level=AA,The requirement 'Dragging Movements' is active and applicable under WCAG 2.2 with conformance level AA.,unique semantic candidate match,"[{""candidate_id"": ""CAND_001"", ""display_value"": ""wcag21_status=not_present"", ""evidence"": {""family"": ""exact_fallback""}, ""match"": false}, {""candidate_id"": ""CAND_002"", ""display_value"": ""wcag22_added=2.5.7;level=AA"", ""evidence"": {""change_ok"": true, ""code"": ""2.5.7"", ""expected_name_tokens"": ""dragg|dragging|movement|movements"", ""family"": ""wcag22_added"", ""has_code"": false, ""has_level"": true, ""has_name"": true, ""has_wcag21"": false, ""has_wcag22"": true, ""input_ok"": true, ""level"": ""AA"", ""matched_name_tokens"": ""dragg|dragging|movement|movements"", ""scope_ok"": false}, ""match"": true}, {""candidate_id"": ""CAND_003"", ""display_value"": ""wcag22_added=2.5.7;level=AAA"", ""evidence"": {""change_ok"": true, ""code"": ""2.5.7"", ""expected_name_tokens"": ""dragg|dragging|movement|movements"", ""family"": ""wcag22_added"", ""has_code"": false, ""has_level"": false, ""has_name"": true, ""has_wcag21"": false, ""has_wcag22"": true, ""input_ok"": true, ""level"": ""AAA"", ""matched_name_tokens"": ""dragg|dragging|movement|movements"", ""scope_ok"": false}, ""match"": false}]",6174,904,229,benchmark\external-real-v1\built\candidate-owls\EXT_E007\CAND_002.owl,1,1,True,CONSISTENT,479,True,True,True,,CAND_002,wcag22_added=2.5.7;level=AA,True,True
EXT_E007,TEMPORAL_VERSION,5,20260824,GENERATED,SELECTED,CAND_002,wcag22_added=2.5.7;level=AA,The requirement 'Dragging Movements' is active and applicable under WCAG 2.2 with conformance level AA.,unique semantic candidate match,"[{""candidate_id"": ""CAND_001"", ""display_value"": ""wcag21_status=not_present"", ""evidence"": {""family"": ""exact_fallback""}, ""match"": false}, {""candidate_id"": ""CAND_002"", ""display_value"": ""wcag22_added=2.5.7;level=AA"", ""evidence"": {""change_ok"": true, ""code"": ""2.5.7"", ""expected_name_tokens"": ""dragg|dragging|movement|movements"", ""family"": ""wcag22_added"", ""has_code"": false, ""has_level"": true, ""has_name"": true, ""has_wcag21"": false, ""has_wcag22"": true, ""input_ok"": true, ""level"": ""AA"", ""matched_name_tokens"": ""dragg|dragging|movement|movements"", ""scope_ok"": false}, ""match"": true}, {""candidate_id"": ""CAND_003"", ""display_value"": ""wcag22_added=2.5.7;level=AAA"", ""evidence"": {""change_ok"": true, ""code"": ""2.5.7"", ""expected_name_tokens"": ""dragg|dragging|movement|movements"", ""family"": ""wcag22_added"", ""has_code"": false, ""has_level"": false, ""has_name"": true, ""has_wcag21"": false, ""has_wcag22"": true, ""input_ok"": true, ""level"": ""AAA"", ""matched_name_tokens"": ""dragg|dragging|movement|movements"", ""scope_ok"": false}, ""match"": false}]",6858,904,264,benchmark\external-real-v1\built\candidate-owls\EXT_E007\CAND_002.owl,1,1,True,CONSISTENT,479,True,True,True,,CAND_002,wcag22_added=2.5.7;level=AA,True,True
EXT_E008,TEMPORAL_VERSION,1,20260820,GENERATED,SELECTED,CAND_002,wcag22_added=2.5.8;level=AA,The requirement 'Target Size Minimum' is active and applicable under WCAG 2.2 with conformance level AA.,unique semantic candidate match,"[{""candidate_id"": ""CAND_001"", ""display_value"": ""wcag21_status=not_present"", ""evidence"": {""family"": ""exact_fallback""}, ""match"": false}, {""candidate_id"": ""CAND_002"", ""display_value"": ""wcag22_added=2.5.8;level=AA"", ""evidence"": {""change_ok"": true, ""code"": ""2.5.8"", ""expected_name_tokens"": ""minimum|size|target"", ""family"": ""wcag22_added"", ""has_code"": false, ""has_level"": true, ""has_name"": true, ""has_wcag21"": false, ""has_wcag22"": true, ""input_ok"": true, ""level"": ""AA"", ""matched_name_tokens"": ""minimum|size|target"", ""scope_ok"": false}, ""match"": true}, {""candidate_id"": ""CAND_003"", ""display_value"": ""wcag22_added=2.5.8;level=AAA"", ""evidence"": {""change_ok"": true, ""code"": ""2.5.8"", ""expected_name_tokens"": ""minimum|size|target"", ""family"": ""wcag22_added"", ""has_code"": false, ""has_level"": false, ""has_name"": true, ""has_wcag21"": false, ""has_wcag22"": true, ""input_ok"": true, ""level"": ""AAA"", ""matched_name_tokens"": ""minimum|size|target"", ""scope_ok"": false}, ""match"": false}]",6915,902,234,benchmark\external-real-v1\built\candidate-owls\EXT_E008\CAND_002.owl,1,1,True,CONSISTENT,477,True,True,True,,CAND_002,wcag22_added=2.5.8;level=AA,True,True
EXT_E008,TEMPORAL_VERSION,2,20260821,GENERATED,ABSTAIN,,,"The requirement status for WCAG success criterion 2.5.8 is active in WCAG 2.2, representing a new addition compared to WCAG 2.1.",no candidate value matched auto semantic_result,"[{""candidate_id"": ""CAND_001"", ""display_value"": ""wcag21_status=not_present"", ""evidence"": {""family"": ""exact_fallback""}, ""match"": false}, {""candidate_id"": ""CAND_002"", ""display_value"": ""wcag22_added=2.5.8;level=AA"", ""evidence"": {""change_ok"": true, ""code"": ""2.5.8"", ""expected_name_tokens"": ""minimum|size|target"", ""family"": ""wcag22_added"", ""has_code"": true, ""has_level"": false, ""has_name"": false, ""has_wcag21"": true, ""has_wcag22"": true, ""input_ok"": true, ""level"": ""AA"", ""matched_name_tokens"": """", ""scope_ok"": false}, ""match"": false}, {""candidate_id"": ""CAND_003"", ""display_value"": ""wcag22_added=2.5.8;level=AAA"", ""evidence"": {""change_ok"": true, ""code"": ""2.5.8"", ""expected_name_tokens"": ""minimum|size|target"", ""family"": ""wcag22_added"", ""has_code"": true, ""has_level"": false, ""has_name"": false, ""has_wcag21"": true, ""has_wcag22"": true, ""input_ok"": true, ""level"": ""AAA"", ""matched_name_tokens"": """", ""scope_ok"": false}, ""match"": false}]",7358,902,281,,,,,,,,,,,CAND_002,wcag22_added=2.5.8;level=AA,False,False
EXT_E008,TEMPORAL_VERSION,3,20260822,GENERATED,SELECTED,CAND_002,wcag22_added=2.5.8;level=AA,The requirement for WCAG success criterion 2.5.8 Target Size Minimum is active under WCAG 2.2 with conformance level AA.,unique semantic candidate match,"[{""candidate_id"": ""CAND_001"", ""display_value"": ""wcag21_status=not_present"", ""evidence"": {""family"": ""exact_fallback""}, ""match"": false}, {""candidate_id"": ""CAND_002"", ""display_value"": ""wcag22_added=2.5.8;level=AA"", ""evidence"": {""change_ok"": true, ""code"": ""2.5.8"", ""expected_name_tokens"": ""minimum|size|target"", ""family"": ""wcag22_added"", ""has_code"": true, ""has_level"": true, ""has_name"": true, ""has_wcag21"": false, ""has_wcag22"": true, ""input_ok"": true, ""level"": ""AA"", ""matched_name_tokens"": ""minimum|size|target"", ""scope_ok"": false}, ""match"": true}, {""candidate_id"": ""CAND_003"", ""display_value"": ""wcag22_added=2.5.8;level=AAA"", ""evidence"": {""change_ok"": true, ""code"": ""2.5.8"", ""expected_name_tokens"": ""minimum|size|target"", ""family"": ""wcag22_added"", ""has_code"": true, ""has_level"": false, ""has_name"": true, ""has_wcag21"": false, ""has_wcag22"": true, ""input_ok"": true, ""level"": ""AAA"", ""matched_name_tokens"": ""minimum|size|target"", ""scope_ok"": false}, ""match"": false}]",6180,902,241,benchmark\external-real-v1\built\candidate-owls\EXT_E008\CAND_002.owl,1,1,True,CONSISTENT,477,True,True,True,,CAND_002,wcag22_added=2.5.8;level=AA,True,True
EXT_E008,TEMPORAL_VERSION,4,20260823,GENERATED,SELECTED,CAND_002,wcag22_added=2.5.8;level=AA,The requirement 'Target Size Minimum' is active under WCAG 2.2 with conformance level AA.,unique semantic candidate match,"[{""candidate_id"": ""CAND_001"", ""display_value"": ""wcag21_status=not_present"", ""evidence"": {""family"": ""exact_fallback""}, ""match"": false}, {""candidate_id"": ""CAND_002"", ""display_value"": ""wcag22_added=2.5.8;level=AA"", ""evidence"": {""change_ok"": true, ""code"": ""2.5.8"", ""expected_name_tokens"": ""minimum|size|target"", ""family"": ""wcag22_added"", ""has_code"": false, ""has_level"": true, ""has_name"": true, ""has_wcag21"": false, ""has_wcag22"": true, ""input_ok"": true, ""level"": ""AA"", ""matched_name_tokens"": ""minimum|size|target"", ""scope_ok"": false}, ""match"": true}, {""candidate_id"": ""CAND_003"", ""display_value"": ""wcag22_added=2.5.8;level=AAA"", ""evidence"": {""change_ok"": true, ""code"": ""2.5.8"", ""expected_name_tokens"": ""minimum|size|target"", ""family"": ""wcag22_added"", ""has_code"": false, ""has_level"": false, ""has_name"": true, ""has_wcag21"": false, ""has_wcag22"": true, ""input_ok"": true, ""level"": ""AAA"", ""matched_name_tokens"": ""minimum|size|target"", ""scope_ok"": false}, ""match"": false}]",6742,902,232,benchmark\external-real-v1\built\candidate-owls\EXT_E008\CAND_002.owl,1,1,True,CONSISTENT,477,True,True,True,,CAND_002,wcag22_added=2.5.8;level=AA,True,True
EXT_E008,TEMPORAL_VERSION,5,20260824,GENERATED,ABSTAIN,,,"The requirement status is 'active' under WCAG 2.2, representing the addition of the new criterion.",no candidate value matched auto semantic_result,"[{""candidate_id"": ""CAND_001"", ""display_value"": ""wcag21_status=not_present"", ""evidence"": {""family"": ""exact_fallback""}, ""match"": false}, {""candidate_id"": ""CAND_002"", ""display_value"": ""wcag22_added=2.5.8;level=AA"", ""evidence"": {""change_ok"": true, ""code"": ""2.5.8"", ""expected_name_tokens"": ""minimum|size|target"", ""family"": ""wcag22_added"", ""has_code"": false, ""has_level"": false, ""has_name"": false, ""has_wcag21"": false, ""has_wcag22"": true, ""input_ok"": true, ""level"": ""AA"", ""matched_name_tokens"": """", ""scope_ok"": false}, ""match"": false}, {""candidate_id"": ""CAND_003"", ""display_value"": ""wcag22_added=2.5.8;level=AAA"", ""evidence"": {""change_ok"": true, ""code"": ""2.5.8"", ""expected_name_tokens"": ""minimum|size|target"", ""family"": ""wcag22_added"", ""has_code"": false, ""has_level"": false, ""has_name"": false, ""has_wcag21"": false, ""has_wcag22"": true, ""input_ok"": true, ""level"": ""AAA"", ""matched_name_tokens"": """", ""scope_ok"": false}, ""match"": false}]",7229,902,233,,,,,,,,,,,CAND_002,wcag22_added=2.5.8;level=AA,False,False
EXT_E009,TEMPORAL_VERSION,1,20260820,GENERATED,SELECTED,CAND_002,wcag22_added=3.2.6;level=A,The requirement status is updated to include WCAG 2.2 version with conformance level A for criterion 3.2.6 Consistent Help.,unique semantic candidate match,"[{""candidate_id"": ""CAND_001"", ""display_value"": ""wcag21_status=not_present"", ""evidence"": {""family"": ""exact_fallback""}, ""match"": false}, {""candidate_id"": ""CAND_002"", ""display_value"": ""wcag22_added=3.2.6;level=A"", ""evidence"": {""change_ok"": true, ""code"": ""3.2.6"", ""expected_name_tokens"": ""consistent|help"", ""family"": ""wcag22_added"", ""has_code"": true, ""has_level"": true, ""has_name"": true, ""has_wcag21"": false, ""has_wcag22"": true, ""input_ok"": true, ""level"": ""A"", ""matched_name_tokens"": ""consistent|help"", ""scope_ok"": false}, ""match"": true}, {""candidate_id"": ""CAND_003"", ""display_value"": ""wcag22_added=3.2.6;level=AA"", ""evidence"": {""change_ok"": true, ""code"": ""3.2.6"", ""expected_name_tokens"": ""consistent|help"", ""family"": ""wcag22_added"", ""has_code"": true, ""has_level"": false, ""has_name"": true, ""has_wcag21"": false, ""has_wcag22"": true, ""input_ok"": true, ""level"": ""AA"", ""matched_name_tokens"": ""consistent|help"", ""scope_ok"": false}, ""match"": false}]",7793,902,275,benchmark\external-real-v1\built\candidate-owls\EXT_E009\CAND_002.owl,1,1,True,CONSISTENT,484,True,True,True,,CAND_002,wcag22_added=3.2.6;level=A,True,True
EXT_E009,TEMPORAL_VERSION,2,20260821,GENERATED,SELECTED,CAND_002,wcag22_added=3.2.6;level=A,"WCAG success criterion 3.2.6 is active in version WCAG 2.2 with conformance level A, replacing the absence of this specific criterion in WCAG 2.1",unique semantic candidate match,"[{""candidate_id"": ""CAND_001"", ""display_value"": ""wcag21_status=not_present"", ""evidence"": {""family"": ""exact_fallback""}, ""match"": false}, {""candidate_id"": ""CAND_002"", ""display_value"": ""wcag22_added=3.2.6;level=A"", ""evidence"": {""change_ok"": true, ""code"": ""3.2.6"", ""expected_name_tokens"": ""consistent|help"", ""family"": ""wcag22_added"", ""has_code"": true, ""has_level"": true, ""has_name"": false, ""has_wcag21"": true, ""has_wcag22"": true, ""input_ok"": false, ""level"": ""A"", ""matched_name_tokens"": """", ""scope_ok"": false}, ""match"": true}, {""candidate_id"": ""CAND_003"", ""display_value"": ""wcag22_added=3.2.6;level=AA"", ""evidence"": {""change_ok"": true, ""code"": ""3.2.6"", ""expected_name_tokens"": ""consistent|help"", ""family"": ""wcag22_added"", ""has_code"": true, ""has_level"": false, ""has_name"": false, ""has_wcag21"": true, ""has_wcag22"": true, ""input_ok"": false, ""level"": ""AA"", ""matched_name_tokens"": """", ""scope_ok"": false}, ""match"": false}]",6799,902,245,benchmark\external-real-v1\built\candidate-owls\EXT_E009\CAND_002.owl,1,1,True,CONSISTENT,484,True,True,True,,CAND_002,wcag22_added=3.2.6;level=A,True,True
EXT_E009,TEMPORAL_VERSION,3,20260822,GENERATED,ABSTAIN,,,"The requirement exists in WCAG 2.2 with conformance level A, representing a new addition relative to WCAG 2.1.",no candidate value matched auto semantic_result,"[{""candidate_id"": ""CAND_001"", ""display_value"": ""wcag21_status=not_present"", ""evidence"": {""family"": ""exact_fallback""}, ""match"": false}, {""candidate_id"": ""CAND_002"", ""display_value"": ""wcag22_added=3.2.6;level=A"", ""evidence"": {""change_ok"": true, ""code"": ""3.2.6"", ""expected_name_tokens"": ""consistent|help"", ""family"": ""wcag22_added"", ""has_code"": false, ""has_level"": true, ""has_name"": false, ""has_wcag21"": true, ""has_wcag22"": true, ""input_ok"": true, ""level"": ""A"", ""matched_name_tokens"": """", ""scope_ok"": false}, ""match"": false}, {""candidate_id"": ""CAND_003"", ""display_value"": ""wcag22_added=3.2.6;level=AA"", ""evidence"": {""change_ok"": true, ""code"": ""3.2.6"", ""expected_name_tokens"": ""consistent|help"", ""family"": ""wcag22_added"", ""has_code"": false, ""has_level"": false, ""has_name"": false, ""has_wcag21"": true, ""has_wcag22"": true, ""input_ok"": true, ""level"": ""AA"", ""matched_name_tokens"": """", ""scope_ok"": false}, ""match"": false}]",7079,902,238,,,,,,,,,,,CAND_002,wcag22_added=3.2.6;level=A,False,False
EXT_E009,TEMPORAL_VERSION,4,20260823,GENERATED,SELECTED,CAND_002,wcag22_added=3.2.6;level=A,The requirement for WCAG success criterion 3.2.6 Consistent Help is active and applicable under the WCAG 2.2 version with conformance level A.,unique semantic candidate match,"[{""candidate_id"": ""CAND_001"", ""display_value"": ""wcag21_status=not_present"", ""evidence"": {""family"": ""exact_fallback""}, ""match"": false}, {""candidate_id"": ""CAND_002"", ""display_value"": ""wcag22_added=3.2.6;level=A"", ""evidence"": {""change_ok"": true, ""code"": ""3.2.6"", ""expected_name_tokens"": ""consistent|help"", ""family"": ""wcag22_added"", ""has_code"": true, ""has_level"": true, ""has_name"": true, ""has_wcag21"": false, ""has_wcag22"": true, ""input_ok"": true, ""level"": ""A"", ""matched_name_tokens"": ""consistent|help"", ""scope_ok"": false}, ""match"": true}, {""candidate_id"": ""CAND_003"", ""display_value"": ""wcag22_added=3.2.6;level=AA"", ""evidence"": {""change_ok"": true, ""code"": ""3.2.6"", ""expected_name_tokens"": ""consistent|help"", ""family"": ""wcag22_added"", ""has_code"": true, ""has_level"": false, ""has_name"": true, ""has_wcag21"": false, ""has_wcag22"": true, ""input_ok"": true, ""level"": ""AA"", ""matched_name_tokens"": ""consistent|help"", ""scope_ok"": false}, ""match"": false}]",7105,902,240,benchmark\external-real-v1\built\candidate-owls\EXT_E009\CAND_002.owl,1,1,True,CONSISTENT,484,True,True,True,,CAND_002,wcag22_added=3.2.6;level=A,True,True
EXT_E009,TEMPORAL_VERSION,5,20260824,GENERATED,SELECTED,CAND_002,wcag22_added=3.2.6;level=A,The requirement 'Consistent Help' is active and applicable under WCAG 2.2 with conformance level A.,unique semantic candidate match,"[{""candidate_id"": ""CAND_001"", ""display_value"": ""wcag21_status=not_present"", ""evidence"": {""family"": ""exact_fallback""}, ""match"": false}, {""candidate_id"": ""CAND_002"", ""display_value"": ""wcag22_added=3.2.6;level=A"", ""evidence"": {""change_ok"": true, ""code"": ""3.2.6"", ""expected_name_tokens"": ""consistent|help"", ""family"": ""wcag22_added"", ""has_code"": false, ""has_level"": true, ""has_name"": true, ""has_wcag21"": false, ""has_wcag22"": true, ""input_ok"": true, ""level"": ""A"", ""matched_name_tokens"": ""consistent|help"", ""scope_ok"": false}, ""match"": true}, {""candidate_id"": ""CAND_003"", ""display_value"": ""wcag22_added=3.2.6;level=AA"", ""evidence"": {""change_ok"": true, ""code"": ""3.2.6"", ""expected_name_tokens"": ""consistent|help"", ""family"": ""wcag22_added"", ""has_code"": false, ""has_level"": false, ""has_name"": true, ""has_wcag21"": false, ""has_wcag22"": true, ""input_ok"": true, ""level"": ""AA"", ""matched_name_tokens"": ""consistent|help"", ""scope_ok"": false}, ""match"": false}]",6766,902,230,benchmark\external-real-v1\built\candidate-owls\EXT_E009\CAND_002.owl,1,1,True,CONSISTENT,484,True,True,True,,CAND_002,wcag22_added=3.2.6;level=A,True,True
EXT_E010,TEMPORAL_VERSION,1,20260820,GENERATED,SELECTED,CAND_002,wcag22_added=3.3.7;level=A,The requirement for WCAG success criterion 3.3.7 Redundant Entry is active in version WCAG 2.2 with conformance level A.,unique semantic candidate match,"[{""candidate_id"": ""CAND_001"", ""display_value"": ""wcag21_status=not_present"", ""evidence"": {""family"": ""exact_fallback""}, ""match"": false}, {""candidate_id"": ""CAND_002"", ""display_value"": ""wcag22_added=3.3.7;level=A"", ""evidence"": {""change_ok"": true, ""code"": ""3.3.7"", ""expected_name_tokens"": ""entry|redundant"", ""family"": ""wcag22_added"", ""has_code"": true, ""has_level"": true, ""has_name"": true, ""has_wcag21"": false, ""has_wcag22"": true, ""input_ok"": true, ""level"": ""A"", ""matched_name_tokens"": ""entry|redundant"", ""scope_ok"": false}, ""match"": true}, {""candidate_id"": ""CAND_003"", ""display_value"": ""wcag22_added=3.3.7;level=AA"", ""evidence"": {""change_ok"": true, ""code"": ""3.3.7"", ""expected_name_tokens"": ""entry|redundant"", ""family"": ""wcag22_added"", ""has_code"": true, ""has_level"": false, ""has_name"": true, ""has_wcag21"": false, ""has_wcag22"": true, ""input_ok"": true, ""level"": ""AA"", ""matched_name_tokens"": ""entry|redundant"", ""scope_ok"": false}, ""match"": false}]",6698,904,232,benchmark\external-real-v1\built\candidate-owls\EXT_E010\CAND_002.owl,1,1,True,CONSISTENT,500,True,True,True,,CAND_002,wcag22_added=3.3.7;level=A,True,True
EXT_E010,TEMPORAL_VERSION,2,20260821,GENERATED,SELECTED,CAND_002,wcag22_added=3.3.7;level=A,"The requirement status for WCAG success criterion 3.3.7 is active in WCAG 2.2 with conformance level A, representing an addition relative to WCAG 2.1.",unique semantic candidate match,"[{""candidate_id"": ""CAND_001"", ""display_value"": ""wcag21_status=not_present"", ""evidence"": {""family"": ""exact_fallback""}, ""match"": false}, {""candidate_id"": ""CAND_002"", ""display_value"": ""wcag22_added=3.3.7;level=A"", ""evidence"": {""change_ok"": true, ""code"": ""3.3.7"", ""expected_name_tokens"": ""entry|redundant"", ""family"": ""wcag22_added"", ""has_code"": true, ""has_level"": true, ""has_name"": false, ""has_wcag21"": true, ""has_wcag22"": true, ""input_ok"": true, ""level"": ""A"", ""matched_name_tokens"": """", ""scope_ok"": false}, ""match"": true}, {""candidate_id"": ""CAND_003"", ""display_value"": ""wcag22_added=3.3.7;level=AA"", ""evidence"": {""change_ok"": true, ""code"": ""3.3.7"", ""expected_name_tokens"": ""entry|redundant"", ""family"": ""wcag22_added"", ""has_code"": true, ""has_level"": false, ""has_name"": false, ""has_wcag21"": true, ""has_wcag22"": true, ""input_ok"": true, ""level"": ""AA"", ""matched_name_tokens"": """", ""scope_ok"": false}, ""match"": false}]",8608,904,286,benchmark\external-real-v1\built\candidate-owls\EXT_E010\CAND_002.owl,1,1,True,CONSISTENT,500,True,True,True,,CAND_002,wcag22_added=3.3.7;level=A,True,True
EXT_E010,TEMPORAL_VERSION,3,20260822,GENERATED,SELECTED,CAND_002,wcag22_added=3.3.7;level=A,The requirement 'Redundant Entry' is active and applicable under WCAG 2.2 with conformance level A.,unique semantic candidate match,"[{""candidate_id"": ""CAND_001"", ""display_value"": ""wcag21_status=not_present"", ""evidence"": {""family"": ""exact_fallback""}, ""match"": false}, {""candidate_id"": ""CAND_002"", ""display_value"": ""wcag22_added=3.3.7;level=A"", ""evidence"": {""change_ok"": true, ""code"": ""3.3.7"", ""expected_name_tokens"": ""entry|redundant"", ""family"": ""wcag22_added"", ""has_code"": false, ""has_level"": true, ""has_name"": true, ""has_wcag21"": false, ""has_wcag22"": true, ""input_ok"": true, ""level"": ""A"", ""matched_name_tokens"": ""entry|redundant"", ""scope_ok"": false}, ""match"": true}, {""candidate_id"": ""CAND_003"", ""display_value"": ""wcag22_added=3.3.7;level=AA"", ""evidence"": {""change_ok"": true, ""code"": ""3.3.7"", ""expected_name_tokens"": ""entry|redundant"", ""family"": ""wcag22_added"", ""has_code"": false, ""has_level"": false, ""has_name"": true, ""has_wcag21"": false, ""has_wcag22"": true, ""input_ok"": true, ""level"": ""AA"", ""matched_name_tokens"": ""entry|redundant"", ""scope_ok"": false}, ""match"": false}]",6192,904,232,benchmark\external-real-v1\built\candidate-owls\EXT_E010\CAND_002.owl,1,1,True,CONSISTENT,500,True,True,True,,CAND_002,wcag22_added=3.3.7;level=A,True,True
EXT_E010,TEMPORAL_VERSION,4,20260823,GENERATED,SELECTED,CAND_002,wcag22_added=3.3.7;level=A,WCAG success criterion 3.3.7 Redundant Entry with conformance level A is effective in WCAG 2.2,unique semantic candidate match,"[{""candidate_id"": ""CAND_001"", ""display_value"": ""wcag21_status=not_present"", ""evidence"": {""family"": ""exact_fallback""}, ""match"": false}, {""candidate_id"": ""CAND_002"", ""display_value"": ""wcag22_added=3.3.7;level=A"", ""evidence"": {""change_ok"": true, ""code"": ""3.3.7"", ""expected_name_tokens"": ""entry|redundant"", ""family"": ""wcag22_added"", ""has_code"": true, ""has_level"": true, ""has_name"": true, ""has_wcag21"": false, ""has_wcag22"": true, ""input_ok"": false, ""level"": ""A"", ""matched_name_tokens"": ""entry|redundant"", ""scope_ok"": false}, ""match"": true}, {""candidate_id"": ""CAND_003"", ""display_value"": ""wcag22_added=3.3.7;level=AA"", ""evidence"": {""change_ok"": true, ""code"": ""3.3.7"", ""expected_name_tokens"": ""entry|redundant"", ""family"": ""wcag22_added"", ""has_code"": true, ""has_level"": false, ""has_name"": true, ""has_wcag21"": false, ""has_wcag22"": true, ""input_ok"": false, ""level"": ""AA"", ""matched_name_tokens"": ""entry|redundant"", ""scope_ok"": false}, ""match"": false}]",6305,904,227,benchmark\external-real-v1\built\candidate-owls\EXT_E010\CAND_002.owl,1,1,True,CONSISTENT,500,True,True,True,,CAND_002,wcag22_added=3.3.7;level=A,True,True
EXT_E010,TEMPORAL_VERSION,5,20260824,GENERATED,SELECTED,CAND_002,wcag22_added=3.3.7;level=A,The requirement 'Redundant Entry' is active and applicable under WCAG 2.2 with conformance level A.,unique semantic candidate match,"[{""candidate_id"": ""CAND_001"", ""display_value"": ""wcag21_status=not_present"", ""evidence"": {""family"": ""exact_fallback""}, ""match"": false}, {""candidate_id"": ""CAND_002"", ""display_value"": ""wcag22_added=3.3.7;level=A"", ""evidence"": {""change_ok"": true, ""code"": ""3.3.7"", ""expected_name_tokens"": ""entry|redundant"", ""family"": ""wcag22_added"", ""has_code"": false, ""has_level"": true, ""has_name"": true, ""has_wcag21"": false, ""has_wcag22"": true, ""input_ok"": true, ""level"": ""A"", ""matched_name_tokens"": ""entry|redundant"", ""scope_ok"": false}, ""match"": true}, {""candidate_id"": ""CAND_003"", ""display_value"": ""wcag22_added=3.3.7;level=AA"", ""evidence"": {""change_ok"": true, ""code"": ""3.3.7"", ""expected_name_tokens"": ""entry|redundant"", ""family"": ""wcag22_added"", ""has_code"": false, ""has_level"": false, ""has_name"": true, ""has_wcag21"": false, ""has_wcag22"": true, ""input_ok"": true, ""level"": ""AA"", ""matched_name_tokens"": ""entry|redundant"", ""scope_ok"": false}, ""match"": false}]",6195,904,232,benchmark\external-real-v1\built\candidate-owls\EXT_E010\CAND_002.owl,1,1,True,CONSISTENT,500,True,True,True,,CAND_002,wcag22_added=3.3.7;level=A,True,True
EXT_E011,TEMPORAL_VERSION,1,20260820,GENERATED,ABSTAIN,,,"The requirement status is updated to include the new success criterion 3.3.8 Accessible Authentication Minimum under WCAG 2.2, superseding or extending the previous WCAG 2.1 state.",no candidate value matched auto semantic_result,"[{""candidate_id"": ""CAND_001"", ""display_value"": ""wcag21_status=not_present"", ""evidence"": {""family"": ""exact_fallback""}, ""match"": false}, {""candidate_id"": ""CAND_002"", ""display_value"": ""wcag22_added=3.3.8;level=AA"", ""evidence"": {""change_ok"": true, ""code"": ""3.3.8"", ""expected_name_tokens"": ""accessible|authentication|minimum"", ""family"": ""wcag22_added"", ""has_code"": true, ""has_level"": false, ""has_name"": true, ""has_wcag21"": true, ""has_wcag22"": true, ""input_ok"": true, ""level"": ""AA"", ""matched_name_tokens"": ""accessible|authentication|minimum"", ""scope_ok"": false}, ""match"": false}, {""candidate_id"": ""CAND_003"", ""display_value"": ""wcag22_added=3.3.8;level=AAA"", ""evidence"": {""change_ok"": true, ""code"": ""3.3.8"", ""expected_name_tokens"": ""accessible|authentication|minimum"", ""family"": ""wcag22_added"", ""has_code"": true, ""has_level"": false, ""has_name"": true, ""has_wcag21"": true, ""has_wcag22"": true, ""input_ok"": true, ""level"": ""AAA"", ""matched_name_tokens"": ""accessible|authentication|minimum"", ""scope_ok"": false}, ""match"": false}]",8179,904,288,,,,,,,,,,,CAND_002,wcag22_added=3.3.8;level=AA,False,False
EXT_E011,TEMPORAL_VERSION,2,20260821,GENERATED,SELECTED,CAND_002,wcag22_added=3.3.8;level=AA,"The requirement status is 'active' in WCAG 2.2, introducing a new conformance level AA for accessible authentication minimums.",unique semantic candidate match,"[{""candidate_id"": ""CAND_001"", ""display_value"": ""wcag21_status=not_present"", ""evidence"": {""family"": ""exact_fallback""}, ""match"": false}, {""candidate_id"": ""CAND_002"", ""display_value"": ""wcag22_added=3.3.8;level=AA"", ""evidence"": {""change_ok"": true, ""code"": ""3.3.8"", ""expected_name_tokens"": ""accessible|authentication|minimum"", ""family"": ""wcag22_added"", ""has_code"": false, ""has_level"": true, ""has_name"": true, ""has_wcag21"": false, ""has_wcag22"": true, ""input_ok"": true, ""level"": ""AA"", ""matched_name_tokens"": ""accessible|authentication|minimum"", ""scope_ok"": false}, ""match"": true}, {""candidate_id"": ""CAND_003"", ""display_value"": ""wcag22_added=3.3.8;level=AAA"", ""evidence"": {""change_ok"": true, ""code"": ""3.3.8"", ""expected_name_tokens"": ""accessible|authentication|minimum"", ""family"": ""wcag22_added"", ""has_code"": false, ""has_level"": false, ""has_name"": true, ""has_wcag21"": false, ""has_wcag22"": true, ""input_ok"": true, ""level"": ""AAA"", ""matched_name_tokens"": ""accessible|authentication|minimum"", ""scope_ok"": false}, ""match"": false}]",7680,904,239,benchmark\external-real-v1\built\candidate-owls\EXT_E011\CAND_002.owl,1,1,True,CONSISTENT,474,True,True,True,,CAND_002,wcag22_added=3.3.8;level=AA,True,True
EXT_E011,TEMPORAL_VERSION,3,20260822,GENERATED,ABSTAIN,,,The requirement status for WCAG success criterion 3.3.8 is 'active' and includes the new conformance level AA.,no candidate value matched auto semantic_result,"[{""candidate_id"": ""CAND_001"", ""display_value"": ""wcag21_status=not_present"", ""evidence"": {""family"": ""exact_fallback""}, ""match"": false}, {""candidate_id"": ""CAND_002"", ""display_value"": ""wcag22_added=3.3.8;level=AA"", ""evidence"": {""change_ok"": true, ""code"": ""3.3.8"", ""expected_name_tokens"": ""accessible|authentication|minimum"", ""family"": ""wcag22_added"", ""has_code"": true, ""has_level"": true, ""has_name"": false, ""has_wcag21"": false, ""has_wcag22"": false, ""input_ok"": true, ""level"": ""AA"", ""matched_name_tokens"": """", ""scope_ok"": false}, ""match"": false}, {""candidate_id"": ""CAND_003"", ""display_value"": ""wcag22_added=3.3.8;level=AAA"", ""evidence"": {""change_ok"": true, ""code"": ""3.3.8"", ""expected_name_tokens"": ""accessible|authentication|minimum"", ""family"": ""wcag22_added"", ""has_code"": true, ""has_level"": false, ""has_name"": false, ""has_wcag21"": false, ""has_wcag22"": false, ""input_ok"": true, ""level"": ""AAA"", ""matched_name_tokens"": """", ""scope_ok"": false}, ""match"": false}]",7304,904,229,,,,,,,,,,,CAND_002,wcag22_added=3.3.8;level=AA,False,False
EXT_E011,TEMPORAL_VERSION,4,20260823,GENERATED,ABSTAIN,,,"The requirement status is 'active' under WCAG 2.2, representing the addition of a new conformance criterion.",no candidate value matched auto semantic_result,"[{""candidate_id"": ""CAND_001"", ""display_value"": ""wcag21_status=not_present"", ""evidence"": {""family"": ""exact_fallback""}, ""match"": false}, {""candidate_id"": ""CAND_002"", ""display_value"": ""wcag22_added=3.3.8;level=AA"", ""evidence"": {""change_ok"": true, ""code"": ""3.3.8"", ""expected_name_tokens"": ""accessible|authentication|minimum"", ""family"": ""wcag22_added"", ""has_code"": false, ""has_level"": false, ""has_name"": true, ""has_wcag21"": false, ""has_wcag22"": true, ""input_ok"": true, ""level"": ""AA"", ""matched_name_tokens"": ""accessible|authentication"", ""scope_ok"": false}, ""match"": false}, {""candidate_id"": ""CAND_003"", ""display_value"": ""wcag22_added=3.3.8;level=AAA"", ""evidence"": {""change_ok"": true, ""code"": ""3.3.8"", ""expected_name_tokens"": ""accessible|authentication|minimum"", ""family"": ""wcag22_added"", ""has_code"": false, ""has_level"": false, ""has_name"": true, ""has_wcag21"": false, ""has_wcag22"": true, ""input_ok"": true, ""level"": ""AAA"", ""matched_name_tokens"": ""accessible|authentication"", ""scope_ok"": false}, ""match"": false}]",7555,904,236,,,,,,,,,,,CAND_002,wcag22_added=3.3.8;level=AA,False,False
EXT_E011,TEMPORAL_VERSION,5,20260824,GENERATED,SELECTED,CAND_002,wcag22_added=3.3.8;level=AA,The requirement 'Accessible Authentication Minimum' is active and applicable under WCAG 2.2 with conformance level AA.,unique semantic candidate match,"[{""candidate_id"": ""CAND_001"", ""display_value"": ""wcag21_status=not_present"", ""evidence"": {""family"": ""exact_fallback""}, ""match"": false}, {""candidate_id"": ""CAND_002"", ""display_value"": ""wcag22_added=3.3.8;level=AA"", ""evidence"": {""change_ok"": true, ""code"": ""3.3.8"", ""expected_name_tokens"": ""accessible|authentication|minimum"", ""family"": ""wcag22_added"", ""has_code"": false, ""has_level"": true, ""has_name"": true, ""has_wcag21"": false, ""has_wcag22"": true, ""input_ok"": true, ""level"": ""AA"", ""matched_name_tokens"": ""accessible|authentication|minimum"", ""scope_ok"": false}, ""match"": true}, {""candidate_id"": ""CAND_003"", ""display_value"": ""wcag22_added=3.3.8;level=AAA"", ""evidence"": {""change_ok"": true, ""code"": ""3.3.8"", ""expected_name_tokens"": ""accessible|authentication|minimum"", ""family"": ""wcag22_added"", ""has_code"": false, ""has_level"": false, ""has_name"": true, ""has_wcag21"": false, ""has_wcag22"": true, ""input_ok"": true, ""level"": ""AAA"", ""matched_name_tokens"": ""accessible|authentication|minimum"", ""scope_ok"": false}, ""match"": false}]",7301,904,230,benchmark\external-real-v1\built\candidate-owls\EXT_E011\CAND_002.owl,1,1,True,CONSISTENT,474,True,True,True,,CAND_002,wcag22_added=3.3.8;level=AA,True,True
EXT_E012,TEMPORAL_VERSION,1,20260820,GENERATED,SELECTED,CAND_002,wcag22_added=3.3.9;level=AAA,The requirement status is updated to include the new WCAG 2.2 success criterion 3.3.9 Accessible Authentication Enhanced at conformance level AAA.,unique semantic candidate match,"[{""candidate_id"": ""CAND_001"", ""display_value"": ""wcag21_status=not_present"", ""evidence"": {""family"": ""exact_fallback""}, ""match"": false}, {""candidate_id"": ""CAND_002"", ""display_value"": ""wcag22_added=3.3.9;level=AAA"", ""evidence"": {""change_ok"": true, ""code"": ""3.3.9"", ""expected_name_tokens"": ""accessible|authentication|enhanc|enhanced"", ""family"": ""wcag22_added"", ""has_code"": true, ""has_level"": true, ""has_name"": true, ""has_wcag21"": false, ""has_wcag22"": true, ""input_ok"": true, ""level"": ""AAA"", ""matched_name_tokens"": ""accessible|authentication|enhanc|enhanced"", ""scope_ok"": false}, ""match"": true}, {""candidate_id"": ""CAND_003"", ""display_value"": ""wcag22_added=3.3.9;level=AA"", ""evidence"": {""change_ok"": true, ""code"": ""3.3.9"", ""expected_name_tokens"": ""accessible|authentication|enhanc|enhanced"", ""family"": ""wcag22_added"", ""has_code"": true, ""has_level"": false, ""has_name"": true, ""has_wcag21"": false, ""has_wcag22"": true, ""input_ok"": true, ""level"": ""AA"", ""matched_name_tokens"": ""accessible|authentication|enhanc|enhanced"", ""scope_ok"": false}, ""match"": false}]",7135,904,243,benchmark\external-real-v1\built\candidate-owls\EXT_E012\CAND_002.owl,1,1,True,CONSISTENT,485,True,True,True,,CAND_002,wcag22_added=3.3.9;level=AAA,True,True
EXT_E012,TEMPORAL_VERSION,2,20260821,GENERATED,SELECTED,CAND_002,wcag22_added=3.3.9;level=AAA,The requirement status is updated to include the new success criterion 3.3.9 Accessible Authentication Enhanced at conformance level AAA as defined in WCAG 2.2.,unique semantic candidate match,"[{""candidate_id"": ""CAND_001"", ""display_value"": ""wcag21_status=not_present"", ""evidence"": {""family"": ""exact_fallback""}, ""match"": false}, {""candidate_id"": ""CAND_002"", ""display_value"": ""wcag22_added=3.3.9;level=AAA"", ""evidence"": {""change_ok"": true, ""code"": ""3.3.9"", ""expected_name_tokens"": ""accessible|authentication|enhanc|enhanced"", ""family"": ""wcag22_added"", ""has_code"": true, ""has_level"": true, ""has_name"": true, ""has_wcag21"": false, ""has_wcag22"": true, ""input_ok"": true, ""level"": ""AAA"", ""matched_name_tokens"": ""accessible|authentication|enhanc|enhanced"", ""scope_ok"": false}, ""match"": true}, {""candidate_id"": ""CAND_003"", ""display_value"": ""wcag22_added=3.3.9;level=AA"", ""evidence"": {""change_ok"": true, ""code"": ""3.3.9"", ""expected_name_tokens"": ""accessible|authentication|enhanc|enhanced"", ""family"": ""wcag22_added"", ""has_code"": true, ""has_level"": false, ""has_name"": true, ""has_wcag21"": false, ""has_wcag22"": true, ""input_ok"": true, ""level"": ""AA"", ""matched_name_tokens"": ""accessible|authentication|enhanc|enhanced"", ""scope_ok"": false}, ""match"": false}]",7457,904,284,benchmark\external-real-v1\built\candidate-owls\EXT_E012\CAND_002.owl,1,1,True,CONSISTENT,485,True,True,True,,CAND_002,wcag22_added=3.3.9;level=AAA,True,True
EXT_E012,TEMPORAL_VERSION,3,20260822,GENERATED,SELECTED,CAND_002,wcag22_added=3.3.9;level=AAA,The requirement set includes WCAG 2.2 specific success criterion 3.3.9 Accessible Authentication Enhanced at conformance level AAA.,unique semantic candidate match,"[{""candidate_id"": ""CAND_001"", ""display_value"": ""wcag21_status=not_present"", ""evidence"": {""family"": ""exact_fallback""}, ""match"": false}, {""candidate_id"": ""CAND_002"", ""display_value"": ""wcag22_added=3.3.9;level=AAA"", ""evidence"": {""change_ok"": true, ""code"": ""3.3.9"", ""expected_name_tokens"": ""accessible|authentication|enhanc|enhanced"", ""family"": ""wcag22_added"", ""has_code"": true, ""has_level"": true, ""has_name"": true, ""has_wcag21"": false, ""has_wcag22"": true, ""input_ok"": true, ""level"": ""AAA"", ""matched_name_tokens"": ""accessible|authentication|enhanc|enhanced"", ""scope_ok"": false}, ""match"": true}, {""candidate_id"": ""CAND_003"", ""display_value"": ""wcag22_added=3.3.9;level=AA"", ""evidence"": {""change_ok"": true, ""code"": ""3.3.9"", ""expected_name_tokens"": ""accessible|authentication|enhanc|enhanced"", ""family"": ""wcag22_added"", ""has_code"": true, ""has_level"": false, ""has_name"": true, ""has_wcag21"": false, ""has_wcag22"": true, ""input_ok"": true, ""level"": ""AA"", ""matched_name_tokens"": ""accessible|authentication|enhanc|enhanced"", ""scope_ok"": false}, ""match"": false}]",6281,904,231,benchmark\external-real-v1\built\candidate-owls\EXT_E012\CAND_002.owl,1,1,True,CONSISTENT,485,True,True,True,,CAND_002,wcag22_added=3.3.9;level=AAA,True,True
EXT_E012,TEMPORAL_VERSION,4,20260823,GENERATED,SELECTED,CAND_002,wcag22_added=3.3.9;level=AAA,"The requirement is active in WCAG 2.2 with conformance level AAA, representing a new addition compared to WCAG 2.1.",unique semantic candidate match,"[{""candidate_id"": ""CAND_001"", ""display_value"": ""wcag21_status=not_present"", ""evidence"": {""family"": ""exact_fallback""}, ""match"": false}, {""candidate_id"": ""CAND_002"", ""display_value"": ""wcag22_added=3.3.9;level=AAA"", ""evidence"": {""change_ok"": true, ""code"": ""3.3.9"", ""expected_name_tokens"": ""accessible|authentication|enhanc|enhanced"", ""family"": ""wcag22_added"", ""has_code"": false, ""has_level"": true, ""has_name"": true, ""has_wcag21"": true, ""has_wcag22"": true, ""input_ok"": true, ""level"": ""AAA"", ""matched_name_tokens"": ""accessible|authentication"", ""scope_ok"": false}, ""match"": true}, {""candidate_id"": ""CAND_003"", ""display_value"": ""wcag22_added=3.3.9;level=AA"", ""evidence"": {""change_ok"": true, ""code"": ""3.3.9"", ""expected_name_tokens"": ""accessible|authentication|enhanc|enhanced"", ""family"": ""wcag22_added"", ""has_code"": false, ""has_level"": false, ""has_name"": true, ""has_wcag21"": true, ""has_wcag22"": true, ""input_ok"": true, ""level"": ""AA"", ""matched_name_tokens"": ""accessible|authentication"", ""scope_ok"": false}, ""match"": false}]",7222,904,240,benchmark\external-real-v1\built\candidate-owls\EXT_E012\CAND_002.owl,1,1,True,CONSISTENT,485,True,True,True,,CAND_002,wcag22_added=3.3.9;level=AAA,True,True
EXT_E012,TEMPORAL_VERSION,5,20260824,GENERATED,SELECTED,CAND_002,wcag22_added=3.3.9;level=AAA,The requirement status is updated to include the new WCAG 2.2 success criterion 3.3.9 Accessible Authentication Enhanced at conformance level AAA.,unique semantic candidate match,"[{""candidate_id"": ""CAND_001"", ""display_value"": ""wcag21_status=not_present"", ""evidence"": {""family"": ""exact_fallback""}, ""match"": false}, {""candidate_id"": ""CAND_002"", ""display_value"": ""wcag22_added=3.3.9;level=AAA"", ""evidence"": {""change_ok"": true, ""code"": ""3.3.9"", ""expected_name_tokens"": ""accessible|authentication|enhanc|enhanced"", ""family"": ""wcag22_added"", ""has_code"": true, ""has_level"": true, ""has_name"": true, ""has_wcag21"": false, ""has_wcag22"": true, ""input_ok"": true, ""level"": ""AAA"", ""matched_name_tokens"": ""accessible|authentication|enhanc|enhanced"", ""scope_ok"": false}, ""match"": true}, {""candidate_id"": ""CAND_003"", ""display_value"": ""wcag22_added=3.3.9;level=AA"", ""evidence"": {""change_ok"": true, ""code"": ""3.3.9"", ""expected_name_tokens"": ""accessible|authentication|enhanc|enhanced"", ""family"": ""wcag22_added"", ""has_code"": true, ""has_level"": false, ""has_name"": true, ""has_wcag21"": false, ""has_wcag22"": true, ""input_ok"": true, ""level"": ""AA"", ""matched_name_tokens"": ""accessible|authentication|enhanc|enhanced"", ""scope_ok"": false}, ""match"": false}]",8101,904,243,benchmark\external-real-v1\built\candidate-owls\EXT_E012\CAND_002.owl,1,1,True,CONSISTENT,485,True,True,True,,CAND_002,wcag22_added=3.3.9;level=AAA,True,True
EXT_E013,CROSS_SENTENCE_SCOPE,1,20260820,GENERATED,SELECTED,CAND_002,wcag21_cross_scope=1.3.4;level=AA,The cross-reference requirement scope is resolved to WCAG success criterion 1.3.4 at conformance level AA.,unique semantic candidate match,"[{""candidate_id"": ""CAND_001"", ""display_value"": ""wcag20_status=not_present"", ""evidence"": {""family"": ""exact_fallback""}, ""match"": false}, {""candidate_id"": ""CAND_002"", ""display_value"": ""wcag21_cross_scope=1.3.4;level=AA"", ""evidence"": {""change_ok"": false, ""code"": ""1.3.4"", ""expected_name_tokens"": ""orientation"", ""family"": ""wcag21_cross_scope"", ""has_code"": true, ""has_level"": true, ""has_name"": false, ""has_wcag21"": false, ""has_wcag22"": false, ""input_ok"": true, ""level"": ""AA"", ""matched_name_tokens"": """", ""scope_ok"": true}, ""match"": true}, {""candidate_id"": ""CAND_003"", ""display_value"": ""wcag21_cross_scope=1.3.4;level=AAA"", ""evidence"": {""change_ok"": false, ""code"": ""1.3.4"", ""expected_name_tokens"": ""orientation"", ""family"": ""wcag21_cross_scope"", ""has_code"": true, ""has_level"": false, ""has_name"": false, ""has_wcag21"": false, ""has_wcag22"": false, ""input_ok"": true, ""level"": ""AAA"", ""matched_name_tokens"": """", ""scope_ok"": true}, ""match"": false}]",8351,889,294,benchmark\external-real-v1\built\candidate-owls\EXT_E013\CAND_002.owl,1,1,True,CONSISTENT,483,True,True,True,,CAND_002,wcag21_cross_scope=1.3.4;level=AA,True,True
EXT_E013,CROSS_SENTENCE_SCOPE,2,20260821,GENERATED,SELECTED,CAND_002,wcag21_cross_scope=1.3.4;level=AA,The cross-reference requirement scope is resolved to WCAG success criterion 1.3.4 at conformance level AA.,unique semantic candidate match,"[{""candidate_id"": ""CAND_001"", ""display_value"": ""wcag20_status=not_present"", ""evidence"": {""family"": ""exact_fallback""}, ""match"": false}, {""candidate_id"": ""CAND_002"", ""display_value"": ""wcag21_cross_scope=1.3.4;level=AA"", ""evidence"": {""change_ok"": false, ""code"": ""1.3.4"", ""expected_name_tokens"": ""orientation"", ""family"": ""wcag21_cross_scope"", ""has_code"": true, ""has_level"": true, ""has_name"": false, ""has_wcag21"": false, ""has_wcag22"": false, ""input_ok"": true, ""level"": ""AA"", ""matched_name_tokens"": """", ""scope_ok"": true}, ""match"": true}, {""candidate_id"": ""CAND_003"", ""display_value"": ""wcag21_cross_scope=1.3.4;level=AAA"", ""evidence"": {""change_ok"": false, ""code"": ""1.3.4"", ""expected_name_tokens"": ""orientation"", ""family"": ""wcag21_cross_scope"", ""has_code"": true, ""has_level"": false, ""has_name"": false, ""has_wcag21"": false, ""has_wcag22"": false, ""input_ok"": true, ""level"": ""AAA"", ""matched_name_tokens"": """", ""scope_ok"": true}, ""match"": false}]",10508,889,292,benchmark\external-real-v1\built\candidate-owls\EXT_E013\CAND_002.owl,1,1,True,CONSISTENT,483,True,True,True,,CAND_002,wcag21_cross_scope=1.3.4;level=AA,True,True
EXT_E013,CROSS_SENTENCE_SCOPE,3,20260822,GENERATED,SELECTED,CAND_002,wcag21_cross_scope=1.3.4;level=AA,The cross-reference requirement scope is resolved to: WCAG success criterion 1.3.4 with conformance level AA.,unique semantic candidate match,"[{""candidate_id"": ""CAND_001"", ""display_value"": ""wcag20_status=not_present"", ""evidence"": {""family"": ""exact_fallback""}, ""match"": false}, {""candidate_id"": ""CAND_002"", ""display_value"": ""wcag21_cross_scope=1.3.4;level=AA"", ""evidence"": {""change_ok"": false, ""code"": ""1.3.4"", ""expected_name_tokens"": ""orientation"", ""family"": ""wcag21_cross_scope"", ""has_code"": true, ""has_level"": true, ""has_name"": false, ""has_wcag21"": false, ""has_wcag22"": false, ""input_ok"": true, ""level"": ""AA"", ""matched_name_tokens"": """", ""scope_ok"": true}, ""match"": true}, {""candidate_id"": ""CAND_003"", ""display_value"": ""wcag21_cross_scope=1.3.4;level=AAA"", ""evidence"": {""change_ok"": false, ""code"": ""1.3.4"", ""expected_name_tokens"": ""orientation"", ""family"": ""wcag21_cross_scope"", ""has_code"": true, ""has_level"": false, ""has_name"": false, ""has_wcag21"": false, ""has_wcag22"": false, ""input_ok"": true, ""level"": ""AAA"", ""matched_name_tokens"": """", ""scope_ok"": true}, ""match"": false}]",9174,889,297,benchmark\external-real-v1\built\candidate-owls\EXT_E013\CAND_002.owl,1,1,True,CONSISTENT,483,True,True,True,,CAND_002,wcag21_cross_scope=1.3.4;level=AA,True,True
EXT_E013,CROSS_SENTENCE_SCOPE,4,20260823,GENERATED,ABSTAIN,,,The cross-reference requirement scope is resolved to preserve the criterion identifier '1.3.4' and conformance level 'AA'.,no candidate value matched auto semantic_result,"[{""candidate_id"": ""CAND_001"", ""display_value"": ""wcag20_status=not_present"", ""evidence"": {""family"": ""exact_fallback""}, ""match"": false}, {""candidate_id"": ""CAND_002"", ""display_value"": ""wcag21_cross_scope=1.3.4;level=AA"", ""evidence"": {""change_ok"": false, ""code"": ""1.3.4"", ""expected_name_tokens"": ""orientation"", ""family"": ""wcag21_cross_scope"", ""has_code"": true, ""has_level"": true, ""has_name"": false, ""has_wcag21"": false, ""has_wcag22"": false, ""input_ok"": true, ""level"": ""AA"", ""matched_name_tokens"": """", ""scope_ok"": true}, ""match"": false}, {""candidate_id"": ""CAND_003"", ""display_value"": ""wcag21_cross_scope=1.3.4;level=AAA"", ""evidence"": {""change_ok"": false, ""code"": ""1.3.4"", ""expected_name_tokens"": ""orientation"", ""family"": ""wcag21_cross_scope"", ""has_code"": true, ""has_level"": false, ""has_name"": false, ""has_wcag21"": false, ""has_wcag22"": false, ""input_ok"": true, ""level"": ""AAA"", ""matched_name_tokens"": """", ""scope_ok"": true}, ""match"": false}]",7853,889,297,,,,,,,,,,,CAND_002,wcag21_cross_scope=1.3.4;level=AA,False,False
EXT_E013,CROSS_SENTENCE_SCOPE,5,20260824,GENERATED,SELECTED,CAND_002,wcag21_cross_scope=1.3.4;level=AA,The semantic result for the cross-reference requirement scope is: WCAG success criterion 1.3.4 with conformance level AA.,unique semantic candidate match,"[{""candidate_id"": ""CAND_001"", ""display_value"": ""wcag20_status=not_present"", ""evidence"": {""family"": ""exact_fallback""}, ""match"": false}, {""candidate_id"": ""CAND_002"", ""display_value"": ""wcag21_cross_scope=1.3.4;level=AA"", ""evidence"": {""change_ok"": false, ""code"": ""1.3.4"", ""expected_name_tokens"": ""orientation"", ""family"": ""wcag21_cross_scope"", ""has_code"": true, ""has_level"": true, ""has_name"": false, ""has_wcag21"": false, ""has_wcag22"": false, ""input_ok"": true, ""level"": ""AA"", ""matched_name_tokens"": """", ""scope_ok"": true}, ""match"": true}, {""candidate_id"": ""CAND_003"", ""display_value"": ""wcag21_cross_scope=1.3.4;level=AAA"", ""evidence"": {""change_ok"": false, ""code"": ""1.3.4"", ""expected_name_tokens"": ""orientation"", ""family"": ""wcag21_cross_scope"", ""has_code"": true, ""has_level"": false, ""has_name"": false, ""has_wcag21"": false, ""has_wcag22"": false, ""input_ok"": true, ""level"": ""AAA"", ""matched_name_tokens"": """", ""scope_ok"": true}, ""match"": false}]",10060,889,304,benchmark\external-real-v1\built\candidate-owls\EXT_E013\CAND_002.owl,1,1,True,CONSISTENT,483,True,True,True,,CAND_002,wcag21_cross_scope=1.3.4;level=AA,True,True
EXT_E014,CROSS_SENTENCE_SCOPE,1,20260820,GENERATED,SELECTED,CAND_002,wcag21_cross_scope=1.3.5;level=AA,The cross-reference requirement scope is resolved to: WCAG success criterion 1.3.5 with conformance level AA.,unique semantic candidate match,"[{""candidate_id"": ""CAND_001"", ""display_value"": ""wcag20_status=not_present"", ""evidence"": {""family"": ""exact_fallback""}, ""match"": false}, {""candidate_id"": ""CAND_002"", ""display_value"": ""wcag21_cross_scope=1.3.5;level=AA"", ""evidence"": {""change_ok"": false, ""code"": ""1.3.5"", ""expected_name_tokens"": ""identify|input|purpose"", ""family"": ""wcag21_cross_scope"", ""has_code"": true, ""has_level"": true, ""has_name"": false, ""has_wcag21"": false, ""has_wcag22"": false, ""input_ok"": true, ""level"": ""AA"", ""matched_name_tokens"": """", ""scope_ok"": true}, ""match"": true}, {""candidate_id"": ""CAND_003"", ""display_value"": ""wcag21_cross_scope=1.3.5;level=AAA"", ""evidence"": {""change_ok"": false, ""code"": ""1.3.5"", ""expected_name_tokens"": ""identify|input|purpose"", ""family"": ""wcag21_cross_scope"", ""has_code"": true, ""has_level"": false, ""has_name"": false, ""has_wcag21"": false, ""has_wcag22"": false, ""input_ok"": true, ""level"": ""AAA"", ""matched_name_tokens"": """", ""scope_ok"": true}, ""match"": false}]",8799,893,300,benchmark\external-real-v1\built\candidate-owls\EXT_E014\CAND_002.owl,1,1,True,CONSISTENT,479,True,True,True,,CAND_002,wcag21_cross_scope=1.3.5;level=AA,True,True
EXT_E014,CROSS_SENTENCE_SCOPE,2,20260821,GENERATED,SELECTED,CAND_002,wcag21_cross_scope=1.3.5;level=AA,The cross-reference requirement scope is resolved to: WCAG success criterion 1.3.5 at conformance level AA.,unique semantic candidate match,"[{""candidate_id"": ""CAND_001"", ""display_value"": ""wcag20_status=not_present"", ""evidence"": {""family"": ""exact_fallback""}, ""match"": false}, {""candidate_id"": ""CAND_002"", ""display_value"": ""wcag21_cross_scope=1.3.5;level=AA"", ""evidence"": {""change_ok"": false, ""code"": ""1.3.5"", ""expected_name_tokens"": ""identify|input|purpose"", ""family"": ""wcag21_cross_scope"", ""has_code"": true, ""has_level"": true, ""has_name"": false, ""has_wcag21"": false, ""has_wcag22"": false, ""input_ok"": true, ""level"": ""AA"", ""matched_name_tokens"": """", ""scope_ok"": true}, ""match"": true}, {""candidate_id"": ""CAND_003"", ""display_value"": ""wcag21_cross_scope=1.3.5;level=AAA"", ""evidence"": {""change_ok"": false, ""code"": ""1.3.5"", ""expected_name_tokens"": ""identify|input|purpose"", ""family"": ""wcag21_cross_scope"", ""has_code"": true, ""has_level"": false, ""has_name"": false, ""has_wcag21"": false, ""has_wcag22"": false, ""input_ok"": true, ""level"": ""AAA"", ""matched_name_tokens"": """", ""scope_ok"": true}, ""match"": false}]",10163,893,295,benchmark\external-real-v1\built\candidate-owls\EXT_E014\CAND_002.owl,1,1,True,CONSISTENT,479,True,True,True,,CAND_002,wcag21_cross_scope=1.3.5;level=AA,True,True
EXT_E014,CROSS_SENTENCE_SCOPE,3,20260822,GENERATED,SELECTED,CAND_002,wcag21_cross_scope=1.3.5;level=AA,The cross-reference scope for WCAG 2.1 addition 1.3.5 requires preserving the criterion identifier '1.3.5' and conformance level 'AA'.,unique semantic candidate match,"[{""candidate_id"": ""CAND_001"", ""display_value"": ""wcag20_status=not_present"", ""evidence"": {""family"": ""exact_fallback""}, ""match"": false}, {""candidate_id"": ""CAND_002"", ""display_value"": ""wcag21_cross_scope=1.3.5;level=AA"", ""evidence"": {""change_ok"": true, ""code"": ""1.3.5"", ""expected_name_tokens"": ""identify|input|purpose"", ""family"": ""wcag21_cross_scope"", ""has_code"": true, ""has_level"": true, ""has_name"": false, ""has_wcag21"": true, ""has_wcag22"": false, ""input_ok"": false, ""level"": ""AA"", ""matched_name_tokens"": """", ""scope_ok"": true}, ""match"": true}, {""candidate_id"": ""CAND_003"", ""display_value"": ""wcag21_cross_scope=1.3.5;level=AAA"", ""evidence"": {""change_ok"": true, ""code"": ""1.3.5"", ""expected_name_tokens"": ""identify|input|purpose"", ""family"": ""wcag21_cross_scope"", ""has_code"": true, ""has_level"": false, ""has_name"": false, ""has_wcag21"": true, ""has_wcag22"": false, ""input_ok"": false, ""level"": ""AAA"", ""matched_name_tokens"": """", ""scope_ok"": true}, ""match"": false}]",8464,893,292,benchmark\external-real-v1\built\candidate-owls\EXT_E014\CAND_002.owl,1,1,True,CONSISTENT,479,True,True,True,,CAND_002,wcag21_cross_scope=1.3.5;level=AA,True,True
EXT_E014,CROSS_SENTENCE_SCOPE,4,20260823,GENERATED,SELECTED,CAND_002,wcag21_cross_scope=1.3.5;level=AA,The scope of the cross-reference requirement is defined as applying to WCAG success criterion 1.3.5 at conformance level AA.,unique semantic candidate match,"[{""candidate_id"": ""CAND_001"", ""display_value"": ""wcag20_status=not_present"", ""evidence"": {""family"": ""exact_fallback""}, ""match"": false}, {""candidate_id"": ""CAND_002"", ""display_value"": ""wcag21_cross_scope=1.3.5;level=AA"", ""evidence"": {""change_ok"": false, ""code"": ""1.3.5"", ""expected_name_tokens"": ""identify|input|purpose"", ""family"": ""wcag21_cross_scope"", ""has_code"": true, ""has_level"": true, ""has_name"": false, ""has_wcag21"": false, ""has_wcag22"": false, ""input_ok"": true, ""level"": ""AA"", ""matched_name_tokens"": """", ""scope_ok"": true}, ""match"": true}, {""candidate_id"": ""CAND_003"", ""display_value"": ""wcag21_cross_scope=1.3.5;level=AAA"", ""evidence"": {""change_ok"": false, ""code"": ""1.3.5"", ""expected_name_tokens"": ""identify|input|purpose"", ""family"": ""wcag21_cross_scope"", ""has_code"": true, ""has_level"": false, ""has_name"": false, ""has_wcag21"": false, ""has_wcag22"": false, ""input_ok"": true, ""level"": ""AAA"", ""matched_name_tokens"": """", ""scope_ok"": true}, ""match"": false}]",8162,893,256,benchmark\external-real-v1\built\candidate-owls\EXT_E014\CAND_002.owl,1,1,True,CONSISTENT,479,True,True,True,,CAND_002,wcag21_cross_scope=1.3.5;level=AA,True,True
EXT_E014,CROSS_SENTENCE_SCOPE,5,20260824,GENERATED,ABSTAIN,,,conformance_level equals AA,no candidate value matched auto semantic_result,"[{""candidate_id"": ""CAND_001"", ""display_value"": ""wcag20_status=not_present"", ""evidence"": {""family"": ""exact_fallback""}, ""match"": false}, {""candidate_id"": ""CAND_002"", ""display_value"": ""wcag21_cross_scope=1.3.5;level=AA"", ""evidence"": {""change_ok"": false, ""code"": ""1.3.5"", ""expected_name_tokens"": ""identify|input|purpose"", ""family"": ""wcag21_cross_scope"", ""has_code"": false, ""has_level"": true, ""has_name"": false, ""has_wcag21"": false, ""has_wcag22"": false, ""input_ok"": false, ""level"": ""AA"", ""matched_name_tokens"": """", ""scope_ok"": false}, ""match"": false}, {""candidate_id"": ""CAND_003"", ""display_value"": ""wcag21_cross_scope=1.3.5;level=AAA"", ""evidence"": {""change_ok"": false, ""code"": ""1.3.5"", ""expected_name_tokens"": ""identify|input|purpose"", ""family"": ""wcag21_cross_scope"", ""has_code"": false, ""has_level"": false, ""has_name"": false, ""has_wcag21"": false, ""has_wcag22"": false, ""input_ok"": false, ""level"": ""AAA"", ""matched_name_tokens"": """", ""scope_ok"": false}, ""match"": false}]",9489,893,267,,,,,,,,,,,CAND_002,wcag21_cross_scope=1.3.5;level=AA,False,False
EXT_E015,CROSS_SENTENCE_SCOPE,1,20260820,GENERATED,SELECTED,CAND_002,wcag21_cross_scope=1.3.6;level=AAA,The semantic result is that the cross-reference requirement scope for WCAG 2.1 addition 1.3.6 Identify Purpose must preserve the criterion identifier '1.3.6' and assign the conformance level 'AAA'.,unique semantic candidate match,"[{""candidate_id"": ""CAND_001"", ""display_value"": ""wcag20_status=not_present"", ""evidence"": {""family"": ""exact_fallback""}, ""match"": false}, {""candidate_id"": ""CAND_002"", ""display_value"": ""wcag21_cross_scope=1.3.6;level=AAA"", ""evidence"": {""change_ok"": true, ""code"": ""1.3.6"", ""expected_name_tokens"": ""identify|purpose"", ""family"": ""wcag21_cross_scope"", ""has_code"": true, ""has_level"": true, ""has_name"": true, ""has_wcag21"": true, ""has_wcag22"": false, ""input_ok"": true, ""level"": ""AAA"", ""matched_name_tokens"": ""identify|purpose"", ""scope_ok"": true}, ""match"": true}, {""candidate_id"": ""CAND_003"", ""display_value"": ""wcag21_cross_scope=1.3.6;level=AA"", ""evidence"": {""change_ok"": true, ""code"": ""1.3.6"", ""expected_name_tokens"": ""identify|purpose"", ""family"": ""wcag21_cross_scope"", ""has_code"": true, ""has_level"": false, ""has_name"": true, ""has_wcag21"": true, ""has_wcag22"": false, ""input_ok"": true, ""level"": ""AA"", ""matched_name_tokens"": ""identify|purpose"", ""scope_ok"": true}, ""match"": false}]",9541,891,331,benchmark\external-real-v1\built\candidate-owls\EXT_E015\CAND_002.owl,1,1,True,CONSISTENT,470,True,True,True,,CAND_002,wcag21_cross_scope=1.3.6;level=AAA,True,True
EXT_E015,CROSS_SENTENCE_SCOPE,2,20260821,GENERATED,SELECTED,CAND_002,wcag21_cross_scope=1.3.6;level=AAA,The cross-reference requirement scope is resolved to: WCAG success criterion 1.3.6 with conformance level AAA.,unique semantic candidate match,"[{""candidate_id"": ""CAND_001"", ""display_value"": ""wcag20_status=not_present"", ""evidence"": {""family"": ""exact_fallback""}, ""match"": false}, {""candidate_id"": ""CAND_002"", ""display_value"": ""wcag21_cross_scope=1.3.6;level=AAA"", ""evidence"": {""change_ok"": false, ""code"": ""1.3.6"", ""expected_name_tokens"": ""identify|purpose"", ""family"": ""wcag21_cross_scope"", ""has_code"": true, ""has_level"": true, ""has_name"": false, ""has_wcag21"": false, ""has_wcag22"": false, ""input_ok"": true, ""level"": ""AAA"", ""matched_name_tokens"": """", ""scope_ok"": true}, ""match"": true}, {""candidate_id"": ""CAND_003"", ""display_value"": ""wcag21_cross_scope=1.3.6;level=AA"", ""evidence"": {""change_ok"": false, ""code"": ""1.3.6"", ""expected_name_tokens"": ""identify|purpose"", ""family"": ""wcag21_cross_scope"", ""has_code"": true, ""has_level"": false, ""has_name"": false, ""has_wcag21"": false, ""has_wcag22"": false, ""input_ok"": true, ""level"": ""AA"", ""matched_name_tokens"": """", ""scope_ok"": true}, ""match"": false}]",9013,891,298,benchmark\external-real-v1\built\candidate-owls\EXT_E015\CAND_002.owl,1,1,True,CONSISTENT,470,True,True,True,,CAND_002,wcag21_cross_scope=1.3.6;level=AAA,True,True
EXT_E015,CROSS_SENTENCE_SCOPE,3,20260822,GENERATED,SELECTED,CAND_002,wcag21_cross_scope=1.3.6;level=AAA,The cross-reference requirement scope is resolved to: WCAG success criterion 1.3.6 at conformance level AAA.,unique semantic candidate match,"[{""candidate_id"": ""CAND_001"", ""display_value"": ""wcag20_status=not_present"", ""evidence"": {""family"": ""exact_fallback""}, ""match"": false}, {""candidate_id"": ""CAND_002"", ""display_value"": ""wcag21_cross_scope=1.3.6;level=AAA"", ""evidence"": {""change_ok"": false, ""code"": ""1.3.6"", ""expected_name_tokens"": ""identify|purpose"", ""family"": ""wcag21_cross_scope"", ""has_code"": true, ""has_level"": true, ""has_name"": false, ""has_wcag21"": false, ""has_wcag22"": false, ""input_ok"": true, ""level"": ""AAA"", ""matched_name_tokens"": """", ""scope_ok"": true}, ""match"": true}, {""candidate_id"": ""CAND_003"", ""display_value"": ""wcag21_cross_scope=1.3.6;level=AA"", ""evidence"": {""change_ok"": false, ""code"": ""1.3.6"", ""expected_name_tokens"": ""identify|purpose"", ""family"": ""wcag21_cross_scope"", ""has_code"": true, ""has_level"": false, ""has_name"": false, ""has_wcag21"": false, ""has_wcag22"": false, ""input_ok"": true, ""level"": ""AA"", ""matched_name_tokens"": """", ""scope_ok"": true}, ""match"": false}]",9489,891,294,benchmark\external-real-v1\built\candidate-owls\EXT_E015\CAND_002.owl,1,1,True,CONSISTENT,470,True,True,True,,CAND_002,wcag21_cross_scope=1.3.6;level=AAA,True,True
EXT_E015,CROSS_SENTENCE_SCOPE,4,20260823,GENERATED,ABSTAIN,,,conformance_level equals AAA,no candidate value matched auto semantic_result,"[{""candidate_id"": ""CAND_001"", ""display_value"": ""wcag20_status=not_present"", ""evidence"": {""family"": ""exact_fallback""}, ""match"": false}, {""candidate_id"": ""CAND_002"", ""display_value"": ""wcag21_cross_scope=1.3.6;level=AAA"", ""evidence"": {""change_ok"": false, ""code"": ""1.3.6"", ""expected_name_tokens"": ""identify|purpose"", ""family"": ""wcag21_cross_scope"", ""has_code"": false, ""has_level"": true, ""has_name"": false, ""has_wcag21"": false, ""has_wcag22"": false, ""input_ok"": false, ""level"": ""AAA"", ""matched_name_tokens"": """", ""scope_ok"": false}, ""match"": false}, {""candidate_id"": ""CAND_003"", ""display_value"": ""wcag21_cross_scope=1.3.6;level=AA"", ""evidence"": {""change_ok"": false, ""code"": ""1.3.6"", ""expected_name_tokens"": ""identify|purpose"", ""family"": ""wcag21_cross_scope"", ""has_code"": false, ""has_level"": false, ""has_name"": false, ""has_wcag21"": false, ""has_wcag22"": false, ""input_ok"": false, ""level"": ""AA"", ""matched_name_tokens"": """", ""scope_ok"": false}, ""match"": false}]",10710,891,266,,,,,,,,,,,CAND_002,wcag21_cross_scope=1.3.6;level=AAA,False,False
EXT_E015,CROSS_SENTENCE_SCOPE,5,20260824,GENERATED,SELECTED,CAND_002,wcag21_cross_scope=1.3.6;level=AAA,The cross-reference requirement scope is resolved to: WCAG success criterion 1.3.6 at conformance level AAA.,unique semantic candidate match,"[{""candidate_id"": ""CAND_001"", ""display_value"": ""wcag20_status=not_present"", ""evidence"": {""family"": ""exact_fallback""}, ""match"": false}, {""candidate_id"": ""CAND_002"", ""display_value"": ""wcag21_cross_scope=1.3.6;level=AAA"", ""evidence"": {""change_ok"": false, ""code"": ""1.3.6"", ""expected_name_tokens"": ""identify|purpose"", ""family"": ""wcag21_cross_scope"", ""has_code"": true, ""has_level"": true, ""has_name"": false, ""has_wcag21"": false, ""has_wcag22"": false, ""input_ok"": true, ""level"": ""AAA"", ""matched_name_tokens"": """", ""scope_ok"": true}, ""match"": true}, {""candidate_id"": ""CAND_003"", ""display_value"": ""wcag21_cross_scope=1.3.6;level=AA"", ""evidence"": {""change_ok"": false, ""code"": ""1.3.6"", ""expected_name_tokens"": ""identify|purpose"", ""family"": ""wcag21_cross_scope"", ""has_code"": true, ""has_level"": false, ""has_name"": false, ""has_wcag21"": false, ""has_wcag22"": false, ""input_ok"": true, ""level"": ""AA"", ""matched_name_tokens"": """", ""scope_ok"": true}, ""match"": false}]",9027,891,291,benchmark\external-real-v1\built\candidate-owls\EXT_E015\CAND_002.owl,1,1,True,CONSISTENT,470,True,True,True,,CAND_002,wcag21_cross_scope=1.3.6;level=AAA,True,True
EXT_E016,CROSS_SENTENCE_SCOPE,1,20260820,GENERATED,SELECTED,CAND_002,wcag21_cross_scope=1.4.10;level=AA,The cross-reference requirement scope for WCAG success criterion 1.4.10 is defined as conformance level AA.,unique semantic candidate match,"[{""candidate_id"": ""CAND_001"", ""display_value"": ""wcag20_status=not_present"", ""evidence"": {""family"": ""exact_fallback""}, ""match"": false}, {""candidate_id"": ""CAND_002"", ""display_value"": ""wcag21_cross_scope=1.4.10;level=AA"", ""evidence"": {""change_ok"": false, ""code"": ""1.4.10"", ""expected_name_tokens"": ""reflow"", ""family"": ""wcag21_cross_scope"", ""has_code"": true, ""has_level"": true, ""has_name"": false, ""has_wcag21"": false, ""has_wcag22"": false, ""input_ok"": true, ""level"": ""AA"", ""matched_name_tokens"": """", ""scope_ok"": true}, ""match"": true}, {""candidate_id"": ""CAND_003"", ""display_value"": ""wcag21_cross_scope=1.4.10;level=AAA"", ""evidence"": {""change_ok"": false, ""code"": ""1.4.10"", ""expected_name_tokens"": ""reflow"", ""family"": ""wcag21_cross_scope"", ""has_code"": true, ""has_level"": false, ""has_name"": false, ""has_wcag21"": false, ""has_wcag22"": false, ""input_ok"": true, ""level"": ""AAA"", ""matched_name_tokens"": """", ""scope_ok"": true}, ""match"": false}]",8532,896,292,benchmark\external-real-v1\built\candidate-owls\EXT_E016\CAND_002.owl,1,1,True,CONSISTENT,476,True,True,True,,CAND_002,wcag21_cross_scope=1.4.10;level=AA,True,True
EXT_E016,CROSS_SENTENCE_SCOPE,2,20260821,GENERATED,SELECTED,CAND_002,wcag21_cross_scope=1.4.10;level=AA,The cross-reference requirement scope for WCAG success criterion 1.4.10 is defined as conformance level AA.,unique semantic candidate match,"[{""candidate_id"": ""CAND_001"", ""display_value"": ""wcag20_status=not_present"", ""evidence"": {""family"": ""exact_fallback""}, ""match"": false}, {""candidate_id"": ""CAND_002"", ""display_value"": ""wcag21_cross_scope=1.4.10;level=AA"", ""evidence"": {""change_ok"": false, ""code"": ""1.4.10"", ""expected_name_tokens"": ""reflow"", ""family"": ""wcag21_cross_scope"", ""has_code"": true, ""has_level"": true, ""has_name"": false, ""has_wcag21"": false, ""has_wcag22"": false, ""input_ok"": true, ""level"": ""AA"", ""matched_name_tokens"": """", ""scope_ok"": true}, ""match"": true}, {""candidate_id"": ""CAND_003"", ""display_value"": ""wcag21_cross_scope=1.4.10;level=AAA"", ""evidence"": {""change_ok"": false, ""code"": ""1.4.10"", ""expected_name_tokens"": ""reflow"", ""family"": ""wcag21_cross_scope"", ""has_code"": true, ""has_level"": false, ""has_name"": false, ""has_wcag21"": false, ""has_wcag22"": false, ""input_ok"": true, ""level"": ""AAA"", ""matched_name_tokens"": """", ""scope_ok"": true}, ""match"": false}]",9838,896,292,benchmark\external-real-v1\built\candidate-owls\EXT_E016\CAND_002.owl,1,1,True,CONSISTENT,476,True,True,True,,CAND_002,wcag21_cross_scope=1.4.10;level=AA,True,True
EXT_E016,CROSS_SENTENCE_SCOPE,3,20260822,GENERATED,SELECTED,CAND_002,wcag21_cross_scope=1.4.10;level=AA,"The cross-reference requirement scope for WCAG 2.1 addition 1.4.10 is established as a new success criterion at level AA, preserving the identifier '1.4.10' and conformance level 'AA'.",unique semantic candidate match,"[{""candidate_id"": ""CAND_001"", ""display_value"": ""wcag20_status=not_present"", ""evidence"": {""family"": ""exact_fallback""}, ""match"": false}, {""candidate_id"": ""CAND_002"", ""display_value"": ""wcag21_cross_scope=1.4.10;level=AA"", ""evidence"": {""change_ok"": true, ""code"": ""1.4.10"", ""expected_name_tokens"": ""reflow"", ""family"": ""wcag21_cross_scope"", ""has_code"": true, ""has_level"": true, ""has_name"": false, ""has_wcag21"": true, ""has_wcag22"": false, ""input_ok"": true, ""level"": ""AA"", ""matched_name_tokens"": """", ""scope_ok"": true}, ""match"": true}, {""candidate_id"": ""CAND_003"", ""display_value"": ""wcag21_cross_scope=1.4.10;level=AAA"", ""evidence"": {""change_ok"": true, ""code"": ""1.4.10"", ""expected_name_tokens"": ""reflow"", ""family"": ""wcag21_cross_scope"", ""has_code"": true, ""has_level"": false, ""has_name"": false, ""has_wcag21"": true, ""has_wcag22"": false, ""input_ok"": true, ""level"": ""AAA"", ""matched_name_tokens"": """", ""scope_ok"": true}, ""match"": false}]",12718,896,381,benchmark\external-real-v1\built\candidate-owls\EXT_E016\CAND_002.owl,1,1,True,CONSISTENT,476,True,True,True,,CAND_002,wcag21_cross_scope=1.4.10;level=AA,True,True
EXT_E016,CROSS_SENTENCE_SCOPE,4,20260823,GENERATED,ABSTAIN,,,conformance_level equals AA,no candidate value matched auto semantic_result,"[{""candidate_id"": ""CAND_001"", ""display_value"": ""wcag20_status=not_present"", ""evidence"": {""family"": ""exact_fallback""}, ""match"": false}, {""candidate_id"": ""CAND_002"", ""display_value"": ""wcag21_cross_scope=1.4.10;level=AA"", ""evidence"": {""change_ok"": false, ""code"": ""1.4.10"", ""expected_name_tokens"": ""reflow"", ""family"": ""wcag21_cross_scope"", ""has_code"": false, ""has_level"": true, ""has_name"": false, ""has_wcag21"": false, ""has_wcag22"": false, ""input_ok"": false, ""level"": ""AA"", ""matched_name_tokens"": """", ""scope_ok"": false}, ""match"": false}, {""candidate_id"": ""CAND_003"", ""display_value"": ""wcag21_cross_scope=1.4.10;level=AAA"", ""evidence"": {""change_ok"": false, ""code"": ""1.4.10"", ""expected_name_tokens"": ""reflow"", ""family"": ""wcag21_cross_scope"", ""has_code"": false, ""has_level"": false, ""has_name"": false, ""has_wcag21"": false, ""has_wcag22"": false, ""input_ok"": false, ""level"": ""AAA"", ""matched_name_tokens"": """", ""scope_ok"": false}, ""match"": false}]",9188,896,274,,,,,,,,,,,CAND_002,wcag21_cross_scope=1.4.10;level=AA,False,False
EXT_E016,CROSS_SENTENCE_SCOPE,5,20260824,GENERATED,SELECTED,CAND_002,wcag21_cross_scope=1.4.10;level=AA,The cross-reference requirement scope for WCAG success criterion 1.4.10 is resolved to conformance level AA.,unique semantic candidate match,"[{""candidate_id"": ""CAND_001"", ""display_value"": ""wcag20_status=not_present"", ""evidence"": {""family"": ""exact_fallback""}, ""match"": false}, {""candidate_id"": ""CAND_002"", ""display_value"": ""wcag21_cross_scope=1.4.10;level=AA"", ""evidence"": {""change_ok"": false, ""code"": ""1.4.10"", ""expected_name_tokens"": ""reflow"", ""family"": ""wcag21_cross_scope"", ""has_code"": true, ""has_level"": true, ""has_name"": false, ""has_wcag21"": false, ""has_wcag22"": false, ""input_ok"": true, ""level"": ""AA"", ""matched_name_tokens"": """", ""scope_ok"": true}, ""match"": true}, {""candidate_id"": ""CAND_003"", ""display_value"": ""wcag21_cross_scope=1.4.10;level=AAA"", ""evidence"": {""change_ok"": false, ""code"": ""1.4.10"", ""expected_name_tokens"": ""reflow"", ""family"": ""wcag21_cross_scope"", ""has_code"": true, ""has_level"": false, ""has_name"": false, ""has_wcag21"": false, ""has_wcag22"": false, ""input_ok"": true, ""level"": ""AAA"", ""matched_name_tokens"": """", ""scope_ok"": true}, ""match"": false}]",9755,896,292,benchmark\external-real-v1\built\candidate-owls\EXT_E016\CAND_002.owl,1,1,True,CONSISTENT,476,True,True,True,,CAND_002,wcag21_cross_scope=1.4.10;level=AA,True,True
EXT_E017,CROSS_SENTENCE_SCOPE,1,20260820,GENERATED,SELECTED,CAND_002,wcag21_cross_scope=1.4.11;level=AA,"The cross-reference requirement scope for WCAG success criterion 1.4.11 is defined as Non-text Contrast at conformance level AA, ensuring the preservation of the criterion identifier and conformance level.",unique semantic candidate match,"[{""candidate_id"": ""CAND_001"", ""display_value"": ""wcag20_status=not_present"", ""evidence"": {""family"": ""exact_fallback""}, ""match"": false}, {""candidate_id"": ""CAND_002"", ""display_value"": ""wcag21_cross_scope=1.4.11;level=AA"", ""evidence"": {""change_ok"": false, ""code"": ""1.4.11"", ""expected_name_tokens"": ""contrast|non|text"", ""family"": ""wcag21_cross_scope"", ""has_code"": true, ""has_level"": true, ""has_name"": true, ""has_wcag21"": false, ""has_wcag22"": false, ""input_ok"": true, ""level"": ""AA"", ""matched_name_tokens"": ""contrast|non|text"", ""scope_ok"": true}, ""match"": true}, {""candidate_id"": ""CAND_003"", ""display_value"": ""wcag21_cross_scope=1.4.11;level=AAA"", ""evidence"": {""change_ok"": false, ""code"": ""1.4.11"", ""expected_name_tokens"": ""contrast|non|text"", ""family"": ""wcag21_cross_scope"", ""has_code"": true, ""has_level"": false, ""has_name"": true, ""has_wcag21"": false, ""has_wcag22"": false, ""input_ok"": true, ""level"": ""AAA"", ""matched_name_tokens"": ""contrast|non|text"", ""scope_ok"": true}, ""match"": false}]",9301,898,325,benchmark\external-real-v1\built\candidate-owls\EXT_E017\CAND_002.owl,1,1,True,CONSISTENT,482,True,True,True,,CAND_002,wcag21_cross_scope=1.4.11;level=AA,True,True
EXT_E017,CROSS_SENTENCE_SCOPE,2,20260821,GENERATED,SELECTED,CAND_002,wcag21_cross_scope=1.4.11;level=AA,The cross-reference requirement scope for WCAG success criterion 1.4.11 is resolved to conformance level AA.,unique semantic candidate match,"[{""candidate_id"": ""CAND_001"", ""display_value"": ""wcag20_status=not_present"", ""evidence"": {""family"": ""exact_fallback""}, ""match"": false}, {""candidate_id"": ""CAND_002"", ""display_value"": ""wcag21_cross_scope=1.4.11;level=AA"", ""evidence"": {""change_ok"": false, ""code"": ""1.4.11"", ""expected_name_tokens"": ""contrast|non|text"", ""family"": ""wcag21_cross_scope"", ""has_code"": true, ""has_level"": true, ""has_name"": false, ""has_wcag21"": false, ""has_wcag22"": false, ""input_ok"": true, ""level"": ""AA"", ""matched_name_tokens"": """", ""scope_ok"": true}, ""match"": true}, {""candidate_id"": ""CAND_003"", ""display_value"": ""wcag21_cross_scope=1.4.11;level=AAA"", ""evidence"": {""change_ok"": false, ""code"": ""1.4.11"", ""expected_name_tokens"": ""contrast|non|text"", ""family"": ""wcag21_cross_scope"", ""has_code"": true, ""has_level"": false, ""has_name"": false, ""has_wcag21"": false, ""has_wcag22"": false, ""input_ok"": true, ""level"": ""AAA"", ""matched_name_tokens"": """", ""scope_ok"": true}, ""match"": false}]",10865,898,295,benchmark\external-real-v1\built\candidate-owls\EXT_E017\CAND_002.owl,1,1,True,CONSISTENT,482,True,True,True,,CAND_002,wcag21_cross_scope=1.4.11;level=AA,True,True
EXT_E017,CROSS_SENTENCE_SCOPE,3,20260822,GENERATED,SELECTED,CAND_002,wcag21_cross_scope=1.4.11;level=AA,"The cross-reference requirement scope for WCAG success criterion 1.4.11 is defined as Non-text Contrast at conformance level AA, ensuring the preservation of the criterion identifier and conformance level in the target value.",unique semantic candidate match,"[{""candidate_id"": ""CAND_001"", ""display_value"": ""wcag20_status=not_present"", ""evidence"": {""family"": ""exact_fallback""}, ""match"": false}, {""candidate_id"": ""CAND_002"", ""display_value"": ""wcag21_cross_scope=1.4.11;level=AA"", ""evidence"": {""change_ok"": false, ""code"": ""1.4.11"", ""expected_name_tokens"": ""contrast|non|text"", ""family"": ""wcag21_cross_scope"", ""has_code"": true, ""has_level"": true, ""has_name"": true, ""has_wcag21"": false, ""has_wcag22"": false, ""input_ok"": true, ""level"": ""AA"", ""matched_name_tokens"": ""contrast|non|text"", ""scope_ok"": true}, ""match"": true}, {""candidate_id"": ""CAND_003"", ""display_value"": ""wcag21_cross_scope=1.4.11;level=AAA"", ""evidence"": {""change_ok"": false, ""code"": ""1.4.11"", ""expected_name_tokens"": ""contrast|non|text"", ""family"": ""wcag21_cross_scope"", ""has_code"": true, ""has_level"": false, ""has_name"": true, ""has_wcag21"": false, ""has_wcag22"": false, ""input_ok"": true, ""level"": ""AAA"", ""matched_name_tokens"": ""contrast|non|text"", ""scope_ok"": true}, ""match"": false}]",10975,898,327,benchmark\external-real-v1\built\candidate-owls\EXT_E017\CAND_002.owl,1,1,True,CONSISTENT,482,True,True,True,,CAND_002,wcag21_cross_scope=1.4.11;level=AA,True,True
EXT_E017,CROSS_SENTENCE_SCOPE,4,20260823,GENERATED,ABSTAIN,,,"equals(WCAG success criterion 1.4.11, ""Non-text Contrast"") AND equals(conformance level, ""AA"")",no candidate value matched auto semantic_result,"[{""candidate_id"": ""CAND_001"", ""display_value"": ""wcag20_status=not_present"", ""evidence"": {""family"": ""exact_fallback""}, ""match"": false}, {""candidate_id"": ""CAND_002"", ""display_value"": ""wcag21_cross_scope=1.4.11;level=AA"", ""evidence"": {""change_ok"": false, ""code"": ""1.4.11"", ""expected_name_tokens"": ""contrast|non|text"", ""family"": ""wcag21_cross_scope"", ""has_code"": true, ""has_level"": true, ""has_name"": true, ""has_wcag21"": false, ""has_wcag22"": false, ""input_ok"": false, ""level"": ""AA"", ""matched_name_tokens"": ""contrast|non|text"", ""scope_ok"": false}, ""match"": false}, {""candidate_id"": ""CAND_003"", ""display_value"": ""wcag21_cross_scope=1.4.11;level=AAA"", ""evidence"": {""change_ok"": false, ""code"": ""1.4.11"", ""expected_name_tokens"": ""contrast|non|text"", ""family"": ""wcag21_cross_scope"", ""has_code"": true, ""has_level"": false, ""has_name"": true, ""has_wcag21"": false, ""has_wcag22"": false, ""input_ok"": false, ""level"": ""AAA"", ""matched_name_tokens"": ""contrast|non|text"", ""scope_ok"": false}, ""match"": false}]",10175,898,368,,,,,,,,,,,CAND_002,wcag21_cross_scope=1.4.11;level=AA,False,False
EXT_E017,CROSS_SENTENCE_SCOPE,5,20260824,GENERATED,SELECTED,CAND_002,wcag21_cross_scope=1.4.11;level=AA,The cross-reference requirement scope is resolved to include WCAG success criterion 1.4.11 at conformance level AA.,unique semantic candidate match,"[{""candidate_id"": ""CAND_001"", ""display_value"": ""wcag20_status=not_present"", ""evidence"": {""family"": ""exact_fallback""}, ""match"": false}, {""candidate_id"": ""CAND_002"", ""display_value"": ""wcag21_cross_scope=1.4.11;level=AA"", ""evidence"": {""change_ok"": true, ""code"": ""1.4.11"", ""expected_name_tokens"": ""contrast|non|text"", ""family"": ""wcag21_cross_scope"", ""has_code"": true, ""has_level"": true, ""has_name"": false, ""has_wcag21"": false, ""has_wcag22"": false, ""input_ok"": true, ""level"": ""AA"", ""matched_name_tokens"": """", ""scope_ok"": true}, ""match"": true}, {""candidate_id"": ""CAND_003"", ""display_value"": ""wcag21_cross_scope=1.4.11;level=AAA"", ""evidence"": {""change_ok"": true, ""code"": ""1.4.11"", ""expected_name_tokens"": ""contrast|non|text"", ""family"": ""wcag21_cross_scope"", ""has_code"": true, ""has_level"": false, ""has_name"": false, ""has_wcag21"": false, ""has_wcag22"": false, ""input_ok"": true, ""level"": ""AAA"", ""matched_name_tokens"": """", ""scope_ok"": true}, ""match"": false}]",10202,898,298,benchmark\external-real-v1\built\candidate-owls\EXT_E017\CAND_002.owl,1,1,True,CONSISTENT,482,True,True,True,,CAND_002,wcag21_cross_scope=1.4.11;level=AA,True,True
EXT_E018,CROSS_SENTENCE_SCOPE,1,20260820,GENERATED,ABSTAIN,,,The cross-reference requirement scope is defined as the newly added success criterion 1.4.12 Text Spacing at level AA.,no candidate value matched auto semantic_result,"[{""candidate_id"": ""CAND_001"", ""display_value"": ""wcag20_status=not_present"", ""evidence"": {""family"": ""exact_fallback""}, ""match"": false}, {""candidate_id"": ""CAND_002"", ""display_value"": ""wcag21_cross_scope=1.4.12;level=AA"", ""evidence"": {""change_ok"": true, ""code"": ""1.4.12"", ""expected_name_tokens"": ""spac|spacing|text"", ""family"": ""wcag21_cross_scope"", ""has_code"": true, ""has_level"": true, ""has_name"": true, ""has_wcag21"": false, ""has_wcag22"": false, ""input_ok"": true, ""level"": ""AA"", ""matched_name_tokens"": ""spac|spacing|text"", ""scope_ok"": true}, ""match"": false}, {""candidate_id"": ""CAND_003"", ""display_value"": ""wcag21_cross_scope=1.4.12;level=AAA"", ""evidence"": {""change_ok"": true, ""code"": ""1.4.12"", ""expected_name_tokens"": ""spac|spacing|text"", ""family"": ""wcag21_cross_scope"", ""has_code"": true, ""has_level"": false, ""has_name"": true, ""has_wcag21"": false, ""has_wcag22"": false, ""input_ok"": true, ""level"": ""AAA"", ""matched_name_tokens"": ""spac|spacing|text"", ""scope_ok"": true}, ""match"": false}]",9391,898,307,,,,,,,,,,,CAND_002,wcag21_cross_scope=1.4.12;level=AA,False,False
EXT_E018,CROSS_SENTENCE_SCOPE,2,20260821,GENERATED,SELECTED,CAND_002,wcag21_cross_scope=1.4.12;level=AA,The cross-reference requirement scope for WCAG 2.1 addition 1.4.12 Text Spacing preserves the criterion identifier '1.4.12' and conformance level 'AA'.,unique semantic candidate match,"[{""candidate_id"": ""CAND_001"", ""display_value"": ""wcag20_status=not_present"", ""evidence"": {""family"": ""exact_fallback""}, ""match"": false}, {""candidate_id"": ""CAND_002"", ""display_value"": ""wcag21_cross_scope=1.4.12;level=AA"", ""evidence"": {""change_ok"": true, ""code"": ""1.4.12"", ""expected_name_tokens"": ""spac|spacing|text"", ""family"": ""wcag21_cross_scope"", ""has_code"": true, ""has_level"": true, ""has_name"": true, ""has_wcag21"": true, ""has_wcag22"": false, ""input_ok"": true, ""level"": ""AA"", ""matched_name_tokens"": ""spac|spacing|text"", ""scope_ok"": true}, ""match"": true}, {""candidate_id"": ""CAND_003"", ""display_value"": ""wcag21_cross_scope=1.4.12;level=AAA"", ""evidence"": {""change_ok"": true, ""code"": ""1.4.12"", ""expected_name_tokens"": ""spac|spacing|text"", ""family"": ""wcag21_cross_scope"", ""has_code"": true, ""has_level"": false, ""has_name"": true, ""has_wcag21"": true, ""has_wcag22"": false, ""input_ok"": true, ""level"": ""AAA"", ""matched_name_tokens"": ""spac|spacing|text"", ""scope_ok"": true}, ""match"": false}]",11492,898,346,benchmark\external-real-v1\built\candidate-owls\EXT_E018\CAND_002.owl,1,1,True,CONSISTENT,456,True,True,True,,CAND_002,wcag21_cross_scope=1.4.12;level=AA,True,True
EXT_E018,CROSS_SENTENCE_SCOPE,3,20260822,GENERATED,SELECTED,CAND_002,wcag21_cross_scope=1.4.12;level=AA,"The semantic result is that the cross-reference scope for 1.4.12 Text Spacing is defined by its status as a newly added success criterion at level AA in WCAG 2.1, requiring preservation of both the criterion identifier and the conformance level.",unique semantic candidate match,"[{""candidate_id"": ""CAND_001"", ""display_value"": ""wcag20_status=not_present"", ""evidence"": {""family"": ""exact_fallback""}, ""match"": false}, {""candidate_id"": ""CAND_002"", ""display_value"": ""wcag21_cross_scope=1.4.12;level=AA"", ""evidence"": {""change_ok"": true, ""code"": ""1.4.12"", ""expected_name_tokens"": ""spac|spacing|text"", ""family"": ""wcag21_cross_scope"", ""has_code"": true, ""has_level"": true, ""has_name"": true, ""has_wcag21"": true, ""has_wcag22"": false, ""input_ok"": true, ""level"": ""AA"", ""matched_name_tokens"": ""spac|spacing|text"", ""scope_ok"": true}, ""match"": true}, {""candidate_id"": ""CAND_003"", ""display_value"": ""wcag21_cross_scope=1.4.12;level=AAA"", ""evidence"": {""change_ok"": true, ""code"": ""1.4.12"", ""expected_name_tokens"": ""spac|spacing|text"", ""family"": ""wcag21_cross_scope"", ""has_code"": true, ""has_level"": false, ""has_name"": true, ""has_wcag21"": true, ""has_wcag22"": false, ""input_ok"": true, ""level"": ""AAA"", ""matched_name_tokens"": ""spac|spacing|text"", ""scope_ok"": true}, ""match"": false}]",10125,898,345,benchmark\external-real-v1\built\candidate-owls\EXT_E018\CAND_002.owl,1,1,True,CONSISTENT,456,True,True,True,,CAND_002,wcag21_cross_scope=1.4.12;level=AA,True,True
EXT_E018,CROSS_SENTENCE_SCOPE,4,20260823,GENERATED,SELECTED,CAND_002,wcag21_cross_scope=1.4.12;level=AA,The semantic result is that the cross-reference requirement scope for WCAG 2.1 addition 1.4.12 Text Spacing preserves the criterion identifier '1.4.12' and the conformance level 'AA' as explicitly listed in the public change documentation.,unique semantic candidate match,"[{""candidate_id"": ""CAND_001"", ""display_value"": ""wcag20_status=not_present"", ""evidence"": {""family"": ""exact_fallback""}, ""match"": false}, {""candidate_id"": ""CAND_002"", ""display_value"": ""wcag21_cross_scope=1.4.12;level=AA"", ""evidence"": {""change_ok"": true, ""code"": ""1.4.12"", ""expected_name_tokens"": ""spac|spacing|text"", ""family"": ""wcag21_cross_scope"", ""has_code"": true, ""has_level"": true, ""has_name"": true, ""has_wcag21"": true, ""has_wcag22"": false, ""input_ok"": true, ""level"": ""AA"", ""matched_name_tokens"": ""spac|spacing|text"", ""scope_ok"": true}, ""match"": true}, {""candidate_id"": ""CAND_003"", ""display_value"": ""wcag21_cross_scope=1.4.12;level=AAA"", ""evidence"": {""change_ok"": true, ""code"": ""1.4.12"", ""expected_name_tokens"": ""spac|spacing|text"", ""family"": ""wcag21_cross_scope"", ""has_code"": true, ""has_level"": false, ""has_name"": true, ""has_wcag21"": true, ""has_wcag22"": false, ""input_ok"": true, ""level"": ""AAA"", ""matched_name_tokens"": ""spac|spacing|text"", ""scope_ok"": true}, ""match"": false}]",11217,898,357,benchmark\external-real-v1\built\candidate-owls\EXT_E018\CAND_002.owl,1,1,True,CONSISTENT,456,True,True,True,,CAND_002,wcag21_cross_scope=1.4.12;level=AA,True,True
EXT_E018,CROSS_SENTENCE_SCOPE,5,20260824,GENERATED,SELECTED,CAND_002,wcag21_cross_scope=1.4.12;level=AA,The cross-reference requirement scope for WCAG success criterion 1.4.12 is established as a new addition at conformance level AA within the WCAG 2.1 standard.,unique semantic candidate match,"[{""candidate_id"": ""CAND_001"", ""display_value"": ""wcag20_status=not_present"", ""evidence"": {""family"": ""exact_fallback""}, ""match"": false}, {""candidate_id"": ""CAND_002"", ""display_value"": ""wcag21_cross_scope=1.4.12;level=AA"", ""evidence"": {""change_ok"": true, ""code"": ""1.4.12"", ""expected_name_tokens"": ""spac|spacing|text"", ""family"": ""wcag21_cross_scope"", ""has_code"": true, ""has_level"": true, ""has_name"": false, ""has_wcag21"": true, ""has_wcag22"": false, ""input_ok"": true, ""level"": ""AA"", ""matched_name_tokens"": """", ""scope_ok"": true}, ""match"": true}, {""candidate_id"": ""CAND_003"", ""display_value"": ""wcag21_cross_scope=1.4.12;level=AAA"", ""evidence"": {""change_ok"": true, ""code"": ""1.4.12"", ""expected_name_tokens"": ""spac|spacing|text"", ""family"": ""wcag21_cross_scope"", ""has_code"": true, ""has_level"": false, ""has_name"": false, ""has_wcag21"": true, ""has_wcag22"": false, ""input_ok"": true, ""level"": ""AAA"", ""matched_name_tokens"": """", ""scope_ok"": true}, ""match"": false}]",9079,898,334,benchmark\external-real-v1\built\candidate-owls\EXT_E018\CAND_002.owl,1,1,True,CONSISTENT,456,True,True,True,,CAND_002,wcag21_cross_scope=1.4.12;level=AA,True,True
EXT_E019,CROSS_SENTENCE_SCOPE,1,20260820,GENERATED,SELECTED,CAND_002,wcag21_cross_scope=1.4.13;level=AA,The cross-reference requirement scope for WCAG success criterion 1.4.13 preserves the criterion identifier and assigns a conformance level of AA.,unique semantic candidate match,"[{""candidate_id"": ""CAND_001"", ""display_value"": ""wcag20_status=not_present"", ""evidence"": {""family"": ""exact_fallback""}, ""match"": false}, {""candidate_id"": ""CAND_002"", ""display_value"": ""wcag21_cross_scope=1.4.13;level=AA"", ""evidence"": {""change_ok"": false, ""code"": ""1.4.13"", ""expected_name_tokens"": ""content|focu|focus|hover"", ""family"": ""wcag21_cross_scope"", ""has_code"": true, ""has_level"": true, ""has_name"": false, ""has_wcag21"": false, ""has_wcag22"": false, ""input_ok"": true, ""level"": ""AA"", ""matched_name_tokens"": """", ""scope_ok"": true}, ""match"": true}, {""candidate_id"": ""CAND_003"", ""display_value"": ""wcag21_cross_scope=1.4.13;level=AAA"", ""evidence"": {""change_ok"": false, ""code"": ""1.4.13"", ""expected_name_tokens"": ""content|focu|focus|hover"", ""family"": ""wcag21_cross_scope"", ""has_code"": true, ""has_level"": false, ""has_name"": false, ""has_wcag21"": false, ""has_wcag22"": false, ""input_ok"": true, ""level"": ""AAA"", ""matched_name_tokens"": """", ""scope_ok"": true}, ""match"": false}]",9760,902,305,benchmark\external-real-v1\built\candidate-owls\EXT_E019\CAND_002.owl,1,1,True,CONSISTENT,474,True,True,True,,CAND_002,wcag21_cross_scope=1.4.13;level=AA,True,True
EXT_E019,CROSS_SENTENCE_SCOPE,2,20260821,GENERATED,SELECTED,CAND_002,wcag21_cross_scope=1.4.13;level=AA,The cross-reference requirement scope is resolved to WCAG success criterion 1.4.13 at conformance level AA.,unique semantic candidate match,"[{""candidate_id"": ""CAND_001"", ""display_value"": ""wcag20_status=not_present"", ""evidence"": {""family"": ""exact_fallback""}, ""match"": false}, {""candidate_id"": ""CAND_002"", ""display_value"": ""wcag21_cross_scope=1.4.13;level=AA"", ""evidence"": {""change_ok"": false, ""code"": ""1.4.13"", ""expected_name_tokens"": ""content|focu|focus|hover"", ""family"": ""wcag21_cross_scope"", ""has_code"": true, ""has_level"": true, ""has_name"": false, ""has_wcag21"": false, ""has_wcag22"": false, ""input_ok"": true, ""level"": ""AA"", ""matched_name_tokens"": """", ""scope_ok"": true}, ""match"": true}, {""candidate_id"": ""CAND_003"", ""display_value"": ""wcag21_cross_scope=1.4.13;level=AAA"", ""evidence"": {""change_ok"": false, ""code"": ""1.4.13"", ""expected_name_tokens"": ""content|focu|focus|hover"", ""family"": ""wcag21_cross_scope"", ""has_code"": true, ""has_level"": false, ""has_name"": false, ""has_wcag21"": false, ""has_wcag22"": false, ""input_ok"": true, ""level"": ""AAA"", ""matched_name_tokens"": """", ""scope_ok"": true}, ""match"": false}]",10951,902,305,benchmark\external-real-v1\built\candidate-owls\EXT_E019\CAND_002.owl,1,1,True,CONSISTENT,474,True,True,True,,CAND_002,wcag21_cross_scope=1.4.13;level=AA,True,True
EXT_E019,CROSS_SENTENCE_SCOPE,3,20260822,GENERATED,ABSTAIN,,,"The cross-reference requirement scope is resolved to include the specific success criterion identifier '1.4.13 Content on Hover or Focus' and its conformance level 'AA', preserving these attributes in the semantic representation.",no candidate value matched auto semantic_result,"[{""candidate_id"": ""CAND_001"", ""display_value"": ""wcag20_status=not_present"", ""evidence"": {""family"": ""exact_fallback""}, ""match"": false}, {""candidate_id"": ""CAND_002"", ""display_value"": ""wcag21_cross_scope=1.4.13;level=AA"", ""evidence"": {""change_ok"": true, ""code"": ""1.4.13"", ""expected_name_tokens"": ""content|focu|focus|hover"", ""family"": ""wcag21_cross_scope"", ""has_code"": true, ""has_level"": true, ""has_name"": true, ""has_wcag21"": false, ""has_wcag22"": false, ""input_ok"": true, ""level"": ""AA"", ""matched_name_tokens"": ""content|focu|focus|hover"", ""scope_ok"": true}, ""match"": false}, {""candidate_id"": ""CAND_003"", ""display_value"": ""wcag21_cross_scope=1.4.13;level=AAA"", ""evidence"": {""change_ok"": true, ""code"": ""1.4.13"", ""expected_name_tokens"": ""content|focu|focus|hover"", ""family"": ""wcag21_cross_scope"", ""has_code"": true, ""has_level"": false, ""has_name"": true, ""has_wcag21"": false, ""has_wcag22"": false, ""input_ok"": true, ""level"": ""AAA"", ""matched_name_tokens"": ""content|focu|focus|hover"", ""scope_ok"": true}, ""match"": false}]",10709,902,344,,,,,,,,,,,CAND_002,wcag21_cross_scope=1.4.13;level=AA,False,False
EXT_E019,CROSS_SENTENCE_SCOPE,4,20260823,GENERATED,SELECTED,CAND_002,wcag21_cross_scope=1.4.13;level=AA,"The cross-reference requirement scope is resolved to include WCAG success criterion 1.4.13 at conformance level AA, preserving the criterion identifier as a new addition after WCAG 2.0.",unique semantic candidate match,"[{""candidate_id"": ""CAND_001"", ""display_value"": ""wcag20_status=not_present"", ""evidence"": {""family"": ""exact_fallback""}, ""match"": false}, {""candidate_id"": ""CAND_002"", ""display_value"": ""wcag21_cross_scope=1.4.13;level=AA"", ""evidence"": {""change_ok"": true, ""code"": ""1.4.13"", ""expected_name_tokens"": ""content|focu|focus|hover"", ""family"": ""wcag21_cross_scope"", ""has_code"": true, ""has_level"": true, ""has_name"": false, ""has_wcag21"": false, ""has_wcag22"": false, ""input_ok"": true, ""level"": ""AA"", ""matched_name_tokens"": """", ""scope_ok"": true}, ""match"": true}, {""candidate_id"": ""CAND_003"", ""display_value"": ""wcag21_cross_scope=1.4.13;level=AAA"", ""evidence"": {""change_ok"": true, ""code"": ""1.4.13"", ""expected_name_tokens"": ""content|focu|focus|hover"", ""family"": ""wcag21_cross_scope"", ""has_code"": true, ""has_level"": false, ""has_name"": false, ""has_wcag21"": false, ""has_wcag22"": false, ""input_ok"": true, ""level"": ""AAA"", ""matched_name_tokens"": """", ""scope_ok"": true}, ""match"": false}]",12933,902,337,benchmark\external-real-v1\built\candidate-owls\EXT_E019\CAND_002.owl,1,1,True,CONSISTENT,474,True,True,True,,CAND_002,wcag21_cross_scope=1.4.13;level=AA,True,True
EXT_E019,CROSS_SENTENCE_SCOPE,5,20260824,GENERATED,SELECTED,CAND_002,wcag21_cross_scope=1.4.13;level=AA,"The scope of the cross-reference requirement is limited to WCAG success criterion 1.4.13 'Content on Hover or Focus' at conformance level AA, as explicitly listed in the WCAG 2.1 additions.",unique semantic candidate match,"[{""candidate_id"": ""CAND_001"", ""display_value"": ""wcag20_status=not_present"", ""evidence"": {""family"": ""exact_fallback""}, ""match"": false}, {""candidate_id"": ""CAND_002"", ""display_value"": ""wcag21_cross_scope=1.4.13;level=AA"", ""evidence"": {""change_ok"": true, ""code"": ""1.4.13"", ""expected_name_tokens"": ""content|focu|focus|hover"", ""family"": ""wcag21_cross_scope"", ""has_code"": true, ""has_level"": true, ""has_name"": true, ""has_wcag21"": true, ""has_wcag22"": false, ""input_ok"": true, ""level"": ""AA"", ""matched_name_tokens"": ""content|focu|focus|hover"", ""scope_ok"": true}, ""match"": true}, {""candidate_id"": ""CAND_003"", ""display_value"": ""wcag21_cross_scope=1.4.13;level=AAA"", ""evidence"": {""change_ok"": true, ""code"": ""1.4.13"", ""expected_name_tokens"": ""content|focu|focus|hover"", ""family"": ""wcag21_cross_scope"", ""has_code"": true, ""has_level"": false, ""has_name"": true, ""has_wcag21"": true, ""has_wcag22"": false, ""input_ok"": true, ""level"": ""AAA"", ""matched_name_tokens"": ""content|focu|focus|hover"", ""scope_ok"": true}, ""match"": false}]",10140,902,334,benchmark\external-real-v1\built\candidate-owls\EXT_E019\CAND_002.owl,1,1,True,CONSISTENT,474,True,True,True,,CAND_002,wcag21_cross_scope=1.4.13;level=AA,True,True
EXT_E020,CROSS_SENTENCE_SCOPE,1,20260820,GENERATED,ABSTAIN,,,The semantic result is that the cross-reference requirement for WCAG 2.1.4 preserves its identifier '2.1.4' and conformance level 'A' as explicitly stated in the public evidence.,no candidate value matched auto semantic_result,"[{""candidate_id"": ""CAND_001"", ""display_value"": ""wcag20_status=not_present"", ""evidence"": {""family"": ""exact_fallback""}, ""match"": false}, {""candidate_id"": ""CAND_002"", ""display_value"": ""wcag21_cross_scope=2.1.4;level=A"", ""evidence"": {""change_ok"": false, ""code"": ""2.1.4"", ""expected_name_tokens"": ""character|key|shortcut|shortcuts"", ""family"": ""wcag21_cross_scope"", ""has_code"": true, ""has_level"": true, ""has_name"": false, ""has_wcag21"": true, ""has_wcag22"": false, ""input_ok"": true, ""level"": ""A"", ""matched_name_tokens"": """", ""scope_ok"": false}, ""match"": false}, {""candidate_id"": ""CAND_003"", ""display_value"": ""wcag21_cross_scope=2.1.4;level=AA"", ""evidence"": {""change_ok"": false, ""code"": ""2.1.4"", ""expected_name_tokens"": ""character|key|shortcut|shortcuts"", ""family"": ""wcag21_cross_scope"", ""has_code"": true, ""has_level"": false, ""has_name"": false, ""has_wcag21"": true, ""has_wcag22"": false, ""input_ok"": true, ""level"": ""AA"", ""matched_name_tokens"": """", ""scope_ok"": false}, ""match"": false}]",10210,895,321,,,,,,,,,,,CAND_002,wcag21_cross_scope=2.1.4;level=A,False,False
EXT_E020,CROSS_SENTENCE_SCOPE,2,20260821,GENERATED,SELECTED,CAND_002,wcag21_cross_scope=2.1.4;level=A,The addition of WCAG success criterion 2.1.4 Character Key Shortcuts is scoped to conformance level A.,unique semantic candidate match,"[{""candidate_id"": ""CAND_001"", ""display_value"": ""wcag20_status=not_present"", ""evidence"": {""family"": ""exact_fallback""}, ""match"": false}, {""candidate_id"": ""CAND_002"", ""display_value"": ""wcag21_cross_scope=2.1.4;level=A"", ""evidence"": {""change_ok"": true, ""code"": ""2.1.4"", ""expected_name_tokens"": ""character|key|shortcut|shortcuts"", ""family"": ""wcag21_cross_scope"", ""has_code"": true, ""has_level"": true, ""has_name"": true, ""has_wcag21"": false, ""has_wcag22"": false, ""input_ok"": false, ""level"": ""A"", ""matched_name_tokens"": ""character|key|shortcut|shortcuts"", ""scope_ok"": true}, ""match"": true}, {""candidate_id"": ""CAND_003"", ""display_value"": ""wcag21_cross_scope=2.1.4;level=AA"", ""evidence"": {""change_ok"": true, ""code"": ""2.1.4"", ""expected_name_tokens"": ""character|key|shortcut|shortcuts"", ""family"": ""wcag21_cross_scope"", ""has_code"": true, ""has_level"": false, ""has_name"": true, ""has_wcag21"": false, ""has_wcag22"": false, ""input_ok"": false, ""level"": ""AA"", ""matched_name_tokens"": ""character|key|shortcut|shortcuts"", ""scope_ok"": true}, ""match"": false}]",10338,895,295,benchmark\external-real-v1\built\candidate-owls\EXT_E020\CAND_002.owl,1,1,True,CONSISTENT,493,True,True,True,,CAND_002,wcag21_cross_scope=2.1.4;level=A,True,True
EXT_E020,CROSS_SENTENCE_SCOPE,3,20260822,GENERATED,SELECTED,CAND_002,wcag21_cross_scope=2.1.4;level=A,The cross-reference requirement scope for WCAG success criterion 2.1.4 is resolved to conformance level A.,unique semantic candidate match,"[{""candidate_id"": ""CAND_001"", ""display_value"": ""wcag20_status=not_present"", ""evidence"": {""family"": ""exact_fallback""}, ""match"": false}, {""candidate_id"": ""CAND_002"", ""display_value"": ""wcag21_cross_scope=2.1.4;level=A"", ""evidence"": {""change_ok"": false, ""code"": ""2.1.4"", ""expected_name_tokens"": ""character|key|shortcut|shortcuts"", ""family"": ""wcag21_cross_scope"", ""has_code"": true, ""has_level"": true, ""has_name"": false, ""has_wcag21"": false, ""has_wcag22"": false, ""input_ok"": true, ""level"": ""A"", ""matched_name_tokens"": """", ""scope_ok"": true}, ""match"": true}, {""candidate_id"": ""CAND_003"", ""display_value"": ""wcag21_cross_scope=2.1.4;level=AA"", ""evidence"": {""change_ok"": false, ""code"": ""2.1.4"", ""expected_name_tokens"": ""character|key|shortcut|shortcuts"", ""family"": ""wcag21_cross_scope"", ""has_code"": true, ""has_level"": false, ""has_name"": false, ""has_wcag21"": false, ""has_wcag22"": false, ""input_ok"": true, ""level"": ""AA"", ""matched_name_tokens"": """", ""scope_ok"": true}, ""match"": false}]",8178,895,294,benchmark\external-real-v1\built\candidate-owls\EXT_E020\CAND_002.owl,1,1,True,CONSISTENT,493,True,True,True,,CAND_002,wcag21_cross_scope=2.1.4;level=A,True,True
EXT_E020,CROSS_SENTENCE_SCOPE,4,20260823,GENERATED,SELECTED,CAND_002,wcag21_cross_scope=2.1.4;level=A,The cross-reference requirement scope for WCAG success criterion 2.1.4 preserves the conformance level A.,unique semantic candidate match,"[{""candidate_id"": ""CAND_001"", ""display_value"": ""wcag20_status=not_present"", ""evidence"": {""family"": ""exact_fallback""}, ""match"": false}, {""candidate_id"": ""CAND_002"", ""display_value"": ""wcag21_cross_scope=2.1.4;level=A"", ""evidence"": {""change_ok"": false, ""code"": ""2.1.4"", ""expected_name_tokens"": ""character|key|shortcut|shortcuts"", ""family"": ""wcag21_cross_scope"", ""has_code"": true, ""has_level"": true, ""has_name"": false, ""has_wcag21"": false, ""has_wcag22"": false, ""input_ok"": true, ""level"": ""A"", ""matched_name_tokens"": """", ""scope_ok"": true}, ""match"": true}, {""candidate_id"": ""CAND_003"", ""display_value"": ""wcag21_cross_scope=2.1.4;level=AA"", ""evidence"": {""change_ok"": false, ""code"": ""2.1.4"", ""expected_name_tokens"": ""character|key|shortcut|shortcuts"", ""family"": ""wcag21_cross_scope"", ""has_code"": true, ""has_level"": false, ""has_name"": false, ""has_wcag21"": false, ""has_wcag22"": false, ""input_ok"": true, ""level"": ""AA"", ""matched_name_tokens"": """", ""scope_ok"": true}, ""match"": false}]",11537,895,285,benchmark\external-real-v1\built\candidate-owls\EXT_E020\CAND_002.owl,1,1,True,CONSISTENT,493,True,True,True,,CAND_002,wcag21_cross_scope=2.1.4;level=A,True,True
EXT_E020,CROSS_SENTENCE_SCOPE,5,20260824,GENERATED,ABSTAIN,,,The conformance level for WCAG success criterion 2.1.4 is A.,no candidate value matched auto semantic_result,"[{""candidate_id"": ""CAND_001"", ""display_value"": ""wcag20_status=not_present"", ""evidence"": {""family"": ""exact_fallback""}, ""match"": false}, {""candidate_id"": ""CAND_002"", ""display_value"": ""wcag21_cross_scope=2.1.4;level=A"", ""evidence"": {""change_ok"": false, ""code"": ""2.1.4"", ""expected_name_tokens"": ""character|key|shortcut|shortcuts"", ""family"": ""wcag21_cross_scope"", ""has_code"": true, ""has_level"": true, ""has_name"": false, ""has_wcag21"": false, ""has_wcag22"": false, ""input_ok"": false, ""level"": ""A"", ""matched_name_tokens"": """", ""scope_ok"": false}, ""match"": false}, {""candidate_id"": ""CAND_003"", ""display_value"": ""wcag21_cross_scope=2.1.4;level=AA"", ""evidence"": {""change_ok"": false, ""code"": ""2.1.4"", ""expected_name_tokens"": ""character|key|shortcut|shortcuts"", ""family"": ""wcag21_cross_scope"", ""has_code"": true, ""has_level"": false, ""has_name"": false, ""has_wcag21"": false, ""has_wcag22"": false, ""input_ok"": false, ""level"": ""AA"", ""matched_name_tokens"": """", ""scope_ok"": false}, ""match"": false}]",7832,895,280,,,,,,,,,,,CAND_002,wcag21_cross_scope=2.1.4;level=A,False,False
EXT_E021,CROSS_SENTENCE_SCOPE,1,20260820,GENERATED,SELECTED,CAND_002,wcag21_cross_scope=4.1.3;level=AA,The cross-reference requirement scope for WCAG success criterion 4.1.3 is resolved to conformance level AA.,unique semantic candidate match,"[{""candidate_id"": ""CAND_001"", ""display_value"": ""wcag20_status=not_present"", ""evidence"": {""family"": ""exact_fallback""}, ""match"": false}, {""candidate_id"": ""CAND_002"", ""display_value"": ""wcag21_cross_scope=4.1.3;level=AA"", ""evidence"": {""change_ok"": false, ""code"": ""4.1.3"", ""expected_name_tokens"": ""messag|message|messages|statu|status"", ""family"": ""wcag21_cross_scope"", ""has_code"": true, ""has_level"": true, ""has_name"": false, ""has_wcag21"": false, ""has_wcag22"": false, ""input_ok"": true, ""level"": ""AA"", ""matched_name_tokens"": """", ""scope_ok"": true}, ""match"": true}, {""candidate_id"": ""CAND_003"", ""display_value"": ""wcag21_cross_scope=4.1.3;level=AAA"", ""evidence"": {""change_ok"": false, ""code"": ""4.1.3"", ""expected_name_tokens"": ""messag|message|messages|statu|status"", ""family"": ""wcag21_cross_scope"", ""has_code"": true, ""has_level"": false, ""has_name"": false, ""has_wcag21"": false, ""has_wcag22"": false, ""input_ok"": true, ""level"": ""AAA"", ""matched_name_tokens"": """", ""scope_ok"": true}, ""match"": false}]",8736,891,293,benchmark\external-real-v1\built\candidate-owls\EXT_E021\CAND_002.owl,1,1,True,CONSISTENT,469,True,True,True,,CAND_002,wcag21_cross_scope=4.1.3;level=AA,True,True
EXT_E021,CROSS_SENTENCE_SCOPE,2,20260821,GENERATED,SELECTED,CAND_002,wcag21_cross_scope=4.1.3;level=AA,The semantic result is that the cross-reference requirement scope for WCAG 2.1 addition 4.1.3 Status Messages must preserve the criterion identifier '4.1.3' and the conformance level 'AA'.,unique semantic candidate match,"[{""candidate_id"": ""CAND_001"", ""display_value"": ""wcag20_status=not_present"", ""evidence"": {""family"": ""exact_fallback""}, ""match"": false}, {""candidate_id"": ""CAND_002"", ""display_value"": ""wcag21_cross_scope=4.1.3;level=AA"", ""evidence"": {""change_ok"": true, ""code"": ""4.1.3"", ""expected_name_tokens"": ""messag|message|messages|statu|status"", ""family"": ""wcag21_cross_scope"", ""has_code"": true, ""has_level"": true, ""has_name"": true, ""has_wcag21"": true, ""has_wcag22"": false, ""input_ok"": true, ""level"": ""AA"", ""matched_name_tokens"": ""messag|message|messages|statu|status"", ""scope_ok"": true}, ""match"": true}, {""candidate_id"": ""CAND_003"", ""display_value"": ""wcag21_cross_scope=4.1.3;level=AAA"", ""evidence"": {""change_ok"": true, ""code"": ""4.1.3"", ""expected_name_tokens"": ""messag|message|messages|statu|status"", ""family"": ""wcag21_cross_scope"", ""has_code"": true, ""has_level"": false, ""has_name"": true, ""has_wcag21"": true, ""has_wcag22"": false, ""input_ok"": true, ""level"": ""AAA"", ""matched_name_tokens"": ""messag|message|messages|statu|status"", ""scope_ok"": true}, ""match"": false}]",10792,891,329,benchmark\external-real-v1\built\candidate-owls\EXT_E021\CAND_002.owl,1,1,True,CONSISTENT,469,True,True,True,,CAND_002,wcag21_cross_scope=4.1.3;level=AA,True,True
EXT_E021,CROSS_SENTENCE_SCOPE,3,20260822,GENERATED,SELECTED,CAND_002,wcag21_cross_scope=4.1.3;level=AA,The cross-reference requirement scope is resolved to WCAG 2.1 success criterion 4.1.3 at conformance level AA.,unique semantic candidate match,"[{""candidate_id"": ""CAND_001"", ""display_value"": ""wcag20_status=not_present"", ""evidence"": {""family"": ""exact_fallback""}, ""match"": false}, {""candidate_id"": ""CAND_002"", ""display_value"": ""wcag21_cross_scope=4.1.3;level=AA"", ""evidence"": {""change_ok"": false, ""code"": ""4.1.3"", ""expected_name_tokens"": ""messag|message|messages|statu|status"", ""family"": ""wcag21_cross_scope"", ""has_code"": true, ""has_level"": true, ""has_name"": false, ""has_wcag21"": true, ""has_wcag22"": false, ""input_ok"": true, ""level"": ""AA"", ""matched_name_tokens"": """", ""scope_ok"": true}, ""match"": true}, {""candidate_id"": ""CAND_003"", ""display_value"": ""wcag21_cross_scope=4.1.3;level=AAA"", ""evidence"": {""change_ok"": false, ""code"": ""4.1.3"", ""expected_name_tokens"": ""messag|message|messages|statu|status"", ""family"": ""wcag21_cross_scope"", ""has_code"": true, ""has_level"": false, ""has_name"": false, ""has_wcag21"": true, ""has_wcag22"": false, ""input_ok"": true, ""level"": ""AAA"", ""matched_name_tokens"": """", ""scope_ok"": true}, ""match"": false}]",11277,891,302,benchmark\external-real-v1\built\candidate-owls\EXT_E021\CAND_002.owl,1,1,True,CONSISTENT,469,True,True,True,,CAND_002,wcag21_cross_scope=4.1.3;level=AA,True,True
EXT_E021,CROSS_SENTENCE_SCOPE,4,20260823,GENERATED,ABSTAIN,,,The conformance level for WCAG success criterion 4.1.3 is AA.,no candidate value matched auto semantic_result,"[{""candidate_id"": ""CAND_001"", ""display_value"": ""wcag20_status=not_present"", ""evidence"": {""family"": ""exact_fallback""}, ""match"": false}, {""candidate_id"": ""CAND_002"", ""display_value"": ""wcag21_cross_scope=4.1.3;level=AA"", ""evidence"": {""change_ok"": false, ""code"": ""4.1.3"", ""expected_name_tokens"": ""messag|message|messages|statu|status"", ""family"": ""wcag21_cross_scope"", ""has_code"": true, ""has_level"": true, ""has_name"": false, ""has_wcag21"": false, ""has_wcag22"": false, ""input_ok"": false, ""level"": ""AA"", ""matched_name_tokens"": """", ""scope_ok"": false}, ""match"": false}, {""candidate_id"": ""CAND_003"", ""display_value"": ""wcag21_cross_scope=4.1.3;level=AAA"", ""evidence"": {""change_ok"": false, ""code"": ""4.1.3"", ""expected_name_tokens"": ""messag|message|messages|statu|status"", ""family"": ""wcag21_cross_scope"", ""has_code"": true, ""has_level"": false, ""has_name"": false, ""has_wcag21"": false, ""has_wcag22"": false, ""input_ok"": false, ""level"": ""AAA"", ""matched_name_tokens"": """", ""scope_ok"": false}, ""match"": false}]",10317,891,277,,,,,,,,,,,CAND_002,wcag21_cross_scope=4.1.3;level=AA,False,False
EXT_E021,CROSS_SENTENCE_SCOPE,5,20260824,GENERATED,ABSTAIN,,,The conformance level for WCAG success criterion 4.1.3 is AA.,no candidate value matched auto semantic_result,"[{""candidate_id"": ""CAND_001"", ""display_value"": ""wcag20_status=not_present"", ""evidence"": {""family"": ""exact_fallback""}, ""match"": false}, {""candidate_id"": ""CAND_002"", ""display_value"": ""wcag21_cross_scope=4.1.3;level=AA"", ""evidence"": {""change_ok"": false, ""code"": ""4.1.3"", ""expected_name_tokens"": ""messag|message|messages|statu|status"", ""family"": ""wcag21_cross_scope"", ""has_code"": true, ""has_level"": true, ""has_name"": false, ""has_wcag21"": false, ""has_wcag22"": false, ""input_ok"": false, ""level"": ""AA"", ""matched_name_tokens"": """", ""scope_ok"": false}, ""match"": false}, {""candidate_id"": ""CAND_003"", ""display_value"": ""wcag21_cross_scope=4.1.3;level=AAA"", ""evidence"": {""change_ok"": false, ""code"": ""4.1.3"", ""expected_name_tokens"": ""messag|message|messages|statu|status"", ""family"": ""wcag21_cross_scope"", ""has_code"": true, ""has_level"": false, ""has_name"": false, ""has_wcag21"": false, ""has_wcag22"": false, ""input_ok"": false, ""level"": ""AAA"", ""matched_name_tokens"": """", ""scope_ok"": false}, ""match"": false}]",8044,891,277,,,,,,,,,,,CAND_002,wcag21_cross_scope=4.1.3;level=AA,False,False
EXT_E022,GENERAL_RULE_EXCEPTION,1,20260820,GENERATED,SELECTED,CAND_002,wcag21_input_rule=2.5.1;level=A,WCAG 2.1 adds an input modality requirement for 2.5.1 Pointer Gestures at conformance level A.,unique semantic candidate match,"[{""candidate_id"": ""CAND_001"", ""display_value"": ""wcag20_status=not_present"", ""evidence"": {""family"": ""exact_fallback""}, ""match"": false}, {""candidate_id"": ""CAND_002"", ""display_value"": ""wcag21_input_rule=2.5.1;level=A"", ""evidence"": {""change_ok"": false, ""code"": ""2.5.1"", ""expected_name_tokens"": ""conformance|gestur|gesture|gestures|level|pointer|represent|represented|should|what"", ""family"": ""wcag21_input_rule"", ""has_code"": true, ""has_level"": true, ""has_name"": true, ""has_wcag21"": true, ""has_wcag22"": false, ""input_ok"": true, ""level"": ""A"", ""matched_name_tokens"": ""conformance|gestur|gesture|gestures|level|pointer"", ""scope_ok"": false}, ""match"": true}, {""candidate_id"": ""CAND_003"", ""display_value"": ""wcag21_input_rule=2.5.1;level=AA"", ""evidence"": {""change_ok"": false, ""code"": ""2.5.1"", ""expected_name_tokens"": ""conformance|gestur|gesture|gestures|level|pointer|represent|represented|should|what"", ""family"": ""wcag21_input_rule"", ""has_code"": true, ""has_level"": false, ""has_name"": true, ""has_wcag21"": true, ""has_wcag22"": false, ""input_ok"": true, ""level"": ""AA"", ""matched_name_tokens"": ""conformance|gestur|gesture|gestures|level|pointer"", ""scope_ok"": false}, ""match"": false}]",7473,876,246,benchmark\external-real-v1\built\candidate-owls\EXT_E022\CAND_002.owl,1,1,True,CONSISTENT,478,True,True,True,,CAND_002,wcag21_input_rule=2.5.1;level=A,True,True
EXT_E022,GENERAL_RULE_EXCEPTION,2,20260821,GENERATED,ABSTAIN,,,input modality rule status: level A conformance required for pointer gestures,no candidate value matched auto semantic_result,"[{""candidate_id"": ""CAND_001"", ""display_value"": ""wcag20_status=not_present"", ""evidence"": {""family"": ""exact_fallback""}, ""match"": false}, {""candidate_id"": ""CAND_002"", ""display_value"": ""wcag21_input_rule=2.5.1;level=A"", ""evidence"": {""change_ok"": false, ""code"": ""2.5.1"", ""expected_name_tokens"": ""conformance|gestur|gesture|gestures|level|pointer|represent|represented|should|what"", ""family"": ""wcag21_input_rule"", ""has_code"": false, ""has_level"": true, ""has_name"": true, ""has_wcag21"": false, ""has_wcag22"": false, ""input_ok"": true, ""level"": ""A"", ""matched_name_tokens"": ""conformance|gestur|gesture|gestures|level|pointer"", ""scope_ok"": false}, ""match"": false}, {""candidate_id"": ""CAND_003"", ""display_value"": ""wcag21_input_rule=2.5.1;level=AA"", ""evidence"": {""change_ok"": false, ""code"": ""2.5.1"", ""expected_name_tokens"": ""conformance|gestur|gesture|gestures|level|pointer|represent|represented|should|what"", ""family"": ""wcag21_input_rule"", ""has_code"": false, ""has_level"": false, ""has_name"": true, ""has_wcag21"": false, ""has_wcag22"": false, ""input_ok"": true, ""level"": ""AA"", ""matched_name_tokens"": ""conformance|gestur|gesture|gestures|level|pointer"", ""scope_ok"": false}, ""match"": false}]",7410,876,188,,,,,,,,,,,CAND_002,wcag21_input_rule=2.5.1;level=A,False,False
EXT_E022,GENERAL_RULE_EXCEPTION,3,20260822,GENERATED,ABSTAIN,,,input modality rule status equals Pointer Gestures at level A,no candidate value matched auto semantic_result,"[{""candidate_id"": ""CAND_001"", ""display_value"": ""wcag20_status=not_present"", ""evidence"": {""family"": ""exact_fallback""}, ""match"": false}, {""candidate_id"": ""CAND_002"", ""display_value"": ""wcag21_input_rule=2.5.1;level=A"", ""evidence"": {""change_ok"": false, ""code"": ""2.5.1"", ""expected_name_tokens"": ""conformance|gestur|gesture|gestures|level|pointer|represent|represented|should|what"", ""family"": ""wcag21_input_rule"", ""has_code"": false, ""has_level"": true, ""has_name"": true, ""has_wcag21"": false, ""has_wcag22"": false, ""input_ok"": true, ""level"": ""A"", ""matched_name_tokens"": ""gestur|gesture|gestures|level|pointer"", ""scope_ok"": false}, ""match"": false}, {""candidate_id"": ""CAND_003"", ""display_value"": ""wcag21_input_rule=2.5.1;level=AA"", ""evidence"": {""change_ok"": false, ""code"": ""2.5.1"", ""expected_name_tokens"": ""conformance|gestur|gesture|gestures|level|pointer|represent|represented|should|what"", ""family"": ""wcag21_input_rule"", ""has_code"": false, ""has_level"": false, ""has_name"": true, ""has_wcag21"": false, ""has_wcag22"": false, ""input_ok"": true, ""level"": ""AA"", ""matched_name_tokens"": ""gestur|gesture|gestures|level|pointer"", ""scope_ok"": false}, ""match"": false}]",5527,876,193,,,,,,,,,,,CAND_002,wcag21_input_rule=2.5.1;level=A,False,False
EXT_E022,GENERAL_RULE_EXCEPTION,4,20260823,GENERATED,ABSTAIN,,,Pointer Gestures requirement is established at conformance level A,no candidate value matched auto semantic_result,"[{""candidate_id"": ""CAND_001"", ""display_value"": ""wcag20_status=not_present"", ""evidence"": {""family"": ""exact_fallback""}, ""match"": false}, {""candidate_id"": ""CAND_002"", ""display_value"": ""wcag21_input_rule=2.5.1;level=A"", ""evidence"": {""change_ok"": false, ""code"": ""2.5.1"", ""expected_name_tokens"": ""conformance|gestur|gesture|gestures|level|pointer|represent|represented|should|what"", ""family"": ""wcag21_input_rule"", ""has_code"": false, ""has_level"": true, ""has_name"": true, ""has_wcag21"": false, ""has_wcag22"": false, ""input_ok"": true, ""level"": ""A"", ""matched_name_tokens"": ""conformance|gestur|gesture|gestures|level|pointer"", ""scope_ok"": false}, ""match"": false}, {""candidate_id"": ""CAND_003"", ""display_value"": ""wcag21_input_rule=2.5.1;level=AA"", ""evidence"": {""change_ok"": false, ""code"": ""2.5.1"", ""expected_name_tokens"": ""conformance|gestur|gesture|gestures|level|pointer|represent|represented|should|what"", ""family"": ""wcag21_input_rule"", ""has_code"": false, ""has_level"": false, ""has_name"": true, ""has_wcag21"": false, ""has_wcag22"": false, ""input_ok"": true, ""level"": ""AA"", ""matched_name_tokens"": ""conformance|gestur|gesture|gestures|level|pointer"", ""scope_ok"": false}, ""match"": false}]",5860,876,193,,,,,,,,,,,CAND_002,wcag21_input_rule=2.5.1;level=A,False,False
EXT_E022,GENERAL_RULE_EXCEPTION,5,20260824,GENERATED,SELECTED,CAND_002,wcag21_input_rule=2.5.1;level=A,WCAG success criterion 2.5.1 has input modality rule status of level A conformance for Pointer Gestures,unique semantic candidate match,"[{""candidate_id"": ""CAND_001"", ""display_value"": ""wcag20_status=not_present"", ""evidence"": {""family"": ""exact_fallback""}, ""match"": false}, {""candidate_id"": ""CAND_002"", ""display_value"": ""wcag21_input_rule=2.5.1;level=A"", ""evidence"": {""change_ok"": false, ""code"": ""2.5.1"", ""expected_name_tokens"": ""conformance|gestur|gesture|gestures|level|pointer|represent|represented|should|what"", ""family"": ""wcag21_input_rule"", ""has_code"": true, ""has_level"": true, ""has_name"": true, ""has_wcag21"": false, ""has_wcag22"": false, ""input_ok"": true, ""level"": ""A"", ""matched_name_tokens"": ""conformance|gestur|gesture|gestures|level|pointer"", ""scope_ok"": false}, ""match"": true}, {""candidate_id"": ""CAND_003"", ""display_value"": ""wcag21_input_rule=2.5.1;level=AA"", ""evidence"": {""change_ok"": false, ""code"": ""2.5.1"", ""expected_name_tokens"": ""conformance|gestur|gesture|gestures|level|pointer|represent|represented|should|what"", ""family"": ""wcag21_input_rule"", ""has_code"": true, ""has_level"": false, ""has_name"": true, ""has_wcag21"": false, ""has_wcag22"": false, ""input_ok"": true, ""level"": ""AA"", ""matched_name_tokens"": ""conformance|gestur|gesture|gestures|level|pointer"", ""scope_ok"": false}, ""match"": false}]",7634,876,204,benchmark\external-real-v1\built\candidate-owls\EXT_E022\CAND_002.owl,1,1,True,CONSISTENT,478,True,True,True,,CAND_002,wcag21_input_rule=2.5.1;level=A,True,True
EXT_E023,GENERAL_RULE_EXCEPTION,1,20260820,GENERATED,SELECTED,CAND_002,wcag21_input_rule=2.5.2;level=A,WCAG success criterion 2.5.2 is added as a new input modality requirement at conformance level A.,unique semantic candidate match,"[{""candidate_id"": ""CAND_001"", ""display_value"": ""wcag20_status=not_present"", ""evidence"": {""family"": ""exact_fallback""}, ""match"": false}, {""candidate_id"": ""CAND_002"", ""display_value"": ""wcag21_input_rule=2.5.2;level=A"", ""evidence"": {""change_ok"": true, ""code"": ""2.5.2"", ""expected_name_tokens"": ""cancellation|conformance|level|pointer|represent|represented|should|what"", ""family"": ""wcag21_input_rule"", ""has_code"": true, ""has_level"": true, ""has_name"": true, ""has_wcag21"": false, ""has_wcag22"": false, ""input_ok"": true, ""level"": ""A"", ""matched_name_tokens"": ""conformance|level"", ""scope_ok"": false}, ""match"": true}, {""candidate_id"": ""CAND_003"", ""display_value"": ""wcag21_input_rule=2.5.2;level=AA"", ""evidence"": {""change_ok"": true, ""code"": ""2.5.2"", ""expected_name_tokens"": ""cancellation|conformance|level|pointer|represent|represented|should|what"", ""family"": ""wcag21_input_rule"", ""has_code"": true, ""has_level"": false, ""has_name"": true, ""has_wcag21"": false, ""has_wcag22"": false, ""input_ok"": true, ""level"": ""AA"", ""matched_name_tokens"": ""conformance|level"", ""scope_ok"": false}, ""match"": false}]",6819,876,230,benchmark\external-real-v1\built\candidate-owls\EXT_E023\CAND_002.owl,1,1,True,CONSISTENT,481,True,True,True,,CAND_002,wcag21_input_rule=2.5.2;level=A,True,True
EXT_E023,GENERAL_RULE_EXCEPTION,2,20260821,GENERATED,SELECTED,CAND_002,wcag21_input_rule=2.5.2;level=A,WCAG success criterion 2.5.2 Pointer Cancellation is added at level A,unique semantic candidate match,"[{""candidate_id"": ""CAND_001"", ""display_value"": ""wcag20_status=not_present"", ""evidence"": {""family"": ""exact_fallback""}, ""match"": false}, {""candidate_id"": ""CAND_002"", ""display_value"": ""wcag21_input_rule=2.5.2;level=A"", ""evidence"": {""change_ok"": true, ""code"": ""2.5.2"", ""expected_name_tokens"": ""cancellation|conformance|level|pointer|represent|represented|should|what"", ""family"": ""wcag21_input_rule"", ""has_code"": true, ""has_level"": true, ""has_name"": true, ""has_wcag21"": false, ""has_wcag22"": false, ""input_ok"": true, ""level"": ""A"", ""matched_name_tokens"": ""cancellation|level|pointer"", ""scope_ok"": false}, ""match"": true}, {""candidate_id"": ""CAND_003"", ""display_value"": ""wcag21_input_rule=2.5.2;level=AA"", ""evidence"": {""change_ok"": true, ""code"": ""2.5.2"", ""expected_name_tokens"": ""cancellation|conformance|level|pointer|represent|represented|should|what"", ""family"": ""wcag21_input_rule"", ""has_code"": true, ""has_level"": false, ""has_name"": true, ""has_wcag21"": false, ""has_wcag22"": false, ""input_ok"": true, ""level"": ""AA"", ""matched_name_tokens"": ""cancellation|level|pointer"", ""scope_ok"": false}, ""match"": false}]",7817,876,224,benchmark\external-real-v1\built\candidate-owls\EXT_E023\CAND_002.owl,1,1,True,CONSISTENT,481,True,True,True,,CAND_002,wcag21_input_rule=2.5.2;level=A,True,True
EXT_E023,GENERAL_RULE_EXCEPTION,3,20260822,GENERATED,SELECTED,CAND_002,wcag21_input_rule=2.5.2;level=A,WCAG 2.1 adds an input modality requirement for 2.5.2 Pointer Cancellation at level A,unique semantic candidate match,"[{""candidate_id"": ""CAND_001"", ""display_value"": ""wcag20_status=not_present"", ""evidence"": {""family"": ""exact_fallback""}, ""match"": false}, {""candidate_id"": ""CAND_002"", ""display_value"": ""wcag21_input_rule=2.5.2;level=A"", ""evidence"": {""change_ok"": false, ""code"": ""2.5.2"", ""expected_name_tokens"": ""cancellation|conformance|level|pointer|represent|represented|should|what"", ""family"": ""wcag21_input_rule"", ""has_code"": true, ""has_level"": true, ""has_name"": true, ""has_wcag21"": true, ""has_wcag22"": false, ""input_ok"": true, ""level"": ""A"", ""matched_name_tokens"": ""cancellation|level|pointer"", ""scope_ok"": false}, ""match"": true}, {""candidate_id"": ""CAND_003"", ""display_value"": ""wcag21_input_rule=2.5.2;level=AA"", ""evidence"": {""change_ok"": false, ""code"": ""2.5.2"", ""expected_name_tokens"": ""cancellation|conformance|level|pointer|represent|represented|should|what"", ""family"": ""wcag21_input_rule"", ""has_code"": true, ""has_level"": false, ""has_name"": true, ""has_wcag21"": true, ""has_wcag22"": false, ""input_ok"": true, ""level"": ""AA"", ""matched_name_tokens"": ""cancellation|level|pointer"", ""scope_ok"": false}, ""match"": false}]",10217,876,255,benchmark\external-real-v1\built\candidate-owls\EXT_E023\CAND_002.owl,1,1,True,CONSISTENT,481,True,True,True,,CAND_002,wcag21_input_rule=2.5.2;level=A,True,True
EXT_E023,GENERAL_RULE_EXCEPTION,4,20260823,GENERATED,SELECTED,CAND_002,wcag21_input_rule=2.5.2;level=A,WCAG 2.1 adds an input modality requirement for 2.5.2 Pointer Cancellation at level A,unique semantic candidate match,"[{""candidate_id"": ""CAND_001"", ""display_value"": ""wcag20_status=not_present"", ""evidence"": {""family"": ""exact_fallback""}, ""match"": false}, {""candidate_id"": ""CAND_002"", ""display_value"": ""wcag21_input_rule=2.5.2;level=A"", ""evidence"": {""change_ok"": false, ""code"": ""2.5.2"", ""expected_name_tokens"": ""cancellation|conformance|level|pointer|represent|represented|should|what"", ""family"": ""wcag21_input_rule"", ""has_code"": true, ""has_level"": true, ""has_name"": true, ""has_wcag21"": true, ""has_wcag22"": false, ""input_ok"": true, ""level"": ""A"", ""matched_name_tokens"": ""cancellation|level|pointer"", ""scope_ok"": false}, ""match"": true}, {""candidate_id"": ""CAND_003"", ""display_value"": ""wcag21_input_rule=2.5.2;level=AA"", ""evidence"": {""change_ok"": false, ""code"": ""2.5.2"", ""expected_name_tokens"": ""cancellation|conformance|level|pointer|represent|represented|should|what"", ""family"": ""wcag21_input_rule"", ""has_code"": true, ""has_level"": false, ""has_name"": true, ""has_wcag21"": true, ""has_wcag22"": false, ""input_ok"": true, ""level"": ""AA"", ""matched_name_tokens"": ""cancellation|level|pointer"", ""scope_ok"": false}, ""match"": false}]",9192,876,255,benchmark\external-real-v1\built\candidate-owls\EXT_E023\CAND_002.owl,1,1,True,CONSISTENT,481,True,True,True,,CAND_002,wcag21_input_rule=2.5.2;level=A,True,True
EXT_E023,GENERAL_RULE_EXCEPTION,5,20260824,GENERATED,SELECTED,CAND_002,wcag21_input_rule=2.5.2;level=A,WCAG success criterion 2.5.2 Pointer Cancellation is added at conformance level A.,unique semantic candidate match,"[{""candidate_id"": ""CAND_001"", ""display_value"": ""wcag20_status=not_present"", ""evidence"": {""family"": ""exact_fallback""}, ""match"": false}, {""candidate_id"": ""CAND_002"", ""display_value"": ""wcag21_input_rule=2.5.2;level=A"", ""evidence"": {""change_ok"": true, ""code"": ""2.5.2"", ""expected_name_tokens"": ""cancellation|conformance|level|pointer|represent|represented|should|what"", ""family"": ""wcag21_input_rule"", ""has_code"": true, ""has_level"": true, ""has_name"": true, ""has_wcag21"": false, ""has_wcag22"": false, ""input_ok"": true, ""level"": ""A"", ""matched_name_tokens"": ""cancellation|conformance|level|pointer"", ""scope_ok"": false}, ""match"": true}, {""candidate_id"": ""CAND_003"", ""display_value"": ""wcag21_input_rule=2.5.2;level=AA"", ""evidence"": {""change_ok"": true, ""code"": ""2.5.2"", ""expected_name_tokens"": ""cancellation|conformance|level|pointer|represent|represented|should|what"", ""family"": ""wcag21_input_rule"", ""has_code"": true, ""has_level"": false, ""has_name"": true, ""has_wcag21"": false, ""has_wcag22"": false, ""input_ok"": true, ""level"": ""AA"", ""matched_name_tokens"": ""cancellation|conformance|level|pointer"", ""scope_ok"": false}, ""match"": false}]",6922,876,226,benchmark\external-real-v1\built\candidate-owls\EXT_E023\CAND_002.owl,1,1,True,CONSISTENT,481,True,True,True,,CAND_002,wcag21_input_rule=2.5.2;level=A,True,True
EXT_E024,GENERAL_RULE_EXCEPTION,1,20260820,GENERATED,SELECTED,CAND_002,wcag21_input_rule=2.5.3;level=A,WCAG 2.1 adds an input modality requirement for 2.5.3 Label in Name at conformance level A.,unique semantic candidate match,"[{""candidate_id"": ""CAND_001"", ""display_value"": ""wcag20_status=not_present"", ""evidence"": {""family"": ""exact_fallback""}, ""match"": false}, {""candidate_id"": ""CAND_002"", ""display_value"": ""wcag21_input_rule=2.5.3;level=A"", ""evidence"": {""change_ok"": false, ""code"": ""2.5.3"", ""expected_name_tokens"": ""conformance|label|level|name|represent|represented|should|what"", ""family"": ""wcag21_input_rule"", ""has_code"": true, ""has_level"": true, ""has_name"": true, ""has_wcag21"": true, ""has_wcag22"": false, ""input_ok"": true, ""level"": ""A"", ""matched_name_tokens"": ""conformance|label|level|name"", ""scope_ok"": false}, ""match"": true}, {""candidate_id"": ""CAND_003"", ""display_value"": ""wcag21_input_rule=2.5.3;level=AA"", ""evidence"": {""change_ok"": false, ""code"": ""2.5.3"", ""expected_name_tokens"": ""conformance|label|level|name|represent|represented|should|what"", ""family"": ""wcag21_input_rule"", ""has_code"": true, ""has_level"": false, ""has_name"": true, ""has_wcag21"": true, ""has_wcag22"": false, ""input_ok"": true, ""level"": ""AA"", ""matched_name_tokens"": ""conformance|label|level|name"", ""scope_ok"": false}, ""match"": false}]",9214,876,302,benchmark\external-real-v1\built\candidate-owls\EXT_E024\CAND_002.owl,1,1,True,CONSISTENT,474,True,True,True,,CAND_002,wcag21_input_rule=2.5.3;level=A,True,True
EXT_E024,GENERAL_RULE_EXCEPTION,2,20260821,GENERATED,SELECTED,CAND_002,wcag21_input_rule=2.5.3;level=A,WCAG success criterion 2.5.3 Label in Name is added at conformance level A with an input modality requirement.,unique semantic candidate match,"[{""candidate_id"": ""CAND_001"", ""display_value"": ""wcag20_status=not_present"", ""evidence"": {""family"": ""exact_fallback""}, ""match"": false}, {""candidate_id"": ""CAND_002"", ""display_value"": ""wcag21_input_rule=2.5.3;level=A"", ""evidence"": {""change_ok"": true, ""code"": ""2.5.3"", ""expected_name_tokens"": ""conformance|label|level|name|represent|represented|should|what"", ""family"": ""wcag21_input_rule"", ""has_code"": true, ""has_level"": true, ""has_name"": true, ""has_wcag21"": false, ""has_wcag22"": false, ""input_ok"": true, ""level"": ""A"", ""matched_name_tokens"": ""conformance|label|level|name"", ""scope_ok"": false}, ""match"": true}, {""candidate_id"": ""CAND_003"", ""display_value"": ""wcag21_input_rule=2.5.3;level=AA"", ""evidence"": {""change_ok"": true, ""code"": ""2.5.3"", ""expected_name_tokens"": ""conformance|label|level|name|represent|represented|should|what"", ""family"": ""wcag21_input_rule"", ""has_code"": true, ""has_level"": false, ""has_name"": true, ""has_wcag21"": false, ""has_wcag22"": false, ""input_ok"": true, ""level"": ""AA"", ""matched_name_tokens"": ""conformance|label|level|name"", ""scope_ok"": false}, ""match"": false}]",7728,876,232,benchmark\external-real-v1\built\candidate-owls\EXT_E024\CAND_002.owl,1,1,True,CONSISTENT,474,True,True,True,,CAND_002,wcag21_input_rule=2.5.3;level=A,True,True
EXT_E024,GENERAL_RULE_EXCEPTION,3,20260822,GENERATED,SELECTED,CAND_002,wcag21_input_rule=2.5.3;level=A,WCAG success criterion 2.5.3 Label in Name is added at conformance level A with input modality requirement.,unique semantic candidate match,"[{""candidate_id"": ""CAND_001"", ""display_value"": ""wcag20_status=not_present"", ""evidence"": {""family"": ""exact_fallback""}, ""match"": false}, {""candidate_id"": ""CAND_002"", ""display_value"": ""wcag21_input_rule=2.5.3;level=A"", ""evidence"": {""change_ok"": true, ""code"": ""2.5.3"", ""expected_name_tokens"": ""conformance|label|level|name|represent|represented|should|what"", ""family"": ""wcag21_input_rule"", ""has_code"": true, ""has_level"": true, ""has_name"": true, ""has_wcag21"": false, ""has_wcag22"": false, ""input_ok"": true, ""level"": ""A"", ""matched_name_tokens"": ""conformance|label|level|name"", ""scope_ok"": false}, ""match"": true}, {""candidate_id"": ""CAND_003"", ""display_value"": ""wcag21_input_rule=2.5.3;level=AA"", ""evidence"": {""change_ok"": true, ""code"": ""2.5.3"", ""expected_name_tokens"": ""conformance|label|level|name|represent|represented|should|what"", ""family"": ""wcag21_input_rule"", ""has_code"": true, ""has_level"": false, ""has_name"": true, ""has_wcag21"": false, ""has_wcag22"": false, ""input_ok"": true, ""level"": ""AA"", ""matched_name_tokens"": ""conformance|label|level|name"", ""scope_ok"": false}, ""match"": false}]",7206,876,231,benchmark\external-real-v1\built\candidate-owls\EXT_E024\CAND_002.owl,1,1,True,CONSISTENT,474,True,True,True,,CAND_002,wcag21_input_rule=2.5.3;level=A,True,True
EXT_E024,GENERAL_RULE_EXCEPTION,4,20260823,GENERATED,SELECTED,CAND_002,wcag21_input_rule=2.5.3;level=A,WCAG success criterion 2.5.3 is added as an input modality requirement at conformance level A,unique semantic candidate match,"[{""candidate_id"": ""CAND_001"", ""display_value"": ""wcag20_status=not_present"", ""evidence"": {""family"": ""exact_fallback""}, ""match"": false}, {""candidate_id"": ""CAND_002"", ""display_value"": ""wcag21_input_rule=2.5.3;level=A"", ""evidence"": {""change_ok"": true, ""code"": ""2.5.3"", ""expected_name_tokens"": ""conformance|label|level|name|represent|represented|should|what"", ""family"": ""wcag21_input_rule"", ""has_code"": true, ""has_level"": true, ""has_name"": true, ""has_wcag21"": false, ""has_wcag22"": false, ""input_ok"": true, ""level"": ""A"", ""matched_name_tokens"": ""conformance|level"", ""scope_ok"": false}, ""match"": true}, {""candidate_id"": ""CAND_003"", ""display_value"": ""wcag21_input_rule=2.5.3;level=AA"", ""evidence"": {""change_ok"": true, ""code"": ""2.5.3"", ""expected_name_tokens"": ""conformance|label|level|name|represent|represented|should|what"", ""family"": ""wcag21_input_rule"", ""has_code"": true, ""has_level"": false, ""has_name"": true, ""has_wcag21"": false, ""has_wcag22"": false, ""input_ok"": true, ""level"": ""AA"", ""matched_name_tokens"": ""conformance|level"", ""scope_ok"": false}, ""match"": false}]",7077,876,229,benchmark\external-real-v1\built\candidate-owls\EXT_E024\CAND_002.owl,1,1,True,CONSISTENT,474,True,True,True,,CAND_002,wcag21_input_rule=2.5.3;level=A,True,True
EXT_E024,GENERAL_RULE_EXCEPTION,5,20260824,GENERATED,SELECTED,CAND_002,wcag21_input_rule=2.5.3;level=A,WCAG 2.1 adds an input modality requirement for 2.5.3 Label in Name at conformance level A.,unique semantic candidate match,"[{""candidate_id"": ""CAND_001"", ""display_value"": ""wcag20_status=not_present"", ""evidence"": {""family"": ""exact_fallback""}, ""match"": false}, {""candidate_id"": ""CAND_002"", ""display_value"": ""wcag21_input_rule=2.5.3;level=A"", ""evidence"": {""change_ok"": false, ""code"": ""2.5.3"", ""expected_name_tokens"": ""conformance|label|level|name|represent|represented|should|what"", ""family"": ""wcag21_input_rule"", ""has_code"": true, ""has_level"": true, ""has_name"": true, ""has_wcag21"": true, ""has_wcag22"": false, ""input_ok"": true, ""level"": ""A"", ""matched_name_tokens"": ""conformance|label|level|name"", ""scope_ok"": false}, ""match"": true}, {""candidate_id"": ""CAND_003"", ""display_value"": ""wcag21_input_rule=2.5.3;level=AA"", ""evidence"": {""change_ok"": false, ""code"": ""2.5.3"", ""expected_name_tokens"": ""conformance|label|level|name|represent|represented|should|what"", ""family"": ""wcag21_input_rule"", ""has_code"": true, ""has_level"": false, ""has_name"": true, ""has_wcag21"": true, ""has_wcag22"": false, ""input_ok"": true, ""level"": ""AA"", ""matched_name_tokens"": ""conformance|label|level|name"", ""scope_ok"": false}, ""match"": false}]",11892,876,303,benchmark\external-real-v1\built\candidate-owls\EXT_E024\CAND_002.owl,1,1,True,CONSISTENT,474,True,True,True,,CAND_002,wcag21_input_rule=2.5.3;level=A,True,True
EXT_E025,GENERAL_RULE_EXCEPTION,1,20260820,GENERATED,SELECTED,CAND_002,risk_management_text=updated_context_setting,Updates text and context setting for risk management.,unique semantic candidate match,"[{""candidate_id"": ""CAND_001"", ""display_value"": ""nist63_3_status=not_integrated"", ""evidence"": {""family"": ""exact_fallback""}, ""match"": false}, {""candidate_id"": ""CAND_002"", ""display_value"": ""risk_management_text=updated_context_setting"", ""evidence"": {""expected_tokens"": ""context|management|risk|setting|text|update"", ""family"": ""nist_revision_change"", ""matched_count"": 6, ""matched_tokens"": ""context|management|risk|setting|text|update"", ""required_count"": 6}, ""match"": true}, {""candidate_id"": ""CAND_003"", ""display_value"": ""risk_management_context=deferred_to_future_revision"", ""evidence"": {""family"": ""exact_fallback""}, ""match"": false}]",6139,908,202,benchmark\external-real-v1\built\candidate-owls\EXT_E025\CAND_002.owl,1,1,True,CONSISTENT,484,True,True,True,,CAND_002,risk_management_text=updated_context_setting,True,True
EXT_E025,GENERAL_RULE_EXCEPTION,2,20260821,GENERATED,SELECTED,CAND_002,risk_management_text=updated_context_setting,Updates text and context setting for risk management.,unique semantic candidate match,"[{""candidate_id"": ""CAND_001"", ""display_value"": ""nist63_3_status=not_integrated"", ""evidence"": {""family"": ""exact_fallback""}, ""match"": false}, {""candidate_id"": ""CAND_002"", ""display_value"": ""risk_management_text=updated_context_setting"", ""evidence"": {""expected_tokens"": ""context|management|risk|setting|text|update"", ""family"": ""nist_revision_change"", ""matched_count"": 6, ""matched_tokens"": ""context|management|risk|setting|text|update"", ""required_count"": 6}, ""match"": true}, {""candidate_id"": ""CAND_003"", ""display_value"": ""risk_management_context=deferred_to_future_revision"", ""evidence"": {""family"": ""exact_fallback""}, ""match"": false}]",5437,908,202,benchmark\external-real-v1\built\candidate-owls\EXT_E025\CAND_002.owl,1,1,True,CONSISTENT,484,True,True,True,,CAND_002,risk_management_text=updated_context_setting,True,True
EXT_E025,GENERAL_RULE_EXCEPTION,3,20260822,GENERATED,SELECTED,CAND_002,risk_management_text=updated_context_setting,Updates text and context setting for risk management.,unique semantic candidate match,"[{""candidate_id"": ""CAND_001"", ""display_value"": ""nist63_3_status=not_integrated"", ""evidence"": {""family"": ""exact_fallback""}, ""match"": false}, {""candidate_id"": ""CAND_002"", ""display_value"": ""risk_management_text=updated_context_setting"", ""evidence"": {""expected_tokens"": ""context|management|risk|setting|text|update"", ""family"": ""nist_revision_change"", ""matched_count"": 6, ""matched_tokens"": ""context|management|risk|setting|text|update"", ""required_count"": 6}, ""match"": true}, {""candidate_id"": ""CAND_003"", ""display_value"": ""risk_management_context=deferred_to_future_revision"", ""evidence"": {""family"": ""exact_fallback""}, ""match"": false}]",7235,908,202,benchmark\external-real-v1\built\candidate-owls\EXT_E025\CAND_002.owl,1,1,True,CONSISTENT,484,True,True,True,,CAND_002,risk_management_text=updated_context_setting,True,True
EXT_E025,GENERAL_RULE_EXCEPTION,4,20260823,GENERATED,SELECTED,CAND_002,risk_management_text=updated_context_setting,Updates text and context setting for risk management.,unique semantic candidate match,"[{""candidate_id"": ""CAND_001"", ""display_value"": ""nist63_3_status=not_integrated"", ""evidence"": {""family"": ""exact_fallback""}, ""match"": false}, {""candidate_id"": ""CAND_002"", ""display_value"": ""risk_management_text=updated_context_setting"", ""evidence"": {""expected_tokens"": ""context|management|risk|setting|text|update"", ""family"": ""nist_revision_change"", ""matched_count"": 6, ""matched_tokens"": ""context|management|risk|setting|text|update"", ""required_count"": 6}, ""match"": true}, {""candidate_id"": ""CAND_003"", ""display_value"": ""risk_management_context=deferred_to_future_revision"", ""evidence"": {""family"": ""exact_fallback""}, ""match"": false}]",8175,908,202,benchmark\external-real-v1\built\candidate-owls\EXT_E025\CAND_002.owl,1,1,True,CONSISTENT,484,True,True,True,,CAND_002,risk_management_text=updated_context_setting,True,True
EXT_E025,GENERAL_RULE_EXCEPTION,5,20260824,GENERATED,SELECTED,CAND_002,risk_management_text=updated_context_setting,Updates text and context setting for risk management,unique semantic candidate match,"[{""candidate_id"": ""CAND_001"", ""display_value"": ""nist63_3_status=not_integrated"", ""evidence"": {""family"": ""exact_fallback""}, ""match"": false}, {""candidate_id"": ""CAND_002"", ""display_value"": ""risk_management_text=updated_context_setting"", ""evidence"": {""expected_tokens"": ""context|management|risk|setting|text|update"", ""family"": ""nist_revision_change"", ""matched_count"": 6, ""matched_tokens"": ""context|management|risk|setting|text|update"", ""required_count"": 6}, ""match"": true}, {""candidate_id"": ""CAND_003"", ""display_value"": ""risk_management_context=deferred_to_future_revision"", ""evidence"": {""family"": ""exact_fallback""}, ""match"": false}]",8499,908,202,benchmark\external-real-v1\built\candidate-owls\EXT_E025\CAND_002.owl,1,1,True,CONSISTENT,484,True,True,True,,CAND_002,risk_management_text=updated_context_setting,True,True
EXT_E026,GENERAL_RULE_EXCEPTION,1,20260820,GENERATED,SELECTED,CAND_002,continuous_evaluation_metrics=recommended_added,The NIST SP 800-63-4 Revision 4 final release (July 2025) introduces recommended continuous evaluation metrics as a substantial content change.,unique semantic candidate match,"[{""candidate_id"": ""CAND_001"", ""display_value"": ""nist63_3_status=not_integrated"", ""evidence"": {""family"": ""exact_fallback""}, ""match"": false}, {""candidate_id"": ""CAND_002"", ""display_value"": ""continuous_evaluation_metrics=recommended_added"", ""evidence"": {""expected_tokens"": ""continuous|evaluation|metrics|recommend"", ""family"": ""nist_revision_change"", ""matched_count"": 4, ""matched_tokens"": ""continuous|evaluation|metrics|recommend"", ""required_count"": 4}, ""match"": true}, {""candidate_id"": ""CAND_003"", ""display_value"": ""continuous_evaluation_metrics=deferred_to_future_revision"", ""evidence"": {""family"": ""exact_fallback""}, ""match"": false}]",7846,902,227,benchmark\external-real-v1\built\candidate-owls\EXT_E026\CAND_002.owl,1,1,True,CONSISTENT,475,True,True,True,,CAND_002,continuous_evaluation_metrics=recommended_added,True,True
EXT_E026,GENERAL_RULE_EXCEPTION,2,20260821,GENERATED,SELECTED,CAND_002,continuous_evaluation_metrics=recommended_added,"NIST SP 800-63-4 Revision 4 (final, July 2025) adds recommended continuous evaluation metrics.",unique semantic candidate match,"[{""candidate_id"": ""CAND_001"", ""display_value"": ""nist63_3_status=not_integrated"", ""evidence"": {""family"": ""exact_fallback""}, ""match"": false}, {""candidate_id"": ""CAND_002"", ""display_value"": ""continuous_evaluation_metrics=recommended_added"", ""evidence"": {""expected_tokens"": ""continuous|evaluation|metrics|recommend"", ""family"": ""nist_revision_change"", ""matched_count"": 4, ""matched_tokens"": ""continuous|evaluation|metrics|recommend"", ""required_count"": 4}, ""match"": true}, {""candidate_id"": ""CAND_003"", ""display_value"": ""continuous_evaluation_metrics=deferred_to_future_revision"", ""evidence"": {""family"": ""exact_fallback""}, ""match"": false}]",6689,902,221,benchmark\external-real-v1\built\candidate-owls\EXT_E026\CAND_002.owl,1,1,True,CONSISTENT,475,True,True,True,,CAND_002,continuous_evaluation_metrics=recommended_added,True,True
EXT_E026,GENERAL_RULE_EXCEPTION,3,20260822,GENERATED,SELECTED,CAND_002,continuous_evaluation_metrics=recommended_added,Adds recommended continuous evaluation metrics,unique semantic candidate match,"[{""candidate_id"": ""CAND_001"", ""display_value"": ""nist63_3_status=not_integrated"", ""evidence"": {""family"": ""exact_fallback""}, ""match"": false}, {""candidate_id"": ""CAND_002"", ""display_value"": ""continuous_evaluation_metrics=recommended_added"", ""evidence"": {""expected_tokens"": ""continuous|evaluation|metrics|recommend"", ""family"": ""nist_revision_change"", ""matched_count"": 4, ""matched_tokens"": ""continuous|evaluation|metrics|recommend"", ""required_count"": 4}, ""match"": true}, {""candidate_id"": ""CAND_003"", ""display_value"": ""continuous_evaluation_metrics=deferred_to_future_revision"", ""evidence"": {""family"": ""exact_fallback""}, ""match"": false}]",5664,902,182,benchmark\external-real-v1\built\candidate-owls\EXT_E026\CAND_002.owl,1,1,True,CONSISTENT,475,True,True,True,,CAND_002,continuous_evaluation_metrics=recommended_added,True,True
EXT_E026,GENERAL_RULE_EXCEPTION,4,20260823,GENERATED,SELECTED,CAND_002,continuous_evaluation_metrics=recommended_added,Adds recommended continuous evaluation metrics.,unique semantic candidate match,"[{""candidate_id"": ""CAND_001"", ""display_value"": ""nist63_3_status=not_integrated"", ""evidence"": {""family"": ""exact_fallback""}, ""match"": false}, {""candidate_id"": ""CAND_002"", ""display_value"": ""continuous_evaluation_metrics=recommended_added"", ""evidence"": {""expected_tokens"": ""continuous|evaluation|metrics|recommend"", ""family"": ""nist_revision_change"", ""matched_count"": 4, ""matched_tokens"": ""continuous|evaluation|metrics|recommend"", ""required_count"": 4}, ""match"": true}, {""candidate_id"": ""CAND_003"", ""display_value"": ""continuous_evaluation_metrics=deferred_to_future_revision"", ""evidence"": {""family"": ""exact_fallback""}, ""match"": false}]",5998,902,196,benchmark\external-real-v1\built\candidate-owls\EXT_E026\CAND_002.owl,1,1,True,CONSISTENT,475,True,True,True,,CAND_002,continuous_evaluation_metrics=recommended_added,True,True
EXT_E026,GENERAL_RULE_EXCEPTION,5,20260824,GENERATED,SELECTED,CAND_002,continuous_evaluation_metrics=recommended_added,Adds recommended continuous evaluation metrics,unique semantic candidate match,"[{""candidate_id"": ""CAND_001"", ""display_value"": ""nist63_3_status=not_integrated"", ""evidence"": {""family"": ""exact_fallback""}, ""match"": false}, {""candidate_id"": ""CAND_002"", ""display_value"": ""continuous_evaluation_metrics=recommended_added"", ""evidence"": {""expected_tokens"": ""continuous|evaluation|metrics|recommend"", ""family"": ""nist_revision_change"", ""matched_count"": 4, ""matched_tokens"": ""continuous|evaluation|metrics|recommend"", ""required_count"": 4}, ""match"": true}, {""candidate_id"": ""CAND_003"", ""display_value"": ""continuous_evaluation_metrics=deferred_to_future_revision"", ""evidence"": {""family"": ""exact_fallback""}, ""match"": false}]",6857,902,217,benchmark\external-real-v1\built\candidate-owls\EXT_E026\CAND_002.owl,1,1,True,CONSISTENT,475,True,True,True,,CAND_002,continuous_evaluation_metrics=recommended_added,True,True
EXT_E027,GENERAL_RULE_EXCEPTION,1,20260820,GENERATED,SELECTED,CAND_002,fraud_requirements=expanded_identity_proofing,Expands fraud requirements and recommendations for identity proofing processes.,unique semantic candidate match,"[{""candidate_id"": ""CAND_001"", ""display_value"": ""nist63_3_status=not_integrated"", ""evidence"": {""family"": ""exact_fallback""}, ""match"": false}, {""candidate_id"": ""CAND_002"", ""display_value"": ""fraud_requirements=expanded_identity_proofing"", ""evidence"": {""expected_tokens"": ""expand|fraud|identity|proofing|requirement"", ""family"": ""nist_revision_change"", ""matched_count"": 5, ""matched_tokens"": ""expand|fraud|identity|proofing|requirement"", ""required_count"": 5}, ""match"": true}, {""candidate_id"": ""CAND_003"", ""display_value"": ""fraud_requirements_identity_proofing=deferred_to_future_revision"", ""evidence"": {""family"": ""exact_fallback""}, ""match"": false}]",8222,920,235,benchmark\external-real-v1\built\candidate-owls\EXT_E027\CAND_002.owl,1,1,True,CONSISTENT,475,True,True,True,,CAND_002,fraud_requirements=expanded_identity_proofing,True,True
EXT_E027,GENERAL_RULE_EXCEPTION,2,20260821,GENERATED,SELECTED,CAND_002,fraud_requirements=expanded_identity_proofing,Expands fraud requirements and recommendations for identity proofing processes,unique semantic candidate match,"[{""candidate_id"": ""CAND_001"", ""display_value"": ""nist63_3_status=not_integrated"", ""evidence"": {""family"": ""exact_fallback""}, ""match"": false}, {""candidate_id"": ""CAND_002"", ""display_value"": ""fraud_requirements=expanded_identity_proofing"", ""evidence"": {""expected_tokens"": ""expand|fraud|identity|proofing|requirement"", ""family"": ""nist_revision_change"", ""matched_count"": 5, ""matched_tokens"": ""expand|fraud|identity|proofing|requirement"", ""required_count"": 5}, ""match"": true}, {""candidate_id"": ""CAND_003"", ""display_value"": ""fraud_requirements_identity_proofing=deferred_to_future_revision"", ""evidence"": {""family"": ""exact_fallback""}, ""match"": false}]",7531,920,234,benchmark\external-real-v1\built\candidate-owls\EXT_E027\CAND_002.owl,1,1,True,CONSISTENT,475,True,True,True,,CAND_002,fraud_requirements=expanded_identity_proofing,True,True
EXT_E027,GENERAL_RULE_EXCEPTION,3,20260822,GENERATED,SELECTED,CAND_002,fraud_requirements=expanded_identity_proofing,Expands fraud requirements and recommendations for identity proofing processes.,unique semantic candidate match,"[{""candidate_id"": ""CAND_001"", ""display_value"": ""nist63_3_status=not_integrated"", ""evidence"": {""family"": ""exact_fallback""}, ""match"": false}, {""candidate_id"": ""CAND_002"", ""display_value"": ""fraud_requirements=expanded_identity_proofing"", ""evidence"": {""expected_tokens"": ""expand|fraud|identity|proofing|requirement"", ""family"": ""nist_revision_change"", ""matched_count"": 5, ""matched_tokens"": ""expand|fraud|identity|proofing|requirement"", ""required_count"": 5}, ""match"": true}, {""candidate_id"": ""CAND_003"", ""display_value"": ""fraud_requirements_identity_proofing=deferred_to_future_revision"", ""evidence"": {""family"": ""exact_fallback""}, ""match"": false}]",7346,920,234,benchmark\external-real-v1\built\candidate-owls\EXT_E027\CAND_002.owl,1,1,True,CONSISTENT,475,True,True,True,,CAND_002,fraud_requirements=expanded_identity_proofing,True,True
EXT_E027,GENERAL_RULE_EXCEPTION,4,20260823,GENERATED,SELECTED,CAND_002,fraud_requirements=expanded_identity_proofing,The NIST SP 800-63-4 fraud requirements and recommendations for identity proofing processes were expanded in the July 2025 final release.,unique semantic candidate match,"[{""candidate_id"": ""CAND_001"", ""display_value"": ""nist63_3_status=not_integrated"", ""evidence"": {""family"": ""exact_fallback""}, ""match"": false}, {""candidate_id"": ""CAND_002"", ""display_value"": ""fraud_requirements=expanded_identity_proofing"", ""evidence"": {""expected_tokens"": ""expand|fraud|identity|proofing|requirement"", ""family"": ""nist_revision_change"", ""matched_count"": 5, ""matched_tokens"": ""expand|fraud|identity|proofing|requirement"", ""required_count"": 5}, ""match"": true}, {""candidate_id"": ""CAND_003"", ""display_value"": ""fraud_requirements_identity_proofing=deferred_to_future_revision"", ""evidence"": {""family"": ""exact_fallback""}, ""match"": false}]",7603,920,236,benchmark\external-real-v1\built\candidate-owls\EXT_E027\CAND_002.owl,1,1,True,CONSISTENT,475,True,True,True,,CAND_002,fraud_requirements=expanded_identity_proofing,True,True
EXT_E027,GENERAL_RULE_EXCEPTION,5,20260824,GENERATED,SELECTED,CAND_002,fraud_requirements=expanded_identity_proofing,The NIST SP 800-63-4 fraud requirements and recommendations for identity proofing processes are expanded as of the July 2025 final release.,unique semantic candidate match,"[{""candidate_id"": ""CAND_001"", ""display_value"": ""nist63_3_status=not_integrated"", ""evidence"": {""family"": ""exact_fallback""}, ""match"": false}, {""candidate_id"": ""CAND_002"", ""display_value"": ""fraud_requirements=expanded_identity_proofing"", ""evidence"": {""expected_tokens"": ""expand|fraud|identity|proofing|requirement"", ""family"": ""nist_revision_change"", ""matched_count"": 5, ""matched_tokens"": ""expand|fraud|identity|proofing|requirement"", ""required_count"": 5}, ""match"": true}, {""candidate_id"": ""CAND_003"", ""display_value"": ""fraud_requirements_identity_proofing=deferred_to_future_revision"", ""evidence"": {""family"": ""exact_fallback""}, ""match"": false}]",7236,920,237,benchmark\external-real-v1\built\candidate-owls\EXT_E027\CAND_002.owl,1,1,True,CONSISTENT,475,True,True,True,,CAND_002,fraud_requirements=expanded_identity_proofing,True,True
EXT_E028,GENERAL_RULE_EXCEPTION,1,20260820,GENERATED,SELECTED,CAND_002,identity_proofing_controls=restructured_roles_and_types,"The NIST SP 800-63-4 identity_proofing_roles_types underwent a revision change status in July 2025, resulting in a restructured definition of identity proofing controls to better define roles and types.",unique semantic candidate match,"[{""candidate_id"": ""CAND_001"", ""display_value"": ""nist63_3_status=not_integrated"", ""evidence"": {""family"": ""exact_fallback""}, ""match"": false}, {""candidate_id"": ""CAND_002"", ""display_value"": ""identity_proofing_controls=restructured_roles_and_types"", ""evidence"": {""expected_tokens"": ""control|identity|proofing|restructure|role|type"", ""family"": ""nist_revision_change"", ""matched_count"": 6, ""matched_tokens"": ""control|identity|proofing|restructure|role|type"", ""required_count"": 6}, ""match"": true}, {""candidate_id"": ""CAND_003"", ""display_value"": ""identity_proofing_roles_types=deferred_to_future_revision"", ""evidence"": {""family"": ""exact_fallback""}, ""match"": false}]",9091,934,254,benchmark\external-real-v1\built\candidate-owls\EXT_E028\CAND_002.owl,1,1,True,CONSISTENT,488,True,True,True,,CAND_002,identity_proofing_controls=restructured_roles_and_types,True,True
EXT_E028,GENERAL_RULE_EXCEPTION,2,20260821,GENERATED,SELECTED,CAND_002,identity_proofing_controls=restructured_roles_and_types,The identity proofing controls are restructured to better define roles and types of identity proofing as per the July 2025 final release of NIST SP 800-63-4 Revision 4.,unique semantic candidate match,"[{""candidate_id"": ""CAND_001"", ""display_value"": ""nist63_3_status=not_integrated"", ""evidence"": {""family"": ""exact_fallback""}, ""match"": false}, {""candidate_id"": ""CAND_002"", ""display_value"": ""identity_proofing_controls=restructured_roles_and_types"", ""evidence"": {""expected_tokens"": ""control|identity|proofing|restructure|role|type"", ""family"": ""nist_revision_change"", ""matched_count"": 6, ""matched_tokens"": ""control|identity|proofing|restructure|role|type"", ""required_count"": 6}, ""match"": true}, {""candidate_id"": ""CAND_003"", ""display_value"": ""identity_proofing_roles_types=deferred_to_future_revision"", ""evidence"": {""family"": ""exact_fallback""}, ""match"": false}]",8119,934,251,benchmark\external-real-v1\built\candidate-owls\EXT_E028\CAND_002.owl,1,1,True,CONSISTENT,488,True,True,True,,CAND_002,identity_proofing_controls=restructured_roles_and_types,True,True
EXT_E028,GENERAL_RULE_EXCEPTION,3,20260822,GENERATED,SELECTED,CAND_002,identity_proofing_controls=restructured_roles_and_types,"The NIST SP 800-63-4 identity_proofing_roles_types underwent a revision change status where the controls were restructured to better define roles and types of identity proofing, effective upon the July 2025 final release.",unique semantic candidate match,"[{""candidate_id"": ""CAND_001"", ""display_value"": ""nist63_3_status=not_integrated"", ""evidence"": {""family"": ""exact_fallback""}, ""match"": false}, {""candidate_id"": ""CAND_002"", ""display_value"": ""identity_proofing_controls=restructured_roles_and_types"", ""evidence"": {""expected_tokens"": ""control|identity|proofing|restructure|role|type"", ""family"": ""nist_revision_change"", ""matched_count"": 6, ""matched_tokens"": ""control|identity|proofing|restructure|role|type"", ""required_count"": 6}, ""match"": true}, {""candidate_id"": ""CAND_003"", ""display_value"": ""identity_proofing_roles_types=deferred_to_future_revision"", ""evidence"": {""family"": ""exact_fallback""}, ""match"": false}]",7968,934,257,benchmark\external-real-v1\built\candidate-owls\EXT_E028\CAND_002.owl,1,1,True,CONSISTENT,488,True,True,True,,CAND_002,identity_proofing_controls=restructured_roles_and_types,True,True
EXT_E028,GENERAL_RULE_EXCEPTION,4,20260823,GENERATED,SELECTED,CAND_002,identity_proofing_controls=restructured_roles_and_types,Restructures the identity proofing controls to better define roles and types of identity proofing.,unique semantic candidate match,"[{""candidate_id"": ""CAND_001"", ""display_value"": ""nist63_3_status=not_integrated"", ""evidence"": {""family"": ""exact_fallback""}, ""match"": false}, {""candidate_id"": ""CAND_002"", ""display_value"": ""identity_proofing_controls=restructured_roles_and_types"", ""evidence"": {""expected_tokens"": ""control|identity|proofing|restructure|role|type"", ""family"": ""nist_revision_change"", ""matched_count"": 6, ""matched_tokens"": ""control|identity|proofing|restructure|role|type"", ""required_count"": 6}, ""match"": true}, {""candidate_id"": ""CAND_003"", ""display_value"": ""identity_proofing_roles_types=deferred_to_future_revision"", ""evidence"": {""family"": ""exact_fallback""}, ""match"": false}]",7260,934,224,benchmark\external-real-v1\built\candidate-owls\EXT_E028\CAND_002.owl,1,1,True,CONSISTENT,488,True,True,True,,CAND_002,identity_proofing_controls=restructured_roles_and_types,True,True
EXT_E028,GENERAL_RULE_EXCEPTION,5,20260824,GENERATED,SELECTED,CAND_002,identity_proofing_controls=restructured_roles_and_types,Restructures the identity proofing controls to better define roles and types of identity proofing.,unique semantic candidate match,"[{""candidate_id"": ""CAND_001"", ""display_value"": ""nist63_3_status=not_integrated"", ""evidence"": {""family"": ""exact_fallback""}, ""match"": false}, {""candidate_id"": ""CAND_002"", ""display_value"": ""identity_proofing_controls=restructured_roles_and_types"", ""evidence"": {""expected_tokens"": ""control|identity|proofing|restructure|role|type"", ""family"": ""nist_revision_change"", ""matched_count"": 6, ""matched_tokens"": ""control|identity|proofing|restructure|role|type"", ""required_count"": 6}, ""match"": true}, {""candidate_id"": ""CAND_003"", ""display_value"": ""identity_proofing_roles_types=deferred_to_future_revision"", ""evidence"": {""family"": ""exact_fallback""}, ""match"": false}]",7133,934,224,benchmark\external-real-v1\built\candidate-owls\EXT_E028\CAND_002.owl,1,1,True,CONSISTENT,488,True,True,True,,CAND_002,identity_proofing_controls=restructured_roles_and_types,True,True
EXT_E029,GENERAL_RULE_EXCEPTION,1,20260820,GENERATED,SELECTED,CAND_002,controls_added=injection_attacks_and_forged_media,Adds controls for addressing injection attacks and forged media,unique semantic candidate match,"[{""candidate_id"": ""CAND_001"", ""display_value"": ""nist63_3_status=not_integrated"", ""evidence"": {""family"": ""exact_fallback""}, ""match"": false}, {""candidate_id"": ""CAND_002"", ""display_value"": ""controls_added=injection_attacks_and_forged_media"", ""evidence"": {""expected_tokens"": ""attack|control|forged|injection|media"", ""family"": ""nist_revision_change"", ""matched_count"": 5, ""matched_tokens"": ""attack|control|forged|injection|media"", ""required_count"": 5}, ""match"": true}, {""candidate_id"": ""CAND_003"", ""display_value"": ""injection_attacks_forged_media=deferred_to_future_revision"", ""evidence"": {""family"": ""exact_fallback""}, ""match"": false}]",6976,922,184,benchmark\external-real-v1\built\candidate-owls\EXT_E029\CAND_002.owl,1,1,True,CONSISTENT,477,True,True,True,,CAND_002,controls_added=injection_attacks_and_forged_media,True,True
EXT_E029,GENERAL_RULE_EXCEPTION,2,20260821,GENERATED,SELECTED,CAND_002,controls_added=injection_attacks_and_forged_media,Adds controls for addressing injection attacks and forged media.,unique semantic candidate match,"[{""candidate_id"": ""CAND_001"", ""display_value"": ""nist63_3_status=not_integrated"", ""evidence"": {""family"": ""exact_fallback""}, ""match"": false}, {""candidate_id"": ""CAND_002"", ""display_value"": ""controls_added=injection_attacks_and_forged_media"", ""evidence"": {""expected_tokens"": ""attack|control|forged|injection|media"", ""family"": ""nist_revision_change"", ""matched_count"": 5, ""matched_tokens"": ""attack|control|forged|injection|media"", ""required_count"": 5}, ""match"": true}, {""candidate_id"": ""CAND_003"", ""display_value"": ""injection_attacks_forged_media=deferred_to_future_revision"", ""evidence"": {""family"": ""exact_fallback""}, ""match"": false}]",6821,922,208,benchmark\external-real-v1\built\candidate-owls\EXT_E029\CAND_002.owl,1,1,True,CONSISTENT,477,True,True,True,,CAND_002,controls_added=injection_attacks_and_forged_media,True,True
EXT_E029,GENERAL_RULE_EXCEPTION,3,20260822,GENERATED,SELECTED,CAND_002,controls_added=injection_attacks_and_forged_media,Adds controls for addressing injection attacks and forged media,unique semantic candidate match,"[{""candidate_id"": ""CAND_001"", ""display_value"": ""nist63_3_status=not_integrated"", ""evidence"": {""family"": ""exact_fallback""}, ""match"": false}, {""candidate_id"": ""CAND_002"", ""display_value"": ""controls_added=injection_attacks_and_forged_media"", ""evidence"": {""expected_tokens"": ""attack|control|forged|injection|media"", ""family"": ""nist_revision_change"", ""matched_count"": 5, ""matched_tokens"": ""attack|control|forged|injection|media"", ""required_count"": 5}, ""match"": true}, {""candidate_id"": ""CAND_003"", ""display_value"": ""injection_attacks_forged_media=deferred_to_future_revision"", ""evidence"": {""family"": ""exact_fallback""}, ""match"": false}]",5988,922,184,benchmark\external-real-v1\built\candidate-owls\EXT_E029\CAND_002.owl,1,1,True,CONSISTENT,477,True,True,True,,CAND_002,controls_added=injection_attacks_and_forged_media,True,True
EXT_E029,GENERAL_RULE_EXCEPTION,4,20260823,GENERATED,SELECTED,CAND_002,controls_added=injection_attacks_and_forged_media,Adds controls for addressing injection attacks and forged media.,unique semantic candidate match,"[{""candidate_id"": ""CAND_001"", ""display_value"": ""nist63_3_status=not_integrated"", ""evidence"": {""family"": ""exact_fallback""}, ""match"": false}, {""candidate_id"": ""CAND_002"", ""display_value"": ""controls_added=injection_attacks_and_forged_media"", ""evidence"": {""expected_tokens"": ""attack|control|forged|injection|media"", ""family"": ""nist_revision_change"", ""matched_count"": 5, ""matched_tokens"": ""attack|control|forged|injection|media"", ""required_count"": 5}, ""match"": true}, {""candidate_id"": ""CAND_003"", ""display_value"": ""injection_attacks_forged_media=deferred_to_future_revision"", ""evidence"": {""family"": ""exact_fallback""}, ""match"": false}]",6605,922,208,benchmark\external-real-v1\built\candidate-owls\EXT_E029\CAND_002.owl,1,1,True,CONSISTENT,477,True,True,True,,CAND_002,controls_added=injection_attacks_and_forged_media,True,True
EXT_E029,GENERAL_RULE_EXCEPTION,5,20260824,GENERATED,SELECTED,CAND_002,controls_added=injection_attacks_and_forged_media,exception_effect equals Adds controls for addressing injection attacks and forged media,unique semantic candidate match,"[{""candidate_id"": ""CAND_001"", ""display_value"": ""nist63_3_status=not_integrated"", ""evidence"": {""family"": ""exact_fallback""}, ""match"": false}, {""candidate_id"": ""CAND_002"", ""display_value"": ""controls_added=injection_attacks_and_forged_media"", ""evidence"": {""expected_tokens"": ""attack|control|forged|injection|media"", ""family"": ""nist_revision_change"", ""matched_count"": 5, ""matched_tokens"": ""attack|control|forged|injection|media"", ""required_count"": 5}, ""match"": true}, {""candidate_id"": ""CAND_003"", ""display_value"": ""injection_attacks_forged_media=deferred_to_future_revision"", ""evidence"": {""family"": ""exact_fallback""}, ""match"": false}]",8831,922,289,benchmark\external-real-v1\built\candidate-owls\EXT_E029\CAND_002.owl,1,1,True,CONSISTENT,477,True,True,True,,CAND_002,controls_added=injection_attacks_and_forged_media,True,True
EXT_E030,GENERAL_RULE_EXCEPTION,1,20260820,GENERATED,SELECTED,CAND_002,syncable_authenticators=integrated,Integrates syncable authenticators,unique semantic candidate match,"[{""candidate_id"": ""CAND_001"", ""display_value"": ""nist63_3_status=not_integrated"", ""evidence"": {""family"": ""exact_fallback""}, ""match"": false}, {""candidate_id"": ""CAND_002"", ""display_value"": ""syncable_authenticators=integrated"", ""evidence"": {""expected_tokens"": ""authenticator|integrat|syncable"", ""family"": ""nist_revision_change"", ""matched_count"": 3, ""matched_tokens"": ""authenticator|integrat|syncable"", ""required_count"": 3}, ""match"": true}, {""candidate_id"": ""CAND_003"", ""display_value"": ""syncable_authenticators=deferred_to_future_revision"", ""evidence"": {""family"": ""exact_fallback""}, ""match"": false}]",8027,910,226,benchmark\external-real-v1\built\candidate-owls\EXT_E030\CAND_002.owl,1,1,True,CONSISTENT,484,True,True,True,,CAND_002,syncable_authenticators=integrated,True,True
EXT_E030,GENERAL_RULE_EXCEPTION,2,20260821,GENERATED,SELECTED,CAND_002,syncable_authenticators=integrated,Integrates syncable authenticators,unique semantic candidate match,"[{""candidate_id"": ""CAND_001"", ""display_value"": ""nist63_3_status=not_integrated"", ""evidence"": {""family"": ""exact_fallback""}, ""match"": false}, {""candidate_id"": ""CAND_002"", ""display_value"": ""syncable_authenticators=integrated"", ""evidence"": {""expected_tokens"": ""authenticator|integrat|syncable"", ""family"": ""nist_revision_change"", ""matched_count"": 3, ""matched_tokens"": ""authenticator|integrat|syncable"", ""required_count"": 3}, ""match"": true}, {""candidate_id"": ""CAND_003"", ""display_value"": ""syncable_authenticators=deferred_to_future_revision"", ""evidence"": {""family"": ""exact_fallback""}, ""match"": false}]",7471,910,227,benchmark\external-real-v1\built\candidate-owls\EXT_E030\CAND_002.owl,1,1,True,CONSISTENT,484,True,True,True,,CAND_002,syncable_authenticators=integrated,True,True
EXT_E030,GENERAL_RULE_EXCEPTION,3,20260822,GENERATED,SELECTED,CAND_002,syncable_authenticators=integrated,Integrates syncable authenticators,unique semantic candidate match,"[{""candidate_id"": ""CAND_001"", ""display_value"": ""nist63_3_status=not_integrated"", ""evidence"": {""family"": ""exact_fallback""}, ""match"": false}, {""candidate_id"": ""CAND_002"", ""display_value"": ""syncable_authenticators=integrated"", ""evidence"": {""expected_tokens"": ""authenticator|integrat|syncable"", ""family"": ""nist_revision_change"", ""matched_count"": 3, ""matched_tokens"": ""authenticator|integrat|syncable"", ""required_count"": 3}, ""match"": true}, {""candidate_id"": ""CAND_003"", ""display_value"": ""syncable_authenticators=deferred_to_future_revision"", ""evidence"": {""family"": ""exact_fallback""}, ""match"": false}]",6023,910,187,benchmark\external-real-v1\built\candidate-owls\EXT_E030\CAND_002.owl,1,1,True,CONSISTENT,484,True,True,True,,CAND_002,syncable_authenticators=integrated,True,True
EXT_E030,GENERAL_RULE_EXCEPTION,4,20260823,GENERATED,SELECTED,CAND_002,syncable_authenticators=integrated,Integrates syncable authenticators,unique semantic candidate match,"[{""candidate_id"": ""CAND_001"", ""display_value"": ""nist63_3_status=not_integrated"", ""evidence"": {""family"": ""exact_fallback""}, ""match"": false}, {""candidate_id"": ""CAND_002"", ""display_value"": ""syncable_authenticators=integrated"", ""evidence"": {""expected_tokens"": ""authenticator|integrat|syncable"", ""family"": ""nist_revision_change"", ""matched_count"": 3, ""matched_tokens"": ""authenticator|integrat|syncable"", ""required_count"": 3}, ""match"": true}, {""candidate_id"": ""CAND_003"", ""display_value"": ""syncable_authenticators=deferred_to_future_revision"", ""evidence"": {""family"": ""exact_fallback""}, ""match"": false}]",7360,910,230,benchmark\external-real-v1\built\candidate-owls\EXT_E030\CAND_002.owl,1,1,True,CONSISTENT,484,True,True,True,,CAND_002,syncable_authenticators=integrated,True,True
EXT_E030,GENERAL_RULE_EXCEPTION,5,20260824,GENERATED,SELECTED,CAND_002,syncable_authenticators=integrated,Integrates syncable authenticators,unique semantic candidate match,"[{""candidate_id"": ""CAND_001"", ""display_value"": ""nist63_3_status=not_integrated"", ""evidence"": {""family"": ""exact_fallback""}, ""match"": false}, {""candidate_id"": ""CAND_002"", ""display_value"": ""syncable_authenticators=integrated"", ""evidence"": {""expected_tokens"": ""authenticator|integrat|syncable"", ""family"": ""nist_revision_change"", ""matched_count"": 3, ""matched_tokens"": ""authenticator|integrat|syncable"", ""required_count"": 3}, ""match"": true}, {""candidate_id"": ""CAND_003"", ""display_value"": ""syncable_authenticators=deferred_to_future_revision"", ""evidence"": {""family"": ""exact_fallback""}, ""match"": false}]",7338,910,223,benchmark\external-real-v1\built\candidate-owls\EXT_E030\CAND_002.owl,1,1,True,CONSISTENT,484,True,True,True,,CAND_002,syncable_authenticators=integrated,True,True
