role,path,sha256,bytes
repair_decision_runner,src/run_auto_policy_v4_ir_candidate_repair.py,33dc0fbe764064925c86e3e36bd8974cad5f0940fe2c3c578e64a910842fe374,38173
temporal_constraint_scorer,src/auto_policy_v4_constraint_rerank.py,7f9bc382de7f71676a3760b9e416fba5e800ad83b9b87bd0963e007b068cd660,13998
owl_closure_engine,src/run_auto_policy_v2_candidate_repair.py,eb5bf19fd7bbe47ddb72043c69f9638425bfa082ff902e4766bced785180df6c,17988
repair_decision_tests,tests/test_v4_constraint_rerank.py,0b8cc205727c1ee7747fe7d0466b64693a59278392fc72a27cebee44d682c85f,8427
frozen_auto_policy_schema_and_prompt,src/run_auto_formal_policy_batch_v3.py,c189b716d81d22b917f634b173f31a40ce4a608c38befe186bc49678e75dfa36,32252
frozen_light_prompt_wrapper,src/run_auto_policy_v3_robustness.py,8c0124a2cde7905bbe655e514b13238ade1d0545e2f15fe7e45d18b8586433bf,21786
frozen_light_generation_runner,src/run_auto_policy_v3_natural_evidence_robustness.py,9a2bc5086d3152fe5e2c54921c1847997939945f820e1bfd7855930071debb63,38408
freeze_script,src/freeze_auto_policy_v4_3.py,7f990fd4c25b0b9eb6985e7ce3b5976d5294519a7fd6e134a2725a0404d45522,6580
v4_3_summary_json,output/auto-policy-v4.3-ir/auto-policy-v4.3-ir-raw_window_metadata_light-r3-seed20260827.json,5ae19b69a85eedc7211d5e284af47acdc17420548079b258adec617849ce7296,957
v4_3_summary_csv,output/auto-policy-v4.3-ir/auto-policy-v4.3-ir-raw_window_metadata_light-r3-seed20260827-summary.csv,5915f651036dba92d0b43922bb8b1d84586a3b1d2c4a85c45e9472d2cec573b5,202
v4_3_by_type,output/auto-policy-v4.3-ir/auto-policy-v4.3-ir-raw_window_metadata_light-r3-seed20260827-by-type.csv,a4392dfea67be23fd17b179bbf6a0296936bc6ba8d719ba35a9e804ddc55f353,475
v4_3_by_event,output/auto-policy-v4.3-ir/auto-policy-v4.3-ir-raw_window_metadata_light-r3-seed20260827-by-event.csv,44db1890525e8c019ceb05b3eb73a3fe07f99606053d8088473e7115135bb143,14739
v4_3_details,output/auto-policy-v4.3-ir/auto-policy-v4.3-ir-raw_window_metadata_light-r3-seed20260827-details.csv,757b95038275faac7871f412229d20526625aed00becec40b8e4e9cdf6ccdc90,1292891
frozen_light_raw_attempt,output/external-real-v8-grounded/preformal-r3/raw_window_metadata_light/raw/EXT_E001-run1-seed20260827.json,cde81044ebcaa88eb6548509af252808b5ab7eeec9ffce660d7612aacf4eec10,3367
frozen_light_raw_attempt,output/external-real-v8-grounded/preformal-r3/raw_window_metadata_light/raw/EXT_E001-run2-seed20260828.json,2bfd195825966af541760f64cc750de5077416bd3067cc8f5035e34a170e78c6,4164
frozen_light_raw_attempt,output/external-real-v8-grounded/preformal-r3/raw_window_metadata_light/raw/EXT_E001-run3-seed20260829.json,a7a03347df4e5b3788fcf246b627d5d8284313da2cac4d6ca71ded46735d8aad,2578
frozen_light_raw_attempt,output/external-real-v8-grounded/preformal-r3/raw_window_metadata_light/raw/EXT_E002-run1-seed20260827.json,6d23e28d8311c246602087b4b7e43c3683ff2c2326909c8194a2aef1b681c9d3,1194
frozen_light_raw_attempt,output/external-real-v8-grounded/preformal-r3/raw_window_metadata_light/raw/EXT_E002-run2-seed20260828.json,5b04294261c8e86106fe29aabb049e64f4b38c57419e8b3de480126d126b4c85,1194
frozen_light_raw_attempt,output/external-real-v8-grounded/preformal-r3/raw_window_metadata_light/raw/EXT_E002-run3-seed20260829.json,15eb65e0144b319eec7297273fffe6196c2a670cb2d97dd040dd9f7d25e95352,1194
frozen_light_raw_attempt,output/external-real-v8-grounded/preformal-r3/raw_window_metadata_light/raw/EXT_E003-run1-seed20260827.json,644e4a91dcbcb3a5e86747499abd5ccbabb024766ad86fadce8a8a66e399420f,1196
frozen_light_raw_attempt,output/external-real-v8-grounded/preformal-r3/raw_window_metadata_light/raw/EXT_E003-run2-seed20260828.json,4100e7b60a9c764c80f9559c2c825f757b201dfcb26d39daa3099b4d1e46aba0,1196
frozen_light_raw_attempt,output/external-real-v8-grounded/preformal-r3/raw_window_metadata_light/raw/EXT_E003-run3-seed20260829.json,1262766555e80fc20f3d87bfae6121fd4c63f8cd49d0d85baa88db72a78ba7e3,1196
frozen_light_raw_attempt,output/external-real-v8-grounded/preformal-r3/raw_window_metadata_light/raw/EXT_E004-run1-seed20260827.json,a4adb4c0894356d031ef4c0cc58c41cd91941b92f8ea4cb7391c88d5e24e5d44,2597
frozen_light_raw_attempt,output/external-real-v8-grounded/preformal-r3/raw_window_metadata_light/raw/EXT_E004-run2-seed20260828.json,86440bcc57686461e76b5de6d5b5053a7343a1bd249644c4c324d5c86fe6b811,2693
frozen_light_raw_attempt,output/external-real-v8-grounded/preformal-r3/raw_window_metadata_light/raw/EXT_E004-run3-seed20260829.json,df5df8e6be5d2ce7b2c9868a949fe8ce2ada0885e22e7e82ecad271be3ca300f,2588
frozen_light_raw_attempt,output/external-real-v8-grounded/preformal-r3/raw_window_metadata_light/raw/EXT_E005-run1-seed20260827.json,9aa425c7cee122981bdc0ce36b7a23dd6660414450d43d6a166a89e523bb9508,2649
frozen_light_raw_attempt,output/external-real-v8-grounded/preformal-r3/raw_window_metadata_light/raw/EXT_E005-run2-seed20260828.json,014b3b16c009d17677c2de2860f072b6c133e9eb8ae30f9284cecca782169f26,2667
frozen_light_raw_attempt,output/external-real-v8-grounded/preformal-r3/raw_window_metadata_light/raw/EXT_E005-run3-seed20260829.json,188e1390dbb4ca697edb7c66cf011fb4da5f0af2a5711d46c4a634e92bafba6c,2605
frozen_light_raw_attempt,output/external-real-v8-grounded/preformal-r3/raw_window_metadata_light/raw/EXT_E006-run1-seed20260827.json,df9ee3affc4e3a20675f2aac06c1f84e7b0b723dda7f6bd93963d87e4719a5a9,2641
frozen_light_raw_attempt,output/external-real-v8-grounded/preformal-r3/raw_window_metadata_light/raw/EXT_E006-run2-seed20260828.json,fd197cd4ad7dd07042aea00bab1df7596a288f717350625ab50a16d224343d87,2652
frozen_light_raw_attempt,output/external-real-v8-grounded/preformal-r3/raw_window_metadata_light/raw/EXT_E006-run3-seed20260829.json,3c7081769ec175e8bb036074d4d644c9ac3feb27b63895a391c78826f83c8be7,2575
frozen_light_raw_attempt,output/external-real-v8-grounded/preformal-r3/raw_window_metadata_light/raw/EXT_E007-run1-seed20260827.json,90e7df20626bba7902fe9ec1fd97e423f5c6e22873e572a736379ce716900cd5,3023
frozen_light_raw_attempt,output/external-real-v8-grounded/preformal-r3/raw_window_metadata_light/raw/EXT_E007-run2-seed20260828.json,8ebf0dc00bec410e615414d40863d0d847798c952fc92d1bb93786e7f47a9acf,2535
frozen_light_raw_attempt,output/external-real-v8-grounded/preformal-r3/raw_window_metadata_light/raw/EXT_E007-run3-seed20260829.json,9b776542fd21eb5e486e05ba0d29108a689c24c062e2b224e0c6356309b84e58,2964
frozen_light_raw_attempt,output/external-real-v8-grounded/preformal-r3/raw_window_metadata_light/raw/EXT_E008-run1-seed20260827.json,f9332bd357f2526cd992ba0e9db3ec1c92b34df6bd34aef96b5cc8853371d21d,2671
frozen_light_raw_attempt,output/external-real-v8-grounded/preformal-r3/raw_window_metadata_light/raw/EXT_E008-run2-seed20260828.json,6782d140f291d05d331ef30fda3bf2070987a5ce5dc40968ff5b59c6bf47f146,2515
frozen_light_raw_attempt,output/external-real-v8-grounded/preformal-r3/raw_window_metadata_light/raw/EXT_E008-run3-seed20260829.json,e8824ad3157b4f958b1e5f09b98fb62c110ee0bb9dadccea42fd78f8dcf5d8f3,2626
frozen_light_raw_attempt,output/external-real-v8-grounded/preformal-r3/raw_window_metadata_light/raw/EXT_E009-run1-seed20260827.json,d316ad5a200c174247030eb4094175da6fde1976d6d823950a665c456bea5fed,2664
frozen_light_raw_attempt,output/external-real-v8-grounded/preformal-r3/raw_window_metadata_light/raw/EXT_E009-run2-seed20260828.json,90ecf185f76fad7d8d8f83bc5f3a9afae893c021474d74d1b777695afc214ba4,2594
frozen_light_raw_attempt,output/external-real-v8-grounded/preformal-r3/raw_window_metadata_light/raw/EXT_E009-run3-seed20260829.json,654cc0584f999df75fc8f37448de55ee0e50d3c2efabf065b2d7d02fdd54d434,2664
frozen_light_raw_attempt,output/external-real-v8-grounded/preformal-r3/raw_window_metadata_light/raw/EXT_E010-run1-seed20260827.json,750cae62d224d07c855c63d6851becda1f084563f634dd882c98b964b72aec2b,2526
frozen_light_raw_attempt,output/external-real-v8-grounded/preformal-r3/raw_window_metadata_light/raw/EXT_E010-run2-seed20260828.json,4a321c0ad8c0cd675dc9af69d07c57a9f1ada51532984998c6b75b928c9bb039,2526
frozen_light_raw_attempt,output/external-real-v8-grounded/preformal-r3/raw_window_metadata_light/raw/EXT_E010-run3-seed20260829.json,f12f9e1a7e7eb6193c9f8d4bad68857ace8f69beec827bfec1af81a112af99cc,2526
frozen_light_raw_attempt,output/external-real-v8-grounded/preformal-r3/raw_window_metadata_light/raw/EXT_E011-run1-seed20260827.json,10a76b0281e6acc01cf3c078bd446e5dc93826cfdaa7eebf46df9bab1611fe3e,3000
frozen_light_raw_attempt,output/external-real-v8-grounded/preformal-r3/raw_window_metadata_light/raw/EXT_E011-run2-seed20260828.json,4cddb586eace33abf6f62e17983f3c47381bab3147765cd2d2b1605b44b6cfb4,2810
frozen_light_raw_attempt,output/external-real-v8-grounded/preformal-r3/raw_window_metadata_light/raw/EXT_E011-run3-seed20260829.json,49b0d10c1fd0b09f0dec1ca342d18ff0686c1d9fb34ab06a974d419db4849c2c,2748
frozen_light_raw_attempt,output/external-real-v8-grounded/preformal-r3/raw_window_metadata_light/raw/EXT_E012-run1-seed20260827.json,538d3952b55b882668fc8f43d1a3bc686c27245cbd93784af24ff7322ae3003b,2643
frozen_light_raw_attempt,output/external-real-v8-grounded/preformal-r3/raw_window_metadata_light/raw/EXT_E012-run2-seed20260828.json,d8619fb7fab9ad257a366a736f6ed721a3ac43511af8608ddc5a422bbf1348a2,2636
frozen_light_raw_attempt,output/external-real-v8-grounded/preformal-r3/raw_window_metadata_light/raw/EXT_E012-run3-seed20260829.json,72c7f60cdbe1a700c5646e5e37105bf3759347ef3d3b11be5d686d1d12d0d710,2643
frozen_light_raw_attempt,output/external-real-v8-grounded/preformal-r3/raw_window_metadata_light/raw/EXT_E013-run1-seed20260827.json,98446147825491b0f5d28e421b30373171db63b8aca1fd6abb2fb53f8282654e,2971
frozen_light_raw_attempt,output/external-real-v8-grounded/preformal-r3/raw_window_metadata_light/raw/EXT_E013-run2-seed20260828.json,4f65599c1dce111c4712bd365fbb1510d6c136d8360734dba68d41a8484a9e40,2798
frozen_light_raw_attempt,output/external-real-v8-grounded/preformal-r3/raw_window_metadata_light/raw/EXT_E013-run3-seed20260829.json,46366f6de52742bc4daaf809792ead3776410f6500afaf676756cb95a3a1058b,2970
frozen_light_raw_attempt,output/external-real-v8-grounded/preformal-r3/raw_window_metadata_light/raw/EXT_E014-run1-seed20260827.json,b3cfbc91484ae663b5a9c607b5c327f75856885891b0a88ac49f0953fde0deac,2921
frozen_light_raw_attempt,output/external-real-v8-grounded/preformal-r3/raw_window_metadata_light/raw/EXT_E014-run2-seed20260828.json,7a9ebb35002ed9de865116540f2057f80da1d80a28a0aebfc7076e1939a2dbd4,2748
frozen_light_raw_attempt,output/external-real-v8-grounded/preformal-r3/raw_window_metadata_light/raw/EXT_E014-run3-seed20260829.json,3e2886751cb4863a3784c547e634c5cfd391496f298430fbaa1a7f12315c6459,2743
frozen_light_raw_attempt,output/external-real-v8-grounded/preformal-r3/raw_window_metadata_light/raw/EXT_E015-run1-seed20260827.json,4b1f5af13359b511a101fec58dd1a4b556bdaa963039cce984184c4cdce1081d,2988
frozen_light_raw_attempt,output/external-real-v8-grounded/preformal-r3/raw_window_metadata_light/raw/EXT_E015-run2-seed20260828.json,8cbcf57425e591ac286ebe3cc75ca97a3b427c7fd617ff42d48eb2f7b1ee0760,3043
frozen_light_raw_attempt,output/external-real-v8-grounded/preformal-r3/raw_window_metadata_light/raw/EXT_E015-run3-seed20260829.json,1c9cc3e7188d0055ced0e72d0845d795007f86d49495c2f939fc44f0a7b6949c,3180
frozen_light_raw_attempt,output/external-real-v8-grounded/preformal-r3/raw_window_metadata_light/raw/EXT_E016-run1-seed20260827.json,b89f7083d365b4d8f68af29d938095dbab59ac254f3acc160ba002a5b464a155,2971
frozen_light_raw_attempt,output/external-real-v8-grounded/preformal-r3/raw_window_metadata_light/raw/EXT_E016-run2-seed20260828.json,e7670dc620a0d10deaf5e1740c40773e8f9b215b11480831a6a9b2f05beddeb3,2693
frozen_light_raw_attempt,output/external-real-v8-grounded/preformal-r3/raw_window_metadata_light/raw/EXT_E016-run3-seed20260829.json,5c6b319717b2684f4778a52f745604ae2a325cbf9279483c7b03d61eed56f7a1,2719
frozen_light_raw_attempt,output/external-real-v8-grounded/preformal-r3/raw_window_metadata_light/raw/EXT_E017-run1-seed20260827.json,eace4ffb310156f77997dcf0630287ac12889db725c712c3251456535b2bf596,2812
frozen_light_raw_attempt,output/external-real-v8-grounded/preformal-r3/raw_window_metadata_light/raw/EXT_E017-run2-seed20260828.json,c836020caa8e3f8824538aaf4359a8586cf45c637c5d6f173c42f0f616f4f8a0,2491
frozen_light_raw_attempt,output/external-real-v8-grounded/preformal-r3/raw_window_metadata_light/raw/EXT_E017-run3-seed20260829.json,55cbc9e6321538a0a1ff79cf1b156041238300ad319d59d9ef2663806593f1a5,2812
frozen_light_raw_attempt,output/external-real-v8-grounded/preformal-r3/raw_window_metadata_light/raw/EXT_E018-run1-seed20260827.json,ed822b7b8d0156a41bced370053e9a649e1c53c47780aa48e7b9e8e8030bb035,2814
frozen_light_raw_attempt,output/external-real-v8-grounded/preformal-r3/raw_window_metadata_light/raw/EXT_E018-run2-seed20260828.json,d161d8337d736e6d919e371905d008da74b786cea2dd9c2f7c1a4881bd362e8f,2950
frozen_light_raw_attempt,output/external-real-v8-grounded/preformal-r3/raw_window_metadata_light/raw/EXT_E018-run3-seed20260829.json,3f199dd323c4bcc34b1b67510675200c490c79af21ec4274b0f444790e581bc4,3111
frozen_light_raw_attempt,output/external-real-v8-grounded/preformal-r3/raw_window_metadata_light/raw/EXT_E019-run1-seed20260827.json,08f8cdb1acb1909a824b8c4dfc2800cbdecd8917a0386121e01c3d8be6540fcd,2590
frozen_light_raw_attempt,output/external-real-v8-grounded/preformal-r3/raw_window_metadata_light/raw/EXT_E019-run2-seed20260828.json,dd23476180671a856018f601137afc36b5bf38b6c45bf7064cb74b8e9eca0e94,2703
frozen_light_raw_attempt,output/external-real-v8-grounded/preformal-r3/raw_window_metadata_light/raw/EXT_E019-run3-seed20260829.json,acd1830cdd438968dc27ede9fe31e593e820a5a3e835984423c794dc86cfb56c,2688
frozen_light_raw_attempt,output/external-real-v8-grounded/preformal-r3/raw_window_metadata_light/raw/EXT_E020-run1-seed20260827.json,a276cc5d1f974b952b5ed2f48b9bfaea57998b6a84201a39d812b4262bb521d9,2730
frozen_light_raw_attempt,output/external-real-v8-grounded/preformal-r3/raw_window_metadata_light/raw/EXT_E020-run2-seed20260828.json,d212a9301eb360b8393a3e3da482dee553a74885b05a65d4db64d4e23f6c600a,2621
frozen_light_raw_attempt,output/external-real-v8-grounded/preformal-r3/raw_window_metadata_light/raw/EXT_E020-run3-seed20260829.json,454f6aac9b6b04e38a32224fc1220e150ef885c9d3b3ad4a298d0e59155de047,2730
frozen_light_raw_attempt,output/external-real-v8-grounded/preformal-r3/raw_window_metadata_light/raw/EXT_E021-run1-seed20260827.json,546149b711a0b8adfa5ef54cc23aa69ad318912482e1a8423b2eac39ad2e321f,2895
frozen_light_raw_attempt,output/external-real-v8-grounded/preformal-r3/raw_window_metadata_light/raw/EXT_E021-run2-seed20260828.json,dd946ea387ad849af86bdfaf33432fa85b3ec6ec181feedc0b895d3ec54b1d69,3098
frozen_light_raw_attempt,output/external-real-v8-grounded/preformal-r3/raw_window_metadata_light/raw/EXT_E021-run3-seed20260829.json,f18a9886358003f707e71a1017fb016684a36e5e0fcf58c3ca9d2b485b8ec97e,2901
frozen_light_raw_attempt,output/external-real-v8-grounded/preformal-r3/raw_window_metadata_light/raw/EXT_E022-run1-seed20260827.json,2707bbcd4a99cd7274f11c3560a47f301cd9896c10a9734b0d83f3760ec12e81,2669
frozen_light_raw_attempt,output/external-real-v8-grounded/preformal-r3/raw_window_metadata_light/raw/EXT_E022-run2-seed20260828.json,f70b8d3901a094c4596d7121820c8ba050c7efaf6e0efecd08d3aea26e6c65d0,2680
frozen_light_raw_attempt,output/external-real-v8-grounded/preformal-r3/raw_window_metadata_light/raw/EXT_E022-run3-seed20260829.json,cde683c7b46ff0a36f77247275c90e4a3281f368d2ca9975abdc6c5af3b046c6,2676
frozen_light_raw_attempt,output/external-real-v8-grounded/preformal-r3/raw_window_metadata_light/raw/EXT_E023-run1-seed20260827.json,e5858d8170659df886dc9a1f36d6eb7eb54a427cffdaae15298ea04d0616dd57,3239
frozen_light_raw_attempt,output/external-real-v8-grounded/preformal-r3/raw_window_metadata_light/raw/EXT_E023-run2-seed20260828.json,6d73378caf383585f7e2993366710403359d0179b28d1316dc11c661b2ebd297,2815
frozen_light_raw_attempt,output/external-real-v8-grounded/preformal-r3/raw_window_metadata_light/raw/EXT_E023-run3-seed20260829.json,65680522e8facfa1417bf5dfd56c46e110982ad0e19a4c3f5e6af05a87948e55,2861
frozen_light_raw_attempt,output/external-real-v8-grounded/preformal-r3/raw_window_metadata_light/raw/EXT_E024-run1-seed20260827.json,37c5e24bea7aac6407e834b9e5e95461149c0d546c411b423e2c555980697dc7,2600
frozen_light_raw_attempt,output/external-real-v8-grounded/preformal-r3/raw_window_metadata_light/raw/EXT_E024-run2-seed20260828.json,1ca5414c4f4ab1c4a6a63c57341f9f4af414895be5063d5d28f23caa678d9bbd,2809
frozen_light_raw_attempt,output/external-real-v8-grounded/preformal-r3/raw_window_metadata_light/raw/EXT_E024-run3-seed20260829.json,ae03e67d54e75dbe49f1a49b9d16b1d6d4549b5baee484b192b1de9638c60fff,2911
frozen_light_raw_attempt,output/external-real-v8-grounded/preformal-r3/raw_window_metadata_light/raw/EXT_E025-run1-seed20260827.json,e134ce695faf8663e04cd212f2b885b75cead39581f7037573bbf52511151371,3395
frozen_light_raw_attempt,output/external-real-v8-grounded/preformal-r3/raw_window_metadata_light/raw/EXT_E025-run2-seed20260828.json,8c92bf991321c0ddcac87e7f110ab4785a943517ba400061c265387de586e050,3179
frozen_light_raw_attempt,output/external-real-v8-grounded/preformal-r3/raw_window_metadata_light/raw/EXT_E025-run3-seed20260829.json,461c585a1857b61b3bd347510612966f8e8b66d6e056ec60eac98870bf299e0e,2809
frozen_light_raw_attempt,output/external-real-v8-grounded/preformal-r3/raw_window_metadata_light/raw/EXT_E026-run1-seed20260827.json,87cf6b2d7bf43ca9c5189d84e2c36aeca5b5944ba5b56f5f2bcbb88e19ecf70e,2922
frozen_light_raw_attempt,output/external-real-v8-grounded/preformal-r3/raw_window_metadata_light/raw/EXT_E026-run2-seed20260828.json,58852bef417b9a49145f042305c0470de30698163156936ab3aece1653d1b8a1,3347
frozen_light_raw_attempt,output/external-real-v8-grounded/preformal-r3/raw_window_metadata_light/raw/EXT_E026-run3-seed20260829.json,8f9eb17478bf7177d5bbbf7390326cf8be82a9fad57d72e5afc74385fa614e7f,2619
frozen_light_raw_attempt,output/external-real-v8-grounded/preformal-r3/raw_window_metadata_light/raw/EXT_E027-run1-seed20260827.json,647d4e22f168cdf05b0a1bfd10dbebd20502e7a08cdd3a9f34d7c5959b378f4f,2633
frozen_light_raw_attempt,output/external-real-v8-grounded/preformal-r3/raw_window_metadata_light/raw/EXT_E027-run2-seed20260828.json,57cbed0e9ed0f86dc3b62914206c475455c119ea2f6b7e91ccafbdef97914a9c,2925
frozen_light_raw_attempt,output/external-real-v8-grounded/preformal-r3/raw_window_metadata_light/raw/EXT_E027-run3-seed20260829.json,913975b379b9e9770fd3e0e069878314ee5ab9028bbd5003567cd8fdfdb42f3b,2633
frozen_light_raw_attempt,output/external-real-v8-grounded/preformal-r3/raw_window_metadata_light/raw/EXT_E028-run1-seed20260827.json,4a8817a1ff721ee1d0d0255b7b5cb71cb591a051b90f524e6acbbce8e0d9316e,2780
frozen_light_raw_attempt,output/external-real-v8-grounded/preformal-r3/raw_window_metadata_light/raw/EXT_E028-run2-seed20260828.json,d509fe0d1d436988fd73b3ca4be15cd70295a917105a12e13a70325ca36812c4,2770
frozen_light_raw_attempt,output/external-real-v8-grounded/preformal-r3/raw_window_metadata_light/raw/EXT_E028-run3-seed20260829.json,a8921f1660f83e354253ba83f8917eceb0e6bbe82376642959178b248bff11eb,2465
frozen_light_raw_attempt,output/external-real-v8-grounded/preformal-r3/raw_window_metadata_light/raw/EXT_E029-run1-seed20260827.json,035ab00031a8a36016272f85d78497999ae002fdb37a845bf4ee0e624318ee35,2890
frozen_light_raw_attempt,output/external-real-v8-grounded/preformal-r3/raw_window_metadata_light/raw/EXT_E029-run2-seed20260828.json,3bfdf2dd80709eceb1a697e22a5e2cb4becba73475f5f14124af611b851d2a64,2645
frozen_light_raw_attempt,output/external-real-v8-grounded/preformal-r3/raw_window_metadata_light/raw/EXT_E029-run3-seed20260829.json,f19d24dabb58dc822927f2d3d1a65b3561e7e63f4eb8772a8f7bd34c4adc6d68,2794
frozen_light_raw_attempt,output/external-real-v8-grounded/preformal-r3/raw_window_metadata_light/raw/EXT_E030-run1-seed20260827.json,72968ee729e1fca99f00527b4feb4d3e998ef866f411bb8e400ccc2fe7f0d45d,2668
frozen_light_raw_attempt,output/external-real-v8-grounded/preformal-r3/raw_window_metadata_light/raw/EXT_E030-run2-seed20260828.json,9343c6be024a3edd9f1fe7d28939caecd0273848266da3a0957914d39db2376f,2767
frozen_light_raw_attempt,output/external-real-v8-grounded/preformal-r3/raw_window_metadata_light/raw/EXT_E030-run3-seed20260829.json,8c42b82b5773035d5613928f09e5cca26e44789b5d049cc7cb7509ace98f2adc,2444
frozen_light_raw_attempt,output/external-real-v8-grounded/preformal-r3/raw_window_metadata_light/raw/EXT_E031-run1-seed20260827.json,57cbbfab9c690d30051f89314f87383a4766142a3c03a1c4115dbab975b7769b,2270
frozen_light_raw_attempt,output/external-real-v8-grounded/preformal-r3/raw_window_metadata_light/raw/EXT_E031-run2-seed20260828.json,dc0e812b9d658b79ed1db64ec24aa6640c8b984df1fc989fddf335f69874c039,2622
frozen_light_raw_attempt,output/external-real-v8-grounded/preformal-r3/raw_window_metadata_light/raw/EXT_E031-run3-seed20260829.json,2d3fe256ee81f7639619652fcaf3d1c78e1c04bae09328663fbc1d93e11d0b80,2270
frozen_light_raw_attempt,output/external-real-v8-grounded/preformal-r3/raw_window_metadata_light/raw/EXT_E032-run1-seed20260827.json,8466f4a3c1dfdf5a9441168026d2d1dd5bb35151b9eec296a5c79bbebc6e46a1,2059
frozen_light_raw_attempt,output/external-real-v8-grounded/preformal-r3/raw_window_metadata_light/raw/EXT_E032-run2-seed20260828.json,7a0491d4d66e7ea2148b1d4d6c11c685833d9f2412a080029fff915c73749af2,2360
frozen_light_raw_attempt,output/external-real-v8-grounded/preformal-r3/raw_window_metadata_light/raw/EXT_E032-run3-seed20260829.json,d958be0de104d97b44c9e4504e6714ba28b4c8017e55ecfda35e9e1a26b259f9,2035
frozen_light_raw_attempt,output/external-real-v8-grounded/preformal-r3/raw_window_metadata_light/raw/EXT_E033-run1-seed20260827.json,222c8a1b8fb6373b3f402b64237920f7f1e328960596f42c98a4cf2be4dbad46,2626
frozen_light_raw_attempt,output/external-real-v8-grounded/preformal-r3/raw_window_metadata_light/raw/EXT_E033-run2-seed20260828.json,2a77cd83be2d80f7e4b320e6154175a315fdf0075e87c5c48b98ed0c5fe2c6bb,2946
frozen_light_raw_attempt,output/external-real-v8-grounded/preformal-r3/raw_window_metadata_light/raw/EXT_E033-run3-seed20260829.json,43ef454cb9dbcda5110d133a8ad48e487fc2472b24031f2c752a69e4d87ad794,2349
frozen_light_raw_attempt,output/external-real-v8-grounded/preformal-r3/raw_window_metadata_light/raw/EXT_E034-run1-seed20260827.json,e0e24eda7e806425bf31e142c811b099620e09ef2879c81607975fc19fc91665,2551
frozen_light_raw_attempt,output/external-real-v8-grounded/preformal-r3/raw_window_metadata_light/raw/EXT_E034-run2-seed20260828.json,3c9df04a1ec7a4c6e138a91d99c426e33f1e6b19dae625e3f859a877ec1f5a60,3252
frozen_light_raw_attempt,output/external-real-v8-grounded/preformal-r3/raw_window_metadata_light/raw/EXT_E034-run3-seed20260829.json,86a170a1ccf3d83d9dba51b8f399e0373d5c2abbe86b0ea8f33cb3805803f1ed,2536
frozen_light_raw_attempt,output/external-real-v8-grounded/preformal-r3/raw_window_metadata_light/raw/EXT_E035-run1-seed20260827.json,0e96d9fd38ae7ae4ff7667badcb2e1c2899a4d8c20e04c844cf88000308f36e5,2483
frozen_light_raw_attempt,output/external-real-v8-grounded/preformal-r3/raw_window_metadata_light/raw/EXT_E035-run2-seed20260828.json,63c98f6d95b2ffe7ed623b3fdc59c9ee408fee524ab5cdfa12ea0ec6d0ee1555,2477
frozen_light_raw_attempt,output/external-real-v8-grounded/preformal-r3/raw_window_metadata_light/raw/EXT_E035-run3-seed20260829.json,a82d42646fda89f8577534466c78f436922858e7d4f8f2cf83d689ba663e4c1e,2478
frozen_light_raw_attempt,output/external-real-v8-grounded/preformal-r3/raw_window_metadata_light/raw/EXT_E036-run1-seed20260827.json,0a848b92689bd44c0981b20f3603cd3f1a3ad7e885dc908c3238361225b37558,3133
frozen_light_raw_attempt,output/external-real-v8-grounded/preformal-r3/raw_window_metadata_light/raw/EXT_E036-run2-seed20260828.json,61f33d876429866c8275bc6886bd17a881f4c59b162ca98bdfaf08cbca6f8ff9,3077
frozen_light_raw_attempt,output/external-real-v8-grounded/preformal-r3/raw_window_metadata_light/raw/EXT_E036-run3-seed20260829.json,c7d3b36fdb2127b0df1f0b79dd615e86eeeb378c82eddc0d6d3d0abb4575013d,3110
frozen_light_raw_attempt,output/external-real-v8-grounded/preformal-r3/raw_window_metadata_light/raw/EXT_E037-run1-seed20260827.json,d3a4270116544fa323c45ac86c839b41b03f44465495cd6c2fe7dfecbe1b5169,2802
frozen_light_raw_attempt,output/external-real-v8-grounded/preformal-r3/raw_window_metadata_light/raw/EXT_E037-run2-seed20260828.json,20fce2ea8def2ddc5deeb884b6d133bef5a1273a0bda08394fe9c9d5f12a945e,2817
frozen_light_raw_attempt,output/external-real-v8-grounded/preformal-r3/raw_window_metadata_light/raw/EXT_E037-run3-seed20260829.json,de9982f70a8e17b8442e9cfdd598ab971fd7c5fe2125c01d1cab4fa8dad2582a,2687
frozen_light_raw_attempt,output/external-real-v8-grounded/preformal-r3/raw_window_metadata_light/raw/EXT_E038-run1-seed20260827.json,94012ade3f16087e72b87dfb46da301f83117003bf45c7505080bb8ebe680e85,2544
frozen_light_raw_attempt,output/external-real-v8-grounded/preformal-r3/raw_window_metadata_light/raw/EXT_E038-run2-seed20260828.json,872426507b981317b7bdae8774aa8f2624c744d4d38a6440034103df319e6d16,2399
frozen_light_raw_attempt,output/external-real-v8-grounded/preformal-r3/raw_window_metadata_light/raw/EXT_E038-run3-seed20260829.json,dbe7d692b6e4946fc171d182a023457ba4d16c2d515a1ebea17a5d9b1a516409,2653
frozen_light_raw_attempt,output/external-real-v8-grounded/preformal-r3/raw_window_metadata_light/raw/EXT_E039-run1-seed20260827.json,736af99238c646a4a95193c131f844da813b791fdbea3c2c7da3794d37bed5fc,3182
frozen_light_raw_attempt,output/external-real-v8-grounded/preformal-r3/raw_window_metadata_light/raw/EXT_E039-run2-seed20260828.json,6e6d3390e6de8904edceeff56ab1699cd57a86d2bf8f59003d6ded59f29246e3,3301
frozen_light_raw_attempt,output/external-real-v8-grounded/preformal-r3/raw_window_metadata_light/raw/EXT_E039-run3-seed20260829.json,679f4a2198c0c1532cc35945097d7cfc70c3425ea694da63326d768d254e7505,3242
frozen_light_raw_attempt,output/external-real-v8-grounded/preformal-r3/raw_window_metadata_light/raw/EXT_E040-run1-seed20260827.json,fe5227f8f67a43c448c7bad262a3d87d683d5f5aee0ea7de829e8c3ed7fb37e4,3115
frozen_light_raw_attempt,output/external-real-v8-grounded/preformal-r3/raw_window_metadata_light/raw/EXT_E040-run2-seed20260828.json,1c5b254a891476920cf0856fd656e59213e9c2e99871776a2ab7a94158944fc4,3235
frozen_light_raw_attempt,output/external-real-v8-grounded/preformal-r3/raw_window_metadata_light/raw/EXT_E040-run3-seed20260829.json,f45ab91a1b3c0624e487a4ce2a95a39ffa759f284bbf6856ffb8c80c324d05f6,2893
frozen_light_raw_attempt,output/external-real-v8-grounded/preformal-r3/raw_window_metadata_light/raw/EXT_E041-run1-seed20260827.json,a6a0cdb9a20099bf405836bb1cd8f0e5804233d32c1e3b8f64fa273dac9a7914,2430
frozen_light_raw_attempt,output/external-real-v8-grounded/preformal-r3/raw_window_metadata_light/raw/EXT_E041-run2-seed20260828.json,1ee8a30d054acf0d9649b93712e24561ef6f954a6599aa45506bcd40a43cf2c0,2431
frozen_light_raw_attempt,output/external-real-v8-grounded/preformal-r3/raw_window_metadata_light/raw/EXT_E041-run3-seed20260829.json,59df161ecfd0da7f583e7b7bdbb6b83147cf82b69d264497df761e7b614eb9f7,2814
frozen_light_raw_attempt,output/external-real-v8-grounded/preformal-r3/raw_window_metadata_light/raw/EXT_E042-run1-seed20260827.json,9c41f565f6af625e12f2d200a53dcefec7fb2a2ba299190d91d8d69900fe6aad,3009
frozen_light_raw_attempt,output/external-real-v8-grounded/preformal-r3/raw_window_metadata_light/raw/EXT_E042-run2-seed20260828.json,3342e99ac3562bfd279a81920c3daf14ded9dac81462fc31476574f0e2298a10,3116
frozen_light_raw_attempt,output/external-real-v8-grounded/preformal-r3/raw_window_metadata_light/raw/EXT_E042-run3-seed20260829.json,501051d83aca9f0ff0b31a5f649ccab1c7d039c56b82a8d429828cfb6c570a7b,2944
frozen_light_raw_attempt,output/external-real-v8-grounded/preformal-r3/raw_window_metadata_light/raw/EXT_E043-run1-seed20260827.json,c3a0aab2c19a4e9b64fd590c811b52f416f5cd3b852b7a29bafbf67c585f0dff,2374
frozen_light_raw_attempt,output/external-real-v8-grounded/preformal-r3/raw_window_metadata_light/raw/EXT_E043-run2-seed20260828.json,0ede070b3ea8588809a1f10d29fb2b9c475a71329cb02ade6d0022cbf3cad46e,1822
frozen_light_raw_attempt,output/external-real-v8-grounded/preformal-r3/raw_window_metadata_light/raw/EXT_E043-run3-seed20260829.json,7a0337bb11603fb9bb98d099ef182dc2bf49fdf0ff9e1179bc2fd82f2f0cde16,2380
frozen_light_raw_attempt,output/external-real-v8-grounded/preformal-r3/raw_window_metadata_light/raw/EXT_E044-run1-seed20260827.json,ccac1e3c2995a12aef7c144c2fed134238d745c71baf5ee887a6f2f52558a36a,2581
frozen_light_raw_attempt,output/external-real-v8-grounded/preformal-r3/raw_window_metadata_light/raw/EXT_E044-run2-seed20260828.json,3990008c25e36f5277dd1c71a2f9fb7caabb49cd415bef6d2b3da0720580f50c,1822
frozen_light_raw_attempt,output/external-real-v8-grounded/preformal-r3/raw_window_metadata_light/raw/EXT_E044-run3-seed20260829.json,2f4c3c804ab9d328dffb4082e37d14e998d57baab9be7b94afe11aa21b31e1b0,2380
frozen_light_raw_attempt,output/external-real-v8-grounded/preformal-r3/raw_window_metadata_light/raw/EXT_E045-run1-seed20260827.json,8fa7916638fe923cec2d9d5b0442297814e7ef50334317a59e5bd7a84bf7b4bf,2690
frozen_light_raw_attempt,output/external-real-v8-grounded/preformal-r3/raw_window_metadata_light/raw/EXT_E045-run2-seed20260828.json,951a98d3dd124e810a56c5cda3bc5c60424f9dd7d8646d154f489478cdceb355,2748
frozen_light_raw_attempt,output/external-real-v8-grounded/preformal-r3/raw_window_metadata_light/raw/EXT_E045-run3-seed20260829.json,9f8f7e1220d3457bd7522754d277b9023ae6d6324b7eb1e30d2c72d8fe25cde2,2589
frozen_light_raw_attempt,output/external-real-v8-grounded/preformal-r3/raw_window_metadata_light/raw/EXT_E046-run1-seed20260827.json,121e4b4c28640a7f25cc8849b15c0052218701bbcafd5af248a6c041099851f4,2973
frozen_light_raw_attempt,output/external-real-v8-grounded/preformal-r3/raw_window_metadata_light/raw/EXT_E046-run2-seed20260828.json,5f7d6a175cd4a91a7adec20759f2c8ab89daec6f35de9379db18fc2d549c280a,2766
frozen_light_raw_attempt,output/external-real-v8-grounded/preformal-r3/raw_window_metadata_light/raw/EXT_E046-run3-seed20260829.json,f21b04ac372b0f3e7e8b1764cd060cc574a054fcc28f26e7cc88c13c468a1c5b,2752
frozen_light_raw_attempt,output/external-real-v8-grounded/preformal-r3/raw_window_metadata_light/raw/EXT_E047-run1-seed20260827.json,9e3447becbe96dfd09a4adcdea1af0769898b3e33b583b0b5059135dad9cce4d,2744
frozen_light_raw_attempt,output/external-real-v8-grounded/preformal-r3/raw_window_metadata_light/raw/EXT_E047-run2-seed20260828.json,0b399b65ab3805f93fd605a5269ef98f3d0073d3dddf96c2abc15820bd65bec6,2601
frozen_light_raw_attempt,output/external-real-v8-grounded/preformal-r3/raw_window_metadata_light/raw/EXT_E047-run3-seed20260829.json,2f1f36ed2955b486dde9f2829e638ee9f15487172267aeeb191504bf15d45b38,2842
frozen_light_raw_attempt,output/external-real-v8-grounded/preformal-r3/raw_window_metadata_light/raw/EXT_E048-run1-seed20260827.json,8b26db782c9968d486a7530a66babebbbe26b5181eb4ee2b0eb92531ad71912e,2697
frozen_light_raw_attempt,output/external-real-v8-grounded/preformal-r3/raw_window_metadata_light/raw/EXT_E048-run2-seed20260828.json,7f0ad1cccd2ef6058bb23418bcfe8356dd41d6d47f42d59418989fc618141e54,3247
frozen_light_raw_attempt,output/external-real-v8-grounded/preformal-r3/raw_window_metadata_light/raw/EXT_E048-run3-seed20260829.json,71b61c590f51188e81d5404565ba5bdc0bec1d24fd52b2144f78f110e87c192f,2558
frozen_light_raw_attempt,output/external-real-v8-grounded/preformal-r3/raw_window_metadata_light/raw/EXT_E050-run1-seed20260827.json,cf091dd4da5d45f07bdaa6185619438fe77535f43fc0da28af0b40145394bef2,2762
frozen_light_raw_attempt,output/external-real-v8-grounded/preformal-r3/raw_window_metadata_light/raw/EXT_E050-run2-seed20260828.json,24d14ed9d741e6c04af393aa3f5bf30199985e8380f912d3c9176086d76b8cf1,3136
frozen_light_raw_attempt,output/external-real-v8-grounded/preformal-r3/raw_window_metadata_light/raw/EXT_E050-run3-seed20260829.json,4f50c1a01335a38500394b587026c21ebf9170fba0ccf888a7034b73c4b6db29,2749
frozen_light_raw_attempt,output/external-real-v8-grounded/preformal-r3/raw_window_metadata_light/raw/EXT_E051-run1-seed20260827.json,17109977c8c83abb67e6ced376b550e19c76b2b29a080c45473da86e93e3f578,3801
frozen_light_raw_attempt,output/external-real-v8-grounded/preformal-r3/raw_window_metadata_light/raw/EXT_E051-run2-seed20260828.json,ab8b2435765e896df05a4eea0f0c729319b0687560c080147352f2b1904a5bf9,2383
frozen_light_raw_attempt,output/external-real-v8-grounded/preformal-r3/raw_window_metadata_light/raw/EXT_E051-run3-seed20260829.json,064a4de294e3206eb4f84949430e452fc2efe4d832295615fd336edf4e152572,3417
frozen_light_raw_attempt,output/external-real-v8-grounded/preformal-r3/raw_window_metadata_light/raw/EXT_E052-run1-seed20260827.json,bd2b50138774c1db5bf10e81525ccdcc2f148f4b7fbc82acbe93e58c26d9cd23,2744
frozen_light_raw_attempt,output/external-real-v8-grounded/preformal-r3/raw_window_metadata_light/raw/EXT_E052-run2-seed20260828.json,c6689983fd40d4fcf553b5bd6c15dc87b06deecb35d27f0fd7de6cee007f0d9f,2667
frozen_light_raw_attempt,output/external-real-v8-grounded/preformal-r3/raw_window_metadata_light/raw/EXT_E052-run3-seed20260829.json,64e898508d621df08e6edf546dd573fa457d6d9c2addd62f96ddc23662bc007f,2779
frozen_light_raw_attempt,output/external-real-v8-grounded/preformal-r3/raw_window_metadata_light/raw/EXT_E053-run1-seed20260827.json,8b2e788aced0623baeb026fdf6fe95db67b7dc74f6043adc950664fb6a8b88ae,2588
frozen_light_raw_attempt,output/external-real-v8-grounded/preformal-r3/raw_window_metadata_light/raw/EXT_E053-run2-seed20260828.json,b42ac46a75fe9b7972bade5de64e1dbfd5a2bd6a792ba591046243938b154ee4,3015
frozen_light_raw_attempt,output/external-real-v8-grounded/preformal-r3/raw_window_metadata_light/raw/EXT_E053-run3-seed20260829.json,586a1ab0ab2d2d1dcc323a82d970b0fe8f5e142bb0708e03168657f21aa45a95,2877
frozen_light_raw_attempt,output/external-real-v8-grounded/preformal-r3/raw_window_metadata_light/raw/EXT_E054-run1-seed20260827.json,e7777b9db261710c2433ab1b4ce0342ecf32e8ee8f121881a9ac70281f8ebbad,3493
frozen_light_raw_attempt,output/external-real-v8-grounded/preformal-r3/raw_window_metadata_light/raw/EXT_E054-run2-seed20260828.json,7a88f13c632db94b9fd2b917f05375ac953495033647fbed2d87d2ef279c26dd,3455
frozen_light_raw_attempt,output/external-real-v8-grounded/preformal-r3/raw_window_metadata_light/raw/EXT_E054-run3-seed20260829.json,14a09e692a2068a17422463bbbce70ec9b30b3526640d5aaa3fe12ee540fca2b,3466
frozen_light_raw_attempt,output/external-real-v8-grounded/preformal-r3/raw_window_metadata_light/raw/EXT_E055-run1-seed20260827.json,91283070e2db2778724f1008f6ae3ee33cdd3b907a6db5106551bd0f23220241,2555
frozen_light_raw_attempt,output/external-real-v8-grounded/preformal-r3/raw_window_metadata_light/raw/EXT_E055-run2-seed20260828.json,6d420d5a9e9d5f66daba3e5d094a4f4d32ed63741e5cc490f36e0e961fd9f8cd,2555
frozen_light_raw_attempt,output/external-real-v8-grounded/preformal-r3/raw_window_metadata_light/raw/EXT_E055-run3-seed20260829.json,83b63c137c3bb765785a53f7902d2dbf29404816d2cbf00575e45b2eae54b7ae,2591
frozen_light_raw_attempt,output/external-real-v8-grounded/preformal-r3/raw_window_metadata_light/raw/EXT_E057-run1-seed20260827.json,bce5280add2647d318a48e0b4a2aa053417452b9e986573d2d2d4fad4ae5511c,1190
frozen_light_raw_attempt,output/external-real-v8-grounded/preformal-r3/raw_window_metadata_light/raw/EXT_E057-run2-seed20260828.json,8d56e38a08390449ff6d10038e62368ceb7d540b5b4e9b3bbdbb984aa516ac30,1190
frozen_light_raw_attempt,output/external-real-v8-grounded/preformal-r3/raw_window_metadata_light/raw/EXT_E057-run3-seed20260829.json,9d6b72766bd76099cd48a60b43d6e4f71547cc8f840fb268351e29311275713a,1190
frozen_light_raw_attempt,output/external-real-v8-grounded/preformal-r3/raw_window_metadata_light/raw/EXT_E058-run1-seed20260827.json,aa6114a277d8e5ef795d2332a5db222c5998daeda9cef4d9a16aba6fe95b95bd,1196
frozen_light_raw_attempt,output/external-real-v8-grounded/preformal-r3/raw_window_metadata_light/raw/EXT_E058-run2-seed20260828.json,b9d3089b001756b11035b92460d129f78189e5c79c07c2cba8d78a8ad96f02af,1196
frozen_light_raw_attempt,output/external-real-v8-grounded/preformal-r3/raw_window_metadata_light/raw/EXT_E058-run3-seed20260829.json,45c6410a9495569c40237e6ebd1d8f94140bf0e58a6fe4c34df3200a3b36c512,1196
frozen_light_raw_attempt,output/external-real-v8-grounded/preformal-r3/raw_window_metadata_light/raw/EXT_E059-run1-seed20260827.json,3ca199255a036f21fd2bd81bcd9e8d5ea6d6154370d183160477cc8cfbdfa364,1194
frozen_light_raw_attempt,output/external-real-v8-grounded/preformal-r3/raw_window_metadata_light/raw/EXT_E059-run2-seed20260828.json,3a7c49eab2d028c3cb72c50e955c20854904666998ff8695a72faf961ae1359e,1194
frozen_light_raw_attempt,output/external-real-v8-grounded/preformal-r3/raw_window_metadata_light/raw/EXT_E059-run3-seed20260829.json,bb4a4f5c0793de7abd48a1974cebf638b965c610fcb5345fe5f9e75993ca70da,1194
frozen_light_raw_attempt,output/external-real-v8-grounded/preformal-r3/raw_window_metadata_light/raw/EXT_E060-run1-seed20260827.json,3b8d461206c614066532928bb542b3ab99bd624e60761308f57aa0aedf7f19d5,1190
frozen_light_raw_attempt,output/external-real-v8-grounded/preformal-r3/raw_window_metadata_light/raw/EXT_E060-run2-seed20260828.json,8ebf80d521de2f137d55dc84fdb0bc57971b262a86811bb7e958fadec2c1724a,1190
frozen_light_raw_attempt,output/external-real-v8-grounded/preformal-r3/raw_window_metadata_light/raw/EXT_E060-run3-seed20260829.json,248aa9278787f5a8a4283293c150e04115d38d59e1e3e469afbc4c87e43e9c82,1190
frozen_light_raw_attempt,output/external-real-v8-grounded/preformal-r3/raw_window_metadata_light/raw/EXT_E061-run1-seed20260827.json,8f10719ebe7d24870573e3b0143bf36936a59d2047d6f3d4ac566a3a682d5fa2,1196
frozen_light_raw_attempt,output/external-real-v8-grounded/preformal-r3/raw_window_metadata_light/raw/EXT_E061-run2-seed20260828.json,c998d71e1b421e90e7b1502c0f17634eff5f8e848a7611d48853430cb99f1041,1196
frozen_light_raw_attempt,output/external-real-v8-grounded/preformal-r3/raw_window_metadata_light/raw/EXT_E061-run3-seed20260829.json,baaec57d33bc504e4a367d9c9a9674b5462d1c777ad0e6ff8b60663c2a56cb26,1196
frozen_light_raw_attempt,output/external-real-v8-grounded/preformal-r3/raw_window_metadata_light/raw/EXT_E062-run1-seed20260827.json,f2d1cf6308af64c9debfe177fb8b9116a312fa4d8b8f1063bfa90997929a4fb8,1194
frozen_light_raw_attempt,output/external-real-v8-grounded/preformal-r3/raw_window_metadata_light/raw/EXT_E062-run2-seed20260828.json,13eb9e27e08347614260d7c9657175e810f79056c91f89da91a3a5f34c658b69,1194
frozen_light_raw_attempt,output/external-real-v8-grounded/preformal-r3/raw_window_metadata_light/raw/EXT_E062-run3-seed20260829.json,a6813141f8633b7553c2af1af6907121c8b6fcdf4059161f01b255d684d9ad5e,1194
frozen_light_raw_attempt,output/external-real-v8-grounded/preformal-r3/raw_window_metadata_light/raw/EXT_E063-run1-seed20260827.json,68bcc0d28987a85f1ed9f4cafc6c97f3131558bec9850ae939da1f98e632bc38,2411
frozen_light_raw_attempt,output/external-real-v8-grounded/preformal-r3/raw_window_metadata_light/raw/EXT_E063-run2-seed20260828.json,aa3d29ca68c93349833dd8697e2d290b2e48ee9159c772d8855b8bfcee14b81e,1725
frozen_light_raw_attempt,output/external-real-v8-grounded/preformal-r3/raw_window_metadata_light/raw/EXT_E063-run3-seed20260829.json,6dc0a8811853cec7087d89268681ce18867ca10a8509ee3d4964b8a8533a0593,1397
frozen_light_raw_attempt,output/external-real-v8-grounded/preformal-r3/raw_window_metadata_light/raw/EXT_E064-run1-seed20260827.json,4fc0eb06b8af283728048d28126f65d9157782f2d3d80e6c6e0c465c32a64ff4,1399
frozen_light_raw_attempt,output/external-real-v8-grounded/preformal-r3/raw_window_metadata_light/raw/EXT_E064-run2-seed20260828.json,eaf4503868878f83846a4437a7459214ab291bd72e7f0da5783c899ab2e920ee,1399
frozen_light_raw_attempt,output/external-real-v8-grounded/preformal-r3/raw_window_metadata_light/raw/EXT_E064-run3-seed20260829.json,daafffc1c17b8da22c228c4c706f986e1cdb539f2193073adac111abab2d1ac2,1399
frozen_light_raw_attempt,output/external-real-v8-grounded/preformal-r3/raw_window_metadata_light/raw/EXT_E065-run1-seed20260827.json,1904ab220d5aba14b0cf7def0557f24016abfdffb5bff52c016648c7e75a14ce,1403
frozen_light_raw_attempt,output/external-real-v8-grounded/preformal-r3/raw_window_metadata_light/raw/EXT_E065-run2-seed20260828.json,ec30102e5fb7d5bae4365db96995e74d619c083ca2be8678d29bc25c119cf055,1403
frozen_light_raw_attempt,output/external-real-v8-grounded/preformal-r3/raw_window_metadata_light/raw/EXT_E065-run3-seed20260829.json,cf2e8dbb6087c51f173e6d92b6a03d56d7353ddded205381f1772b568bce5d29,2653
frozen_light_raw_attempt,output/external-real-v8-grounded/preformal-r3/raw_window_metadata_light/raw/EXT_E066-run1-seed20260827.json,04451e259b271cbe4a958a12f309b7b7b17f34719e1af69e9b23bad71f50a313,1397
frozen_light_raw_attempt,output/external-real-v8-grounded/preformal-r3/raw_window_metadata_light/raw/EXT_E066-run2-seed20260828.json,dac25765654e3178213e82138200598bdeadd43f7715ac0284d26c3fb3d29b6d,1397
frozen_light_raw_attempt,output/external-real-v8-grounded/preformal-r3/raw_window_metadata_light/raw/EXT_E066-run3-seed20260829.json,4818c6c79ae88e4d19a5d42a54f8540e1bd9b3510bafa2af09202ddb74f23930,2512
frozen_light_raw_attempt,output/external-real-v8-grounded/preformal-r3/raw_window_metadata_light/raw/EXT_E067-run1-seed20260827.json,0fb8d39fc5bb343b6884741638ebc31b9d7ed0d7c7ab1937f2d32aac8114551b,1399
frozen_light_raw_attempt,output/external-real-v8-grounded/preformal-r3/raw_window_metadata_light/raw/EXT_E067-run2-seed20260828.json,9a868468520473cae9416f27ca13f1e270bd3bc66e29708d734181d5549f8ef3,1399
frozen_light_raw_attempt,output/external-real-v8-grounded/preformal-r3/raw_window_metadata_light/raw/EXT_E067-run3-seed20260829.json,1af780b71e1bafa00e462a96e56168e4ac86377cf3bf6250b18699a2bd01b581,1399
frozen_light_raw_attempt,output/external-real-v8-grounded/preformal-r3/raw_window_metadata_light/raw/EXT_E068-run1-seed20260827.json,6f3b7d68a6868d447a585a32841af7064e11c74c8f2e1644094d3c63e476a088,1403
frozen_light_raw_attempt,output/external-real-v8-grounded/preformal-r3/raw_window_metadata_light/raw/EXT_E068-run2-seed20260828.json,8802faeb7e93dd04c795e746c3e8c3545e2159e1de436e9c58f65d29c79e39f2,1403
frozen_light_raw_attempt,output/external-real-v8-grounded/preformal-r3/raw_window_metadata_light/raw/EXT_E068-run3-seed20260829.json,fea3225ab206306d3817081d1dd55568ede2162170dba30931da4494d7f829ca,1403
frozen_light_raw_attempt,output/external-real-v8-grounded/preformal-r3/raw_window_metadata_light/raw/EXT_E069-run1-seed20260827.json,8cfb5467f9779f2d6aa2113f214501976806a8bffae84ccc3758ff9c94685e7e,1190
frozen_light_raw_attempt,output/external-real-v8-grounded/preformal-r3/raw_window_metadata_light/raw/EXT_E069-run2-seed20260828.json,a149cd974f9c331dedf45465cec720fd9357cad479b7d7b9bf07180d7072aa4e,1190
frozen_light_raw_attempt,output/external-real-v8-grounded/preformal-r3/raw_window_metadata_light/raw/EXT_E069-run3-seed20260829.json,1e5e388cb1e1b66b6f62e0b02799fa651fe1039a027260dac5e824bf608cdb0c,1190
frozen_light_raw_attempt,output/external-real-v8-grounded/preformal-r3/raw_window_metadata_light/raw/EXT_E070-run1-seed20260827.json,a4841ef4f249b2ce3060decf68288b8c60545bf08aafca9bf3e44adbd2eff7fa,1190
frozen_light_raw_attempt,output/external-real-v8-grounded/preformal-r3/raw_window_metadata_light/raw/EXT_E070-run2-seed20260828.json,1aecc2f8e9281c359d5cd789a70f2f240d75460756d96cabc80a56399fa6cdc5,1190
frozen_light_raw_attempt,output/external-real-v8-grounded/preformal-r3/raw_window_metadata_light/raw/EXT_E070-run3-seed20260829.json,d468a87a708b8df446a5e7853e67bf4ee90221b51ce394ac547a29d7f7f3a73b,1190
frozen_light_raw_attempt,output/external-real-v8-grounded/preformal-r3/raw_window_metadata_light/raw/EXT_E071-run1-seed20260827.json,7951c7864dea4b3aaa2e7701cac0c1b68b7c04fd7e07b738d7fc5beee5e5a1d6,1190
frozen_light_raw_attempt,output/external-real-v8-grounded/preformal-r3/raw_window_metadata_light/raw/EXT_E071-run2-seed20260828.json,e8220f3dcde6351bca399855b2150271b614a69e9cdf6dafb3489ac70265e165,1190
frozen_light_raw_attempt,output/external-real-v8-grounded/preformal-r3/raw_window_metadata_light/raw/EXT_E071-run3-seed20260829.json,7b8c949c55e28f78eec5e614f2d72cebb0a3e9a0f916b7cf88dac9e284847d4b,1190
frozen_light_raw_attempt,output/external-real-v8-grounded/preformal-r3/raw_window_metadata_light/raw/EXT_E072-run1-seed20260827.json,b957a55757024e380740d70db778439f6353b17a28efa0fb45238db5269b903a,1190
frozen_light_raw_attempt,output/external-real-v8-grounded/preformal-r3/raw_window_metadata_light/raw/EXT_E072-run2-seed20260828.json,4759b90288fee5f90692f5cd2d307b95c594c286e8c15510db19274774ab8908,1190
frozen_light_raw_attempt,output/external-real-v8-grounded/preformal-r3/raw_window_metadata_light/raw/EXT_E072-run3-seed20260829.json,11e8ecf8969acc8f5827c1d91a65693e20a74edf80c80436f6b78ebded3297bb,1190
frozen_light_raw_attempt,output/external-real-v8-grounded/preformal-r3/raw_window_metadata_light/raw/EXT_E073-run1-seed20260827.json,938e61f9793a4c49866069806ce7f4ce33144df8a4dc73b4d8ef002643cbb5f5,1190
frozen_light_raw_attempt,output/external-real-v8-grounded/preformal-r3/raw_window_metadata_light/raw/EXT_E073-run2-seed20260828.json,536e7f2040e535c546a989cee59380f86272ce323e9735c4e3258dd6dd59177d,1190
frozen_light_raw_attempt,output/external-real-v8-grounded/preformal-r3/raw_window_metadata_light/raw/EXT_E073-run3-seed20260829.json,4373508562cd828c9d962186c18c35d3bf4f9339acae7b976856f56bdd987800,1190
frozen_light_raw_attempt,output/external-real-v8-grounded/preformal-r3/raw_window_metadata_light/raw/EXT_E074-run1-seed20260827.json,319e7689067830e5e92bb764c3e5f0ff01575ecc927babe2f6b044342d1b98db,1190
frozen_light_raw_attempt,output/external-real-v8-grounded/preformal-r3/raw_window_metadata_light/raw/EXT_E074-run2-seed20260828.json,4c9edb89bf9169cefef5a127e003d18fc36170953afa05de9ad6db11b093095d,1190
frozen_light_raw_attempt,output/external-real-v8-grounded/preformal-r3/raw_window_metadata_light/raw/EXT_E074-run3-seed20260829.json,9c833550630c2586407edeb83caa9ee470d09ee62bc93ce5de7b7ee19f846330,1190
frozen_light_raw_attempt,output/external-real-v8-grounded/preformal-r3/raw_window_metadata_light/raw/EXT_E075-run1-seed20260827.json,6cecd6f3698d4fa902790b4023d2d1d1f67fe55475ecab45c04959ffe91f8dc1,1190
frozen_light_raw_attempt,output/external-real-v8-grounded/preformal-r3/raw_window_metadata_light/raw/EXT_E075-run2-seed20260828.json,9b7f091ac3807f87095ca9b096d67ee3bd375b3cb59a88f1d4e77f7668356f41,1190
frozen_light_raw_attempt,output/external-real-v8-grounded/preformal-r3/raw_window_metadata_light/raw/EXT_E075-run3-seed20260829.json,37377c5352bc4d1c8755b249490bbc2ac121132aecbcfff0a1ad4f5036ead647,1190
frozen_light_raw_attempt,output/external-real-v8-grounded/preformal-r3/raw_window_metadata_light/raw/EXT_E076-run1-seed20260827.json,49fddece7d6321e7acd20a4b2b502319db9294bb3bb100e6924000fbb23a5ccc,1190
frozen_light_raw_attempt,output/external-real-v8-grounded/preformal-r3/raw_window_metadata_light/raw/EXT_E076-run2-seed20260828.json,5ad5164f739f4158c1db9291affc25e12958f43b3ac96b87b48f572c794d9157,1190
frozen_light_raw_attempt,output/external-real-v8-grounded/preformal-r3/raw_window_metadata_light/raw/EXT_E076-run3-seed20260829.json,20426aa95209bfd61088e428946ead13a21fe58b0fa983bd73afbee8c8538219,1190
frozen_light_raw_attempt,output/external-real-v8-grounded/preformal-r3/raw_window_metadata_light/raw/EXT_E077-run1-seed20260827.json,da685d158e54cb7aef55bfc5c1f14f59268a71f33c0ef41c38d4b9f7fba11570,1190
frozen_light_raw_attempt,output/external-real-v8-grounded/preformal-r3/raw_window_metadata_light/raw/EXT_E077-run2-seed20260828.json,7d1ebe778200fb07ba6b7932614f8d830be290374e41ef5e876d04aa85e8cc3d,1190
frozen_light_raw_attempt,output/external-real-v8-grounded/preformal-r3/raw_window_metadata_light/raw/EXT_E077-run3-seed20260829.json,bb135f63d8613f813168ee03c6d0748c510ecc1440ee3d2267f3defbca0d8178,1190
frozen_light_raw_attempt,output/external-real-v8-grounded/preformal-r3/raw_window_metadata_light/raw/EXT_E078-run1-seed20260827.json,e85e8255b2dd717c8372ad3cf4f5857d9fc8055cebcb802449f67e96fe1d326a,1190
frozen_light_raw_attempt,output/external-real-v8-grounded/preformal-r3/raw_window_metadata_light/raw/EXT_E078-run2-seed20260828.json,1d0b01c421e094bfa0e75ab765c3eb2f7dac8e0ee6f05a12d87a8a85a6c7bde3,1190
frozen_light_raw_attempt,output/external-real-v8-grounded/preformal-r3/raw_window_metadata_light/raw/EXT_E078-run3-seed20260829.json,81022eb8222a6c756e90460912137153124212d5088cbb9d62a009d928c21438,1190
frozen_light_raw_attempt,output/external-real-v8-grounded/preformal-r3/raw_window_metadata_light/raw/EXT_E079-run1-seed20260827.json,b86aa854a13802d79281c8cbb933749ee0071d18dccbb4743a3445343586635a,1190
frozen_light_raw_attempt,output/external-real-v8-grounded/preformal-r3/raw_window_metadata_light/raw/EXT_E079-run2-seed20260828.json,3872d3f7d10a0099821722118391ff91effe7f471433257660aaab5853ff0d68,1190
frozen_light_raw_attempt,output/external-real-v8-grounded/preformal-r3/raw_window_metadata_light/raw/EXT_E079-run3-seed20260829.json,7b0dac473fc8352689e14906143729f63d0083d5bcaaab5422f747e38a7256a6,1190
frozen_light_raw_attempt,output/external-real-v8-grounded/preformal-r3/raw_window_metadata_light/raw/EXT_E080-run1-seed20260827.json,8a08de6a1bcd6438893ebc97782a3d72918b24178dc6cd612b983b886f7def0e,1190
frozen_light_raw_attempt,output/external-real-v8-grounded/preformal-r3/raw_window_metadata_light/raw/EXT_E080-run2-seed20260828.json,06e9480110b7a42b071a6c21d1bb57e6f28451d93496a17e5e9996446ea4d788,1190
frozen_light_raw_attempt,output/external-real-v8-grounded/preformal-r3/raw_window_metadata_light/raw/EXT_E080-run3-seed20260829.json,83bbd32d129b3955b8848eb986bc02072cc01cd7cae51ae556461a70cde6da4b,1190
frozen_light_raw_attempt,output/external-real-v8-grounded/preformal-r3/raw_window_metadata_light/raw/EXT_E081-run1-seed20260827.json,f3dd9c148d38548ec90341431d4b654f1ec44a4eacc04a05106906a6790fd843,1190
frozen_light_raw_attempt,output/external-real-v8-grounded/preformal-r3/raw_window_metadata_light/raw/EXT_E081-run2-seed20260828.json,7debc7eb9b4e284692992b1b117f8fc851238284d0eb5e5fb32e21f3ed52080b,1190
frozen_light_raw_attempt,output/external-real-v8-grounded/preformal-r3/raw_window_metadata_light/raw/EXT_E081-run3-seed20260829.json,6364cecb99b52c47b0be79100edfdfeadad6e9904f75d931a1ef7ce4315c6885,1190
frozen_light_raw_attempt,output/external-real-v8-grounded/preformal-r3/raw_window_metadata_light/raw/EXT_E082-run1-seed20260827.json,37504f5bf9865235cbc695bdfa90b161da3bab90546fa6d41b044dd0c1a01d50,1190
frozen_light_raw_attempt,output/external-real-v8-grounded/preformal-r3/raw_window_metadata_light/raw/EXT_E082-run2-seed20260828.json,3d3dd2aab25674f3283fba6d50cf3f8613abe2f5ea119f2ec9c4688003d3eae9,1190
frozen_light_raw_attempt,output/external-real-v8-grounded/preformal-r3/raw_window_metadata_light/raw/EXT_E082-run3-seed20260829.json,2511f0beccb848dd2fd622bf4138604a103a6c7eef645d049db09ff9bdfbbe05,1190
frozen_light_raw_attempt,output/external-real-v8-grounded/preformal-r3/raw_window_metadata_light/raw/EXT_E083-run1-seed20260827.json,9ed712fe36413241923c067891bf5a7eade1b8ea28b6cce9408a7bf3af153f9b,1190
frozen_light_raw_attempt,output/external-real-v8-grounded/preformal-r3/raw_window_metadata_light/raw/EXT_E083-run2-seed20260828.json,c160ac996a2fa4bcd2447ace3e8515b318994962731e391ef8b293bb7b6ab418,1190
frozen_light_raw_attempt,output/external-real-v8-grounded/preformal-r3/raw_window_metadata_light/raw/EXT_E083-run3-seed20260829.json,a05d71cf0a20e44bfa388026726718388a2e52f3fa1507b1e081c5549cefc5df,1190
frozen_light_raw_attempt,output/external-real-v8-grounded/preformal-r3/raw_window_metadata_light/raw/EXT_E084-run1-seed20260827.json,ae20ef8b60b00c42b3691e8d60fb883a31a794bb702d9b476f579259bd0068c8,1190
frozen_light_raw_attempt,output/external-real-v8-grounded/preformal-r3/raw_window_metadata_light/raw/EXT_E084-run2-seed20260828.json,a3c56041f0fddedc2c62f1000d4c4dc39f3a6d462aee186a2baab350fce97758,1190
frozen_light_raw_attempt,output/external-real-v8-grounded/preformal-r3/raw_window_metadata_light/raw/EXT_E084-run3-seed20260829.json,502074c5091d38851a3713d604ef7db2baef8fb72b73a8f90e6f5c90a95f9b1c,1190
frozen_light_raw_attempt,output/external-real-v8-grounded/preformal-r3/raw_window_metadata_light/raw/EXT_E085-run1-seed20260827.json,ebe5f932317c15e86a7b8f2a0d9fce88bf2d098e5cff012740c2bba6ae347eee,1190
frozen_light_raw_attempt,output/external-real-v8-grounded/preformal-r3/raw_window_metadata_light/raw/EXT_E085-run2-seed20260828.json,89aca118f5ff4bea0b3705e842da904b24768bdf2717eab49531f6d262c27e41,1190
frozen_light_raw_attempt,output/external-real-v8-grounded/preformal-r3/raw_window_metadata_light/raw/EXT_E085-run3-seed20260829.json,82420c0da350174278792082c7333840885548eb4715f27afe3f7c6983699f1f,1190
frozen_light_raw_attempt,output/external-real-v8-grounded/preformal-r3/raw_window_metadata_light/raw/EXT_E086-run1-seed20260827.json,877002a9cef1ab69d1b4e179e452e117c60ac3db037ecdca011aa787603386ba,2919
frozen_light_raw_attempt,output/external-real-v8-grounded/preformal-r3/raw_window_metadata_light/raw/EXT_E086-run2-seed20260828.json,f7ba660229bf1f0b2cfcfd08f496961a323f3151a5977a0479fc39eee87a11d7,2909
frozen_light_raw_attempt,output/external-real-v8-grounded/preformal-r3/raw_window_metadata_light/raw/EXT_E086-run3-seed20260829.json,60df904a23b02bc75821056fd3b5ea188155c852aa2f779b4ed65d4828251d81,3335
frozen_light_raw_attempt,output/external-real-v8-grounded/preformal-r3/raw_window_metadata_light/raw/EXT_E087-run1-seed20260827.json,dccc90083483c848217daed06e442ac2aa01c01bcf7709bacad0b0b6033b0c98,1929
frozen_light_raw_attempt,output/external-real-v8-grounded/preformal-r3/raw_window_metadata_light/raw/EXT_E087-run2-seed20260828.json,2da7d2a79038502192bbed75f3b82ade2cb5a06d4a6805a31855b67d657d0b9d,3400
frozen_light_raw_attempt,output/external-real-v8-grounded/preformal-r3/raw_window_metadata_light/raw/EXT_E087-run3-seed20260829.json,e08edaf1f448d7271ba2b5dcd6364a171cec0c48416609a6c8e03a20494993a5,2609
frozen_light_raw_attempt,output/external-real-v8-grounded/preformal-r3/raw_window_metadata_light/raw/EXT_E088-run1-seed20260827.json,08b6129376a8c70acd56cce88a95daecb64151ef62d1f35d4e2579001e93e15a,3206
frozen_light_raw_attempt,output/external-real-v8-grounded/preformal-r3/raw_window_metadata_light/raw/EXT_E088-run2-seed20260828.json,fc1d9930a6dc30eeebf5dc1dacef652ac4b575b3eb9363680e58744e67d6b7da,2952
frozen_light_raw_attempt,output/external-real-v8-grounded/preformal-r3/raw_window_metadata_light/raw/EXT_E088-run3-seed20260829.json,6b2b7192f4e2545d0c8718d29f3ac6ae5f5196556a009fd7e66dd26c39d5f891,3143
frozen_light_raw_attempt,output/external-real-v8-grounded/preformal-r3/raw_window_metadata_light/raw/EXT_E089-run1-seed20260827.json,3cf4e7a80a2b1d9a23ccdaff4f01c803338f036ea51fb2483c3577502b489412,3489
frozen_light_raw_attempt,output/external-real-v8-grounded/preformal-r3/raw_window_metadata_light/raw/EXT_E089-run2-seed20260828.json,1ea365adf64eb0d34504815644a9bb27e31cf243a5b33f0784e030aaa86896fe,2816
frozen_light_raw_attempt,output/external-real-v8-grounded/preformal-r3/raw_window_metadata_light/raw/EXT_E089-run3-seed20260829.json,9e21bc1a8f261f463048b9f00c52add71e153bd88ea532fd7aa24ed2e77b41b6,3546
frozen_light_raw_attempt,output/external-real-v8-grounded/preformal-r3/raw_window_metadata_light/raw/EXT_E090-run1-seed20260827.json,7de9521112164baa0000f5e77f464db7ca279391fdb8397ddd1d4e752d79aae0,2947
frozen_light_raw_attempt,output/external-real-v8-grounded/preformal-r3/raw_window_metadata_light/raw/EXT_E090-run2-seed20260828.json,3be8dc09895153b5171a816f940eafd3473b71fa0b731483c3949634a985038c,1923
frozen_light_raw_attempt,output/external-real-v8-grounded/preformal-r3/raw_window_metadata_light/raw/EXT_E090-run3-seed20260829.json,aa8d52c125e05388795fa7a35e7ad5be0d623faab164997ab32c7b637221c695,3294
frozen_light_raw_attempt,output/external-real-v8-grounded/preformal-r3/raw_window_metadata_light/raw/EXT_E091-run1-seed20260827.json,290fd32f581bdd80d8c37e3b7687503098677f0c4ca8c1164bbe1c110e92c136,4487
frozen_light_raw_attempt,output/external-real-v8-grounded/preformal-r3/raw_window_metadata_light/raw/EXT_E091-run2-seed20260828.json,068b835425569f5351a76bbd11e8ff50022fe6a2ad5a145ee6b84cda468a5d82,4778
frozen_light_raw_attempt,output/external-real-v8-grounded/preformal-r3/raw_window_metadata_light/raw/EXT_E091-run3-seed20260829.json,f8f43454e48ba9dffe97b080c606b04ed6b0b92dad768742163487599fb81a8b,4239
frozen_light_raw_attempt,output/external-real-v8-grounded/preformal-r3/raw_window_metadata_light/raw/EXT_E092-run1-seed20260827.json,894197a6c91ed88d16746dd091a2bbda7eea885390b5ba1639ecf759537d4b30,3515
frozen_light_raw_attempt,output/external-real-v8-grounded/preformal-r3/raw_window_metadata_light/raw/EXT_E092-run2-seed20260828.json,acb383cc331f092ebf2cc1648b1921bd5eb589c0f077f93c2cd7bc66aded30b0,3089
frozen_light_raw_attempt,output/external-real-v8-grounded/preformal-r3/raw_window_metadata_light/raw/EXT_E092-run3-seed20260829.json,49dcc8c128ae338645ccffb1ef92b709da86865f79c22975022a7081da892c0c,3513
frozen_light_raw_attempt,output/external-real-v8-grounded/preformal-r3/raw_window_metadata_light/raw/EXT_E093-run1-seed20260827.json,037fb12d5b82774be7613f1c20a70f91c44cb9dd447b24dcf39431f9137b92b7,3145
frozen_light_raw_attempt,output/external-real-v8-grounded/preformal-r3/raw_window_metadata_light/raw/EXT_E093-run2-seed20260828.json,94ed4cb076c3192da702f8ee1b912c1f797bdbe6e62b7e2ed46287f4c455b788,3171
frozen_light_raw_attempt,output/external-real-v8-grounded/preformal-r3/raw_window_metadata_light/raw/EXT_E093-run3-seed20260829.json,6c94f06cf5e5fd8e50b9173b1f190a939453ea42fd9cba1e714c8bb7eb63b139,3817
frozen_light_raw_attempt,output/external-real-v8-grounded/preformal-r3/raw_window_metadata_light/raw/EXT_E094-run1-seed20260827.json,b93fb1da9f415ddc6b2e33ad3ba35576579b4a5d4181715c7f9774ac9ee75302,3624
frozen_light_raw_attempt,output/external-real-v8-grounded/preformal-r3/raw_window_metadata_light/raw/EXT_E094-run2-seed20260828.json,7c2bef3cae1ba075541f451d8c95045602adc763cef71d6edf2c71bbb97f2183,3275
frozen_light_raw_attempt,output/external-real-v8-grounded/preformal-r3/raw_window_metadata_light/raw/EXT_E094-run3-seed20260829.json,55d44663862ec446d630fbb35ead2a6e6d9892632e22aa637319a2a7b379d4fc,3732
frozen_light_raw_attempt,output/external-real-v8-grounded/preformal-r3/raw_window_metadata_light/raw/EXT_E095-run1-seed20260827.json,92fd803f66b9a50b349ff3f2b53665c6ba79edeb5c2dd45ced7975ddedc8c979,2975
frozen_light_raw_attempt,output/external-real-v8-grounded/preformal-r3/raw_window_metadata_light/raw/EXT_E095-run2-seed20260828.json,683e25a63fccfb64a4d97f72fc4fd65db3d681583e9c03a447ec88e5b1657301,2813
frozen_light_raw_attempt,output/external-real-v8-grounded/preformal-r3/raw_window_metadata_light/raw/EXT_E095-run3-seed20260829.json,964da03c82dd5889af91c615a25288bf297d79447ce0d744bfe387f6bd7e6bd1,2933
frozen_light_raw_attempt,output/external-real-v8-grounded/preformal-r3/raw_window_metadata_light/raw/EXT_E096-run1-seed20260827.json,bcc1bbcbcde755720bf75f3b94dc871b6c072f4ceee0fa0b52062cf202fad8c8,2898
frozen_light_raw_attempt,output/external-real-v8-grounded/preformal-r3/raw_window_metadata_light/raw/EXT_E096-run2-seed20260828.json,a59bbabdde4e81e47d9ddd7e9d813f3c1373484ebe86aee8162a231ffcc5511f,3262
frozen_light_raw_attempt,output/external-real-v8-grounded/preformal-r3/raw_window_metadata_light/raw/EXT_E096-run3-seed20260829.json,b22384b6ee4af9f9a8fa0304a6c0474a2b4ea0f6a269b221098ff42734c38212,3136
frozen_light_raw_attempt,output/external-real-v8-grounded/preformal-r3/raw_window_metadata_light/raw/EXT_E097-run1-seed20260827.json,22edf457ebdc3ab5bb1122fb1d1877b57801392dd2af0c4ea1967685490c8c5c,3077
frozen_light_raw_attempt,output/external-real-v8-grounded/preformal-r3/raw_window_metadata_light/raw/EXT_E097-run2-seed20260828.json,90de6ee01ee4e57ed30ba46be4c1180e88c5ad7cd145500af1190f2e6bd81c72,2866
frozen_light_raw_attempt,output/external-real-v8-grounded/preformal-r3/raw_window_metadata_light/raw/EXT_E097-run3-seed20260829.json,20636385ccb1b9af5fddffe56d7f7f31533c63604039269a6f5bd0dba1fb7488,3148
frozen_light_raw_attempt,output/external-real-v8-grounded/preformal-r3/raw_window_metadata_light/raw/EXT_E098-run1-seed20260827.json,d68a0500d390f4a1673580ae85da67a1db4ee3163f7906f50bcd3d92ea94732a,2975
frozen_light_raw_attempt,output/external-real-v8-grounded/preformal-r3/raw_window_metadata_light/raw/EXT_E098-run2-seed20260828.json,bfbe9a081d5a6c0d2595529cc4aa3fa20b79183ffbd7826ba945acfac3eb7856,2786
frozen_light_raw_attempt,output/external-real-v8-grounded/preformal-r3/raw_window_metadata_light/raw/EXT_E098-run3-seed20260829.json,127f46866cf864087a61626b1cf24b29d803f9d7b92ae1d99f06c9bd36ac6b27,2866
frozen_light_raw_attempt,output/external-real-v8-grounded/preformal-r3/raw_window_metadata_light/raw/EXT_E099-run1-seed20260827.json,e00818c7dede30bf123065edcaa3795edf66fd1bfd50ab82ada555f5d6c8df56,2969
frozen_light_raw_attempt,output/external-real-v8-grounded/preformal-r3/raw_window_metadata_light/raw/EXT_E099-run2-seed20260828.json,7f2a09758d133c084c343c80d006e1591f952c522d9250e40b0efae7ab42e679,3639
frozen_light_raw_attempt,output/external-real-v8-grounded/preformal-r3/raw_window_metadata_light/raw/EXT_E099-run3-seed20260829.json,d9f02ccaa6110ab709bf8595723fefd0f0641b52a4025e7548cf42afe28d6f0f,2876
frozen_light_raw_attempt,output/external-real-v8-grounded/preformal-r3/raw_window_metadata_light/raw/EXT_E100-run1-seed20260827.json,fa35d4a0920e14f1ce8abdc5ee2ceb2366b006d38f811e33b3a7943e58869c2c,3461
frozen_light_raw_attempt,output/external-real-v8-grounded/preformal-r3/raw_window_metadata_light/raw/EXT_E100-run2-seed20260828.json,493946db7ef91e7f6577ad584d9c4b9245136f51508ade7a3b54da7067ee8fd3,3197
frozen_light_raw_attempt,output/external-real-v8-grounded/preformal-r3/raw_window_metadata_light/raw/EXT_E100-run3-seed20260829.json,06f3558a64a4389842339352481e01853f677d4111454aa6601e56075259a37b,2979
frozen_light_raw_attempt,output/external-real-v8-grounded/preformal-r3/raw_window_metadata_light/raw/EXT_E101-run1-seed20260827.json,f1386adb42681502d593b3bf0588ca8eb815ed5493d6eee20e89111e19cc7307,3409
frozen_light_raw_attempt,output/external-real-v8-grounded/preformal-r3/raw_window_metadata_light/raw/EXT_E101-run2-seed20260828.json,f83526d71673db294df50344bf3e89ed85d87792263b0d583c8ad6a8bfaddd3c,1888
frozen_light_raw_attempt,output/external-real-v8-grounded/preformal-r3/raw_window_metadata_light/raw/EXT_E101-run3-seed20260829.json,353bbc69298ace716f29d2f2799ace08173b8ca792597db2e725c94dfe2efd3e,2822
frozen_light_raw_attempt,output/external-real-v8-grounded/preformal-r3/raw_window_metadata_light/raw/EXT_E102-run1-seed20260827.json,613fb33b87522cad7f5224dfb41630a53c635f10dbe9494be91119d1b091ca89,4714
frozen_light_raw_attempt,output/external-real-v8-grounded/preformal-r3/raw_window_metadata_light/raw/EXT_E102-run2-seed20260828.json,83d6572c21dae2756ff6104501343eff8752d84bfe3c569a3e67f3b8b58ee406,4025
frozen_light_raw_attempt,output/external-real-v8-grounded/preformal-r3/raw_window_metadata_light/raw/EXT_E102-run3-seed20260829.json,399b0072d9f7f416413594caa00e3d8f12084e0bf41c2f7d944cfe9b34fde038,4270
frozen_light_raw_attempt,output/external-real-v8-grounded/preformal-r3/raw_window_metadata_light/raw/EXT_E103-run1-seed20260827.json,f025ae955cb9ce23997c2bb757821db6a0890acee04603dc7db659e56d141ab3,2663
frozen_light_raw_attempt,output/external-real-v8-grounded/preformal-r3/raw_window_metadata_light/raw/EXT_E103-run2-seed20260828.json,a116864443312dddafca89b63053f9c85cef685ac65e7e759b747549acbd4fb0,3276
frozen_light_raw_attempt,output/external-real-v8-grounded/preformal-r3/raw_window_metadata_light/raw/EXT_E103-run3-seed20260829.json,8db0a2fa970c3392914961913f76c6644bd2d68a75c30b4c601e5371141b7ff0,2419
frozen_light_raw_attempt,output/external-real-v8-grounded/preformal-r3/raw_window_metadata_light/raw/EXT_E104-run1-seed20260827.json,c7177213fa84e3a48a60cc73857592e365e07eec0270ab99f89680ca722a9275,3861
frozen_light_raw_attempt,output/external-real-v8-grounded/preformal-r3/raw_window_metadata_light/raw/EXT_E104-run2-seed20260828.json,182f7ed5e93e37cc6e17852c40bbd492e20be92d7beb5fdee90d420a649dc618,4356
frozen_light_raw_attempt,output/external-real-v8-grounded/preformal-r3/raw_window_metadata_light/raw/EXT_E104-run3-seed20260829.json,6033e6f247d1864f66f07c63100aa878fe6cad53b49d7b33a8352d60efccf594,3254
frozen_light_raw_attempt,output/external-real-v8-grounded/preformal-r3/raw_window_metadata_light/raw/EXT_E105-run1-seed20260827.json,cb87586e94550ef8f88a6adf1502e902a93a167226e403b9bbedcc58425620c0,3234
frozen_light_raw_attempt,output/external-real-v8-grounded/preformal-r3/raw_window_metadata_light/raw/EXT_E105-run2-seed20260828.json,52711c769ff41643e1fe08b0cf334fcb89e39f8b9f5153f5bd66ddb3c9270a81,3266
frozen_light_raw_attempt,output/external-real-v8-grounded/preformal-r3/raw_window_metadata_light/raw/EXT_E105-run3-seed20260829.json,fc43484d869341cf22d7d2b7394374a28084349612474a4f40eb8b209371247c,4720
frozen_light_raw_attempt,output/external-real-v8-grounded/preformal-r3/raw_window_metadata_light/raw/EXT_E106-run1-seed20260827.json,65efe05aaf6956c12ab55f119de120bdf407895bd77f52743b8ebfcd3da74c7e,2178
frozen_light_raw_attempt,output/external-real-v8-grounded/preformal-r3/raw_window_metadata_light/raw/EXT_E106-run2-seed20260828.json,0c14daa16af63a30ca049663bdc0b9804feadbb22bb72705755c713d9f255e63,2260
frozen_light_raw_attempt,output/external-real-v8-grounded/preformal-r3/raw_window_metadata_light/raw/EXT_E106-run3-seed20260829.json,64083806a935afba945115111c889d0b02008e02a8fff4419db979e46f62b3d7,2651
frozen_light_raw_attempt,output/external-real-v8-grounded/preformal-r3/raw_window_metadata_light/raw/EXT_E107-run1-seed20260827.json,03fa9b55c8cc03f622ab96ebeb4bf367dda365de8d4a14b08ab10c82d46d3310,2752
frozen_light_raw_attempt,output/external-real-v8-grounded/preformal-r3/raw_window_metadata_light/raw/EXT_E107-run2-seed20260828.json,634fc9a5229148f3c2331689b2ed1d2aac20cebfe0ee79120b2b902934e8b2f7,2633
frozen_light_raw_attempt,output/external-real-v8-grounded/preformal-r3/raw_window_metadata_light/raw/EXT_E107-run3-seed20260829.json,321c697bf113e821b7d96a06e7d83f3bd992ad8ffe2eb4d9c91cd91709ead4b6,2334
frozen_light_raw_attempt,output/external-real-v8-grounded/preformal-r3/raw_window_metadata_light/raw/EXT_E108-run1-seed20260827.json,f71988674e52d6722501a1becc3d87d9437babb4b2531212d4cfdadde48b9c75,3152
frozen_light_raw_attempt,output/external-real-v8-grounded/preformal-r3/raw_window_metadata_light/raw/EXT_E108-run2-seed20260828.json,364ff1a7ec25678a85ebec651f1cce6d1b0d606e94d8d40d1a681308efb89848,3873
frozen_light_raw_attempt,output/external-real-v8-grounded/preformal-r3/raw_window_metadata_light/raw/EXT_E108-run3-seed20260829.json,9a3c967ecf3b9fa695eb9b7019d5d617c08987051ee7c50bdc30f529580a86bd,2745
frozen_light_raw_attempt,output/external-real-v8-grounded/preformal-r3/raw_window_metadata_light/raw/EXT_E109-run1-seed20260827.json,e12bf4741629067a47d998153559a54ec0e9d8e0c2fd490d3bb097d9a9f59230,1832
frozen_light_raw_attempt,output/external-real-v8-grounded/preformal-r3/raw_window_metadata_light/raw/EXT_E109-run2-seed20260828.json,6137892a3cd58062320015fbc8684c7a43d637cd149d1704320ce2cc6144cd73,2104
frozen_light_raw_attempt,output/external-real-v8-grounded/preformal-r3/raw_window_metadata_light/raw/EXT_E109-run3-seed20260829.json,343e820145ac01b55fda4d3dd12237e941267865d4254967a994cebb65777d01,2192
frozen_light_raw_attempt,output/external-real-v8-grounded/preformal-r3/raw_window_metadata_light/raw/EXT_E110-run1-seed20260827.json,ea4c54d30d76a2cc44278634195d5703c553e912e827550f2f506665df255125,2843
frozen_light_raw_attempt,output/external-real-v8-grounded/preformal-r3/raw_window_metadata_light/raw/EXT_E110-run2-seed20260828.json,aec5122c156b0318099e0f5557a07d079a483445f86dd55782f66e57c80eff44,2524
frozen_light_raw_attempt,output/external-real-v8-grounded/preformal-r3/raw_window_metadata_light/raw/EXT_E110-run3-seed20260829.json,ea29b43e084a746950a9dc9b21090054542867dedea13ea5b7bafa97ac421d15,2173
frozen_light_raw_attempt,output/external-real-v8-grounded/preformal-r3/raw_window_metadata_light/raw/EXT_E111-run1-seed20260827.json,c700247233f6073bdda2a3a7451f82b3a108f07ad37f3fae87844ae2ccb84222,3565
frozen_light_raw_attempt,output/external-real-v8-grounded/preformal-r3/raw_window_metadata_light/raw/EXT_E111-run2-seed20260828.json,dd1b434927d38c5157f2ccd47ede8432531f75ebeb3f19b5ae15fd7168b0a883,3440
frozen_light_raw_attempt,output/external-real-v8-grounded/preformal-r3/raw_window_metadata_light/raw/EXT_E111-run3-seed20260829.json,71e548d879ec4c1412e11b0beb7de967721024a14b3176d6a1c65b30605eb1eb,3242
frozen_light_raw_attempt,output/external-real-v8-grounded/preformal-r3/raw_window_metadata_light/raw/EXT_E112-run1-seed20260827.json,039d21d546db340a472019ef9590c70f0ecd8299f60ea706581702a6d13a9290,4078
frozen_light_raw_attempt,output/external-real-v8-grounded/preformal-r3/raw_window_metadata_light/raw/EXT_E112-run2-seed20260828.json,6bdfb3eaed68f5f5ebf4783403f3181cac1b83d9d6e07687d3ece4efe35f9c9d,2871
frozen_light_raw_attempt,output/external-real-v8-grounded/preformal-r3/raw_window_metadata_light/raw/EXT_E112-run3-seed20260829.json,8c35dd3595093d1cb18b569dfcc49a8a6f571e1c673dc759821c6c094ce99a42,2895
frozen_light_raw_attempt,output/external-real-v8-grounded/preformal-r3/raw_window_metadata_light/raw/EXT_E113-run1-seed20260827.json,83f88e95df56532fa63fbbef8c9c71ad3d780d70615d63637e792a941ee60d17,1835
frozen_light_raw_attempt,output/external-real-v8-grounded/preformal-r3/raw_window_metadata_light/raw/EXT_E113-run2-seed20260828.json,97bbae9af15ca9a2ec8578a39d4af7b88f8f3f534fbdf81dd1b667739979d4f4,3334
frozen_light_raw_attempt,output/external-real-v8-grounded/preformal-r3/raw_window_metadata_light/raw/EXT_E113-run3-seed20260829.json,5a5c6fe77e79736e5010737d5af8bf19da01090f98e3d8b480434c45bae4f708,3105
frozen_light_raw_attempt,output/external-real-v8-grounded/preformal-r3/raw_window_metadata_light/raw/EXT_E114-run1-seed20260827.json,c32cf0bbaf8494a6b37061eec00caeb1256b8d8e62125d371be810c3c25655d5,3265
frozen_light_raw_attempt,output/external-real-v8-grounded/preformal-r3/raw_window_metadata_light/raw/EXT_E114-run2-seed20260828.json,8255106b5e2d4bbb8b6b6ee63e2162f7326dfc206b53e90e0e491b36fc0be856,3069
frozen_light_raw_attempt,output/external-real-v8-grounded/preformal-r3/raw_window_metadata_light/raw/EXT_E114-run3-seed20260829.json,0cfb56cdd27e3be2ff4292fa87d4f1eaeabf12e46fb88730c035228a91b8e4e4,3295
frozen_light_raw_attempt,output/external-real-v8-grounded/preformal-r3/raw_window_metadata_light/raw/EXT_E115-run1-seed20260827.json,8a514b603554fb2f28a972807a109fea08f1748313cb63b264bd0e0f25b00d81,2279
frozen_light_raw_attempt,output/external-real-v8-grounded/preformal-r3/raw_window_metadata_light/raw/EXT_E115-run2-seed20260828.json,68ba8aa95530dd90d593070537c3ac868f631bdaf288299cbc149d827acbc93f,2424
frozen_light_raw_attempt,output/external-real-v8-grounded/preformal-r3/raw_window_metadata_light/raw/EXT_E115-run3-seed20260829.json,5eb7f9dd76179a52be22c5283fc21efa82aad3d432a658f0f1d57c152536fd2e,3057
frozen_light_raw_attempt,output/external-real-v8-grounded/preformal-r3/raw_window_metadata_light/raw/EXT_E116-run1-seed20260827.json,68c39504017ac3298108442177b8dcc8363a059c631f0a44b7afc6b562216dd4,2480
frozen_light_raw_attempt,output/external-real-v8-grounded/preformal-r3/raw_window_metadata_light/raw/EXT_E116-run2-seed20260828.json,c67efabe3519661b6e69a8f37915cb379cd1e3bdb7d5a568026c71c2eaeb6b60,2620
frozen_light_raw_attempt,output/external-real-v8-grounded/preformal-r3/raw_window_metadata_light/raw/EXT_E116-run3-seed20260829.json,5dc447ff71e63af01c1139d0b8fedfd830bfaebed7cd735f20a087c8aca13995,2485
frozen_light_raw_attempt,output/external-real-v8-grounded/preformal-r3/raw_window_metadata_light/raw/EXT_E117-run1-seed20260827.json,191d02b2417c4abcf0e9eff515f3a4df8fdbedaa103ed210bdafb4df4e7c93e1,2479
frozen_light_raw_attempt,output/external-real-v8-grounded/preformal-r3/raw_window_metadata_light/raw/EXT_E117-run2-seed20260828.json,eca0bcd57e9e1807de8c6e7ee81709229ffd232eed7763b5f43ed7dd584d84a7,4068
frozen_light_raw_attempt,output/external-real-v8-grounded/preformal-r3/raw_window_metadata_light/raw/EXT_E117-run3-seed20260829.json,85d3d34e4e7d8c4f249a29ba4593c96f919c9dab9dfa4b0d53344b42aaec4656,2407
frozen_light_raw_attempt,output/external-real-v8-grounded/preformal-r3/raw_window_metadata_light/raw/EXT_E118-run1-seed20260827.json,c6a5850f3ee1605dded396dff384c78029d6a75ff0f1ad81eab334e019541e40,2453
frozen_light_raw_attempt,output/external-real-v8-grounded/preformal-r3/raw_window_metadata_light/raw/EXT_E118-run2-seed20260828.json,d309766aef824820e28309a09dc2c6a9b6494a30be6204c0946521993c7e7a75,2662
frozen_light_raw_attempt,output/external-real-v8-grounded/preformal-r3/raw_window_metadata_light/raw/EXT_E118-run3-seed20260829.json,08b7e24e9020310c608a8b6febbfab53b2ba6db1a3636e90fcfec69ada00893b,3527
frozen_light_raw_attempt,output/external-real-v8-grounded/preformal-r3/raw_window_metadata_light/raw/EXT_E119-run1-seed20260827.json,d641e4f090098fb40043d7d7e2cb57f77577077b2f79ec5edcf11f3490e4976b,2315
frozen_light_raw_attempt,output/external-real-v8-grounded/preformal-r3/raw_window_metadata_light/raw/EXT_E119-run2-seed20260828.json,e4a348e9ef97bb03eaca12e7f31429c634120e0f36b0b147e90ec9e899305237,5097
frozen_light_raw_attempt,output/external-real-v8-grounded/preformal-r3/raw_window_metadata_light/raw/EXT_E119-run3-seed20260829.json,cb67ddf14bd4056bf9692c69b73e2f8e34cc71c4f7c1e8a920a456dad50f5f22,2454
frozen_light_raw_attempt,output/external-real-v8-grounded/preformal-r3/raw_window_metadata_light/raw/EXT_E120-run1-seed20260827.json,1a09dfd62aa2f57831674cf8cb162168920ef55b06d376b73595482b40acdcba,2242
frozen_light_raw_attempt,output/external-real-v8-grounded/preformal-r3/raw_window_metadata_light/raw/EXT_E120-run2-seed20260828.json,7ef2dd57808b2a64085926c5ba24dd9db5b9a2610d159ebf19848a4967e62e21,1666
frozen_light_raw_attempt,output/external-real-v8-grounded/preformal-r3/raw_window_metadata_light/raw/EXT_E120-run3-seed20260829.json,9956297ad5e95dd0bf2cf075fc60fe8a4b88533e5705aafe7ad90b265ff77ab4,2374
frozen_light_raw_attempt,output/external-real-v8-grounded/preformal-r3/raw_window_metadata_light/raw/EXT_E121-run1-seed20260827.json,2f74ed8d5ae4107a44118f66f3a62325a69e0664ef018bab6d1067607c3432c3,2656
frozen_light_raw_attempt,output/external-real-v8-grounded/preformal-r3/raw_window_metadata_light/raw/EXT_E121-run2-seed20260828.json,e8552d2e8520bb2b4b22d9f220853a9a7d92fb72e0c44179d8c939cf3f9115e4,2434
frozen_light_raw_attempt,output/external-real-v8-grounded/preformal-r3/raw_window_metadata_light/raw/EXT_E121-run3-seed20260829.json,44cba1eacf1352a024796354989a9ac732444afedb8a8077e7287cbe09571dae,2506
frozen_light_raw_attempt,output/external-real-v8-grounded/preformal-r3/raw_window_metadata_light/raw/EXT_E122-run1-seed20260827.json,c0eb2872fc9010dc34520b0e71bb1b45c1d797f051a1bfbc2c2b485c0faa6933,2455
frozen_light_raw_attempt,output/external-real-v8-grounded/preformal-r3/raw_window_metadata_light/raw/EXT_E122-run2-seed20260828.json,a3520137a0106df1eb9af98b5624aa6a8577b7dc5c66130561eaa01b62fe5884,2214
frozen_light_raw_attempt,output/external-real-v8-grounded/preformal-r3/raw_window_metadata_light/raw/EXT_E122-run3-seed20260829.json,f347c1dba359c033b62bbdd3a010cf72e71170594c4945bd2ee630d712957326,2307
frozen_light_raw_attempt,output/external-real-v8-grounded/preformal-r3/raw_window_metadata_light/raw/EXT_E123-run1-seed20260827.json,edc803b148e149980016574265bcd32f2b1564739a6ca4a0b25f1675c77234b1,2474
frozen_light_raw_attempt,output/external-real-v8-grounded/preformal-r3/raw_window_metadata_light/raw/EXT_E123-run2-seed20260828.json,ee1bb1a4eae38385df0ecdbc366a5318fcf1d2d64f9abb3676062cf36a520ab8,2790
frozen_light_raw_attempt,output/external-real-v8-grounded/preformal-r3/raw_window_metadata_light/raw/EXT_E123-run3-seed20260829.json,d7a99b58eeed3fb3db82ad3d6420af1e04dd0b4a1ecbb56f8802c12f93238d33,2474
frozen_light_raw_attempt,output/external-real-v8-grounded/preformal-r3/raw_window_metadata_light/raw/EXT_E124-run1-seed20260827.json,e73ab550d06ddd98d9d43511bfd6e0ff33d32b3b25d33b3951ca30610925f816,2827
frozen_light_raw_attempt,output/external-real-v8-grounded/preformal-r3/raw_window_metadata_light/raw/EXT_E124-run2-seed20260828.json,b2b6c2548c03142756e8ad137ae55f6e518dc5fba061922a4371a51f92d62d9c,2829
frozen_light_raw_attempt,output/external-real-v8-grounded/preformal-r3/raw_window_metadata_light/raw/EXT_E124-run3-seed20260829.json,f53aca8734837ae8fa091b6ba0c4380116f1ce029ec0089a22f8a2fcbac0de32,2683
frozen_light_raw_attempt,output/external-real-v8-grounded/preformal-r3/raw_window_metadata_light/raw/EXT_E125-run1-seed20260827.json,af6e0a9b9067a9c8bb46d94e9103fffbdc16badc36ea3124601306a6f443c4cd,2396
frozen_light_raw_attempt,output/external-real-v8-grounded/preformal-r3/raw_window_metadata_light/raw/EXT_E125-run2-seed20260828.json,449d4e205ad216b1afb56ea7da47fe3539b2d965c014f8a5f6ff2503663b2ef9,2261
frozen_light_raw_attempt,output/external-real-v8-grounded/preformal-r3/raw_window_metadata_light/raw/EXT_E125-run3-seed20260829.json,8f526edf35be75cf2f5bcabc83d4c4d8182809fb2e6dfca0c5fedf1cd3530b9d,2414
frozen_light_raw_attempt,output/external-real-v8-grounded/preformal-r3/raw_window_metadata_light/raw/EXT_E126-run1-seed20260827.json,452703a2b84a268fa1bffc691222b420e494f07cd8944b6cf2aa908179908db5,2518
frozen_light_raw_attempt,output/external-real-v8-grounded/preformal-r3/raw_window_metadata_light/raw/EXT_E126-run2-seed20260828.json,37797ea81a3defa2f05a42e8f2d88a787111f3041e3a5cc9721463b6f9508041,2668
frozen_light_raw_attempt,output/external-real-v8-grounded/preformal-r3/raw_window_metadata_light/raw/EXT_E126-run3-seed20260829.json,cbe0bec653ff33dfdb1e6ae50a957abb1f1ab607c051ba291b27330f65dec87c,2463
frozen_light_raw_attempt,output/external-real-v8-grounded/preformal-r3/raw_window_metadata_light/raw/EXT_E127-run1-seed20260827.json,49fdd5096a690b0ea796d57bf06b2eb7699cb1059d3a21b7251bc1287aaee4e4,2704
frozen_light_raw_attempt,output/external-real-v8-grounded/preformal-r3/raw_window_metadata_light/raw/EXT_E127-run2-seed20260828.json,b2bd3ca6c0814af31af4435e7c1bc41ace0a7aeb33b3c4eb9554e97fef803388,3784
frozen_light_raw_attempt,output/external-real-v8-grounded/preformal-r3/raw_window_metadata_light/raw/EXT_E127-run3-seed20260829.json,faaa718ecfa05966290a70289dcd7921493e9cec0a884e858ac16cd57e3daab9,2972
frozen_light_raw_attempt,output/external-real-v8-grounded/preformal-r3/raw_window_metadata_light/raw/EXT_E128-run1-seed20260827.json,a2419230b227e7ccfd16418d2b0774d8bad215efcb3c67930b60b7846e833e1f,2290
frozen_light_raw_attempt,output/external-real-v8-grounded/preformal-r3/raw_window_metadata_light/raw/EXT_E128-run2-seed20260828.json,a7a55164aa01027615c0eada57615bacf985fa5a536ab18a6dd9df3c3bfe33da,2457
frozen_light_raw_attempt,output/external-real-v8-grounded/preformal-r3/raw_window_metadata_light/raw/EXT_E128-run3-seed20260829.json,c98c07520a3f71dcfec98f0865b1c729979e8f4c8eaa6416359dadb5def41e6c,2480
frozen_light_raw_attempt,output/external-real-v8-grounded/preformal-r3/raw_window_metadata_light/raw/EXT_E129-run1-seed20260827.json,74903cb48ab3fa77bb09ffc1091145c66c39c245613d0bfefa50bb9d03f1955e,1704
frozen_light_raw_attempt,output/external-real-v8-grounded/preformal-r3/raw_window_metadata_light/raw/EXT_E129-run2-seed20260828.json,fecc36ebc8bca4fca766931ee1fa16a29e09e2bf6c5150c7d6e9faec85a1a8b4,2405
frozen_light_raw_attempt,output/external-real-v8-grounded/preformal-r3/raw_window_metadata_light/raw/EXT_E129-run3-seed20260829.json,aed5e2c01ca08d15ee1baa047741f426efb78157e2197317a7595ab5af17c522,2456
frozen_light_raw_attempt,output/external-real-v8-grounded/preformal-r3/raw_window_metadata_light/raw/EXT_E130-run1-seed20260827.json,74f0174f942a6079c59f81626d7281b2b7d8c82652aa799dc6b28467c7396a0f,2507
frozen_light_raw_attempt,output/external-real-v8-grounded/preformal-r3/raw_window_metadata_light/raw/EXT_E130-run2-seed20260828.json,48dbed74079e0356d868be1dbcfaddadff3ccc523cf4aa48a884877c91508418,2576
frozen_light_raw_attempt,output/external-real-v8-grounded/preformal-r3/raw_window_metadata_light/raw/EXT_E130-run3-seed20260829.json,9d8cb741e591e0f35f5ee77fd4d3f5b1c31101065bc0e1d741423a3dfa0074bc,2372
frozen_light_raw_attempt,output/external-real-v8-grounded/preformal-r3/raw_window_metadata_light/raw/EXT_E131-run1-seed20260827.json,3d2ca62454dc7826151ff8a14f13fb112fb31ed016502c3c1a71149559743d44,2492
frozen_light_raw_attempt,output/external-real-v8-grounded/preformal-r3/raw_window_metadata_light/raw/EXT_E131-run2-seed20260828.json,663a604630b57f44d8d13d6faa5e4bdd97ddbd45cffbf93ea143dcb025185cad,2323
frozen_light_raw_attempt,output/external-real-v8-grounded/preformal-r3/raw_window_metadata_light/raw/EXT_E131-run3-seed20260829.json,0f83149224a54c290f441b39d505e1f3a8d1457eee29bdec0a9f3eb09b9aa359,2493
frozen_light_raw_attempt,output/external-real-v8-grounded/preformal-r3/raw_window_metadata_light/raw/EXT_E132-run1-seed20260827.json,e33e97ac6ecb985e4a296857701edfb3dbc7ed0c79f395dcb73b850ad1ae9d58,2286
frozen_light_raw_attempt,output/external-real-v8-grounded/preformal-r3/raw_window_metadata_light/raw/EXT_E132-run2-seed20260828.json,442b91986bf10f807a424b30959aade07c10a48220efea76cd9698c7edbb7cf2,2329
frozen_light_raw_attempt,output/external-real-v8-grounded/preformal-r3/raw_window_metadata_light/raw/EXT_E132-run3-seed20260829.json,dc1af21301bf04cb7f4fc8555855d49c0ada66ad960a87f5bda8e2bcc3d7ad44,2286
frozen_light_raw_attempt,output/external-real-v8-grounded/preformal-r3/raw_window_metadata_light/raw/EXT_E133-run1-seed20260827.json,eb0358ce19338751a52eb32230514a542965b078e2b88efe8ff8f1a18e493df8,2464
frozen_light_raw_attempt,output/external-real-v8-grounded/preformal-r3/raw_window_metadata_light/raw/EXT_E133-run2-seed20260828.json,62ee680ed9ddc4b3973323979c78cba4278200821d1e9ed7d4932cce4ded4e5a,3540
frozen_light_raw_attempt,output/external-real-v8-grounded/preformal-r3/raw_window_metadata_light/raw/EXT_E133-run3-seed20260829.json,68d0f680233f50f75df8265d75714a8405971c2625bfa08faa72e83808495425,4800
frozen_light_raw_attempt,output/external-real-v8-grounded/preformal-r3/raw_window_metadata_light/raw/EXT_E134-run1-seed20260827.json,4b76d9588d4659c64d5ab35f180ab50cbce9b5df70ddac0e343f123951f40baa,2268
frozen_light_raw_attempt,output/external-real-v8-grounded/preformal-r3/raw_window_metadata_light/raw/EXT_E134-run2-seed20260828.json,f58f5e5a2d563e47b1cdc1aff77460da2785680c91e49b08020d861300d207af,2516
frozen_light_raw_attempt,output/external-real-v8-grounded/preformal-r3/raw_window_metadata_light/raw/EXT_E134-run3-seed20260829.json,a703c0576ef9d08483fbb30559722fe833a01e536406281bffe0681facfe63bc,2366
frozen_light_raw_attempt,output/external-real-v8-grounded/preformal-r3/raw_window_metadata_light/raw/EXT_E136-run1-seed20260827.json,ea7e67eadc2eafce44917674b0a90a20f149d0cf5fbab30f7263a8c42ecf6dc0,2699
frozen_light_raw_attempt,output/external-real-v8-grounded/preformal-r3/raw_window_metadata_light/raw/EXT_E136-run2-seed20260828.json,fa0878e3d8001ad5710bc79a9b2f7c28d4ccc9eac12d535a6329d6628a6de7ed,2709
frozen_light_raw_attempt,output/external-real-v8-grounded/preformal-r3/raw_window_metadata_light/raw/EXT_E136-run3-seed20260829.json,8d546907ad246a4c6e0085f2fbfd0e420f627d7db7d0d4ca9257b90f358e9ef7,3622
frozen_light_raw_attempt,output/external-real-v8-grounded/preformal-r3/raw_window_metadata_light/raw/EXT_E137-run1-seed20260827.json,6df5180d857bc20b4bf3339b7fe9c4a7f484723e5ace334b6d0585afb0a56a00,2572
frozen_light_raw_attempt,output/external-real-v8-grounded/preformal-r3/raw_window_metadata_light/raw/EXT_E137-run2-seed20260828.json,6aaff4a91726deced81f0be4dc23a921ee2f3887fb9614dfd277be21652cce64,2342
frozen_light_raw_attempt,output/external-real-v8-grounded/preformal-r3/raw_window_metadata_light/raw/EXT_E137-run3-seed20260829.json,8af699b47dca151701b65344d7c9597404ceb23624dde1d815762a20eae07332,2721
frozen_light_raw_attempt,output/external-real-v8-grounded/preformal-r3/raw_window_metadata_light/raw/EXT_E139-run1-seed20260827.json,3749a47a7bb979fecf35d511c34bae79c820426240ea561bb59f2255ebb19d73,1788
frozen_light_raw_attempt,output/external-real-v8-grounded/preformal-r3/raw_window_metadata_light/raw/EXT_E139-run2-seed20260828.json,909d342c7786c9772d8f265af94d139ced3436b4b8c15e93c0ceaac94c14cc32,1788
frozen_light_raw_attempt,output/external-real-v8-grounded/preformal-r3/raw_window_metadata_light/raw/EXT_E139-run3-seed20260829.json,d27584c567420bc1614d23f2a9eefdeb0efb1baec118bc28854b0376973647c1,1771
frozen_light_raw_attempt,output/external-real-v8-grounded/preformal-r3/raw_window_metadata_light/raw/EXT_E140-run1-seed20260827.json,985f4a32458f6b2502b4dc43195016fa4b55030093ae17d22080c9e82b7a1176,2270
frozen_light_raw_attempt,output/external-real-v8-grounded/preformal-r3/raw_window_metadata_light/raw/EXT_E140-run2-seed20260828.json,fb3d1aacb96a8909dbc1ede786ce1a4579559671e0b75e45d068d4bc0ce1740d,1941
frozen_light_raw_attempt,output/external-real-v8-grounded/preformal-r3/raw_window_metadata_light/raw/EXT_E140-run3-seed20260829.json,a14e2b6aa783e1191b05518e7bf2e4ef32584236211440a8ae815442c84f0a2c,1812
frozen_light_raw_attempt,output/external-real-v8-grounded/preformal-r3/raw_window_metadata_light/raw/EXT_E141-run1-seed20260827.json,900695f03121a26c6bf344f9e6059f1f5008a8a3105de801fa37d4c9a8e6a4da,2553
frozen_light_raw_attempt,output/external-real-v8-grounded/preformal-r3/raw_window_metadata_light/raw/EXT_E141-run2-seed20260828.json,ce98153ddf2e9f69be0c9ab3cd0bd8ff9c2af02a105eb7a1817e61fb314613fd,2741
frozen_light_raw_attempt,output/external-real-v8-grounded/preformal-r3/raw_window_metadata_light/raw/EXT_E141-run3-seed20260829.json,f82bf6573bf322ad09d19db509daf8b3cf023841000634b882010484d694075b,2541
frozen_light_raw_attempt,output/external-real-v8-grounded/preformal-r3/raw_window_metadata_light/raw/EXT_E142-run1-seed20260827.json,825039aaf5010c3fde24ae5bbc2adcfffd4107545090fdd895d10520c5cc5b06,2297
frozen_light_raw_attempt,output/external-real-v8-grounded/preformal-r3/raw_window_metadata_light/raw/EXT_E142-run2-seed20260828.json,70c7de5a09f4f31578e79464fca4d98f2ab8b1cbb73feccab5f95dbc39efd041,2434
frozen_light_raw_attempt,output/external-real-v8-grounded/preformal-r3/raw_window_metadata_light/raw/EXT_E142-run3-seed20260829.json,51cc219cc17a10f00441c569e35a9637e2be296851f79d180db9969a86a969db,2440
frozen_light_raw_attempt,output/external-real-v8-grounded/preformal-r3/raw_window_metadata_light/raw/EXT_E144-run1-seed20260827.json,3f57ca73cd08da4628729246aebad2b7f501c7bf91287a0e7842134f708bad8e,1696
frozen_light_raw_attempt,output/external-real-v8-grounded/preformal-r3/raw_window_metadata_light/raw/EXT_E144-run2-seed20260828.json,7cbc2b4cf4c1347847fb5f6419a14ce90d2899fb1f593d9e51a8dfc347c68e28,1774
frozen_light_raw_attempt,output/external-real-v8-grounded/preformal-r3/raw_window_metadata_light/raw/EXT_E144-run3-seed20260829.json,86d7e6585fd01824c4225591e5389cbd6eee4f8070c1871785be4e63a50704d3,2392
frozen_light_raw_attempt,output/external-real-v8-grounded/preformal-r3/raw_window_metadata_light/raw/EXT_E145-run1-seed20260827.json,b8ee2db0bab3aace62d98b98738f6c35f63408a39bcb8304ae4e9aa5bdca5ea0,1664
frozen_light_raw_attempt,output/external-real-v8-grounded/preformal-r3/raw_window_metadata_light/raw/EXT_E145-run2-seed20260828.json,22109ff8d095ef9d6175bd161db3d15a90d99f4f64ef94c3b96b1a5d68e0131e,1742
frozen_light_raw_attempt,output/external-real-v8-grounded/preformal-r3/raw_window_metadata_light/raw/EXT_E145-run3-seed20260829.json,6f9ddf8763b4950bcd191ae54367b5db5e3dc04690c53849eeb8303be7c9e650,2327
frozen_light_raw_attempt,output/external-real-v8-grounded/preformal-r3/raw_window_metadata_light/raw/EXT_E146-run1-seed20260827.json,c9174125ac05f9bc24e6c7c9d04db9b83c6a0acc28f2e81d6bd2f58f346c2be8,2436
frozen_light_raw_attempt,output/external-real-v8-grounded/preformal-r3/raw_window_metadata_light/raw/EXT_E146-run2-seed20260828.json,f27ecff49bf7becadbd24e31d160c1142b724961bdb08d5268c9321cb4874cf1,1890
frozen_light_raw_attempt,output/external-real-v8-grounded/preformal-r3/raw_window_metadata_light/raw/EXT_E146-run3-seed20260829.json,a43c39d9eb45bf24d715652665ecbd61235e05ca2b8c3688767d2fd9541b20de,1774
frozen_light_raw_attempt,output/external-real-v8-grounded/preformal-r3/raw_window_metadata_light/raw/EXT_E147-run1-seed20260827.json,94b420dc3ea0fcc41bf880611bdaf01040295300d1e890afa069f8e3456c8469,2363
frozen_light_raw_attempt,output/external-real-v8-grounded/preformal-r3/raw_window_metadata_light/raw/EXT_E147-run2-seed20260828.json,4e39039968056a70cb9f0b20f3d42939eec2447593189c34b0ea66d221e7cda6,2550
frozen_light_raw_attempt,output/external-real-v8-grounded/preformal-r3/raw_window_metadata_light/raw/EXT_E147-run3-seed20260829.json,dbcf1b5fc396e45fa0593e6b225bc3eecff384859e7bee3ef5d2648c75b2424b,2362
frozen_light_raw_attempt,output/external-real-v8-grounded/preformal-r3/raw_window_metadata_light/raw/EXT_E148-run1-seed20260827.json,b1b91ef6232bb3ba31fc8dec38734f673de1f8be73259e5b5b3113cb7a3cedee,2387
frozen_light_raw_attempt,output/external-real-v8-grounded/preformal-r3/raw_window_metadata_light/raw/EXT_E148-run2-seed20260828.json,bcda53109e2e889bc898ddef10acab5ae5ddfc3dc9a7d7594e8c9b0d0dc5c603,2573
frozen_light_raw_attempt,output/external-real-v8-grounded/preformal-r3/raw_window_metadata_light/raw/EXT_E148-run3-seed20260829.json,2a8a2298835d1bee42342d2d28afc5403b34f446d33a97836f6b3da30274f14f,2429
frozen_light_raw_attempt,output/external-real-v8-grounded/preformal-r3/raw_window_metadata_light/raw/EXT_E149-run1-seed20260827.json,8e1493b5b0694d95d13cda81a22ff8eb8a96ea1742f4d762c06b42cf94ea2414,1837
frozen_light_raw_attempt,output/external-real-v8-grounded/preformal-r3/raw_window_metadata_light/raw/EXT_E149-run2-seed20260828.json,c08f80bc42c4c0e038c934164b71a93537915e9a0392920da3944f40a30b43b9,2366
frozen_light_raw_attempt,output/external-real-v8-grounded/preformal-r3/raw_window_metadata_light/raw/EXT_E149-run3-seed20260829.json,0cee20605b705494c0fbf0aef7f8ae91206b055f785fdf0f391fcf18d1ac1b4f,1822
frozen_light_raw_attempt,output/external-real-v8-grounded/preformal-r3/raw_window_metadata_light/raw/EXT_E153-run1-seed20260827.json,ef46c70a3c7d6a6a4e12ce20a210896b57062928c8f989c39e76bc10e32c7b9a,2493
frozen_light_raw_attempt,output/external-real-v8-grounded/preformal-r3/raw_window_metadata_light/raw/EXT_E153-run2-seed20260828.json,c73ba17a4512270248b40f06c00a34aa11ec4b77ae391911d6b7caa2827c9490,2318
frozen_light_raw_attempt,output/external-real-v8-grounded/preformal-r3/raw_window_metadata_light/raw/EXT_E153-run3-seed20260829.json,28b1fed37f359dd6104fcd27fc91f504d2a57277a4817a5e26ba0dd7485ac7c0,1732
frozen_light_raw_attempt,output/external-real-v8-grounded/preformal-r3/raw_window_metadata_light/raw/EXT_E154-run1-seed20260827.json,52f83a0a3836022ee0542d68cbd8a3e35749fb5ad6a7e775b719754cdc19435c,3059
frozen_light_raw_attempt,output/external-real-v8-grounded/preformal-r3/raw_window_metadata_light/raw/EXT_E154-run2-seed20260828.json,2465937ba4270e3f958f4fef60db701b79eb8310ec3468eec8740984297194e2,3498
frozen_light_raw_attempt,output/external-real-v8-grounded/preformal-r3/raw_window_metadata_light/raw/EXT_E154-run3-seed20260829.json,fe016ddaa58311c3915a0535f19513b291cecba4bdbbd0419377bd2deb47f0d0,3412
frozen_light_raw_attempt,output/external-real-v8-grounded/preformal-r3/raw_window_metadata_light/raw/EXT_E155-run1-seed20260827.json,72556da187120921cc7449b055b87103cd5a3ad9aca79ac4e0cdbcae095ff611,3496
frozen_light_raw_attempt,output/external-real-v8-grounded/preformal-r3/raw_window_metadata_light/raw/EXT_E155-run2-seed20260828.json,fc085c73ff73d466cd963379a4606574d82512d848091e50b1c19fdc9b07ddac,4033
frozen_light_raw_attempt,output/external-real-v8-grounded/preformal-r3/raw_window_metadata_light/raw/EXT_E155-run3-seed20260829.json,380325028c8705c0d043cdea2e4e16803c6a88f4121bfeafb850d0737466ef55,3051
frozen_light_raw_attempt,output/external-real-v8-grounded/preformal-r3/raw_window_metadata_light/raw/EXT_E156-run1-seed20260827.json,f6c4910bf6e85ce52748c002adec4950c65ea9d0daec42d520f2f8b64125981a,3106
frozen_light_raw_attempt,output/external-real-v8-grounded/preformal-r3/raw_window_metadata_light/raw/EXT_E156-run2-seed20260828.json,2eb65bcc1be50d402d71b812294a67c50542c6f4aea599dfe67eee590433bef9,2723
frozen_light_raw_attempt,output/external-real-v8-grounded/preformal-r3/raw_window_metadata_light/raw/EXT_E156-run3-seed20260829.json,de7d879cc43e2edcd9cb6e38ed082987a6430740297be630cfcbaee78326ee50,3058
frozen_light_raw_attempt,output/external-real-v8-grounded/preformal-r3/raw_window_metadata_light/raw/EXT_E157-run1-seed20260827.json,631f1c81c40876527ab1edcfa58120aed79ccb8bb773d7ee5ad41508ee705178,3201
frozen_light_raw_attempt,output/external-real-v8-grounded/preformal-r3/raw_window_metadata_light/raw/EXT_E157-run2-seed20260828.json,5221fb0934d24684e7c6389fbedcba73890769710ec8f7b5a332eaae2bd2bc06,3115
frozen_light_raw_attempt,output/external-real-v8-grounded/preformal-r3/raw_window_metadata_light/raw/EXT_E157-run3-seed20260829.json,a05968a3db27aa6709e67ce85f0066c1334684ed090383ef3fcea324ce5331f3,3373
frozen_light_raw_attempt,output/external-real-v8-grounded/preformal-r3/raw_window_metadata_light/raw/EXT_E160-run1-seed20260827.json,7d0b6df4b921103c93b2b3153c399fa32174401044bc836fca671c2bcd91c1dc,3318
frozen_light_raw_attempt,output/external-real-v8-grounded/preformal-r3/raw_window_metadata_light/raw/EXT_E160-run2-seed20260828.json,aa9993d6a1d52af7cfae171e433c7f0577869e9b01c3a905d9125ff354e64e60,3552
frozen_light_raw_attempt,output/external-real-v8-grounded/preformal-r3/raw_window_metadata_light/raw/EXT_E160-run3-seed20260829.json,92064e142d90c4d1c991eac3359c398bf7d4778b545123a97a737a44670b5a4f,3360
frozen_light_raw_attempt,output/external-real-v8-grounded/preformal-r3/raw_window_metadata_light/raw/EXT_E161-run1-seed20260827.json,8f990610879c712e2ababf73b5274d214dc243e4f5a1dc1798396fc0c96cc6df,2877
frozen_light_raw_attempt,output/external-real-v8-grounded/preformal-r3/raw_window_metadata_light/raw/EXT_E161-run2-seed20260828.json,5052112c0f0f0902985a54004bc2b5b9cee2722a8cc03656b79009135b9fd7d0,2724
frozen_light_raw_attempt,output/external-real-v8-grounded/preformal-r3/raw_window_metadata_light/raw/EXT_E161-run3-seed20260829.json,050b677ee6fb442a958e49c807a6b5d86ec72fe56cb3086e381e116904536fd8,2995
frozen_light_raw_attempt,output/external-real-v8-grounded/preformal-r3/raw_window_metadata_light/raw/EXT_E162-run1-seed20260827.json,ae8a65c8ef7c4ed2058fb117f6a68ab911b844be06837966da435795f6891f7b,3221
frozen_light_raw_attempt,output/external-real-v8-grounded/preformal-r3/raw_window_metadata_light/raw/EXT_E162-run2-seed20260828.json,7a8c2f5d4d5af0787da0a1cf7f52015f9a6a21f100f1bcc0f618f36ab39e0514,3187
frozen_light_raw_attempt,output/external-real-v8-grounded/preformal-r3/raw_window_metadata_light/raw/EXT_E162-run3-seed20260829.json,41dd644f6a591fafebcb80b1a636e55a081ffe4e680b2c57ec9b9c7a85e2d249,3035
frozen_light_raw_attempt,output/external-real-v8-grounded/preformal-r3/raw_window_metadata_light/raw/EXT_E163-run1-seed20260827.json,a74d235243e9caeca7d32a965265725655fb5645a31d1f3239ec9c3ac52dc647,3219
frozen_light_raw_attempt,output/external-real-v8-grounded/preformal-r3/raw_window_metadata_light/raw/EXT_E163-run2-seed20260828.json,985049f5b15af0e550abaa8d671a1dc9070462aa76d2a1a34c40a23c643a9564,2963
frozen_light_raw_attempt,output/external-real-v8-grounded/preformal-r3/raw_window_metadata_light/raw/EXT_E163-run3-seed20260829.json,4ecdd9e44841adab023ce6768729b69845313f388aee6de7e1425dfe97b3fbd2,2858
frozen_light_raw_attempt,output/external-real-v8-grounded/preformal-r3/raw_window_metadata_light/raw/EXT_E164-run1-seed20260827.json,79ca1bde52642a9a4e58b9eecf52f335fa917f14c3cae7679ce237f8c8ecc64e,3015
frozen_light_raw_attempt,output/external-real-v8-grounded/preformal-r3/raw_window_metadata_light/raw/EXT_E164-run2-seed20260828.json,157d4b356c204afceb387aef69bf6a1c90e0ed9fe2acc6eff174a74968b6740d,2802
frozen_light_raw_attempt,output/external-real-v8-grounded/preformal-r3/raw_window_metadata_light/raw/EXT_E164-run3-seed20260829.json,04b95604732aadbd6aa89e2721508a440b41f5703bf12117166bda1a54d5440d,3604
frozen_light_raw_attempt,output/external-real-v8-grounded/preformal-r3/raw_window_metadata_light/raw/EXT_E165-run1-seed20260827.json,1593e3cbb8be4a6bc9899b7812450fcb66a5a539a280404f9e66aacab9fc620c,3038
frozen_light_raw_attempt,output/external-real-v8-grounded/preformal-r3/raw_window_metadata_light/raw/EXT_E165-run2-seed20260828.json,d923bc42116293491df4b2e0bab4045746fb43fd2e39d81d179192878cd19584,3776
frozen_light_raw_attempt,output/external-real-v8-grounded/preformal-r3/raw_window_metadata_light/raw/EXT_E165-run3-seed20260829.json,a671118ad9150c32c4f2ac0806b158b070e5a216ef1db80e4f36fad759907515,3500
frozen_light_raw_attempt,output/external-real-v8-grounded/preformal-r3/raw_window_metadata_light/raw/EXT_E166-run1-seed20260827.json,1cad869d607bb9a141734fb69ef5d7b15c6d1be107f1e9eaef0e34855c2329b4,3216
frozen_light_raw_attempt,output/external-real-v8-grounded/preformal-r3/raw_window_metadata_light/raw/EXT_E166-run2-seed20260828.json,d847f4cad100c8e406f596518ef60849c7b77a83ac94dd888b1a7f4f0b8b7d23,3234
frozen_light_raw_attempt,output/external-real-v8-grounded/preformal-r3/raw_window_metadata_light/raw/EXT_E166-run3-seed20260829.json,be3d18cae080f7596b1019a759ce7f17d14bcd5f04dff4b376dbf8c615885584,3000
frozen_light_raw_attempt,output/external-real-v8-grounded/preformal-r3/raw_window_metadata_light/raw/EXT_E167-run1-seed20260827.json,59112143ffd2640b3d6b5b58304d01b735273512e48173552bfaa61a4f0faf09,3014
frozen_light_raw_attempt,output/external-real-v8-grounded/preformal-r3/raw_window_metadata_light/raw/EXT_E167-run2-seed20260828.json,4faf06638d6d0dcff4fc0b9d5126e50f67352833c80f219a48103a75ecc56369,2863
frozen_light_raw_attempt,output/external-real-v8-grounded/preformal-r3/raw_window_metadata_light/raw/EXT_E167-run3-seed20260829.json,a70a9eebdb17096954095cf96461fec29a057b30cedb4d9ee4603b4479a7dc5d,2894
frozen_light_raw_attempt,output/external-real-v8-grounded/preformal-r3/raw_window_metadata_light/raw/EXT_E168-run1-seed20260827.json,38b96020d66715f8d3850728fceb2bdb4e3c1906cc67b345004f02db7acabf1b,3202
frozen_light_raw_attempt,output/external-real-v8-grounded/preformal-r3/raw_window_metadata_light/raw/EXT_E168-run2-seed20260828.json,3b1320ac40f95a449a8dbe1c5b50336c08eb00fe3fabebe03cff9b63cacabcbd,2633
frozen_light_raw_attempt,output/external-real-v8-grounded/preformal-r3/raw_window_metadata_light/raw/EXT_E168-run3-seed20260829.json,cfe0fee92c300c79cc42a4bd14b5d6d1f7b78c09ad12cc4093521ffe92c1a69d,3184
frozen_light_raw_attempt,output/external-real-v8-grounded/preformal-r3/raw_window_metadata_light/raw/EXT_E169-run1-seed20260827.json,da91e988e8d40c5eb18a876e535ba059764b56ed2fb5ddd99a8f310135dfdbfa,3413
frozen_light_raw_attempt,output/external-real-v8-grounded/preformal-r3/raw_window_metadata_light/raw/EXT_E169-run2-seed20260828.json,eff83af71ffbd292b0ae9b04e31209a8b5bd69b730ee0752b6c3e0a5c10a050a,3097
frozen_light_raw_attempt,output/external-real-v8-grounded/preformal-r3/raw_window_metadata_light/raw/EXT_E169-run3-seed20260829.json,c36e530f31ccff8f6f11f89d8e737f92e4b3af9611777237bda80bc04ce8e431,3454
frozen_light_raw_attempt,output/external-real-v8-grounded/preformal-r3/raw_window_metadata_light/raw/EXT_E170-run1-seed20260827.json,7a008896d39d5d6483555878c19c9fe202ac0e79826ed67209271e9d53ceebbc,3358
frozen_light_raw_attempt,output/external-real-v8-grounded/preformal-r3/raw_window_metadata_light/raw/EXT_E170-run2-seed20260828.json,040b56e6b58a75ec8913bbb427973e10881e02988a2c6fd351bc8010cfcc4c18,3357
frozen_light_raw_attempt,output/external-real-v8-grounded/preformal-r3/raw_window_metadata_light/raw/EXT_E170-run3-seed20260829.json,4e0887bcba12fc376322cac89ad89a692974b1f8e7b4816f19f25beec438fc00,3374
frozen_light_raw_attempt,output/external-real-v8-grounded/preformal-r3/raw_window_metadata_light/raw/EXT_E171-run1-seed20260827.json,c596940ea24ae6271009e6d949ac949b3828c6bbce768f4be73099a96e35b418,2700
frozen_light_raw_attempt,output/external-real-v8-grounded/preformal-r3/raw_window_metadata_light/raw/EXT_E171-run2-seed20260828.json,6611ee3e618e3debdbfbe79736877eef2b059c2afc585a0f7c2f79e8e851f9e7,2624
frozen_light_raw_attempt,output/external-real-v8-grounded/preformal-r3/raw_window_metadata_light/raw/EXT_E171-run3-seed20260829.json,93e535e57095d9123fa3cd29ec0303aab7ca8c4540c90de353daeae47540d5f2,3173
frozen_light_raw_attempt,output/external-real-v8-grounded/preformal-r3/raw_window_metadata_light/raw/EXT_E172-run1-seed20260827.json,08fac7a7e859d03045d053e905a4f857cdb36cefe1c553f63c5c1037f94eb675,3557
frozen_light_raw_attempt,output/external-real-v8-grounded/preformal-r3/raw_window_metadata_light/raw/EXT_E172-run2-seed20260828.json,09ffc649d3e29a308ee7d7e9fa44da67863282f384c9a448d9f4814a0fdb3fff,2516
frozen_light_raw_attempt,output/external-real-v8-grounded/preformal-r3/raw_window_metadata_light/raw/EXT_E172-run3-seed20260829.json,5eecb6531b855ea65e0447ecbc3431d7dca4d1d510838e82b5c9b10551d64903,1888
frozen_light_raw_attempt,output/external-real-v8-grounded/preformal-r3/raw_window_metadata_light/raw/EXT_E173-run1-seed20260827.json,7bcbaad96ef15f170afa37f0f5f93443c84eb75f6a0e87742181a8f34c220887,2649
frozen_light_raw_attempt,output/external-real-v8-grounded/preformal-r3/raw_window_metadata_light/raw/EXT_E173-run2-seed20260828.json,7f8c8025c303f0e68e1b59a773f4d1a7c89b8cf3b1ddaf309924b578d415c4cf,3275
frozen_light_raw_attempt,output/external-real-v8-grounded/preformal-r3/raw_window_metadata_light/raw/EXT_E173-run3-seed20260829.json,d3187354dd73d07cf6a0eb335c0bc3db1368b7646e4032d8a0a8267bcc09a28c,2579
frozen_light_raw_attempt,output/external-real-v8-grounded/preformal-r3/raw_window_metadata_light/raw/EXT_E174-run1-seed20260827.json,b72da72c5ee46f3ec29a16f916f014da339a71ce31faed69c242e390761211a2,2844
frozen_light_raw_attempt,output/external-real-v8-grounded/preformal-r3/raw_window_metadata_light/raw/EXT_E174-run2-seed20260828.json,f86d3250b05542975960958fd1c34f8292c8074dd5b69534b7fbd04eaeddbb61,2825
frozen_light_raw_attempt,output/external-real-v8-grounded/preformal-r3/raw_window_metadata_light/raw/EXT_E174-run3-seed20260829.json,741597ec64b98aa5d43118750313b403b9f0f0a0e77345cad7bdffef5f480a3d,2736
frozen_light_raw_attempt,output/external-real-v8-grounded/preformal-r3/raw_window_metadata_light/raw/EXT_E175-run1-seed20260827.json,5b5c0bffaedc00d43d6ea75a23789a81db93d5a94f998057f101cb752171f5a0,3229
frozen_light_raw_attempt,output/external-real-v8-grounded/preformal-r3/raw_window_metadata_light/raw/EXT_E175-run2-seed20260828.json,961dc28a0d50d5c3a1a7ffbe59878143b615730d6bb97b8a8f39451cbe80e716,2941
frozen_light_raw_attempt,output/external-real-v8-grounded/preformal-r3/raw_window_metadata_light/raw/EXT_E175-run3-seed20260829.json,c45fadb963e511be5a5b39c809538bce47a4ab4b76104e074482ea01033eeb8a,3355
frozen_light_raw_attempt,output/external-real-v8-grounded/preformal-r3/raw_window_metadata_light/raw/EXT_E176-run1-seed20260827.json,eadc4517307998e469cf9bbaa8b74c6186e49c340457b1aada7224fc29e4c247,3042
frozen_light_raw_attempt,output/external-real-v8-grounded/preformal-r3/raw_window_metadata_light/raw/EXT_E176-run2-seed20260828.json,cc40b351d912c4d13b726a6de13e8bc619c49225ceed49d546c8720437d3fc34,3141
frozen_light_raw_attempt,output/external-real-v8-grounded/preformal-r3/raw_window_metadata_light/raw/EXT_E176-run3-seed20260829.json,5aa30a133ebeb54c989cd25d342ddd017bb2777151b09719fe2a764310168965,3178
frozen_light_raw_attempt,output/external-real-v8-grounded/preformal-r3/raw_window_metadata_light/raw/EXT_E177-run1-seed20260827.json,eaf4d31007923bc6cfaef15dc2d913aba6254e24f88c2d7b79cc7474322e387e,3305
frozen_light_raw_attempt,output/external-real-v8-grounded/preformal-r3/raw_window_metadata_light/raw/EXT_E177-run2-seed20260828.json,11babddc7bc9f85e3ddd58b55f33a2adefc954cd8b92ffe9cf7ff78c35b5e2b9,3073
frozen_light_raw_attempt,output/external-real-v8-grounded/preformal-r3/raw_window_metadata_light/raw/EXT_E177-run3-seed20260829.json,b0383cac86ee5ee10854e3a7038f9579181560c9e4295349da0d84e887512b0e,2675
frozen_light_raw_attempt,output/external-real-v8-grounded/preformal-r3/raw_window_metadata_light/raw/EXT_E178-run1-seed20260827.json,43598e5352ddcac78c623df0e691e4269761dc82a206b929d98311158bf41491,3161
frozen_light_raw_attempt,output/external-real-v8-grounded/preformal-r3/raw_window_metadata_light/raw/EXT_E178-run2-seed20260828.json,f881d6e4e254dff24a2c65f18de486596d36a061578ffedd3a035b09a9cdbb35,3074
frozen_light_raw_attempt,output/external-real-v8-grounded/preformal-r3/raw_window_metadata_light/raw/EXT_E178-run3-seed20260829.json,bb0ebe92dd5846714a612fc3c8578a588fcb9c69c4199013eab557c728753bd4,3484
frozen_light_raw_attempt,output/external-real-v8-grounded/preformal-r3/raw_window_metadata_light/raw/EXT_E179-run1-seed20260827.json,ae4f4391a9cd196d39cc331cdc23315baabd256e3d00cf20b9493622c893ec73,3257
frozen_light_raw_attempt,output/external-real-v8-grounded/preformal-r3/raw_window_metadata_light/raw/EXT_E179-run2-seed20260828.json,6b0c4898bee5dad42e135c9fa0809f1c6a899c6c32cc2eec94647a2c096e0405,3099
frozen_light_raw_attempt,output/external-real-v8-grounded/preformal-r3/raw_window_metadata_light/raw/EXT_E179-run3-seed20260829.json,151dcf88dd1ff16e9b7cfcbf3e73be6ddb77866dc6da5f1da95bbd357d355e36,2806
frozen_light_raw_attempt,output/external-real-v8-grounded/preformal-r3/raw_window_metadata_light/raw/EXT_E180-run1-seed20260827.json,666074c3135dd4baf801bad6e6cfbe3c41396d4df33e0f08ea74787f6dc47082,2945
frozen_light_raw_attempt,output/external-real-v8-grounded/preformal-r3/raw_window_metadata_light/raw/EXT_E180-run2-seed20260828.json,4d6285513eaad6480a24136ad2aea6cca687266c8718370217b78584c9bc14f0,3147
frozen_light_raw_attempt,output/external-real-v8-grounded/preformal-r3/raw_window_metadata_light/raw/EXT_E180-run3-seed20260829.json,2013c13e1bd78329aaa63e11ac9a4e77ca39bca3642ea9e2f5fbdc6f8005c47f,3163
frozen_light_raw_attempt,output/external-real-v8-grounded/preformal-r3/raw_window_metadata_light/raw/EXT_E181-run1-seed20260827.json,ee2e3d08ee13f360291fa92cb2a9b02e67c7289bd23f8143a6a34b3ec7dab8cc,2572
frozen_light_raw_attempt,output/external-real-v8-grounded/preformal-r3/raw_window_metadata_light/raw/EXT_E181-run2-seed20260828.json,8db49cfdcd003c6559e330bda1abc905c2d0886d2a5f3b2b0e2b6dd6af00a57b,3165
frozen_light_raw_attempt,output/external-real-v8-grounded/preformal-r3/raw_window_metadata_light/raw/EXT_E181-run3-seed20260829.json,70fc9d6e971cdea4c5fff8f3bd7759974e78e52c58ebfdb9c91f00059ce5e04c,2939
frozen_light_raw_attempt,output/external-real-v8-grounded/preformal-r3/raw_window_metadata_light/raw/EXT_E183-run1-seed20260827.json,3289e5e050189cade2c854af57401dde7303445dc69f3fe89d991f2846872cbf,2654
frozen_light_raw_attempt,output/external-real-v8-grounded/preformal-r3/raw_window_metadata_light/raw/EXT_E183-run2-seed20260828.json,fca4b4f73fec002c28f48cde92ea1f2a0ff5f27976c0c34bdfcccd43c053b0fa,3180
frozen_light_raw_attempt,output/external-real-v8-grounded/preformal-r3/raw_window_metadata_light/raw/EXT_E183-run3-seed20260829.json,b5bb5db787e3c53dc971bf4d05b2df7cd8ded81955ca785e56be6dfbc6dbfa16,3351
frozen_light_raw_attempt,output/external-real-v8-grounded/preformal-r3/raw_window_metadata_light/raw/EXT_E184-run1-seed20260827.json,c5ac83aa150e9ea4b677465edc7aec02710f0e15afbf104b4a8a1c6c9c9a129e,3199
frozen_light_raw_attempt,output/external-real-v8-grounded/preformal-r3/raw_window_metadata_light/raw/EXT_E184-run2-seed20260828.json,a997d09c639f49e3a0ab5cb7c3f6640919ff2478f74eee6290c9bc3e01e62bbb,3145
frozen_light_raw_attempt,output/external-real-v8-grounded/preformal-r3/raw_window_metadata_light/raw/EXT_E184-run3-seed20260829.json,18ecfb177a79c7cd753f2e9cb24ff1e50425cc126696fe1956e8791548138d87,2870
frozen_light_raw_attempt,output/external-real-v8-grounded/preformal-r3/raw_window_metadata_light/raw/EXT_E185-run1-seed20260827.json,b8acce13c45be96370349604baa830acff621443d101573258b0abb055285346,3310
frozen_light_raw_attempt,output/external-real-v8-grounded/preformal-r3/raw_window_metadata_light/raw/EXT_E185-run2-seed20260828.json,47118028f4a9a2fe5e699f95ed169eb0b33a3b5e6170d87c8e55b8362f38ad9f,3060
frozen_light_raw_attempt,output/external-real-v8-grounded/preformal-r3/raw_window_metadata_light/raw/EXT_E185-run3-seed20260829.json,f1ce272bf9312a386dc1df29ff37e66f32d0020aff6a85fe4f7dcc312cd74596,3110
frozen_light_raw_attempt,output/external-real-v8-grounded/preformal-r3/raw_window_metadata_light/raw/EXT_E186-run1-seed20260827.json,c3d206076d8f014bcb281abd62ea4157026e899609194b3206ba908e72b5a91d,3114
frozen_light_raw_attempt,output/external-real-v8-grounded/preformal-r3/raw_window_metadata_light/raw/EXT_E186-run2-seed20260828.json,ccebc6e31e688ea46705d760858a5e65fdfefe54d7866082c8f082378a3dcc97,3539
frozen_light_raw_attempt,output/external-real-v8-grounded/preformal-r3/raw_window_metadata_light/raw/EXT_E186-run3-seed20260829.json,4368b0230d5808103a90ad17c93750ebffd64e104376a176cbd9d68af3c7fece,3442
frozen_light_raw_attempt,output/external-real-v8-grounded/preformal-r3/raw_window_metadata_light/raw/EXT_E187-run1-seed20260827.json,22e437c404b4a719cea9a42df89c2c379ee2f8f1e3ed564556a2f87fb586e7c5,2411
frozen_light_raw_attempt,output/external-real-v8-grounded/preformal-r3/raw_window_metadata_light/raw/EXT_E187-run2-seed20260828.json,56bd73aed214f7cc7551cf7ae737e1fab26d18f0c5bd6999999f9dda97cb2b46,2372
frozen_light_raw_attempt,output/external-real-v8-grounded/preformal-r3/raw_window_metadata_light/raw/EXT_E187-run3-seed20260829.json,5b91391f7e1714b6363277c0d29fb3385c133880e1c086612c411152c7341070,2448
frozen_light_raw_attempt,output/external-real-v8-grounded/preformal-r3/raw_window_metadata_light/raw/EXT_E188-run1-seed20260827.json,f8c752f0ff4d81013bf3cb3d96202dc5b6ce19421116eac40ee8db2bbfc541bf,2903
frozen_light_raw_attempt,output/external-real-v8-grounded/preformal-r3/raw_window_metadata_light/raw/EXT_E188-run2-seed20260828.json,b3f0affff6da5cedf56cc4875e9fefb76b3c88942b5d10ef7e629a8397a72870,2657
frozen_light_raw_attempt,output/external-real-v8-grounded/preformal-r3/raw_window_metadata_light/raw/EXT_E188-run3-seed20260829.json,c40e53b4ca8315d0e5670955ffb50c2cec9c9d1e7076a794d7eaed70aecc6de1,2943
frozen_light_raw_attempt,output/external-real-v8-grounded/preformal-r3/raw_window_metadata_light/raw/EXT_E189-run1-seed20260827.json,7cc234e2a29838d4ff63da7aa3b41ae62cd6e5b2ecbd7cf5d19ea3f509bb719d,2911
frozen_light_raw_attempt,output/external-real-v8-grounded/preformal-r3/raw_window_metadata_light/raw/EXT_E189-run2-seed20260828.json,3fe8022c7bb61e4bf70ef9a91417f3f56f90dd448b07961d535e0e837d055178,2378
frozen_light_raw_attempt,output/external-real-v8-grounded/preformal-r3/raw_window_metadata_light/raw/EXT_E189-run3-seed20260829.json,45187bd3edd82c6fdeff94b45ed5106069724bb63ea6bbff86e98bf4054d7b90,2441
frozen_light_raw_attempt,output/external-real-v8-grounded/preformal-r3/raw_window_metadata_light/raw/EXT_E190-run1-seed20260827.json,9c17c0faf25c74da225f7a8fc70835faf698c856a9ca3a30d19a35fe7dae6afc,2674
frozen_light_raw_attempt,output/external-real-v8-grounded/preformal-r3/raw_window_metadata_light/raw/EXT_E190-run2-seed20260828.json,d6718b5eacecd72aa466001d2447425c0c7b90fcd0f6fcb95a8a9a30c874ec20,2620
frozen_light_raw_attempt,output/external-real-v8-grounded/preformal-r3/raw_window_metadata_light/raw/EXT_E190-run3-seed20260829.json,7ff1fa6fc8c3ee376de78a1471ac2d95cb309ad189e3fcdde7f5b61538d0ead9,2728
frozen_light_raw_attempt,output/external-real-v8-grounded/preformal-r3/raw_window_metadata_light/raw/EXT_E191-run1-seed20260827.json,c5bff7d14dbfc8858e0d08adfbd90f8f44c670809074c6f00ef009d3c957e7e4,3092
frozen_light_raw_attempt,output/external-real-v8-grounded/preformal-r3/raw_window_metadata_light/raw/EXT_E191-run2-seed20260828.json,8e78277580c5a4ee204bf4b86625da65482a19c7b9e0db6aeb9ff918c5bcf843,3612
frozen_light_raw_attempt,output/external-real-v8-grounded/preformal-r3/raw_window_metadata_light/raw/EXT_E191-run3-seed20260829.json,951e8de1ce25450e0abf1545c2b9ddc802036a809c212676f31c2932bcf2d36f,2952
frozen_light_raw_attempt,output/external-real-v8-grounded/preformal-r3/raw_window_metadata_light/raw/EXT_E192-run1-seed20260827.json,947c79e5cd4c9d0602ff39f2f6905f75a9586137bcfba667686d6f687e366ab8,3015
frozen_light_raw_attempt,output/external-real-v8-grounded/preformal-r3/raw_window_metadata_light/raw/EXT_E192-run2-seed20260828.json,12c4b79262b364de45353da2c972c910fa79e09cd36e59beb81d0e8148e6d88a,2584
frozen_light_raw_attempt,output/external-real-v8-grounded/preformal-r3/raw_window_metadata_light/raw/EXT_E192-run3-seed20260829.json,15125354d9485adc4f1f836cc0df94ea44c36c4d93d6560da0c9ba21c899bbe9,2947
frozen_light_raw_attempt,output/external-real-v8-grounded/preformal-r3/raw_window_metadata_light/raw/EXT_E193-run1-seed20260827.json,4216a86993e5de562b0f53aa5ae78df66cdb9e5a6ace55ecd47133add784dd5a,3207
frozen_light_raw_attempt,output/external-real-v8-grounded/preformal-r3/raw_window_metadata_light/raw/EXT_E193-run2-seed20260828.json,e2c176598c84e59a47764143c430f450488d68cdfefd412653f209bb60299b1f,2901
frozen_light_raw_attempt,output/external-real-v8-grounded/preformal-r3/raw_window_metadata_light/raw/EXT_E193-run3-seed20260829.json,5cad29d4584b1192e90ffa5cebe242ed3581b09d91ef82ecf2cec595f21e2fdf,2223
frozen_light_raw_attempt,output/external-real-v8-grounded/preformal-r3/raw_window_metadata_light/raw/EXT_E195-run1-seed20260827.json,a13d6c2d83ad512ee2ddcc45e036f529a5785b023f9f1a2627aa5d54e40e01e1,4840
frozen_light_raw_attempt,output/external-real-v8-grounded/preformal-r3/raw_window_metadata_light/raw/EXT_E195-run2-seed20260828.json,37477e176797417909d0fda58f16c877de23746dd38708c2ceebc3c8ef3a2701,3535
frozen_light_raw_attempt,output/external-real-v8-grounded/preformal-r3/raw_window_metadata_light/raw/EXT_E195-run3-seed20260829.json,ee0bc16fc94b8be6ade41aa9c0bdbd8ff20ad5facbb1a746b9c809c280d07aa4,2915
frozen_light_raw_attempt,output/external-real-v8-grounded/preformal-r3/raw_window_metadata_light/raw/EXT_E196-run1-seed20260827.json,01813144e55ab6ddae03052ec12f2d96542fedd22cefcc3f822009dcb03c9634,2638
frozen_light_raw_attempt,output/external-real-v8-grounded/preformal-r3/raw_window_metadata_light/raw/EXT_E196-run2-seed20260828.json,e77f614adddf948148b2eae2d5789ca6d58ad494c71b4db99afa343a19bda588,2645
frozen_light_raw_attempt,output/external-real-v8-grounded/preformal-r3/raw_window_metadata_light/raw/EXT_E196-run3-seed20260829.json,3247884d03363ae993d3556fc492371a1c76b561cdaf3931cc4e43b00e4d031f,2821
frozen_light_raw_attempt,output/external-real-v8-grounded/preformal-r3/raw_window_metadata_light/raw/EXT_E197-run1-seed20260827.json,a4429891ee75308c8827765adebcaf626ea9127c8f8291b8111b7161cf1e0e8e,3522
frozen_light_raw_attempt,output/external-real-v8-grounded/preformal-r3/raw_window_metadata_light/raw/EXT_E197-run2-seed20260828.json,94d32a969a03f91352732585ce451446b78bcdd27a5dd419818a266be91e6e83,1844
frozen_light_raw_attempt,output/external-real-v8-grounded/preformal-r3/raw_window_metadata_light/raw/EXT_E197-run3-seed20260829.json,5d6bb1a2ead8ae86707f9b9df19b6cd2eef7da2382003620f5f816ca05918ee3,3069
frozen_light_raw_attempt,output/external-real-v8-grounded/preformal-r3/raw_window_metadata_light/raw/EXT_E198-run1-seed20260827.json,736fb8577df762f4f93bcc05d8db12e12d6a59c76807049015f42a5f03023cf8,3463
frozen_light_raw_attempt,output/external-real-v8-grounded/preformal-r3/raw_window_metadata_light/raw/EXT_E198-run2-seed20260828.json,c3304cf66947d2bfd8c7985f88687c8a82bfe4a4c24daaf26d3ad6ac351534dd,3268
frozen_light_raw_attempt,output/external-real-v8-grounded/preformal-r3/raw_window_metadata_light/raw/EXT_E198-run3-seed20260829.json,274295db3e025765efb010b32a0e9ea4f0716304d6b70aff6ce49c12e6123ae3,3336
frozen_light_raw_attempt,output/external-real-v8-grounded/preformal-r3/raw_window_metadata_light/raw/EXT_E199-run1-seed20260827.json,ad6df70e89a3613ca37e83c5ff25170330d877482893e8e011704c3d258f9819,2448
frozen_light_raw_attempt,output/external-real-v8-grounded/preformal-r3/raw_window_metadata_light/raw/EXT_E199-run2-seed20260828.json,2a712192d2fd0bbf2e9e4d5ae351f8fe2a653af88d4aa4be39e65c3366ae4c7d,1854
frozen_light_raw_attempt,output/external-real-v8-grounded/preformal-r3/raw_window_metadata_light/raw/EXT_E199-run3-seed20260829.json,fbcffd035b5542c8bc75c168bcaa0a70611ad9edb37c037b6732a47e94b7e74b,2435
frozen_light_raw_attempt,output/external-real-v8-grounded/preformal-r3/raw_window_metadata_light/raw/EXT_E200-run1-seed20260827.json,bbdd07610ae84f130a234ecdbfd681681ea02f3566ba055b593cfb52a9c689ca,2633
frozen_light_raw_attempt,output/external-real-v8-grounded/preformal-r3/raw_window_metadata_light/raw/EXT_E200-run2-seed20260828.json,26e1ebc06ce4506dcab6fa705c88c930573926f5b6d5822919130eb719f3ca1a,2797
frozen_light_raw_attempt,output/external-real-v8-grounded/preformal-r3/raw_window_metadata_light/raw/EXT_E200-run3-seed20260829.json,a67dce4d3a31f28e0bcf532f90004f60efdd58e748a2cfcc196f7ee68ae482ab,3384
frozen_light_raw_attempt,output/external-real-v8-grounded/preformal-r3/raw_window_metadata_light/raw/EXT_E201-run1-seed20260827.json,a3f7db2df45f3f3bfeb201e2539723b4685f1b0b94b438c9f9fb75e4aae4d4a6,3045
frozen_light_raw_attempt,output/external-real-v8-grounded/preformal-r3/raw_window_metadata_light/raw/EXT_E201-run2-seed20260828.json,13fc12cfd17ffb1daabcc7d0891e0f0defc89e24b229255a9e770934b87cfd56,2753
frozen_light_raw_attempt,output/external-real-v8-grounded/preformal-r3/raw_window_metadata_light/raw/EXT_E201-run3-seed20260829.json,2c1915f7c22854380370efcae1038f5e344980ed9ad8be8fb581c1d61eac7589,3082
frozen_light_raw_attempt,output/external-real-v8-grounded/preformal-r3/raw_window_metadata_light/raw/EXT_E202-run1-seed20260827.json,7180cbe7c850b4918cdf70f14acc1f303cc88b04edfa387de37cd52a7ccd7677,2840
frozen_light_raw_attempt,output/external-real-v8-grounded/preformal-r3/raw_window_metadata_light/raw/EXT_E202-run2-seed20260828.json,9068a0a7467276fa17661f2d0afa2d275ffcfc8a8ae648730a410e595129b1b8,3170
frozen_light_raw_attempt,output/external-real-v8-grounded/preformal-r3/raw_window_metadata_light/raw/EXT_E202-run3-seed20260829.json,eb6afe16786f79630612bdddd2af0c613c38ee02fbc8c3c15913e13c741766b9,3901
frozen_light_raw_attempt,output/external-real-v8-grounded/preformal-r3/raw_window_metadata_light/raw/EXT_E203-run1-seed20260827.json,95ec5b3ff122d78358c5cab23f8b7f6d758bb81a839be8aa03ce4ff3dff88e3c,3145
frozen_light_raw_attempt,output/external-real-v8-grounded/preformal-r3/raw_window_metadata_light/raw/EXT_E203-run2-seed20260828.json,fa672f9d4088789bde38ad7b288ffbad20696b06be4e0b3bfdcfbe26affb9d88,3301
frozen_light_raw_attempt,output/external-real-v8-grounded/preformal-r3/raw_window_metadata_light/raw/EXT_E203-run3-seed20260829.json,86d0c4bfa71ea9b496fe314dd739bbbb3cd9214825a9da4e0b4055ae2fa5b9cf,3305
frozen_light_raw_attempt,output/external-real-v8-grounded/preformal-r3/raw_window_metadata_light/raw/EXT_E205-run1-seed20260827.json,93a025d12e513c83a31cbb66678b698d734a5a3c0abc0d51185c7b99ecffa39f,3011
frozen_light_raw_attempt,output/external-real-v8-grounded/preformal-r3/raw_window_metadata_light/raw/EXT_E205-run2-seed20260828.json,eceb770cbd5f608adec6a40f6c4559c2ab4d2b9400d49474cab3da620e5f8a93,2643
frozen_light_raw_attempt,output/external-real-v8-grounded/preformal-r3/raw_window_metadata_light/raw/EXT_E205-run3-seed20260829.json,407f4fa62826f6f668b427e3db8c8c2a1fc1b5fe7bbe048a46df5792d78352f4,2653
frozen_light_raw_attempt,output/external-real-v8-grounded/preformal-r3/raw_window_metadata_light/raw/EXT_E206-run1-seed20260827.json,80225f7f65db548fb95dd4cbe60b51463e2f9992631a572fcb1e28adfb505e2e,3944
frozen_light_raw_attempt,output/external-real-v8-grounded/preformal-r3/raw_window_metadata_light/raw/EXT_E206-run2-seed20260828.json,57640b1fd09fc50b5f3b9529e66981d6944e4fd712d6e8bed1009741a9c635b3,4020
frozen_light_raw_attempt,output/external-real-v8-grounded/preformal-r3/raw_window_metadata_light/raw/EXT_E206-run3-seed20260829.json,b258588d420dfbf7520273600589eaa8046de473b25ec4f1c0dc72a0ce52a047,3960
frozen_light_raw_attempt,output/external-real-v8-grounded/preformal-r3/raw_window_metadata_light/raw/EXT_E207-run1-seed20260827.json,c90cecbe73a2ec0658fa55ccffb4c0a5bb44749c83a34fdd7ae494d996eb7f07,2506
frozen_light_raw_attempt,output/external-real-v8-grounded/preformal-r3/raw_window_metadata_light/raw/EXT_E207-run2-seed20260828.json,c4d1cdfb64ecb83860b28845509058766868a069f7b7c69d23445c7e8f083e23,2910
frozen_light_raw_attempt,output/external-real-v8-grounded/preformal-r3/raw_window_metadata_light/raw/EXT_E207-run3-seed20260829.json,91edebf9abb374f989cc17dc5630c4742876228bf088804dff166261744b72cd,2872
frozen_light_raw_attempt,output/external-real-v8-grounded/preformal-r3/raw_window_metadata_light/raw/EXT_E208-run1-seed20260827.json,1304df252f520a0fd8af64e9bd9b5274a564049c9a61142fcb0bb68b37450d20,3273
frozen_light_raw_attempt,output/external-real-v8-grounded/preformal-r3/raw_window_metadata_light/raw/EXT_E208-run2-seed20260828.json,8ddfcf30643536245526402f3a5ff0de23007f85b5823fa5d707fdfa55fc4f9a,3644
frozen_light_raw_attempt,output/external-real-v8-grounded/preformal-r3/raw_window_metadata_light/raw/EXT_E208-run3-seed20260829.json,1e741781fb33c07084134e5b726e6cb7e9ee3d874a92382901615c544aaa5922,2990
frozen_light_raw_attempt,output/external-real-v8-grounded/preformal-r3/raw_window_metadata_light/raw/EXT_E209-run1-seed20260827.json,4e8dd423c290ae463d1895285fbe898608ed4b58ce714ddde78e5d43c744493a,3030
frozen_light_raw_attempt,output/external-real-v8-grounded/preformal-r3/raw_window_metadata_light/raw/EXT_E209-run2-seed20260828.json,0a315336af0419c9d8f72c850490db6fb66a976290f1c0ff8a30544abae5085f,3439
frozen_light_raw_attempt,output/external-real-v8-grounded/preformal-r3/raw_window_metadata_light/raw/EXT_E209-run3-seed20260829.json,6e129e56c77df1a58acc99c4fcc2998bf8ab22b1869201b853abd5331d1854a6,2899
frozen_light_raw_attempt,output/external-real-v8-grounded/preformal-r3/raw_window_metadata_light/raw/EXT_E210-run1-seed20260827.json,0b17e428766d80da942bfc0f7a88fff685c8477abf08beeba18bf5e942b44264,4384
frozen_light_raw_attempt,output/external-real-v8-grounded/preformal-r3/raw_window_metadata_light/raw/EXT_E210-run2-seed20260828.json,077cd85d8b956871056b6a60f65b2d44d85a1ab1be0b533d5bd4b7ea0df80efe,3010
frozen_light_raw_attempt,output/external-real-v8-grounded/preformal-r3/raw_window_metadata_light/raw/EXT_E210-run3-seed20260829.json,04158a26fa4db8995e2f83084ace36fedeaa0f42d8205557a7a0f4e91555f920,2797
frozen_light_raw_attempt,output/external-real-v8-grounded/preformal-r3/raw_window_metadata_light/raw/EXT_E211-run1-seed20260827.json,9dc8c98d1ea55e00026f0337c18d8b5306ff3c71b3c929dafbd6f836c931a8e9,3968
frozen_light_raw_attempt,output/external-real-v8-grounded/preformal-r3/raw_window_metadata_light/raw/EXT_E211-run2-seed20260828.json,c8f697504aea6eab5f4436568eb4aa9f1470cfa29677951bd72c2d02bcb0b3af,3464
frozen_light_raw_attempt,output/external-real-v8-grounded/preformal-r3/raw_window_metadata_light/raw/EXT_E211-run3-seed20260829.json,25c780f9ab04f523b035a215e5e5b46406cd21495dc9565ad8b860e04950b948,3893
frozen_light_raw_attempt,output/external-real-v8-grounded/preformal-r3/raw_window_metadata_light/raw/EXT_E212-run1-seed20260827.json,cd37f590af50eab1ae11efe266b1cc56e0966cbea2e056ce95b18ad9dbfb1443,3406
frozen_light_raw_attempt,output/external-real-v8-grounded/preformal-r3/raw_window_metadata_light/raw/EXT_E212-run2-seed20260828.json,79368170d8d5a6e1c2124b81703b771dba94b8a9e630d86a8089aac9ac0d15b0,3477
frozen_light_raw_attempt,output/external-real-v8-grounded/preformal-r3/raw_window_metadata_light/raw/EXT_E212-run3-seed20260829.json,498bcc6ec886a4094f3092bcd821aa43b5fe99fdb41c90f626ff326f338a23f5,2922
frozen_light_raw_attempt,output/external-real-v8-grounded/preformal-r3/raw_window_metadata_light/raw/EXT_E213-run1-seed20260827.json,272e4e5af13c4752efccabeb35738784fb2d8435f32d5dfbe6d53863000fe418,2902
frozen_light_raw_attempt,output/external-real-v8-grounded/preformal-r3/raw_window_metadata_light/raw/EXT_E213-run2-seed20260828.json,7fbbeb80a56228fb3074d85578b7321f39f186e56db3277f32cdc828832c1453,2977
frozen_light_raw_attempt,output/external-real-v8-grounded/preformal-r3/raw_window_metadata_light/raw/EXT_E213-run3-seed20260829.json,73061d1b77d26ceb2623e9bb85cbad12c9013a80d189df7e5261418d12879c54,2827
