split,event_id,semantic_type,run,seed,method,status,selected_option_id,selected_candidate_id,selected_value,reason,candidate_order,runtime_ms,response_mode,prompt_eval_count,eval_count,done_reason,raw_content,policy_loaded,applicable_rule,allowed_values,survivor_count,decision_path,qwen_called,oracle_candidate_id,oracle_value,oracle_correct
test,E14,TEMPORAL_VERSION,1,20260820,DIRECT_FREE,SELECTED,OPTION_A,CAND_002,62,核保受理日为2026年8月20日，处于DOC_E14_CURRENT（2026-08-01至2026-08-31）生效期内。DOC_E14_FUTURE虽已发布但生效日为2026-09-01，未满足条件。根据DOC_E14_CURRENT第四条及DOC_E14_FUTURE第三条，应以受理日有效版本为准，故取62周岁。,OPTION_A=CAND_002|OPTION_B=CAND_001|OPTION_C=CAND_003,4418,json_schema,1048,133,stop,"{
  ""abstain"": false,
  ""value"": ""62"",
  ""reason"": ""核保受理日为2026年8月20日，处于DOC_E14_CURRENT（2026-08-01至2026-08-31）生效期内。DOC_E14_FUTURE虽已发布但生效日为2026-09-01，未满足条件。根据DOC_E14_CURRENT第四条及DOC_E14_FUTURE第三条，应以受理日有效版本为准，故取62周岁。""
}",,,,,,True,CAND_002,62,True
test,E14,TEMPORAL_VERSION,1,20260820,VALUE_ENUM,ABSTAIN,,,,核保受理日2026-08-20处于DOC_E14_CURRENT生效期（2026-08-01至2026-08-31），该文档第四条规定最高投保年龄以核保受理日正在生效的条款版本为准，故适用值为62周岁。但目标约束allowed_max为100且value_kind为literal_integer，而DOC_E14_CURRENT第二条一般规则明确最高投保年龄,OPTION_A=CAND_002|OPTION_B=CAND_001|OPTION_C=CAND_003,4760,json_schema,1052,125,stop,"{""abstain"": false, ""value"": ""ABSTAIN"", ""reason"": ""核保受理日2026-08-20处于DOC_E14_CURRENT生效期（2026-08-01至2026-08-31），该文档第四条规定最高投保年龄以核保受理日正在生效的条款版本为准，故适用值为62周岁。但目标约束allowed_max为100且value_kind为literal_integer，而DOC_E14_CURRENT第二条一般规则明确最高投保年龄""
  }",,,,,,True,CAND_002,62,False
test,E14,TEMPORAL_VERSION,1,20260820,OPTION_VALUE_ONLY,SELECTED,OPTION_A,CAND_002,62,核保受理日为2026年8月20日，处于DOC_E14_CURRENT（2026-08-01至2026-08-31）生效期内。DOC_E14_FUTURE虽已发布但生效日为2026-09-01，根据DOC_E14_CURRENT第四条及DOC_E14_FUTURE第三条，尚未生效的修订版本不适用。因此适用最高投保年龄为62周岁（OPTION_A），团体转入例外,OPTION_A=CAND_002|OPTION_B=CAND_001|OPTION_C=CAND_003,5743,json_schema,1144,139,stop,"{
  ""abstain"": false,
  ""option_id"": ""OPTION_A"",
  ""reason"": ""核保受理日为2026年8月20日，处于DOC_E14_CURRENT（2026-08-01至2026-08-31）生效期内。DOC_E14_FUTURE虽已发布但生效日为2026-09-01，根据DOC_E14_CURRENT第四条及DOC_E14_FUTURE第三条，尚未生效的修订版本不适用。因此适用最高投保年龄为62周岁（OPTION_A），团体转入例外""
}",,,,,,True,CAND_002,62,True
test,E14,TEMPORAL_VERSION,1,20260820,OPTION_FORMAL_OPERATION,SELECTED,OPTION_A,CAND_002,62,案件核保受理日为2026年8月20日。DOC_E14_CURRENT（夏季条款）生效期为2026-08-01至2026-08-31，覆盖受理日，其一般规则规定最高投保年龄为62周岁。DOC_E14_FUTURE（九月修订版）生效日为2026-09-01，晚于受理日，根据DOC_E14_CURRENT第四条及DOC_E14_FUTURE第三条，尚未生效的修订版,OPTION_A=CAND_002|OPTION_B=CAND_001|OPTION_C=CAND_003,5822,json_schema,1617,146,stop,"{
  ""abstain"": false,
  ""option_id"": ""OPTION_A"",
  ""reason"": ""案件核保受理日为2026年8月20日。DOC_E14_CURRENT（夏季条款）生效期为2026-08-01至2026-08-31，覆盖受理日，其一般规则规定最高投保年龄为62周岁。DOC_E14_FUTURE（九月修订版）生效日为2026-09-01，晚于受理日，根据DOC_E14_CURRENT第四条及DOC_E14_FUTURE第三条，尚未生效的修订版""
}",,,,,,True,CAND_002,62,True
test,E14,TEMPORAL_VERSION,1,20260820,OPTION_FORMAL_POLICY,SELECTED,OPTION_A,CAND_002,62,"核保受理日2026-08-20在DOC_E14_CURRENT生效期[2026-08-01, 2026-08-31]内，且非团体转入。根据formal_policy规则E14_CURRENT_EFFECTIVE_VERSION（优先级300），适用最高投保年龄62。DOC_E14_FUTURE尚未生效。OPTION_A对应值62。",OPTION_A=CAND_002|OPTION_B=CAND_001|OPTION_C=CAND_003,5124,json_schema,2087,125,stop,"{
  ""abstain"": false,
  ""option_id"": ""OPTION_A"",
  ""reason"": ""核保受理日2026-08-20在DOC_E14_CURRENT生效期[2026-08-01, 2026-08-31]内，且非团体转入。根据formal_policy规则E14_CURRENT_EFFECTIVE_VERSION（优先级300），适用最高投保年龄62。DOC_E14_FUTURE尚未生效。OPTION_A对应值62。""
}",,,,,,True,CAND_002,62,True
test,E14,TEMPORAL_VERSION,1,20260820,OPTION_FORMAL_POLICY_HARD_GATE,SELECTED,OPTION_A,CAND_002,62,硬门禁：规则E14_CURRENT_EFFECTIVE_VERSION唯一允许值=['62']，唯一存活候选直接选择,OPTION_A=CAND_002|OPTION_B=CAND_001|OPTION_C=CAND_003,0,formal_policy_hard_gate,0,0,,,True,E14_CURRENT_EFFECTIVE_VERSION,62,1,DETERMINISTIC_SELECT,False,CAND_002,62,True
test,E14,TEMPORAL_VERSION,1,20260820,OPTION_DESCRIPTION,SELECTED,OPTION_A,CAND_002,62,案件核保受理日为2026年8月20日，DOC_E14_CURRENT生效期为2026-08-01至2026-08-31，完全覆盖受理日；DOC_E14_FUTURE生效日为2026-09-01，未覆盖受理日。根据DOC_E14_CURRENT第四条及DOC_E14_FUTURE第三条，应以受理日有效版本（即夏季现行版）为准，排除尚未生效的九月修订版。且案件未,OPTION_A=CAND_002|OPTION_B=CAND_001|OPTION_C=CAND_003,5727,json_schema,1347,145,stop,"{
  ""abstain"": false,
  ""option_id"": ""OPTION_A"",
  ""reason"": ""案件核保受理日为2026年8月20日，DOC_E14_CURRENT生效期为2026-08-01至2026-08-31，完全覆盖受理日；DOC_E14_FUTURE生效日为2026-09-01，未覆盖受理日。根据DOC_E14_CURRENT第四条及DOC_E14_FUTURE第三条，应以受理日有效版本（即夏季现行版）为准，排除尚未生效的九月修订版。且案件未""
}",,,,,,True,CAND_002,62,True
test,E15,TEMPORAL_VERSION,1,20260820,DIRECT_FREE,SELECTED,OPTION_B,CAND_003,64,投保申请于2026年7月20日进入核保流程，适用DOC_E15_JULY（生效2026-07-01至2026-07-31），其规定最高投保年龄为64周岁。DOC_E15_AUGUST虽于8月1日生效，但明确排除8月1日前已进核保流程的申请。,OPTION_A=CAND_002|OPTION_B=CAND_003|OPTION_C=CAND_001,4241,json_schema,1044,119,stop,"{
  ""abstain"": false,
  ""value"": ""64"",
  ""reason"": ""投保申请于2026年7月20日进入核保流程，适用DOC_E15_JULY（生效2026-07-01至2026-07-31），其规定最高投保年龄为64周岁。DOC_E15_AUGUST虽于8月1日生效，但明确排除8月1日前已进核保流程的申请。""
}",,,,,,True,CAND_003,64,True
test,E15,TEMPORAL_VERSION,1,20260820,VALUE_ENUM,SELECTED,OPTION_B,CAND_003,64,投保申请于2026年7月20日进入核保流程，适用DOC_E15_JULY（生效2026-07-01至2026-07-31），该文档规定最高投保年龄为64周岁。DOC_E15_AUGUST虽于8月1日生效，但明确排除8月1日前已进入核保流程的申请。,OPTION_A=CAND_002|OPTION_B=CAND_003|OPTION_C=CAND_001,4833,json_schema,1048,119,stop,"{
  ""abstain"": false,
  ""value"": ""64"",
  ""reason"": ""投保申请于2026年7月20日进入核保流程，适用DOC_E15_JULY（生效2026-07-01至2026-07-31），该文档规定最高投保年龄为64周岁。DOC_E15_AUGUST虽于8月1日生效，但明确排除8月1日前已进入核保流程的申请。""
}",,,,,,True,CAND_003,64,True
test,E15,TEMPORAL_VERSION,1,20260820,OPTION_VALUE_ONLY,SELECTED,OPTION_B,CAND_003,64,投保申请于2026年7月20日进入核保流程，处于DOC_E15_JULY（生效2026-07-01至2026-07-31）有效期内。DOC_E15_AUGUST虽已发布但尚未生效（2026-08-01），且其例外规则明确排除该日期前进入流程的申请。因此适用DOC_E15_JULY的一般规则，最高投保年龄为64周岁。,OPTION_A=CAND_002|OPTION_B=CAND_003|OPTION_C=CAND_001,5947,json_schema,1140,140,stop,"{
  ""abstain"": false,
  ""option_id"": ""OPTION_B"",
  ""reason"": ""投保申请于2026年7月20日进入核保流程，处于DOC_E15_JULY（生效2026-07-01至2026-07-31）有效期内。DOC_E15_AUGUST虽已发布但尚未生效（2026-08-01），且其例外规则明确排除该日期前进入流程的申请。因此适用DOC_E15_JULY的一般规则，最高投保年龄为64周岁。""
}",,,,,,True,CAND_003,64,True
test,E15,TEMPORAL_VERSION,1,20260820,OPTION_FORMAL_OPERATION,SELECTED,OPTION_B,CAND_003,64,案件投保申请于2026年7月20日进入核保流程，适用DOC_E15_JULY（生效2026-07-01，失效2026-07-31）。该文档第二条规定最高投保年龄为64周岁。DOC_E15_AUGUST虽于8月1日生效，但第三条明确规定8月1日前已进入核保流程的申请仍按进入当日有效版本处理。因此适用数值为64，对应OPTION_B。,OPTION_A=CAND_002|OPTION_B=CAND_003|OPTION_C=CAND_001,5800,json_schema,1613,140,stop,"{
  ""abstain"": false,
  ""option_id"": ""OPTION_B"",
  ""reason"": ""案件投保申请于2026年7月20日进入核保流程，适用DOC_E15_JULY（生效2026-07-01，失效2026-07-31）。该文档第二条规定最高投保年龄为64周岁。DOC_E15_AUGUST虽于8月1日生效，但第三条明确规定8月1日前已进入核保流程的申请仍按进入当日有效版本处理。因此适用数值为64，对应OPTION_B。""
}",,,,,,True,CAND_003,64,True
test,E15,TEMPORAL_VERSION,1,20260820,OPTION_FORMAL_POLICY,SELECTED,OPTION_B,CAND_003,64,案件事实显示投保申请进入核保流程日期为2026年7月20日，处于DOC_E15_JULY（2026-07-01至2026-07-31）的有效期内。根据formal_policy规则E15_JULY_VERSION_SCOPE（优先级300），该日期段适用的最高投保年龄为64周岁。人工评估日期2026年8月21日不改变版本判断日期。因此，应将属性值从70更新为,OPTION_A=CAND_002|OPTION_B=CAND_003|OPTION_C=CAND_001,6482,json_schema,2096,147,stop,"{
  ""abstain"": false,
  ""option_id"": ""OPTION_B"",
  ""reason"": ""案件事实显示投保申请进入核保流程日期为2026年7月20日，处于DOC_E15_JULY（2026-07-01至2026-07-31）的有效期内。根据formal_policy规则E15_JULY_VERSION_SCOPE（优先级300），该日期段适用的最高投保年龄为64周岁。人工评估日期2026年8月21日不改变版本判断日期。因此，应将属性值从70更新为""
}",,,,,,True,CAND_003,64,True
test,E15,TEMPORAL_VERSION,1,20260820,OPTION_FORMAL_POLICY_HARD_GATE,SELECTED,OPTION_B,CAND_003,64,硬门禁：规则E15_JULY_VERSION_SCOPE唯一允许值=['64']，唯一存活候选直接选择,OPTION_A=CAND_002|OPTION_B=CAND_003|OPTION_C=CAND_001,0,formal_policy_hard_gate,0,0,,,True,E15_JULY_VERSION_SCOPE,64,1,DETERMINISTIC_SELECT,False,CAND_003,64,True
test,E15,TEMPORAL_VERSION,1,20260820,OPTION_DESCRIPTION,SELECTED,OPTION_B,CAND_003,64,案件投保申请于2026年7月20日进入核保流程，处于DOC_E15_JULY（生效2026-07-01至2026-07-31）的有效期内。根据DOC_E15_JULY第四条，版本判断日期为申请进入核保流程的日期（2026年7月20日），人工评估日期（8月21日）不改变该日期。DOC_E15_AUGUST虽于8月1日生效，但其第三条明确规定2026年8月1日前,OPTION_A=CAND_002|OPTION_B=CAND_003|OPTION_C=CAND_001,6468,json_schema,1343,160,stop,"{
  ""abstain"": false,
  ""option_id"": ""OPTION_B"",
  ""reason"": ""案件投保申请于2026年7月20日进入核保流程，处于DOC_E15_JULY（生效2026-07-01至2026-07-31）的有效期内。根据DOC_E15_JULY第四条，版本判断日期为申请进入核保流程的日期（2026年7月20日），人工评估日期（8月21日）不改变该日期。DOC_E15_AUGUST虽于8月1日生效，但其第三条明确规定2026年8月1日前""
  }",,,,,,True,CAND_003,64,True
test,E16,TEMPORAL_VERSION,1,20260820,DIRECT_FREE,SELECTED,OPTION_A,CAND_002,67,核保受理日2026年9月20日处于备案完成日（2026-10-01）之前，根据DOC_E16_TERMS第二条及第四条，应适用当前备案版本，最高投保年龄为67周岁。,OPTION_A=CAND_002|OPTION_B=CAND_001|OPTION_C=CAND_003,3249,json_schema,639,87,stop,"{
  ""abstain"": false,
  ""value"": ""67"",
  ""reason"": ""核保受理日2026年9月20日处于备案完成日（2026-10-01）之前，根据DOC_E16_TERMS第二条及第四条，应适用当前备案版本，最高投保年龄为67周岁。""
}",,,,,,True,CAND_002,67,True
test,E16,TEMPORAL_VERSION,1,20260820,VALUE_ENUM,SELECTED,OPTION_A,CAND_002,67,核保受理日2026年9月20日在备案完成日（2026年10月1日）之前，根据DOC_E16_TERMS第四条及第二条，应适用当前备案版本条款，最高投保年龄为67周岁。,OPTION_A=CAND_002|OPTION_B=CAND_001|OPTION_C=CAND_003,3938,json_schema,643,88,stop,"{
  ""abstain"": false,
  ""value"": ""67"",
  ""reason"": ""核保受理日2026年9月20日在备案完成日（2026年10月1日）之前，根据DOC_E16_TERMS第四条及第二条，应适用当前备案版本条款，最高投保年龄为67周岁。""
}",,,,,,True,CAND_002,67,True
test,E16,TEMPORAL_VERSION,1,20260820,OPTION_VALUE_ONLY,SELECTED,OPTION_A,CAND_002,67,核保受理日（2026-09-20）在备案完成日（2026-10-01）之前，根据文档第四条及第二条，未完成备案的批单不得适用，宣传摘要亦不替代正式条款，故当前最高投保年龄为67周岁。,OPTION_A=CAND_002|OPTION_B=CAND_001|OPTION_C=CAND_003,4353,json_schema,735,96,stop,"{
  ""abstain"": false,
  ""option_id"": ""OPTION_A"",
  ""reason"": ""核保受理日（2026-09-20）在备案完成日（2026-10-01）之前，根据文档第四条及第二条，未完成备案的批单不得适用，宣传摘要亦不替代正式条款，故当前最高投保年龄为67周岁。""
}",,,,,,True,CAND_002,67,True
test,E16,TEMPORAL_VERSION,1,20260820,OPTION_FORMAL_OPERATION,SELECTED,OPTION_A,CAND_002,67,核保受理日（2026-09-20）在文档生效期（2026-09-05 至 备案完成日 2026-10-01）内。根据 DOC_E16_TERMS 第二条，此期间最高投保年龄为 67 周岁；第三条的续保例外因客户未提交连续续保证明而不适用。因此应选用将值设为 67 的 OPTION_A。,OPTION_A=CAND_002|OPTION_B=CAND_001|OPTION_C=CAND_003,5873,json_schema,1208,134,stop,"{
  ""abstain"": false,
  ""option_id"": ""OPTION_A"",
  ""reason"": ""核保受理日（2026-09-20）在文档生效期（2026-09-05 至 备案完成日 2026-10-01）内。根据 DOC_E16_TERMS 第二条，此期间最高投保年龄为 67 周岁；第三条的续保例外因客户未提交连续续保证明而不适用。因此应选用将值设为 67 的 OPTION_A。""
}",,,,,,True,CAND_002,67,True
test,E16,TEMPORAL_VERSION,1,20260820,OPTION_FORMAL_POLICY,SELECTED,OPTION_A,CAND_002,67,案件上下文显示核保受理日为2026-09-20，批单备案尚未完成（false），且无连续续保证明（false）。根据formal_policy规则E16_FILED_CURRENT_VERSION（优先级200），当endorsement_filing_completed为false时，适用最高投保年龄为67周岁。该值对应OPTION_A的新值。,OPTION_A=CAND_002|OPTION_B=CAND_001|OPTION_C=CAND_003,5198,json_schema,1626,112,stop,"{
  ""abstain"": false,
  ""option_id"": ""OPTION_A"",
  ""reason"": ""案件上下文显示核保受理日为2026-09-20，批单备案尚未完成（false），且无连续续保证明（false）。根据formal_policy规则E16_FILED_CURRENT_VERSION（优先级200），当endorsement_filing_completed为false时，适用最高投保年龄为67周岁。该值对应OPTION_A的新值。""
}",,,,,,True,CAND_002,67,True
test,E16,TEMPORAL_VERSION,1,20260820,OPTION_FORMAL_POLICY_HARD_GATE,SELECTED,OPTION_A,CAND_002,67,硬门禁：规则E16_FILED_CURRENT_VERSION唯一允许值=['67']，唯一存活候选直接选择,OPTION_A=CAND_002|OPTION_B=CAND_001|OPTION_C=CAND_003,0,formal_policy_hard_gate,0,0,,,True,E16_FILED_CURRENT_VERSION,67,1,DETERMINISTIC_SELECT,False,CAND_002,67,True
test,E16,TEMPORAL_VERSION,1,20260820,OPTION_DESCRIPTION,SELECTED,OPTION_A,CAND_002,67,核保受理日（2026-09-20）早于备案完成日（2026-10-01）。根据文档第四条，未完成备案的批单不得适用；且客户未提交连续续保证明，不满足第三条例外条件。因此必须按当前备案版本执行，最高投保年龄为67周岁。,OPTION_A=CAND_002|OPTION_B=CAND_001|OPTION_C=CAND_003,4741,json_schema,940,107,stop,"{
  ""abstain"": false,
  ""option_id"": ""OPTION_A"",
  ""reason"": ""核保受理日（2026-09-20）早于备案完成日（2026-10-01）。根据文档第四条，未完成备案的批单不得适用；且客户未提交连续续保证明，不满足第三条例外条件。因此必须按当前备案版本执行，最高投保年龄为67周岁。""
}",,,,,,True,CAND_002,67,True
test,E17,TEMPORAL_VERSION,1,20260820,DIRECT_FREE,ABSTAIN,,,,文档 DOC_E17_TERMS 仅声明档位代码到数值的映射由候选修复表维护，正文未列示具体数值；且文档中无候选列表供读取或猜测。依据指令‘证据不足必须 ABSTAIN'，无法确定产品 A 当前适用的最高投保年龄。,OPTION_A=CAND_003|OPTION_B=CAND_001|OPTION_C=CAND_002,3508,json_schema,609,89,stop,"{
  ""abstain"": true,
  ""value"": """",
  ""reason"": ""文档 DOC_E17_TERMS 仅声明档位代码到数值的映射由候选修复表维护，正文未列示具体数值；且文档中无候选列表供读取或猜测。依据指令‘证据不足必须 ABSTAIN'，无法确定产品 A 当前适用的最高投保年龄。""
}",,,,,,True,CAND_002,63,False
test,E17,TEMPORAL_VERSION,1,20260820,VALUE_ENUM,ABSTAIN,,,,文档 DOC_E17_TERMS 仅定义了年龄档位代码（AGE-BAND-G2）的输入版本和排除项，并声明数值映射由‘候选修复表’维护，但提供的文档列表中不包含该‘候选修复表’。根据指令‘证据不足必须ABSTAIN'且禁止外部常识或猜测，无法确定 AGE-BAND-G2 对应的具体最高投保年龄数值。,OPTION_A=CAND_003|OPTION_B=CAND_001|OPTION_C=CAND_002,4871,json_schema,613,113,stop,"{
  ""abstain"": true,
  ""value"": ""ABSTAIN"",
  ""reason"": ""文档 DOC_E17_TERMS 仅定义了年龄档位代码（AGE-BAND-G2）的输入版本和排除项，并声明数值映射由‘候选修复表’维护，但提供的文档列表中不包含该‘候选修复表’。根据指令‘证据不足必须ABSTAIN'且禁止外部常识或猜测，无法确定 AGE-BAND-G2 对应的具体最高投保年龄数值。""
}",,,,,,True,CAND_002,63,False
test,E17,TEMPORAL_VERSION,1,20260820,OPTION_VALUE_ONLY,SELECTED,OPTION_A,CAND_003,58,文档 DOC_E17_TERMS 权威性强（authority=100）且生效时间（2026-09-18）早于案件受理日（2026-09-25），处于有效期内。文档明确指定本次核保适用备案系统返回的代码 AGE-BAND-G2，并排除了营销草案和续保通道。根据‘本体更新只应采用备案系统返回的档位代码’及‘档位代码到数值的映射由候选修复表维护’的规则，结合候选,OPTION_A=CAND_003|OPTION_B=CAND_001|OPTION_C=CAND_002,6090,json_schema,705,141,stop,"{
  ""abstain"": false,
  ""option_id"": ""OPTION_A"",
  ""reason"": ""文档 DOC_E17_TERMS 权威性强（authority=100）且生效时间（2026-09-18）早于案件受理日（2026-09-25），处于有效期内。文档明确指定本次核保适用备案系统返回的代码 AGE-BAND-G2，并排除了营销草案和续保通道。根据‘本体更新只应采用备案系统返回的档位代码’及‘档位代码到数值的映射由候选修复表维护’的规则，结合候选""
  }",,,,,,True,CAND_002,63,False
test,E17,TEMPORAL_VERSION,1,20260820,OPTION_FORMAL_OPERATION,SELECTED,OPTION_B,CAND_001,73,文档DOC_E17_TERMS明确指示核保受理日（2026-09-25）备案系统返回代码为AGE-BAND-G2。条款第三条规定‘档位代码到数值的映射由候选修复表维护’，隐含了外部数据源（即选项中的新值）是确定最终数值的唯一依据。在给定选项中，OPTION_B将最高投保年龄从70更新为73，符合文档中关于采用备案系统返回代码进行本体更新的执行口径逻辑；而AB,OPTION_A=CAND_003|OPTION_B=CAND_001|OPTION_C=CAND_002,6459,json_schema,1178,140,stop,"{
  ""abstain"": false,
  ""option_id"": ""OPTION_B"",
  ""reason"": ""文档DOC_E17_TERMS明确指示核保受理日（2026-09-25）备案系统返回代码为AGE-BAND-G2。条款第三条规定‘档位代码到数值的映射由候选修复表维护’，隐含了外部数据源（即选项中的新值）是确定最终数值的唯一依据。在给定选项中，OPTION_B将最高投保年龄从70更新为73，符合文档中关于采用备案系统返回代码进行本体更新的执行口径逻辑；而AB""
}",,,,,,True,CAND_002,63,False
test,E17,TEMPORAL_VERSION,1,20260820,OPTION_FORMAL_POLICY,SELECTED,OPTION_C,CAND_002,63,根据formal_policy中的事实(age_band_code为AGE-BAND-G2)和规则优先级，E17_FILED_AGE_BAND_G2规则（优先级200）匹配且允许值为63。该值对应OPTION_C的新值。,OPTION_A=CAND_003|OPTION_B=CAND_001|OPTION_C=CAND_002,4256,json_schema,1540,83,stop,"{
  ""abstain"": false,
  ""option_id"": ""OPTION_C"",
  ""reason"": ""根据formal_policy中的事实(age_band_code为AGE-BAND-G2)和规则优先级，E17_FILED_AGE_BAND_G2规则（优先级200）匹配且允许值为63。该值对应OPTION_C的新值。""
}",,,,,,True,CAND_002,63,True
test,E17,TEMPORAL_VERSION,1,20260820,OPTION_FORMAL_POLICY_HARD_GATE,SELECTED,OPTION_C,CAND_002,63,硬门禁：规则E17_FILED_AGE_BAND_G2唯一允许值=['63']，唯一存活候选直接选择,OPTION_A=CAND_003|OPTION_B=CAND_001|OPTION_C=CAND_002,0,formal_policy_hard_gate,0,0,,,True,E17_FILED_AGE_BAND_G2,63,1,DETERMINISTIC_SELECT,False,CAND_002,63,True
test,E17,TEMPORAL_VERSION,1,20260820,OPTION_DESCRIPTION,SELECTED,OPTION_C,CAND_002,63,DOC_E17_TERMS 文件权威性强（authority=100）且生效时间（2026-09-18）早于案件受理日（2026-09-25）。文件第二条明确排除营销草案（AGE-BAND-G1）和历史续保通道（AGE-BAND-G3），第三条规定本体更新只应采用备案系统返回的档位代码。案件上下文中备案系统返回 AGE-BAND-G2，故 OPTION_C ,OPTION_A=CAND_003|OPTION_B=CAND_001|OPTION_C=CAND_002,5594,json_schema,923,131,stop,"{
  ""abstain"": false,
  ""option_id"": ""OPTION_C"",
  ""reason"": ""DOC_E17_TERMS 文件权威性强（authority=100）且生效时间（2026-09-18）早于案件受理日（2026-09-25）。文件第二条明确排除营销草案（AGE-BAND-G1）和历史续保通道（AGE-BAND-G3），第三条规定本体更新只应采用备案系统返回的档位代码。案件上下文中备案系统返回 AGE-BAND-G2，故 OPTION_C ""}",,,,,,True,CAND_002,63,True
test,E24,GENERAL_RULE_EXCEPTION,1,20260820,DIRECT_FREE,SELECTED,OPTION_A,CAND_002,0,DOC_E24_TERMS 生效日期为 2026-07-10，案件事实（第五条）明确描述本案属于合作单位团体计划转入、原保障连续且证明在第 20 日提交，满足第三条例外规则条件。根据第六条及第三条优先级，适用例外规则，等待期按 0 天处理。,OPTION_A=CAND_002|OPTION_B=CAND_003|OPTION_C=CAND_001,3949,json_schema,686,104,stop,"{
  ""abstain"": false,
  ""value"": ""0"",
  ""reason"": ""DOC_E24_TERMS 生效日期为 2026-07-10，案件事实（第五条）明确描述本案属于合作单位团体计划转入、原保障连续且证明在第 20 日提交，满足第三条例外规则条件。根据第六条及第三条优先级，适用例外规则，等待期按 0 天处理。""
}",,,,,,True,CAND_002,0,True
test,E24,GENERAL_RULE_EXCEPTION,1,20260820,VALUE_ENUM,SELECTED,OPTION_A,CAND_002,0,DOC_E24_TERMS 生效日期为 2026-07-10，案件事实（第五条）明确本案属于合作单位团体计划转入、原保障未中断且连续保障证明在第 20 日提交（满足第三条例外规则条件）。根据第六条及第三条，例外规则优先于一般规则，故适用值为 0。,OPTION_A=CAND_002|OPTION_B=CAND_003|OPTION_C=CAND_001,4679,json_schema,690,106,stop,"{
  ""abstain"": false,
  ""value"": ""0"",
  ""reason"": ""DOC_E24_TERMS 生效日期为 2026-07-10，案件事实（第五条）明确本案属于合作单位团体计划转入、原保障未中断且连续保障证明在第 20 日提交（满足第三条例外规则条件）。根据第六条及第三条，例外规则优先于一般规则，故适用值为 0。""
}",,,,,,True,CAND_002,0,True
test,E24,GENERAL_RULE_EXCEPTION,1,20260820,OPTION_VALUE_ONLY,SELECTED,OPTION_A,CAND_002,0,文件DOC_E24_TERMS生效日期为2026-07-10，案件事实（第五条）明确描述本次申请属于合作单位团体计划转入、原保障连续且证明在第20日提交。第三条例外规则规定满足该条件时等待期为0天，且第六条确认例外优先于一般规则。因此适用OPTION_A（0天）。,OPTION_A=CAND_002|OPTION_B=CAND_003|OPTION_C=CAND_001,5093,json_schema,781,109,stop,"{
  ""abstain"": false,
  ""option_id"": ""OPTION_A"",
  ""reason"": ""文件DOC_E24_TERMS生效日期为2026-07-10，案件事实（第五条）明确描述本次申请属于合作单位团体计划转入、原保障连续且证明在第20日提交。第三条例外规则规定满足该条件时等待期为0天，且第六条确认例外优先于一般规则。因此适用OPTION_A（0天）。""
}",,,,,,True,CAND_002,0,True
test,E24,GENERAL_RULE_EXCEPTION,1,20260820,OPTION_FORMAL_OPERATION,SELECTED,OPTION_A,CAND_002,0,文档DOC_E24_TERMS生效日期为2026-07-10，案件事实（第五条）明确描述本次申请属于合作单位团体计划转入、原保障连续且证明在第20日提交。根据第三条例外规则，满足该条件时等待期按0天处理；第六条确认例外规则优先于第二条一般规则（90天）。因此选择OPTION_A将值设为0。,OPTION_A=CAND_002|OPTION_B=CAND_003|OPTION_C=CAND_001,5403,json_schema,1254,118,stop,"{
  ""abstain"": false,
  ""option_id"": ""OPTION_A"",
  ""reason"": ""文档DOC_E24_TERMS生效日期为2026-07-10，案件事实（第五条）明确描述本次申请属于合作单位团体计划转入、原保障连续且证明在第20日提交。根据第三条例外规则，满足该条件时等待期按0天处理；第六条确认例外规则优先于第二条一般规则（90天）。因此选择OPTION_A将值设为0。""
}",,,,,,True,CAND_002,0,True
test,E24,GENERAL_RULE_EXCEPTION,1,20260820,OPTION_FORMAL_POLICY,SELECTED,OPTION_A,CAND_002,0,案件事实显示：团体转入(true)、原保障未中断(true)、证明提交第20日(<=30)。根据formal_policy规则E24_CONTINUOUS_TRANSFER_EXCEPTION（优先级300），满足所有条件，适用例外规则，等待期应为0天。OPTION_A对应新值0，符合规则要求。,OPTION_A=CAND_002|OPTION_B=CAND_003|OPTION_C=CAND_001,4740,json_schema,1670,100,stop,"{
  ""abstain"": false,
  ""option_id"": ""OPTION_A"",
  ""reason"": ""案件事实显示：团体转入(true)、原保障未中断(true)、证明提交第20日(<=30)。根据formal_policy规则E24_CONTINUOUS_TRANSFER_EXCEPTION（优先级300），满足所有条件，适用例外规则，等待期应为0天。OPTION_A对应新值0，符合规则要求。""
}",,,,,,True,CAND_002,0,True
test,E24,GENERAL_RULE_EXCEPTION,1,20260820,OPTION_FORMAL_POLICY_HARD_GATE,SELECTED,OPTION_A,CAND_002,0,硬门禁：规则E24_CONTINUOUS_TRANSFER_EXCEPTION唯一允许值=['0']，唯一存活候选直接选择,OPTION_A=CAND_002|OPTION_B=CAND_003|OPTION_C=CAND_001,0,formal_policy_hard_gate,0,0,,,True,E24_CONTINUOUS_TRANSFER_EXCEPTION,0,1,DETERMINISTIC_SELECT,False,CAND_002,0,True
test,E24,GENERAL_RULE_EXCEPTION,1,20260820,OPTION_DESCRIPTION,SELECTED,OPTION_A,CAND_002,0,文档DOC_E24_TERMS生效日期为2026-07-10，案件事实（第五条）明确描述本次申请属于合作单位团体计划转入、原保障连续且证明在第20日提交。根据第三条例外规则，满足该条件时等待期按0天处理；第六条确认例外规则优先于一般规则。因此OPTION_A正确。,OPTION_A=CAND_002|OPTION_B=CAND_003|OPTION_C=CAND_001,5005,json_schema,982,109,stop,"{
  ""abstain"": false,
  ""option_id"": ""OPTION_A"",
  ""reason"": ""文档DOC_E24_TERMS生效日期为2026-07-10，案件事实（第五条）明确描述本次申请属于合作单位团体计划转入、原保障连续且证明在第20日提交。根据第三条例外规则，满足该条件时等待期按0天处理；第六条确认例外规则优先于一般规则。因此OPTION_A正确。""
}",,,,,,True,CAND_002,0,True
test,E25,GENERAL_RULE_EXCEPTION,1,20260820,DIRECT_FREE,SELECTED,OPTION_C,CAND_001,15,案件事实（出生后第46日投保，健康告知无异常，无既往重疾）满足DOC_E25_TERMS第四条延迟投保规则条件（30日<46日<=90日），故适用该例外规则，等待期为15天。,OPTION_A=CAND_002|OPTION_B=CAND_003|OPTION_C=CAND_001,3360,json_schema,675,86,stop,"{
  ""abstain"": false,
  ""value"": ""15"",
  ""reason"": ""案件事实（出生后第46日投保，健康告知无异常，无既往重疾）满足DOC_E25_TERMS第四条延迟投保规则条件（30日<46日<=90日），故适用该例外规则，等待期为15天。""
}",,,,,,True,CAND_001,15,True
test,E25,GENERAL_RULE_EXCEPTION,1,20260820,VALUE_ENUM,SELECTED,OPTION_C,CAND_001,15,案件事实（出生后第46日投保、健康告知无异常、无既往重疾）满足DOC_E25_TERMS第四条延迟投保规则条件，且该文件权威性及生效时间均符合要求。,OPTION_A=CAND_002|OPTION_B=CAND_003|OPTION_C=CAND_001,3607,json_schema,679,73,stop,"{
  ""abstain"": false,
  ""value"": ""15"",
  ""reason"": ""案件事实（出生后第46日投保、健康告知无异常、无既往重疾）满足DOC_E25_TERMS第四条延迟投保规则条件，且该文件权威性及生效时间均符合要求。""
}",,,,,,True,CAND_001,15,True
test,E25,GENERAL_RULE_EXCEPTION,1,20260820,OPTION_VALUE_ONLY,SELECTED,OPTION_C,CAND_001,15,案件事实显示申请在第46日提交，满足出生后超过30日但不超过90日的条件（延迟投保规则），且健康告知无异常、无既往重大疾病记录。根据文档第四条例外规则，等待期按15天处理。,OPTION_A=CAND_002|OPTION_B=CAND_003|OPTION_C=CAND_001,4147,json_schema,770,82,stop,"{
  ""abstain"": false,
  ""option_id"": ""OPTION_C"",
  ""reason"": ""案件事实显示申请在第46日提交，满足出生后超过30日但不超过90日的条件（延迟投保规则），且健康告知无异常、无既往重大疾病记录。根据文档第四条例外规则，等待期按15天处理。""
}",,,,,,True,CAND_001,15,True
test,E25,GENERAL_RULE_EXCEPTION,1,20260820,OPTION_FORMAL_OPERATION,SELECTED,OPTION_C,CAND_001,15,案件事实显示投保时间为出生后第46日（超过30日但不超过90日），且健康告知无异常、无既往重大疾病记录。根据文档DOC_E25_TERMS第四条‘延迟投保规则’，此情形下等待期按15天处理。因此选择将值从30替换为15的OPTION_C。,OPTION_A=CAND_002|OPTION_B=CAND_003|OPTION_C=CAND_001,5098,json_schema,1243,104,stop,"{
  ""abstain"": false,
  ""option_id"": ""OPTION_C"",
  ""reason"": ""案件事实显示投保时间为出生后第46日（超过30日但不超过90日），且健康告知无异常、无既往重大疾病记录。根据文档DOC_E25_TERMS第四条‘延迟投保规则’，此情形下等待期按15天处理。因此选择将值从30替换为15的OPTION_C。""
}",,,,,,True,CAND_001,15,True
test,E25,GENERAL_RULE_EXCEPTION,1,20260820,OPTION_FORMAL_POLICY,SELECTED,OPTION_C,CAND_001,15,案件事实显示投保时间为出生后第46日（满足30<天数<=90），健康告知无异常且无既往重疾记录。根据formal_policy规则优先级，E25_DELAYED_CHILD_EXCEPTION（延迟投保规则）优先于一般规则，其允许值为15天。因此选择OPTION_C将等待期天数更新为15。,OPTION_A=CAND_002|OPTION_B=CAND_003|OPTION_C=CAND_001,5136,json_schema,1692,105,stop,"{
  ""abstain"": false,
  ""option_id"": ""OPTION_C"",
  ""reason"": ""案件事实显示投保时间为出生后第46日（满足30<天数<=90），健康告知无异常且无既往重疾记录。根据formal_policy规则优先级，E25_DELAYED_CHILD_EXCEPTION（延迟投保规则）优先于一般规则，其允许值为15天。因此选择OPTION_C将等待期天数更新为15。""
}",,,,,,True,CAND_001,15,True
test,E25,GENERAL_RULE_EXCEPTION,1,20260820,OPTION_FORMAL_POLICY_HARD_GATE,SELECTED,OPTION_C,CAND_001,15,硬门禁：规则E25_DELAYED_CHILD_EXCEPTION唯一允许值=['15']，唯一存活候选直接选择,OPTION_A=CAND_002|OPTION_B=CAND_003|OPTION_C=CAND_001,0,formal_policy_hard_gate,0,0,,,True,E25_DELAYED_CHILD_EXCEPTION,15,1,DETERMINISTIC_SELECT,False,CAND_001,15,True
test,E25,GENERAL_RULE_EXCEPTION,1,20260820,OPTION_DESCRIPTION,SELECTED,OPTION_C,CAND_001,15,案件事实显示投保时间为出生后第46日，满足第三条（0天）的30日内条件不成立；满足第四条（15天）的超过30日但不超过90日、健康告知无异常、无既往重大疾病记录的条件。根据第六条优先级规则，适用延迟投保规则。,OPTION_A=CAND_002|OPTION_B=CAND_003|OPTION_C=CAND_001,4468,json_schema,972,94,stop,"{
  ""abstain"": false,
  ""option_id"": ""OPTION_C"",
  ""reason"": ""案件事实显示投保时间为出生后第46日，满足第三条（0天）的30日内条件不成立；满足第四条（15天）的超过30日但不超过90日、健康告知无异常、无既往重大疾病记录的条件。根据第六条优先级规则，适用延迟投保规则。""
}",,,,,,True,CAND_001,15,True
test,E26,GENERAL_RULE_EXCEPTION,1,20260820,DIRECT_FREE,SELECTED,OPTION_C,CAND_002,30,案件事实（第18日提交）满足DOC_E26_TERMS第三条的逾期补交条件（16-30日），且核保确认有效；根据第五条解释，0天规则仅适用于15日内，故不适用。因此适用第三条规则，等待期为30天。,OPTION_A=CAND_003|OPTION_B=CAND_001|OPTION_C=CAND_002,3627,json_schema,675,93,stop,"{
  ""abstain"": false,
  ""value"": ""30"",
  ""reason"": ""案件事实（第18日提交）满足DOC_E26_TERMS第三条的逾期补交条件（16-30日），且核保确认有效；根据第五条解释，0天规则仅适用于15日内，故不适用。因此适用第三条规则，等待期为30天。""
}",,,,,,True,CAND_002,30,True
test,E26,GENERAL_RULE_EXCEPTION,1,20260820,VALUE_ENUM,SELECTED,OPTION_C,CAND_002,30,案件事实（第18日提交）落入第三条规定的逾期补交区间（第16日至第30日），且核保确认有效，故适用该条款确定的30天等待期。,OPTION_A=CAND_003|OPTION_B=CAND_001|OPTION_C=CAND_002,3791,json_schema,679,74,stop,"{
  ""abstain"": false,
  ""value"": ""30"",
  ""reason"": ""案件事实（第18日提交）落入第三条规定的逾期补交区间（第16日至第30日），且核保确认有效，故适用该条款确定的30天等待期。""
}",,,,,,True,CAND_002,30,True
test,E26,GENERAL_RULE_EXCEPTION,1,20260820,OPTION_VALUE_ONLY,SELECTED,OPTION_C,CAND_002,30,案件事实为团体转入且原保障未中断，连续保障证明于申请后第18日提交（属于第16日至第30日的逾期补交区间），并经核保确认有效。根据文档DOC_E26_TERMS第三条，此情形下等待期按30天处理；第五条明确排除逾期补交适用0天的情况。因此适用OPTION_C。,OPTION_A=CAND_003|OPTION_B=CAND_001|OPTION_C=CAND_002,5066,json_schema,770,110,stop,"{
  ""abstain"": false,
  ""option_id"": ""OPTION_C"",
  ""reason"": ""案件事实为团体转入且原保障未中断，连续保障证明于申请后第18日提交（属于第16日至第30日的逾期补交区间），并经核保确认有效。根据文档DOC_E26_TERMS第三条，此情形下等待期按30天处理；第五条明确排除逾期补交适用0天的情况。因此适用OPTION_C。""
}",,,,,,True,CAND_002,30,True
test,E26,GENERAL_RULE_EXCEPTION,1,20260820,OPTION_FORMAL_OPERATION,SELECTED,OPTION_C,CAND_002,30,案件事实显示连续保障证明在申请后第18日提交（属于第16日至第30日的逾期补交区间），且经核保确认有效。根据文档DOC_E26_TERMS第三条，此情形下等待期按30天处理；第五条明确排除0天适用性。因此选择OPTION_C将值设为30。,OPTION_A=CAND_003|OPTION_B=CAND_001|OPTION_C=CAND_002,5107,json_schema,1243,105,stop,"{
  ""abstain"": false,
  ""option_id"": ""OPTION_C"",
  ""reason"": ""案件事实显示连续保障证明在申请后第18日提交（属于第16日至第30日的逾期补交区间），且经核保确认有效。根据文档DOC_E26_TERMS第三条，此情形下等待期按30天处理；第五条明确排除0天适用性。因此选择OPTION_C将值设为30。""
}",,,,,,True,CAND_002,30,True
test,E26,GENERAL_RULE_EXCEPTION,1,20260820,OPTION_FORMAL_POLICY,SELECTED,OPTION_C,CAND_002,30,案件事实显示连续保障证明在第18日提交（大于15日且小于等于30日），符合formal_policy中E26_LATE_PROOF_PARTIAL_EXCEPTION规则条件，该规则允许值为30。文档DOC_E26_TERMS第四条和第五条确认了第18日提交且有效的情形适用逾期补交规则（30天）。因此选择OPTION_C将等待期设为30天。,OPTION_A=CAND_003|OPTION_B=CAND_001|OPTION_C=CAND_002,5718,json_schema,1798,121,stop,"{
  ""abstain"": false,
  ""option_id"": ""OPTION_C"",
  ""reason"": ""案件事实显示连续保障证明在第18日提交（大于15日且小于等于30日），符合formal_policy中E26_LATE_PROOF_PARTIAL_EXCEPTION规则条件，该规则允许值为30。文档DOC_E26_TERMS第四条和第五条确认了第18日提交且有效的情形适用逾期补交规则（30天）。因此选择OPTION_C将等待期设为30天。""
}",,,,,,True,CAND_002,30,True
test,E26,GENERAL_RULE_EXCEPTION,1,20260820,OPTION_FORMAL_POLICY_HARD_GATE,SELECTED,OPTION_C,CAND_002,30,硬门禁：规则E26_LATE_PROOF_PARTIAL_EXCEPTION唯一允许值=['30']，唯一存活候选直接选择,OPTION_A=CAND_003|OPTION_B=CAND_001|OPTION_C=CAND_002,0,formal_policy_hard_gate,0,0,,,True,E26_LATE_PROOF_PARTIAL_EXCEPTION,30,1,DETERMINISTIC_SELECT,False,CAND_002,30,True
test,E26,GENERAL_RULE_EXCEPTION,1,20260820,OPTION_DESCRIPTION,SELECTED,OPTION_C,CAND_002,30,案件事实显示连续保障证明在申请后第18日提交，属于‘第16日至第30日’的逾期补交情形。根据文档DOC_E26_TERMS第三条（逾期补交规则），此情形下等待期按30天处理，且该规则优先于一般规则；第五条解释也明确排除了逾期情形适用0天的可能性。因此OPTION_C为唯一正确选项。,OPTION_A=CAND_003|OPTION_B=CAND_001|OPTION_C=CAND_002,5278,json_schema,974,116,stop,"{
  ""abstain"": false,
  ""option_id"": ""OPTION_C"",
  ""reason"": ""案件事实显示连续保障证明在申请后第18日提交，属于‘第16日至第30日’的逾期补交情形。根据文档DOC_E26_TERMS第三条（逾期补交规则），此情形下等待期按30天处理，且该规则优先于一般规则；第五条解释也明确排除了逾期情形适用0天的可能性。因此OPTION_C为唯一正确选项。""
}",,,,,,True,CAND_002,30,True
test,E27,GENERAL_RULE_EXCEPTION,1,20260820,DIRECT_FREE,ABSTAIN,,,,文档 DOC_E27_TERMS 明确声明‘规则代码到天数的映射由候选修复表维护，正文不重复列示天数’。当前提供的文档中未包含将 WAIT-CODE-LATE-PROOF 映射到具体等待期天数的候选修复表或数据，因此无法依据给定上下文和文档确定目标值。,OPTION_A=CAND_003|OPTION_B=CAND_002|OPTION_C=CAND_001,3753,json_schema,602,97,stop,"{
  ""abstain"": true,
  ""value"": """",
  ""reason"": ""文档 DOC_E27_TERMS 明确声明‘规则代码到天数的映射由候选修复表维护，正文不重复列示天数’。当前提供的文档中未包含将 WAIT-CODE-LATE-PROOF 映射到具体等待期天数的候选修复表或数据，因此无法依据给定上下文和文档确定目标值。""
}",,,,,,True,CAND_002,30,False
test,E27,GENERAL_RULE_EXCEPTION,1,20260820,VALUE_ENUM,ABSTAIN,,,,文档 DOC_E27_TERMS 第三条明确声明‘正文不重复列示天数’，且规则代码 WAIT-CODE-LATE-PROOF 对应的具体天数需由‘候选修复表’维护。当前提供的文档中未包含该候选修复表或映射数据，无法依据给定文档确定具体的等待期天数。,OPTION_A=CAND_003|OPTION_B=CAND_002|OPTION_C=CAND_001,4344,json_schema,606,98,stop,"{
  ""abstain"": true,
  ""value"": ""ABSTAIN"",
  ""reason"": ""文档 DOC_E27_TERMS 第三条明确声明‘正文不重复列示天数’，且规则代码 WAIT-CODE-LATE-PROOF 对应的具体天数需由‘候选修复表’维护。当前提供的文档中未包含该候选修复表或映射数据，无法依据给定文档确定具体的等待期天数。""
}",,,,,,True,CAND_002,30,False
test,E27,GENERAL_RULE_EXCEPTION,1,20260820,OPTION_VALUE_ONLY,ABSTAIN,,,,文档 DOC_E27_TERMS 第三条规定‘规则代码到天数的映射由候选修复表维护，正文不重复列示天数’。当前提供的文档中仅包含规则代码 WAIT-CODE-LATE-PROOF 的触发条件及与其他代码的区别，未提供该代码具体对应的等待期天数（候选修复表缺失）。因此无法依据给定文档确定具体数值，证据不足。,OPTION_A=CAND_003|OPTION_B=CAND_002|OPTION_C=CAND_001,5060,json_schema,697,113,stop,"{
  ""abstain"": true,
  ""option_id"": ""ABSTAIN"",
  ""reason"": ""文档 DOC_E27_TERMS 第三条规定‘规则代码到天数的映射由候选修复表维护，正文不重复列示天数’。当前提供的文档中仅包含规则代码 WAIT-CODE-LATE-PROOF 的触发条件及与其他代码的区别，未提供该代码具体对应的等待期天数（候选修复表缺失）。因此无法依据给定文档确定具体数值，证据不足。""
}",,,,,,True,CAND_002,30,False
test,E27,GENERAL_RULE_EXCEPTION,1,20260820,OPTION_FORMAL_OPERATION,SELECTED,OPTION_C,CAND_001,0,文档 DOC_E27_TERMS 第三条规定‘本体更新只采用等待期规则代码对应的候选修复’，且第二条指出 WAIT-CODE-LATE-PROOF 适用于有连续保障证明（D_PLUS_18）的团体转入情形。结合上下文‘原保障未中断’及核保状态 CONFIRMED_VALID，该情形符合免除等待期的逻辑（即有效证明导致等待期重置为0）。文档明确禁止正文列示天数,OPTION_A=CAND_003|OPTION_B=CAND_002|OPTION_C=CAND_001,5976,json_schema,1170,126,stop,"{
  ""abstain"": false,
  ""option_id"": ""OPTION_C"",
  ""reason"": ""文档 DOC_E27_TERMS 第三条规定‘本体更新只采用等待期规则代码对应的候选修复’，且第二条指出 WAIT-CODE-LATE-PROOF 适用于有连续保障证明（D_PLUS_18）的团体转入情形。结合上下文‘原保障未中断’及核保状态 CONFIRMED_VALID，该情形符合免除等待期的逻辑（即有效证明导致等待期重置为0）。文档明确禁止正文列示天数""
}",,,,,,True,CAND_002,30,False
test,E27,GENERAL_RULE_EXCEPTION,1,20260820,OPTION_FORMAL_POLICY,SELECTED,OPTION_B,CAND_002,30,根据 formal_policy 规则 E27_WAIT_LATE_PROOF（优先级 250），当 waiting_code 为 WAIT-CODE-LATE-PROOF 且 proof_confirmed_valid 为 true 时，适用 allowed_values [,OPTION_A=CAND_003|OPTION_B=CAND_002|OPTION_C=CAND_001,4253,json_schema,1530,79,stop,"{
  ""abstain"": false,
  ""option_id"": ""OPTION_B"",
  ""reason"": ""根据 formal_policy 规则 E27_WAIT_LATE_PROOF（优先级 250），当 waiting_code 为 WAIT-CODE-LATE-PROOF 且 proof_confirmed_valid 为 true 时，适用 allowed_values ["" }",,,,,,True,CAND_002,30,True
test,E27,GENERAL_RULE_EXCEPTION,1,20260820,OPTION_FORMAL_POLICY_HARD_GATE,SELECTED,OPTION_B,CAND_002,30,硬门禁：规则E27_WAIT_LATE_PROOF唯一允许值=['30']，唯一存活候选直接选择,OPTION_A=CAND_003|OPTION_B=CAND_002|OPTION_C=CAND_001,0,formal_policy_hard_gate,0,0,,,True,E27_WAIT_LATE_PROOF,30,1,DETERMINISTIC_SELECT,False,CAND_002,30,True
test,E27,GENERAL_RULE_EXCEPTION,1,20260820,OPTION_DESCRIPTION,SELECTED,OPTION_B,CAND_002,30,案件上下文显示规则引擎返回 WAIT-CODE-LATE-PROOF。文档 DOC_E27_TERMS 第二条明确定义 WAIT-CODE-LATE-PROOF 为适用情形，并指出 WAIT-CODE-WAIVER 仅适用于准时提交（本案标记 D_PLUS_18 非准时），WAIT-CODE-GENERAL 仅适用于无有效团体转入证明（本案原保障未中断且有转,OPTION_A=CAND_003|OPTION_B=CAND_002|OPTION_C=CAND_001,5294,json_schema,911,113,stop,"{
  ""abstain"": false,
  ""option_id"": ""OPTION_B"",
  ""reason"": ""案件上下文显示规则引擎返回 WAIT-CODE-LATE-PROOF。文档 DOC_E27_TERMS 第二条明确定义 WAIT-CODE-LATE-PROOF 为适用情形，并指出 WAIT-CODE-WAIVER 仅适用于准时提交（本案标记 D_PLUS_18 非准时），WAIT-CODE-GENERAL 仅适用于无有效团体转入证明（本案原保障未中断且有转""}",,,,,,True,CAND_002,30,True
test,E34,CROSS_SENTENCE_SCOPE,1,20260820,DIRECT_FREE,SELECTED,OPTION_C,CAND_003,24,DOC_E34_TERMS 生效日期为 2026-08-01，满足适用条件；投保记录勾选长期照护附加责任（触发第三条调整为 24 个月），核保确认未选择费用垫付责任（不触发第四条例外限制），跨句指代一致。,OPTION_A=CAND_001|OPTION_B=CAND_002|OPTION_C=CAND_003,3712,json_schema,671,94,stop,"{
  ""abstain"": false,
  ""value"": ""24"",
  ""reason"": ""DOC_E34_TERMS 生效日期为 2026-08-01，满足适用条件；投保记录勾选长期照护附加责任（触发第三条调整为 24 个月），核保确认未选择费用垫付责任（不触发第四条例外限制），跨句指代一致。""
}",,,,,,True,CAND_003,24,True
test,E34,CROSS_SENTENCE_SCOPE,1,20260820,VALUE_ENUM,SELECTED,OPTION_C,CAND_003,24,DOC_E34_TERMS 生效日期为 2026-08-01，满足时间要求。投保记录（第五条）显示选择了长期照护附加责任，触发第三条例外规则将期限调整为 24 个月；核保确认（第六条）显示未选择费用垫付责任，满足第四条例外限制中‘同时选择费用垫付责任’的否定条件，因此不适用 18 个月规则。综合跨句指代与条件判断，适用值为 24。,OPTION_A=CAND_001|OPTION_B=CAND_002|OPTION_C=CAND_003,5654,json_schema,675,134,stop,"{
  ""abstain"": false,
  ""value"": ""24"",
  ""reason"": ""DOC_E34_TERMS 生效日期为 2026-08-01，满足时间要求。投保记录（第五条）显示选择了长期照护附加责任，触发第三条例外规则将期限调整为 24 个月；核保确认（第六条）显示未选择费用垫付责任，满足第四条例外限制中‘同时选择费用垫付责任’的否定条件，因此不适用 18 个月规则。综合跨句指代与条件判断，适用值为 24。""
}",,,,,,True,CAND_003,24,True
test,E34,CROSS_SENTENCE_SCOPE,1,20260820,OPTION_VALUE_ONLY,SELECTED,OPTION_C,CAND_003,24,依据DOC_E34_TERMS条款：1. 适用条件满足（2026-08-01后投保）；2. 一般规则为12个月，但本案选择长期照护附加责任，触发第三条例外调整为24个月；3. 第四条限制检查：核保确认未选择费用垫付责任，故不适用18个月规则。最终结果为24个月（OPTION_C）。,OPTION_A=CAND_001|OPTION_B=CAND_002|OPTION_C=CAND_003,5323,json_schema,767,118,stop,"{
  ""abstain"": false,
  ""option_id"": ""OPTION_C"",
  ""reason"": ""依据DOC_E34_TERMS条款：1. 适用条件满足（2026-08-01后投保）；2. 一般规则为12个月，但本案选择长期照护附加责任，触发第三条例外调整为24个月；3. 第四条限制检查：核保确认未选择费用垫付责任，故不适用18个月规则。最终结果为24个月（OPTION_C）。""
}",,,,,,True,CAND_003,24,True
test,E34,CROSS_SENTENCE_SCOPE,1,20260820,OPTION_FORMAL_OPERATION,SELECTED,OPTION_B,CAND_002,18,文档DOC_E34_TERMS生效日期为2026-08-01，适用于本案。根据第七条目标数值需综合判断：投保记录显示选择长期照护附加责任（触发第三条调整为24个月），但核保确认未选择费用垫付责任。然而第四条例外限制规定‘该调整不适用于同时选择费用垫付责任的方案’，此处逻辑存在歧义：若‘同时选择’指两者皆选才适用18个月，则本案应选24个月；但若条款意图为‘凡,OPTION_A=CAND_001|OPTION_B=CAND_002|OPTION_C=CAND_003,6559,json_schema,1243,141,stop,"{
  ""abstain"": false,
  ""option_id"": ""OPTION_B"",
  ""reason"": ""文档DOC_E34_TERMS生效日期为2026-08-01，适用于本案。根据第七条目标数值需综合判断：投保记录显示选择长期照护附加责任（触发第三条调整为24个月），但核保确认未选择费用垫付责任。然而第四条例外限制规定‘该调整不适用于同时选择费用垫付责任的方案’，此处逻辑存在歧义：若‘同时选择’指两者皆选才适用18个月，则本案应选24个月；但若条款意图为‘凡""
}",,,,,,True,CAND_003,24,False
test,E34,CROSS_SENTENCE_SCOPE,1,20260820,OPTION_FORMAL_POLICY,SELECTED,OPTION_C,CAND_003,24,根据formal_policy，事实为long_term_care_addon_selected=true且expense_advance_selected=false。规则E34_LONG_TERM_CARE_EXTENSION（优先级250）条件满足，允许值为24。文档DOC_E34_TERMS第三条确认选择长期照护附加责任时调整为24个月，第四条明确该,OPTION_A=CAND_001|OPTION_B=CAND_002|OPTION_C=CAND_003,5102,json_schema,1649,99,stop,"{
  ""abstain"": false,
  ""option_id"": ""OPTION_C"",
  ""reason"": ""根据formal_policy，事实为long_term_care_addon_selected=true且expense_advance_selected=false。规则E34_LONG_TERM_CARE_EXTENSION（优先级250）条件满足，允许值为24。文档DOC_E34_TERMS第三条确认选择长期照护附加责任时调整为24个月，第四条明确该""
  }",,,,,,True,CAND_003,24,True
test,E34,CROSS_SENTENCE_SCOPE,1,20260820,OPTION_FORMAL_POLICY_HARD_GATE,SELECTED,OPTION_C,CAND_003,24,硬门禁：规则E34_LONG_TERM_CARE_EXTENSION唯一允许值=['24']，唯一存活候选直接选择,OPTION_A=CAND_001|OPTION_B=CAND_002|OPTION_C=CAND_003,0,formal_policy_hard_gate,0,0,,,True,E34_LONG_TERM_CARE_EXTENSION,24,1,DETERMINISTIC_SELECT,False,CAND_003,24,True
test,E34,CROSS_SENTENCE_SCOPE,1,20260820,OPTION_DESCRIPTION,SELECTED,OPTION_C,CAND_003,24,根据文档DOC_E34_TERMS，投保记录显示选择了长期照护附加责任（第五条），核保确认未选择费用垫付责任（第六条）。依据第三条例外规则，选择长期照护附加责任时保险期限调整为24个月。第四条例外限制指出该调整不适用于同时选择费用垫付责任的方案，本案不满足此条件。第七条要求综合读取附加责任选择和否定确认，故适用OPTION_C的24个月。,OPTION_A=CAND_001|OPTION_B=CAND_002|OPTION_C=CAND_003,5382,json_schema,969,119,stop,"{
  ""abstain"": false,
  ""option_id"": ""OPTION_C"",
  ""reason"": ""根据文档DOC_E34_TERMS，投保记录显示选择了长期照护附加责任（第五条），核保确认未选择费用垫付责任（第六条）。依据第三条例外规则，选择长期照护附加责任时保险期限调整为24个月。第四条例外限制指出该调整不适用于同时选择费用垫付责任的方案，本案不满足此条件。第七条要求综合读取附加责任选择和否定确认，故适用OPTION_C的24个月。""
}",,,,,,True,CAND_003,24,True
test,E35,CROSS_SENTENCE_SCOPE,1,20260820,DIRECT_FREE,SELECTED,OPTION_C,CAND_001,18,文档DOC_E35_TERMS生效日期为2026-08-01，满足适用条件（投保时间隐含在条款中）。被保险人年龄58周岁（<=60），满足第五条例外规则中的年龄限制。已选择癌症门诊扩展责任（第三条），未选择境外就医责任（排除第四条组合规则）。根据第三条一般规则与第五条作用域限制，保险期限确定为18个月。,OPTION_A=CAND_002|OPTION_B=CAND_003|OPTION_C=CAND_001,4534,json_schema,703,117,stop,"{
  ""abstain"": false,
  ""value"": ""18"",
  ""reason"": ""文档DOC_E35_TERMS生效日期为2026-08-01，满足适用条件（投保时间隐含在条款中）。被保险人年龄58周岁（<=60），满足第五条例外规则中的年龄限制。已选择癌症门诊扩展责任（第三条），未选择境外就医责任（排除第四条组合规则）。根据第三条一般规则与第五条作用域限制，保险期限确定为18个月。""
}",,,,,,True,CAND_001,18,True
test,E35,CROSS_SENTENCE_SCOPE,1,20260820,VALUE_ENUM,SELECTED,OPTION_C,CAND_001,18,文档DOC_E35_TERMS生效日期为2026-08-01，满足时效性。被保险人年龄58周岁（<=60），满足第五条例外规则条件；勾选癌症门诊扩展责任且未选境外就医责任，满足第三条一般规则及第四条组合规则的前置条件。根据第八条指代，综合适用第三条（18个月）和第五条（年龄限制不触发降级），最终确定为18个月。,OPTION_A=CAND_002|OPTION_B=CAND_003|OPTION_C=CAND_001,5309,json_schema,707,123,stop,"{
  ""abstain"": false,
  ""value"": ""18"",
  ""reason"": ""文档DOC_E35_TERMS生效日期为2026-08-01，满足时效性。被保险人年龄58周岁（<=60），满足第五条例外规则条件；勾选癌症门诊扩展责任且未选境外就医责任，满足第三条一般规则及第四条组合规则的前置条件。根据第八条指代，综合适用第三条（18个月）和第五条（年龄限制不触发降级），最终确定为18个月。""
}",,,,,,True,CAND_001,18,True
test,E35,CROSS_SENTENCE_SCOPE,1,20260820,OPTION_VALUE_ONLY,SELECTED,OPTION_C,CAND_001,18,根据文档DOC_E35_TERMS，一般规则（第二条）规定未选扩展责任期限为12个月；例外规则（第三条）规定选择癌症门诊扩展责任时调整为18个月；组合规则（第四条）要求同时选择境外就医责任才为24个月。案件补充确认（第七条）显示被保险人58周岁且未选择境外就医责任，满足第三条条件但不满足第四条条件。作用域限制（第五条）允许58周岁适用延长期限。因此综合判定为,OPTION_A=CAND_002|OPTION_B=CAND_003|OPTION_C=CAND_001,6005,json_schema,799,133,stop,"{
  ""abstain"": false,
  ""option_id"": ""OPTION_C"",
  ""reason"": ""根据文档DOC_E35_TERMS，一般规则（第二条）规定未选扩展责任期限为12个月；例外规则（第三条）规定选择癌症门诊扩展责任时调整为18个月；组合规则（第四条）要求同时选择境外就医责任才为24个月。案件补充确认（第七条）显示被保险人58周岁且未选择境外就医责任，满足第三条条件但不满足第四条条件。作用域限制（第五条）允许58周岁适用延长期限。因此综合判定为""
}",,,,,,True,CAND_001,18,True
test,E35,CROSS_SENTENCE_SCOPE,1,20260820,OPTION_FORMAL_OPERATION,SELECTED,OPTION_C,CAND_001,18,文档DOC_E35_TERMS生效日期为2026-08-01，适用条件满足（投保产品A且选择门诊扩展责任）。一般规则规定未选扩展责任期限为12个月。例外规则第三条规定选择癌症门诊扩展责任时调整为18个月。第五条作用域限制规定延长期限仅在被保险人年龄不超过60周岁时适用。案件上下文确认被保险人58周岁（满足<=60条件）且未选择境外就医责任（不触发第四条组合的,OPTION_A=CAND_002|OPTION_B=CAND_003|OPTION_C=CAND_001,6620,json_schema,1275,138,stop,"{
  ""abstain"": false,
  ""option_id"": ""OPTION_C"",
  ""reason"": ""文档DOC_E35_TERMS生效日期为2026-08-01，适用条件满足（投保产品A且选择门诊扩展责任）。一般规则规定未选扩展责任期限为12个月。例外规则第三条规定选择癌症门诊扩展责任时调整为18个月。第五条作用域限制规定延长期限仅在被保险人年龄不超过60周岁时适用。案件上下文确认被保险人58周岁（满足<=60条件）且未选择境外就医责任（不触发第四条组合的""
  }",,,,,,True,CAND_001,18,True
test,E35,CROSS_SENTENCE_SCOPE,1,20260820,OPTION_FORMAL_POLICY,SELECTED,OPTION_C,CAND_001,18,根据文档DOC_E35_TERMS及formal_policy，被保险人年龄58周岁（满足<=60条件），选择了癌症门诊扩展责任且未选择境外就医责任。规则E35_CANCER_OUTPATIENT_EXTENSION（优先级250）适用，规定保险期限为18个月。OPTION_C的新值为18，符合该规则。,OPTION_A=CAND_002|OPTION_B=CAND_003|OPTION_C=CAND_001,5380,json_schema,1857,105,stop,"{
  ""abstain"": false,
  ""option_id"": ""OPTION_C"",
  ""reason"": ""根据文档DOC_E35_TERMS及formal_policy，被保险人年龄58周岁（满足<=60条件），选择了癌症门诊扩展责任且未选择境外就医责任。规则E35_CANCER_OUTPATIENT_EXTENSION（优先级250）适用，规定保险期限为18个月。OPTION_C的新值为18，符合该规则。""
}",,,,,,True,CAND_001,18,True
test,E35,CROSS_SENTENCE_SCOPE,1,20260820,OPTION_FORMAL_POLICY_HARD_GATE,SELECTED,OPTION_C,CAND_001,18,硬门禁：规则E35_CANCER_OUTPATIENT_EXTENSION唯一允许值=['18']，唯一存活候选直接选择,OPTION_A=CAND_002|OPTION_B=CAND_003|OPTION_C=CAND_001,0,formal_policy_hard_gate,0,0,,,True,E35_CANCER_OUTPATIENT_EXTENSION,18,1,DETERMINISTIC_SELECT,False,CAND_001,18,True
test,E35,CROSS_SENTENCE_SCOPE,1,20260820,OPTION_DESCRIPTION,SELECTED,OPTION_C,CAND_001,18,文档DOC_E35_TERMS生效日期为2026-08-01，适用于当前案件。被保险人年龄58周岁（满足第五条不超过60周岁的条件），勾选了癌症门诊扩展责任（触发第三条），且未选择境外就医责任（不触发第四条）。根据一般规则与例外优先级，适用第三条规定的18个月期限。,OPTION_A=CAND_002|OPTION_B=CAND_003|OPTION_C=CAND_001,4962,json_schema,1001,105,stop,"{
  ""abstain"": false,
  ""option_id"": ""OPTION_C"",
  ""reason"": ""文档DOC_E35_TERMS生效日期为2026-08-01，适用于当前案件。被保险人年龄58周岁（满足第五条不超过60周岁的条件），勾选了癌症门诊扩展责任（触发第三条），且未选择境外就医责任（不触发第四条）。根据一般规则与例外优先级，适用第三条规定的18个月期限。""
}",,,,,,True,CAND_001,18,True
test,E36,CROSS_SENTENCE_SCOPE,1,20260820,DIRECT_FREE,SELECTED,OPTION_B,CAND_002,18,根据DOC_E36_TERMS第五条，慢病管理附加责任已在承保前取消；根据第六条，被取消的附加责任不参与计算。因此仅适用第二条远程问诊责任条款，保险期限为18个月。,OPTION_A=CAND_003|OPTION_B=CAND_002|OPTION_C=CAND_001,3549,json_schema,663,75,stop,"{
  ""abstain"": false,
  ""value"": ""18"",
  ""reason"": ""根据DOC_E36_TERMS第五条，慢病管理附加责任已在承保前取消；根据第六条，被取消的附加责任不参与计算。因此仅适用第二条远程问诊责任条款，保险期限为18个月。""
}",,,,,,True,CAND_002,18,True
test,E36,CROSS_SENTENCE_SCOPE,1,20260820,VALUE_ENUM,SELECTED,OPTION_B,CAND_002,18,根据文档DOC_E36_TERMS第五条和第六条，慢病管理附加责任已在承保前取消，故不参与期限计算；远程问诊附加责任有效且未被取消，依据第二条，保险期限调整为18个月。,OPTION_A=CAND_003|OPTION_B=CAND_002|OPTION_C=CAND_001,3475,json_schema,667,76,stop,"{
  ""abstain"": false,
  ""value"": ""18"",
  ""reason"": ""根据文档DOC_E36_TERMS第五条和第六条，慢病管理附加责任已在承保前取消，故不参与期限计算；远程问诊附加责任有效且未被取消，依据第二条，保险期限调整为18个月。""
}",,,,,,True,CAND_002,18,True
test,E36,CROSS_SENTENCE_SCOPE,1,20260820,OPTION_VALUE_ONLY,SELECTED,OPTION_B,CAND_002,18,依据DOC_E36_TERMS第五条，慢病管理附加责任已在承保前取消，根据第六条‘被取消的附加责任不参与保险期限计算’，故不执行第三条的24个月调整。投保申请勾选了远程问诊附加责任且该责任有效（第五条），根据第二条，保险期限调整为18个月。,OPTION_A=CAND_003|OPTION_B=CAND_002|OPTION_C=CAND_001,4089,json_schema,759,98,stop,"{
  ""abstain"": false,
  ""option_id"": ""OPTION_B"",
  ""reason"": ""依据DOC_E36_TERMS第五条，慢病管理附加责任已在承保前取消，根据第六条‘被取消的附加责任不参与保险期限计算’，故不执行第三条的24个月调整。投保申请勾选了远程问诊附加责任且该责任有效（第五条），根据第二条，保险期限调整为18个月。""
}",,,,,,True,CAND_002,18,True
test,E36,CROSS_SENTENCE_SCOPE,1,20260820,OPTION_FORMAL_OPERATION,SELECTED,OPTION_B,CAND_002,18,根据文档DOC_E36_TERMS第五条，慢病管理附加责任已在承保前取消；第六条规定被取消的附加责任不参与计算。投保申请勾选了远程问诊附加责任（有效），曾预选但已取消的慢病管理不生效。依据第二条，仅选择远程问诊时保险期限为18个月。因此应执行OPTION_B将值更新为18。,OPTION_A=CAND_003|OPTION_B=CAND_002|OPTION_C=CAND_001,4659,json_schema,1235,110,stop,"{
  ""abstain"": false,
  ""option_id"": ""OPTION_B"",
  ""reason"": ""根据文档DOC_E36_TERMS第五条，慢病管理附加责任已在承保前取消；第六条规定被取消的附加责任不参与计算。投保申请勾选了远程问诊附加责任（有效），曾预选但已取消的慢病管理不生效。依据第二条，仅选择远程问诊时保险期限为18个月。因此应执行OPTION_B将值更新为18。""
}",,,,,,True,CAND_002,18,True
test,E36,CROSS_SENTENCE_SCOPE,1,20260820,OPTION_FORMAL_POLICY,SELECTED,OPTION_B,CAND_002,18,根据文档DOC_E36_TERMS第五条及第六条，慢病管理附加责任已在承保前取消，故不参与期限计算；远程问诊附加责任有效。依据formal_policy规则优先级，E36_TELEMEDICINE_ACTIVE（优先级200）适用，对应允许值为18。OPTION_B将值更新为18，符合逻辑。,OPTION_A=CAND_003|OPTION_B=CAND_002|OPTION_C=CAND_001,4438,json_schema,1593,106,stop,"{
  ""abstain"": false,
  ""option_id"": ""OPTION_B"",
  ""reason"": ""根据文档DOC_E36_TERMS第五条及第六条，慢病管理附加责任已在承保前取消，故不参与期限计算；远程问诊附加责任有效。依据formal_policy规则优先级，E36_TELEMEDICINE_ACTIVE（优先级200）适用，对应允许值为18。OPTION_B将值更新为18，符合逻辑。""
}",,,,,,True,CAND_002,18,True
test,E36,CROSS_SENTENCE_SCOPE,1,20260820,OPTION_FORMAL_POLICY_HARD_GATE,SELECTED,OPTION_B,CAND_002,18,硬门禁：规则E36_TELEMEDICINE_ACTIVE唯一允许值=['18']，唯一存活候选直接选择,OPTION_A=CAND_003|OPTION_B=CAND_002|OPTION_C=CAND_001,0,formal_policy_hard_gate,0,0,,,True,E36_TELEMEDICINE_ACTIVE,18,1,DETERMINISTIC_SELECT,False,CAND_002,18,True
test,E36,CROSS_SENTENCE_SCOPE,1,20260820,OPTION_DESCRIPTION,SELECTED,OPTION_B,CAND_002,18,根据文档DOC_E36_TERMS第五条，慢病管理附加责任已在承保前取消；第六条规定被取消的附加责任不参与保险期限计算。因此排除OPTION_A（24个月）。投保申请勾选了远程问诊附加责任且该责任有效（第五条），故适用第二条规定的18个月，选择OPTION_B。,OPTION_A=CAND_003|OPTION_B=CAND_002|OPTION_C=CAND_001,4050,json_schema,963,98,stop,"{
  ""abstain"": false,
  ""option_id"": ""OPTION_B"",
  ""reason"": ""根据文档DOC_E36_TERMS第五条，慢病管理附加责任已在承保前取消；第六条规定被取消的附加责任不参与保险期限计算。因此排除OPTION_A（24个月）。投保申请勾选了远程问诊附加责任且该责任有效（第五条），故适用第二条规定的18个月，选择OPTION_B。""
}",,,,,,True,CAND_002,18,True
test,E37,CROSS_SENTENCE_SCOPE,1,20260820,DIRECT_FREE,ABSTAIN,,,,文档 DOC_E37_TERMS 明确声明正文不重复列示月数，规则代码到月数的映射由候选修复表维护。当前提供的文档列表中不存在该‘候选修复表’或包含具体映射关系的文件，因此无法依据给定文档确定产品 A 本次方案的保险期限月数。,OPTION_A=CAND_003|OPTION_B=CAND_001|OPTION_C=CAND_002,3149,json_schema,603,91,stop,"{
  ""abstain"": true,
  ""value"": """",
  ""reason"": ""文档 DOC_E37_TERMS 明确声明正文不重复列示月数，规则代码到月数的映射由候选修复表维护。当前提供的文档列表中不存在该‘候选修复表’或包含具体映射关系的文件，因此无法依据给定文档确定产品 A 本次方案的保险期限月数。""
}",,,,,,True,CAND_002,18,False
test,E37,CROSS_SENTENCE_SCOPE,1,20260820,VALUE_ENUM,ABSTAIN,,,,文档 DOC_E37_TERMS 仅声明规则代码 DURATION-CODE-REMOTE 对应月数的映射由候选修复表维护，正文未直接列示该代码对应的具体月数。依据指令‘证据不足则 ABSTAIN'及禁止外部常识原则，无法确定具体数值。,OPTION_A=CAND_003|OPTION_B=CAND_001|OPTION_C=CAND_002,3577,json_schema,607,92,stop,"{
  ""abstain"": true,
  ""value"": ""ABSTAIN"",
  ""reason"": ""文档 DOC_E37_TERMS 仅声明规则代码 DURATION-CODE-REMOTE 对应月数的映射由候选修复表维护，正文未直接列示该代码对应的具体月数。依据指令‘证据不足则 ABSTAIN'及禁止外部常识原则，无法确定具体数值。""
}",,,,,,True,CAND_002,18,False
test,E37,CROSS_SENTENCE_SCOPE,1,20260820,OPTION_VALUE_ONLY,SELECTED,OPTION_A,CAND_003,24,文档 DOC_E37_TERMS 生效时间 (2026-08-20) 早于当前案件处理时间，且为受控测试文档（权威性高）。条款第二条明确规则引擎输出 DURATION-CODE-REMOTE。因本案保留远程问诊附加责任（非慢病管理），排除 DURATION-CODE-CHRONIC；因存在有效附加责任，排除 DURATION-CODE-BASE。第三条规定月,OPTION_A=CAND_003|OPTION_B=CAND_001|OPTION_C=CAND_002,4829,json_schema,699,123,stop,"{
  ""abstain"": false,
  ""option_id"": ""OPTION_A"",
  ""reason"": ""文档 DOC_E37_TERMS 生效时间 (2026-08-20) 早于当前案件处理时间，且为受控测试文档（权威性高）。条款第二条明确规则引擎输出 DURATION-CODE-REMOTE。因本案保留远程问诊附加责任（非慢病管理），排除 DURATION-CODE-CHRONIC；因存在有效附加责任，排除 DURATION-CODE-BASE。第三条规定月""
}",,,,,,True,CAND_002,18,False
test,E37,CROSS_SENTENCE_SCOPE,1,20260820,OPTION_FORMAL_OPERATION,ABSTAIN,,,,文档 DOC_E37_TERMS 明确指出规则代码到月数的映射由候选修复表维护，正文不重复列示月数。当前提供的文档文本中未包含 DURATION-CODE-REMOTE 对应的具体月数值，且给定的 OPTION_A、OPTION_B、OPTION_C 均非基于文档明确信息推导出的唯一解（文档未提供映射表），证据不足无法确定正确选项。,OPTION_A=CAND_003|OPTION_B=CAND_001|OPTION_C=CAND_002,4810,json_schema,1175,115,stop,"{
  ""abstain"": true,
  ""option_id"": ""ABSTAIN"",
  ""reason"": ""文档 DOC_E37_TERMS 明确指出规则代码到月数的映射由候选修复表维护，正文不重复列示月数。当前提供的文档文本中未包含 DURATION-CODE-REMOTE 对应的具体月数值，且给定的 OPTION_A、OPTION_B、OPTION_C 均非基于文档明确信息推导出的唯一解（文档未提供映射表），证据不足无法确定正确选项。""
}",,,,,,True,CAND_002,18,False
test,E37,CROSS_SENTENCE_SCOPE,1,20260820,OPTION_FORMAL_POLICY,SELECTED,OPTION_C,CAND_002,18,根据 formal_policy 事实，duration_code 为 DURATION-CODE-REMOTE 且 remote_consultation_active 为 true。规则 E37_DURATION_REMOTE (优先级 200) 匹配该条件，其 allowed_values 为 [,OPTION_A=CAND_003|OPTION_B=CAND_001|OPTION_C=CAND_002,3863,json_schema,1562,81,stop,"{
  ""abstain"": false,
  ""option_id"": ""OPTION_C"",
  ""reason"": ""根据 formal_policy 事实，duration_code 为 DURATION-CODE-REMOTE 且 remote_consultation_active 为 true。规则 E37_DURATION_REMOTE (优先级 200) 匹配该条件，其 allowed_values 为 ["" }",,,,,,True,CAND_002,18,True
test,E37,CROSS_SENTENCE_SCOPE,1,20260820,OPTION_FORMAL_POLICY_HARD_GATE,SELECTED,OPTION_C,CAND_002,18,硬门禁：规则E37_DURATION_REMOTE唯一允许值=['18']，唯一存活候选直接选择,OPTION_A=CAND_003|OPTION_B=CAND_001|OPTION_C=CAND_002,0,formal_policy_hard_gate,0,0,,,True,E37_DURATION_REMOTE,18,1,DETERMINISTIC_SELECT,False,CAND_002,18,True
test,E37,CROSS_SENTENCE_SCOPE,1,20260820,OPTION_DESCRIPTION,SELECTED,OPTION_C,CAND_002,18,文档DOC_E37_TERMS第二条明确定义DURATION-CODE-REMOTE仅适用于保留远程问诊附加责任的情形，且本案投保申请保留了该责任。选项A和B分别对应慢病管理有效（已取消）和无附加责任（不适用）的场景，与当前事实不符。因此，必须选择OPTION_C。,OPTION_A=CAND_003|OPTION_B=CAND_001|OPTION_C=CAND_002,4100,json_schema,915,98,stop,"{
  ""abstain"": false,
  ""option_id"": ""OPTION_C"",
  ""reason"": ""文档DOC_E37_TERMS第二条明确定义DURATION-CODE-REMOTE仅适用于保留远程问诊附加责任的情形，且本案投保申请保留了该责任。选项A和B分别对应慢病管理有效（已取消）和无附加责任（不适用）的场景，与当前事实不符。因此，必须选择OPTION_C。""
}",,,,,,True,CAND_002,18,True
test,E14,TEMPORAL_VERSION,2,20260821,DIRECT_FREE,SELECTED,OPTION_B,CAND_002,62,核保受理日为2026年8月20日，处于DOC_E14_CURRENT（2026-08-01至2026-08-31）生效期内。DOC_E14_FUTURE虽已发布但生效日为2026-09-01，根据DOC_E14_CURRENT第四条及DOC_E14_FUTURE第三条，受理日早于新条款生效日的申请不适用新条款。因此适用最高投保年龄为62周岁。,OPTION_A=CAND_001|OPTION_B=CAND_002|OPTION_C=CAND_003,5532,json_schema,1048,139,stop,"{
  ""abstain"": false,
  ""value"": ""62"",
  ""reason"": ""核保受理日为2026年8月20日，处于DOC_E14_CURRENT（2026-08-01至2026-08-31）生效期内。DOC_E14_FUTURE虽已发布但生效日为2026-09-01，根据DOC_E14_CURRENT第四条及DOC_E14_FUTURE第三条，受理日早于新条款生效日的申请不适用新条款。因此适用最高投保年龄为62周岁。""
}",,,,,,True,CAND_002,62,True
test,E14,TEMPORAL_VERSION,2,20260821,VALUE_ENUM,SELECTED,OPTION_B,CAND_002,62,核保受理日为2026年8月20日，处于DOC_E14_CURRENT（生效日期2026-08-01至2026-08-31）有效期内。DOC_E14_FUTURE虽已发布但生效日期为2026-09-01，晚于受理日，根据DOC_E14_CURRENT第四条及DOC_E14_FUTURE第三条，不适用新修订版本。因此适用最高投保年龄为62周岁。,OPTION_A=CAND_001|OPTION_B=CAND_002|OPTION_C=CAND_003,5019,json_schema,1052,138,stop,"{
  ""abstain"": false,
  ""value"": ""62"",
  ""reason"": ""核保受理日为2026年8月20日，处于DOC_E14_CURRENT（生效日期2026-08-01至2026-08-31）有效期内。DOC_E14_FUTURE虽已发布但生效日期为2026-09-01，晚于受理日，根据DOC_E14_CURRENT第四条及DOC_E14_FUTURE第三条，不适用新修订版本。因此适用最高投保年龄为62周岁。""
}",,,,,,True,CAND_002,62,True
test,E14,TEMPORAL_VERSION,2,20260821,OPTION_VALUE_ONLY,SELECTED,OPTION_B,CAND_002,62,核保受理日为2026年8月20日，DOC_E14_CURRENT（生效期2026-08-01至2026-08-31）在该日期有效且明确适用；DOC_E14_FUTURE虽已发布但生效日为2026-09-01，根据DOC_E14_CURRENT第四条及DOC_E14_FUTURE第三条，尚未生效版本不适用。因此当前最高投保年龄为62周岁（OPTION_B）。,OPTION_A=CAND_001|OPTION_B=CAND_002|OPTION_C=CAND_003,5582,json_schema,1144,139,stop,"{
  ""abstain"": false,
  ""option_id"": ""OPTION_B"",
  ""reason"": ""核保受理日为2026年8月20日，DOC_E14_CURRENT（生效期2026-08-01至2026-08-31）在该日期有效且明确适用；DOC_E14_FUTURE虽已发布但生效日为2026-09-01，根据DOC_E14_CURRENT第四条及DOC_E14_FUTURE第三条，尚未生效版本不适用。因此当前最高投保年龄为62周岁（OPTION_B）。""
}",,,,,,True,CAND_002,62,True
test,E14,TEMPORAL_VERSION,2,20260821,OPTION_FORMAL_OPERATION,SELECTED,OPTION_B,CAND_002,62,案件核保受理日为2026年8月20日。DOC_E14_CURRENT（生效2026-08-01至2026-08-31）在受理日有效，规定最高投保年龄为62周岁。DOC_E14_FUTURE虽已发布但生效日为2026-09-01，晚于受理日，根据DOC_E14_CURRENT第四条及DOC_E14_FUTURE第三条，该修订版不适用。因此当前适用版本为DOC_,OPTION_A=CAND_001|OPTION_B=CAND_002|OPTION_C=CAND_003,5707,json_schema,1617,144,stop,"{
  ""abstain"": false,
  ""option_id"": ""OPTION_B"",
  ""reason"": ""案件核保受理日为2026年8月20日。DOC_E14_CURRENT（生效2026-08-01至2026-08-31）在受理日有效，规定最高投保年龄为62周岁。DOC_E14_FUTURE虽已发布但生效日为2026-09-01，晚于受理日，根据DOC_E14_CURRENT第四条及DOC_E14_FUTURE第三条，该修订版不适用。因此当前适用版本为DOC_""}",,,,,,True,CAND_002,62,True
test,E14,TEMPORAL_VERSION,2,20260821,OPTION_FORMAL_POLICY,SELECTED,OPTION_B,CAND_002,62,"核保受理日2026-08-20在DOC_E14_CURRENT生效期[2026-08-01, 2026-08-31]内，且非团体转入（group_transfer_confirmed=false），满足E14_CURRENT_EFFECTIVE_VERSION规则，适用最高投保年龄62周岁；DOC_E14_FUTURE尚未生效。",OPTION_A=CAND_001|OPTION_B=CAND_002|OPTION_C=CAND_003,4807,json_schema,2087,117,stop,"{
  ""abstain"": false,
  ""option_id"": ""OPTION_B"",
  ""reason"": ""核保受理日2026-08-20在DOC_E14_CURRENT生效期[2026-08-01, 2026-08-31]内，且非团体转入（group_transfer_confirmed=false），满足E14_CURRENT_EFFECTIVE_VERSION规则，适用最高投保年龄62周岁；DOC_E14_FUTURE尚未生效。""
}",,,,,,True,CAND_002,62,True
test,E14,TEMPORAL_VERSION,2,20260821,OPTION_FORMAL_POLICY_HARD_GATE,SELECTED,OPTION_B,CAND_002,62,硬门禁：规则E14_CURRENT_EFFECTIVE_VERSION唯一允许值=['62']，唯一存活候选直接选择,OPTION_A=CAND_001|OPTION_B=CAND_002|OPTION_C=CAND_003,0,formal_policy_hard_gate,0,0,,,True,E14_CURRENT_EFFECTIVE_VERSION,62,1,DETERMINISTIC_SELECT,False,CAND_002,62,True
test,E14,TEMPORAL_VERSION,2,20260821,OPTION_DESCRIPTION,SELECTED,OPTION_B,CAND_002,62,案件核保受理日为2026年8月20日，DOC_E14_CURRENT（夏季现行版）生效期为2026-08-01至2026-08-31，覆盖受理日；DOC_E14_FUTURE（九月修订版）生效日为2026-09-01，未覆盖受理日。根据DOC_E14_CURRENT第四条及DOC_E14_FUTURE第三条，应以受理日正在生效的版本为准，即夏季现行版。一般无,OPTION_A=CAND_001|OPTION_B=CAND_002|OPTION_C=CAND_003,5545,json_schema,1347,144,stop,"{
  ""abstain"": false,
  ""option_id"": ""OPTION_B"",
  ""reason"": ""案件核保受理日为2026年8月20日，DOC_E14_CURRENT（夏季现行版）生效期为2026-08-01至2026-08-31，覆盖受理日；DOC_E14_FUTURE（九月修订版）生效日为2026-09-01，未覆盖受理日。根据DOC_E14_CURRENT第四条及DOC_E14_FUTURE第三条，应以受理日正在生效的版本为准，即夏季现行版。一般无"" }",,,,,,True,CAND_002,62,True
test,E15,TEMPORAL_VERSION,2,20260821,DIRECT_FREE,SELECTED,OPTION_A,CAND_003,64,投保申请于2026年7月20日进入核保流程，适用DOC_E15_JULY（生效2026-07-01至2026-07-31），其规定最高投保年龄为64周岁。DOC_E15_AUGUST虽于8月1日生效，但明确排除8月1日前已进核保流程的申请。,OPTION_A=CAND_003|OPTION_B=CAND_001|OPTION_C=CAND_002,4956,json_schema,1044,119,stop,"{
  ""abstain"": false,
  ""value"": ""64"",
  ""reason"": ""投保申请于2026年7月20日进入核保流程，适用DOC_E15_JULY（生效2026-07-01至2026-07-31），其规定最高投保年龄为64周岁。DOC_E15_AUGUST虽于8月1日生效，但明确排除8月1日前已进核保流程的申请。""
}",,,,,,True,CAND_003,64,True
test,E15,TEMPORAL_VERSION,2,20260821,VALUE_ENUM,SELECTED,OPTION_A,CAND_003,64,投保申请于2026年7月20日进入核保流程，适用DOC_E15_JULY（生效2026-07-01至2026-07-31），该文档规定最高投保年龄为64周岁。DOC_E15_AUGUST虽于8月1日生效，但明确排除8月1日前已进入核保流程的申请。,OPTION_A=CAND_003|OPTION_B=CAND_001|OPTION_C=CAND_002,4483,json_schema,1048,119,stop,"{
  ""abstain"": false,
  ""value"": ""64"",
  ""reason"": ""投保申请于2026年7月20日进入核保流程，适用DOC_E15_JULY（生效2026-07-01至2026-07-31），该文档规定最高投保年龄为64周岁。DOC_E15_AUGUST虽于8月1日生效，但明确排除8月1日前已进入核保流程的申请。""
}",,,,,,True,CAND_003,64,True
test,E15,TEMPORAL_VERSION,2,20260821,OPTION_VALUE_ONLY,SELECTED,OPTION_A,CAND_003,64,投保申请于2026年7月20日进入核保流程，处于DOC_E15_JULY（生效2026-07-01至2026-07-31）的有效期内。DOC_E15_AUGUST虽已发布但尚未生效（2026-08-01），且其例外规则明确排除了该日期前已进入核保流程的申请。因此，适用DOC_E15_JULY的一般规则，最高投保年龄为64周岁。,OPTION_A=CAND_003|OPTION_B=CAND_001|OPTION_C=CAND_002,5801,json_schema,1140,145,stop,"{
  ""abstain"": false,
  ""option_id"": ""OPTION_A"",
  ""reason"": ""投保申请于2026年7月20日进入核保流程，处于DOC_E15_JULY（生效2026-07-01至2026-07-31）的有效期内。DOC_E15_AUGUST虽已发布但尚未生效（2026-08-01），且其例外规则明确排除了该日期前已进入核保流程的申请。因此，适用DOC_E15_JULY的一般规则，最高投保年龄为64周岁。""
}",,,,,,True,CAND_003,64,True
test,E15,TEMPORAL_VERSION,2,20260821,OPTION_FORMAL_OPERATION,SELECTED,OPTION_B,CAND_001,68,"案件上下文显示投保申请于2026年7月20日进入核保流程，人工评估日期为2026年8月21日。DOC_E15_AUGUST（八月条款）规定：'2026年8月1日前已经进入核保流程的申请...仍按进入核保流程当日有效版本处理'。由于申请在7月20日已进入核保，适用DOC_E15_JULY的数值64周岁？不对，需重新核对逻辑。

重新分析：
1. 事件时间线：
",OPTION_A=CAND_003|OPTION_B=CAND_001|OPTION_C=CAND_002,6022,json_schema,1613,157,stop,"{
  ""abstain"": false,
  ""option_id"": ""OPTION_B"",
  ""reason"": ""案件上下文显示投保申请于2026年7月20日进入核保流程，人工评估日期为2026年8月21日。DOC_E15_AUGUST（八月条款）规定：'2026年8月1日前已经进入核保流程的申请...仍按进入核保流程当日有效版本处理'。由于申请在7月20日已进入核保，适用DOC_E15_JULY的数值64周岁？不对，需重新核对逻辑。\n\n重新分析：\n1. 事件时间线：\n""
}",,,,,,True,CAND_003,64,False
test,E15,TEMPORAL_VERSION,2,20260821,OPTION_FORMAL_POLICY,SELECTED,OPTION_A,CAND_003,64,案件事实显示投保申请进入核保流程日期为2026年7月20日，处于DOC_E15_JULY的生效期间（2026-07-01至2026-07-31）。根据formal_policy规则E15_JULY_VERSION_SCOPE（优先级300），该日期满足条件，适用最高投保年龄为64周岁。DOC_E15_AUGUST虽已发布但尚未生效，且其例外规则明确排除8月1,OPTION_A=CAND_003|OPTION_B=CAND_001|OPTION_C=CAND_002,5721,json_schema,2096,143,stop,"{
  ""abstain"": false,
  ""option_id"": ""OPTION_A"",
  ""reason"": ""案件事实显示投保申请进入核保流程日期为2026年7月20日，处于DOC_E15_JULY的生效期间（2026-07-01至2026-07-31）。根据formal_policy规则E15_JULY_VERSION_SCOPE（优先级300），该日期满足条件，适用最高投保年龄为64周岁。DOC_E15_AUGUST虽已发布但尚未生效，且其例外规则明确排除8月1""
}",,,,,,True,CAND_003,64,True
test,E15,TEMPORAL_VERSION,2,20260821,OPTION_FORMAL_POLICY_HARD_GATE,SELECTED,OPTION_A,CAND_003,64,硬门禁：规则E15_JULY_VERSION_SCOPE唯一允许值=['64']，唯一存活候选直接选择,OPTION_A=CAND_003|OPTION_B=CAND_001|OPTION_C=CAND_002,0,formal_policy_hard_gate,0,0,,,True,E15_JULY_VERSION_SCOPE,64,1,DETERMINISTIC_SELECT,False,CAND_003,64,True
test,E15,TEMPORAL_VERSION,2,20260821,OPTION_DESCRIPTION,SELECTED,OPTION_A,CAND_003,64,案件上下文显示投保申请于2026年7月20日进入核保流程，该日期落在DOC_E15_JULY的生效期间（2026-07-01至2026-07-31）内。根据DOC_E15_JULY第四条，版本判断日期为进入核保流程的日期（即7月20日），而非人工评估日期（8月21日）。因此适用七月版本的一般规则，最高投保年龄为64周岁。DOC_E15_AUGUST明确排除8,OPTION_A=CAND_003|OPTION_B=CAND_001|OPTION_C=CAND_002,5689,json_schema,1343,153,stop,"{
  ""abstain"": false,
  ""option_id"": ""OPTION_A"",
  ""reason"": ""案件上下文显示投保申请于2026年7月20日进入核保流程，该日期落在DOC_E15_JULY的生效期间（2026-07-01至2026-07-31）内。根据DOC_E15_JULY第四条，版本判断日期为进入核保流程的日期（即7月20日），而非人工评估日期（8月21日）。因此适用七月版本的一般规则，最高投保年龄为64周岁。DOC_E15_AUGUST明确排除8""
}",,,,,,True,CAND_003,64,True
test,E16,TEMPORAL_VERSION,2,20260821,DIRECT_FREE,SELECTED,OPTION_B,CAND_002,67,核保受理日2026-09-20处于备案完成日2026-10-01之前，依据DOC_E16_TERMS第四条及第二条，应适用当前备案版本（最高投保年龄67周岁）；第三条续保例外因客户未提交连续续保证明而不触发。,OPTION_A=CAND_001|OPTION_B=CAND_002|OPTION_C=CAND_003,4044,json_schema,639,100,stop,"{
  ""abstain"": false,
  ""value"": ""67"",
  ""reason"": ""核保受理日2026-09-20处于备案完成日2026-10-01之前，依据DOC_E16_TERMS第四条及第二条，应适用当前备案版本（最高投保年龄67周岁）；第三条续保例外因客户未提交连续续保证明而不触发。""
}",,,,,,True,CAND_002,67,True
test,E16,TEMPORAL_VERSION,2,20260821,VALUE_ENUM,SELECTED,OPTION_B,CAND_002,67,核保受理日2026-09-20在备案完成日2026-10-01之前，依据DOC_E16_TERMS第四条及第二条，适用当前备案版本（最高投保年龄67周岁）；第三条续保例外因客户未提交连续续保证明而不触发。,OPTION_A=CAND_001|OPTION_B=CAND_002|OPTION_C=CAND_003,3953,json_schema,643,99,stop,"{
  ""abstain"": false,
  ""value"": ""67"",
  ""reason"": ""核保受理日2026-09-20在备案完成日2026-10-01之前，依据DOC_E16_TERMS第四条及第二条，适用当前备案版本（最高投保年龄67周岁）；第三条续保例外因客户未提交连续续保证明而不触发。""
}",,,,,,True,CAND_002,67,True
test,E16,TEMPORAL_VERSION,2,20260821,OPTION_VALUE_ONLY,SELECTED,OPTION_B,CAND_002,67,核保受理日（2026-09-20）在备案完成日（2026-10-01）之前，根据文档第四条及第二条，未完成备案的批单不得适用，宣传摘要不得替代正式条款，因此当前生效版本为最高投保年龄67周岁。,OPTION_A=CAND_001|OPTION_B=CAND_002|OPTION_C=CAND_003,3994,json_schema,735,97,stop,"{
  ""abstain"": false,
  ""option_id"": ""OPTION_B"",
  ""reason"": ""核保受理日（2026-09-20）在备案完成日（2026-10-01）之前，根据文档第四条及第二条，未完成备案的批单不得适用，宣传摘要不得替代正式条款，因此当前生效版本为最高投保年龄67周岁。""
}",,,,,,True,CAND_002,67,True
test,E16,TEMPORAL_VERSION,2,20260821,OPTION_FORMAL_OPERATION,SELECTED,OPTION_B,CAND_002,67,核保受理日（2026-09-20）在文档生效期（2026-09-05 至 2026-10-01）内，且处于“备案完成日前”。根据文档第二条，此时适用当前备案条款，最高投保年龄为 67 周岁。第三条的续保例外不满足条件（客户未提交连续续保证明）。因此选择将值替换为 67 的 OPTION_B。,OPTION_A=CAND_001|OPTION_B=CAND_002|OPTION_C=CAND_003,5474,json_schema,1208,136,stop,"{
  ""abstain"": false,
  ""option_id"": ""OPTION_B"",
  ""reason"": ""核保受理日（2026-09-20）在文档生效期（2026-09-05 至 2026-10-01）内，且处于“备案完成日前”。根据文档第二条，此时适用当前备案条款，最高投保年龄为 67 周岁。第三条的续保例外不满足条件（客户未提交连续续保证明）。因此选择将值替换为 67 的 OPTION_B。""
}",,,,,,True,CAND_002,67,True
test,E16,TEMPORAL_VERSION,2,20260821,OPTION_FORMAL_POLICY,SELECTED,OPTION_B,CAND_002,67,案件上下文显示核保受理日（2026-09-20）早于备案完成日（2026-10-01），且未提交续保证明。根据formal_policy规则E16_FILED_CURRENT_VERSION（优先级200），当endorsement_filing_completed为false时，适用最高投保年龄67周岁。OPTION_B对应新值67。,OPTION_A=CAND_001|OPTION_B=CAND_002|OPTION_C=CAND_003,4862,json_schema,1626,119,stop,"{
  ""abstain"": false,
  ""option_id"": ""OPTION_B"",
  ""reason"": ""案件上下文显示核保受理日（2026-09-20）早于备案完成日（2026-10-01），且未提交续保证明。根据formal_policy规则E16_FILED_CURRENT_VERSION（优先级200），当endorsement_filing_completed为false时，适用最高投保年龄67周岁。OPTION_B对应新值67。""
}",,,,,,True,CAND_002,67,True
test,E16,TEMPORAL_VERSION,2,20260821,OPTION_FORMAL_POLICY_HARD_GATE,SELECTED,OPTION_B,CAND_002,67,硬门禁：规则E16_FILED_CURRENT_VERSION唯一允许值=['67']，唯一存活候选直接选择,OPTION_A=CAND_001|OPTION_B=CAND_002|OPTION_C=CAND_003,0,formal_policy_hard_gate,0,0,,,True,E16_FILED_CURRENT_VERSION,67,1,DETERMINISTIC_SELECT,False,CAND_002,67,True
test,E16,TEMPORAL_VERSION,2,20260821,OPTION_DESCRIPTION,SELECTED,OPTION_B,CAND_002,67,案件核保受理日（2026-09-20）早于备案完成日（2026-10-01）。根据文档第四条，未完成备案的批单不得作为适用版本；且客户未提交连续续保证明，不满足第三条例外条件。因此必须适用当前备案版本，即最高投保年龄为67周岁。,OPTION_A=CAND_001|OPTION_B=CAND_002|OPTION_C=CAND_003,4384,json_schema,940,109,stop,"{
  ""abstain"": false,
  ""option_id"": ""OPTION_B"",
  ""reason"": ""案件核保受理日（2026-09-20）早于备案完成日（2026-10-01）。根据文档第四条，未完成备案的批单不得作为适用版本；且客户未提交连续续保证明，不满足第三条例外条件。因此必须适用当前备案版本，即最高投保年龄为67周岁。""
}",,,,,,True,CAND_002,67,True
test,E17,TEMPORAL_VERSION,2,20260821,DIRECT_FREE,ABSTAIN,,,,文档 DOC_E17_TERMS 仅声明档位代码到数值的映射由候选修复表维护，正文未列示具体数值；且文档中无候选列表供读取或猜测。依据指令‘证据不足必须 ABSTAIN'，无法确定产品 A 当前适用的最高投保年龄。,OPTION_A=CAND_002|OPTION_B=CAND_003|OPTION_C=CAND_001,3592,json_schema,609,89,stop,"{
  ""abstain"": true,
  ""value"": """",
  ""reason"": ""文档 DOC_E17_TERMS 仅声明档位代码到数值的映射由候选修复表维护，正文未列示具体数值；且文档中无候选列表供读取或猜测。依据指令‘证据不足必须 ABSTAIN'，无法确定产品 A 当前适用的最高投保年龄。""
}",,,,,,True,CAND_002,63,False
test,E17,TEMPORAL_VERSION,2,20260821,VALUE_ENUM,ABSTAIN,,,,文档 DOC_E17_TERMS 仅声明档位代码到数值的映射由候选修复表维护，正文未列示具体数值。案件上下文中未提供该候选修复表或包含映射关系的文档，导致无法确定 AGE-BAND-G2 对应的最高投保年龄整数。,OPTION_A=CAND_002|OPTION_B=CAND_003|OPTION_C=CAND_001,3588,json_schema,613,89,stop,"{
  ""abstain"": true,
  ""value"": ""ABSTAIN"",
  ""reason"": ""文档 DOC_E17_TERMS 仅声明档位代码到数值的映射由候选修复表维护，正文未列示具体数值。案件上下文中未提供该候选修复表或包含映射关系的文档，导致无法确定 AGE-BAND-G2 对应的最高投保年龄整数。""
}",,,,,,True,CAND_002,63,False
test,E17,TEMPORAL_VERSION,2,20260821,OPTION_VALUE_ONLY,SELECTED,OPTION_A,CAND_002,63,文档 DOC_E17_TERMS 权威性强（authority=100）且生效时间（2026-09-18）早于案件受理日（2026-09-25），处于有效期内。文档明确指定本次核保适用 AGE-BAND-G2，并排除营销草案（AGE-BAND-G1）和续保通道（AGE-BAND-G3）。根据执行口径，数值映射由候选修复表维护，结合上下文隐含的 G2 对应最高,OPTION_A=CAND_002|OPTION_B=CAND_003|OPTION_C=CAND_001,5320,json_schema,705,138,stop,"{
  ""abstain"": false,
  ""option_id"": ""OPTION_A"",
  ""reason"": ""文档 DOC_E17_TERMS 权威性强（authority=100）且生效时间（2026-09-18）早于案件受理日（2026-09-25），处于有效期内。文档明确指定本次核保适用 AGE-BAND-G2，并排除营销草案（AGE-BAND-G1）和续保通道（AGE-BAND-G3）。根据执行口径，数值映射由候选修复表维护，结合上下文隐含的 G2 对应最高""
}",,,,,,True,CAND_002,63,True
test,E17,TEMPORAL_VERSION,2,20260821,OPTION_FORMAL_OPERATION,SELECTED,OPTION_A,CAND_002,63,文档 DOC_E17_TERMS 权威且生效（2026-09-18），明确排除营销草案（AGE-BAND-G1）和续保通道（AGE-BAND-G3）。根据‘本体更新只应采用备案系统返回的档位代码’，需使用 AGE-BAND-G2。文档虽未直接列出 G2 对应数值，但指令要求从给定选项中选择。在受控测试语境下，排除无效来源后，剩余有效选项仅 OPTION_A（,OPTION_A=CAND_002|OPTION_B=CAND_003|OPTION_C=CAND_001,5474,json_schema,1178,135,stop,"{
  ""abstain"": false,
  ""option_id"": ""OPTION_A"",
  ""reason"": ""文档 DOC_E17_TERMS 权威且生效（2026-09-18），明确排除营销草案（AGE-BAND-G1）和续保通道（AGE-BAND-G3）。根据‘本体更新只应采用备案系统返回的档位代码’，需使用 AGE-BAND-G2。文档虽未直接列出 G2 对应数值，但指令要求从给定选项中选择。在受控测试语境下，排除无效来源后，剩余有效选项仅 OPTION_A（""
}",,,,,,True,CAND_002,63,True
test,E17,TEMPORAL_VERSION,2,20260821,OPTION_FORMAL_POLICY,SELECTED,OPTION_B,CAND_003,58,根据formal_policy中的显式事实age_band_code为'AGE-BAND-G2'，且marketing_draft_applicable和renewal_channel_confirmed均为false。规则E17_FILED_AGE_BAND_G2（优先级200）条件满足，其allowed_values为['63']。选项OPTION_B将,OPTION_A=CAND_002|OPTION_B=CAND_003|OPTION_C=CAND_001,4584,json_schema,1540,100,stop,"{
  ""abstain"": false,
  ""option_id"": ""OPTION_B"",
  ""reason"": ""根据formal_policy中的显式事实age_band_code为'AGE-BAND-G2'，且marketing_draft_applicable和renewal_channel_confirmed均为false。规则E17_FILED_AGE_BAND_G2（优先级200）条件满足，其allowed_values为['63']。选项OPTION_B将""
  }",,,,,,True,CAND_002,63,False
test,E17,TEMPORAL_VERSION,2,20260821,OPTION_FORMAL_POLICY_HARD_GATE,SELECTED,OPTION_A,CAND_002,63,硬门禁：规则E17_FILED_AGE_BAND_G2唯一允许值=['63']，唯一存活候选直接选择,OPTION_A=CAND_002|OPTION_B=CAND_003|OPTION_C=CAND_001,0,formal_policy_hard_gate,0,0,,,True,E17_FILED_AGE_BAND_G2,63,1,DETERMINISTIC_SELECT,False,CAND_002,63,True
test,E17,TEMPORAL_VERSION,2,20260821,OPTION_DESCRIPTION,SELECTED,OPTION_A,CAND_002,63,DOC_E17_TERMS 发布于 2026-09-18，早于受理日 2026-09-25，且有效至空（永久），具有最高权威性。文档明确排除营销草案 (AGE-BAND-G1) 和历史续保通道 (AGE-BAND-G3)，并规定本体更新仅采用备案系统返回的 AGE-BAND-G2。因此 OPTION_A 是唯一符合上下文和文档约束的选项。,OPTION_A=CAND_002|OPTION_B=CAND_003|OPTION_C=CAND_001,5084,json_schema,923,131,stop,"{
  ""abstain"": false,
  ""option_id"": ""OPTION_A"",
  ""reason"": ""DOC_E17_TERMS 发布于 2026-09-18，早于受理日 2026-09-25，且有效至空（永久），具有最高权威性。文档明确排除营销草案 (AGE-BAND-G1) 和历史续保通道 (AGE-BAND-G3)，并规定本体更新仅采用备案系统返回的 AGE-BAND-G2。因此 OPTION_A 是唯一符合上下文和文档约束的选项。""
}",,,,,,True,CAND_002,63,True
test,E24,GENERAL_RULE_EXCEPTION,2,20260821,DIRECT_FREE,SELECTED,OPTION_B,CAND_002,0,DOC_E24_TERMS 生效日期为 2026-07-10，案件事实（第五条）确认适用该文件。一般规则规定等待期 90 天；例外规则（第三条）条件为：团体转入、原保障连续至生效日前一日、30 日内提交证明。案件事实完全满足例外规则条件（第 20 日提交），且第六条明确例外优先，故取例外值 0 天。,OPTION_A=CAND_003|OPTION_B=CAND_002|OPTION_C=CAND_001,4886,json_schema,686,129,stop,"{
  ""abstain"": false,
  ""value"": ""0"",
  ""reason"": ""DOC_E24_TERMS 生效日期为 2026-07-10，案件事实（第五条）确认适用该文件。一般规则规定等待期 90 天；例外规则（第三条）条件为：团体转入、原保障连续至生效日前一日、30 日内提交证明。案件事实完全满足例外规则条件（第 20 日提交），且第六条明确例外优先，故取例外值 0 天。""
}",,,,,,True,CAND_002,0,True
test,E24,GENERAL_RULE_EXCEPTION,2,20260821,VALUE_ENUM,SELECTED,OPTION_B,CAND_002,0,DOC_E24_TERMS 生效日期为 2026-07-10，案件事实满足第三条例外规则所有条件（团体转入、原保障连续、证明在第 20 日即 30 日内提交），依据第六条及第三条，例外规则优先于一般规则，故等待期按 0 天处理。,OPTION_A=CAND_003|OPTION_B=CAND_002|OPTION_C=CAND_001,4122,json_schema,690,105,stop,"{
  ""abstain"": false,
  ""value"": ""0"",
  ""reason"": ""DOC_E24_TERMS 生效日期为 2026-07-10，案件事实满足第三条例外规则所有条件（团体转入、原保障连续、证明在第 20 日即 30 日内提交），依据第六条及第三条，例外规则优先于一般规则，故等待期按 0 天处理。""
}",,,,,,True,CAND_002,0,True
test,E24,GENERAL_RULE_EXCEPTION,2,20260821,OPTION_VALUE_ONLY,SELECTED,OPTION_B,CAND_002,0,文件DOC_E24_TERMS生效日期为2026-07-10，案件事实（第五条）明确描述适用条件：由合作单位团体计划转入、原保障至新合同生效日前一日有效、连续保障证明在第20日提交（满足30日内）。根据第三条例外规则及第六条目标数值说明，例外规则优先于一般规则，故等待期按0天处理。,OPTION_A=CAND_003|OPTION_B=CAND_002|OPTION_C=CAND_001,4679,json_schema,781,117,stop,"{
  ""abstain"": false,
  ""option_id"": ""OPTION_B"",
  ""reason"": ""文件DOC_E24_TERMS生效日期为2026-07-10，案件事实（第五条）明确描述适用条件：由合作单位团体计划转入、原保障至新合同生效日前一日有效、连续保障证明在第20日提交（满足30日内）。根据第三条例外规则及第六条目标数值说明，例外规则优先于一般规则，故等待期按0天处理。""
}",,,,,,True,CAND_002,0,True
test,E24,GENERAL_RULE_EXCEPTION,2,20260821,OPTION_FORMAL_OPERATION,SELECTED,OPTION_B,CAND_002,0,文档DOC_E24_TERMS第五条确认案件事实满足第三条例外规则的所有条件（团体转入、原保障连续、30日内提交证明），第六条明确规定例外规则优先于一般规则。第三条规定满足条件的等待期为0天，故选择将值替换为0的OPTION_B。,OPTION_A=CAND_003|OPTION_B=CAND_002|OPTION_C=CAND_001,4099,json_schema,1254,91,stop,"{
  ""abstain"": false,
  ""option_id"": ""OPTION_B"",
  ""reason"": ""文档DOC_E24_TERMS第五条确认案件事实满足第三条例外规则的所有条件（团体转入、原保障连续、30日内提交证明），第六条明确规定例外规则优先于一般规则。第三条规定满足条件的等待期为0天，故选择将值替换为0的OPTION_B。""
}",,,,,,True,CAND_002,0,True
test,E24,GENERAL_RULE_EXCEPTION,2,20260821,OPTION_FORMAL_POLICY,SELECTED,OPTION_B,CAND_002,0,案件事实显示：团体转入(true)、原保障未中断(true)、证明提交第20日(<=30)。根据formal_policy规则E24_CONTINUOUS_TRANSFER_EXCEPTION（优先级300），满足所有条件，适用例外规则，等待期应为0天。OPTION_B对应新值0。,OPTION_A=CAND_003|OPTION_B=CAND_002|OPTION_C=CAND_001,4176,json_schema,1670,96,stop,"{
  ""abstain"": false,
  ""option_id"": ""OPTION_B"",
  ""reason"": ""案件事实显示：团体转入(true)、原保障未中断(true)、证明提交第20日(<=30)。根据formal_policy规则E24_CONTINUOUS_TRANSFER_EXCEPTION（优先级300），满足所有条件，适用例外规则，等待期应为0天。OPTION_B对应新值0。""
}",,,,,,True,CAND_002,0,True
test,E24,GENERAL_RULE_EXCEPTION,2,20260821,OPTION_FORMAL_POLICY_HARD_GATE,SELECTED,OPTION_B,CAND_002,0,硬门禁：规则E24_CONTINUOUS_TRANSFER_EXCEPTION唯一允许值=['0']，唯一存活候选直接选择,OPTION_A=CAND_003|OPTION_B=CAND_002|OPTION_C=CAND_001,0,formal_policy_hard_gate,0,0,,,True,E24_CONTINUOUS_TRANSFER_EXCEPTION,0,1,DETERMINISTIC_SELECT,False,CAND_002,0,True
test,E24,GENERAL_RULE_EXCEPTION,2,20260821,OPTION_DESCRIPTION,SELECTED,OPTION_B,CAND_002,0,案件事实满足例外规则第三条所有条件（合作单位团体计划转入、原保障连续有效、第20日提交证明<30日），根据第六条例外规则优先于一般规则，等待期应为0天。,OPTION_A=CAND_003|OPTION_B=CAND_002|OPTION_C=CAND_001,3580,json_schema,982,77,stop,"{
  ""abstain"": false,
  ""option_id"": ""OPTION_B"",
  ""reason"": ""案件事实满足例外规则第三条所有条件（合作单位团体计划转入、原保障连续有效、第20日提交证明<30日），根据第六条例外规则优先于一般规则，等待期应为0天。""
}",,,,,,True,CAND_002,0,True
test,E25,GENERAL_RULE_EXCEPTION,2,20260821,DIRECT_FREE,SELECTED,OPTION_B,CAND_001,15,案件事实（出生后第46日投保，健康告知无异常，无既往重疾）满足DOC_E25_TERMS第四条延迟投保规则条件（30日<46日<=90日），故适用该例外规则，等待期天数为15天。,OPTION_A=CAND_002|OPTION_B=CAND_001|OPTION_C=CAND_003,3647,json_schema,675,88,stop,"{
  ""abstain"": false,
  ""value"": ""15"",
  ""reason"": ""案件事实（出生后第46日投保，健康告知无异常，无既往重疾）满足DOC_E25_TERMS第四条延迟投保规则条件（30日<46日<=90日），故适用该例外规则，等待期天数为15天。""
}",,,,,,True,CAND_001,15,True
test,E25,GENERAL_RULE_EXCEPTION,2,20260821,VALUE_ENUM,SELECTED,OPTION_B,CAND_001,15,案件事实（出生后第46日投保）满足DOC_E25_TERMS第四条延迟投保规则条件（30-90日内且无异常），故适用15天等待期。,OPTION_A=CAND_002|OPTION_B=CAND_001|OPTION_C=CAND_003,3186,json_schema,679,72,stop,"{
  ""abstain"": false,
  ""value"": ""15"",
  ""reason"": ""案件事实（出生后第46日投保）满足DOC_E25_TERMS第四条延迟投保规则条件（30-90日内且无异常），故适用15天等待期。""
}",,,,,,True,CAND_001,15,True
test,E25,GENERAL_RULE_EXCEPTION,2,20260821,OPTION_VALUE_ONLY,SELECTED,OPTION_B,CAND_001,15,案件事实显示申请在被保险人出生后第46日提交，处于30日至90日区间内；健康告知无异常且无既往重大疾病记录。根据文档DOC_E25_TERMS第四条（延迟投保规则），此情形下疾病责任等待期按15天处理。,OPTION_A=CAND_002|OPTION_B=CAND_001|OPTION_C=CAND_003,3886,json_schema,770,90,stop,"{
  ""abstain"": false,
  ""option_id"": ""OPTION_B"",
  ""reason"": ""案件事实显示申请在被保险人出生后第46日提交，处于30日至90日区间内；健康告知无异常且无既往重大疾病记录。根据文档DOC_E25_TERMS第四条（延迟投保规则），此情形下疾病责任等待期按15天处理。""
}",,,,,,True,CAND_001,15,True
test,E25,GENERAL_RULE_EXCEPTION,2,20260821,OPTION_FORMAL_OPERATION,SELECTED,OPTION_B,CAND_001,15,案件事实显示投保时间为出生后第46日，满足'超过30日但不超过90日'的延迟投保规则条件（一般规则为60天，新生儿例外为0天），故适用15天等待期。,OPTION_A=CAND_002|OPTION_B=CAND_001|OPTION_C=CAND_003,3755,json_schema,1243,80,stop,"{
  ""abstain"": false,
  ""option_id"": ""OPTION_B"",
  ""reason"": ""案件事实显示投保时间为出生后第46日，满足'超过30日但不超过90日'的延迟投保规则条件（一般规则为60天，新生儿例外为0天），故适用15天等待期。""
}",,,,,,True,CAND_001,15,True
test,E25,GENERAL_RULE_EXCEPTION,2,20260821,OPTION_FORMAL_POLICY,SELECTED,OPTION_B,CAND_001,15,"案件事实显示投保时间为出生后第46日（大于30且小于等于90），健康告知无异常，无既往重大疾病记录。根据formal_policy规则优先级：E25_NEONATAL_EXCEPTION不满足（46>30）；E25_DELAYED_CHILD_EXCEPTION完全满足（30<46<=90, 健康正常, 无重疾），对应允许值15；E25_GENERAL等待期",OPTION_A=CAND_002|OPTION_B=CAND_001|OPTION_C=CAND_003,5161,json_schema,1692,123,stop,"{
  ""abstain"": false,
  ""option_id"": ""OPTION_B"",
  ""reason"": ""案件事实显示投保时间为出生后第46日（大于30且小于等于90），健康告知无异常，无既往重大疾病记录。根据formal_policy规则优先级：E25_NEONATAL_EXCEPTION不满足（46>30）；E25_DELAYED_CHILD_EXCEPTION完全满足（30<46<=90, 健康正常, 无重疾），对应允许值15；E25_GENERAL等待期""
}",,,,,,True,CAND_001,15,True
test,E25,GENERAL_RULE_EXCEPTION,2,20260821,OPTION_FORMAL_POLICY_HARD_GATE,SELECTED,OPTION_B,CAND_001,15,硬门禁：规则E25_DELAYED_CHILD_EXCEPTION唯一允许值=['15']，唯一存活候选直接选择,OPTION_A=CAND_002|OPTION_B=CAND_001|OPTION_C=CAND_003,0,formal_policy_hard_gate,0,0,,,True,E25_DELAYED_CHILD_EXCEPTION,15,1,DETERMINISTIC_SELECT,False,CAND_001,15,True
test,E25,GENERAL_RULE_EXCEPTION,2,20260821,OPTION_DESCRIPTION,SELECTED,OPTION_B,CAND_001,15,案件事实显示申请在第46日提交，满足'出生后超过30日但不超过90日'的条件（46在30-90区间），且健康告知无异常、无既往重疾记录。根据文档第四条延迟投保规则，适用15天等待期。,OPTION_A=CAND_002|OPTION_B=CAND_001|OPTION_C=CAND_003,3913,json_schema,972,90,stop,"{
  ""abstain"": false,
  ""option_id"": ""OPTION_B"",
  ""reason"": ""案件事实显示申请在第46日提交，满足'出生后超过30日但不超过90日'的条件（46在30-90区间），且健康告知无异常、无既往重疾记录。根据文档第四条延迟投保规则，适用15天等待期。""
}",,,,,,True,CAND_001,15,True
test,E26,GENERAL_RULE_EXCEPTION,2,20260821,DIRECT_FREE,SELECTED,OPTION_C,CAND_002,30,案件事实（第18日提交）满足第三条逾期补交规则条件（第16-30日），且该规则明确优先于一般规则；第五条进一步确认逾期不得按0天处理，故适用30天。,OPTION_A=CAND_001|OPTION_B=CAND_003|OPTION_C=CAND_002,3446,json_schema,675,80,stop,"{
  ""abstain"": false,
  ""value"": ""30"",
  ""reason"": ""案件事实（第18日提交）满足第三条逾期补交规则条件（第16-30日），且该规则明确优先于一般规则；第五条进一步确认逾期不得按0天处理，故适用30天。""
}",,,,,,True,CAND_002,30,True
test,E26,GENERAL_RULE_EXCEPTION,2,20260821,VALUE_ENUM,SELECTED,OPTION_C,CAND_002,30,案件事实（第18日提交）满足DOC_E26_TERMS第三条逾期补交规则条件（16-30日），且该条款明确优先于一般规则及第五条解释。,OPTION_A=CAND_001|OPTION_B=CAND_003|OPTION_C=CAND_002,3210,json_schema,679,73,stop,"{
  ""abstain"": false,
  ""value"": ""30"",
  ""reason"": ""案件事实（第18日提交）满足DOC_E26_TERMS第三条逾期补交规则条件（16-30日），且该条款明确优先于一般规则及第五条解释。""
}",,,,,,True,CAND_002,30,True
test,E26,GENERAL_RULE_EXCEPTION,2,20260821,OPTION_VALUE_ONLY,SELECTED,OPTION_C,CAND_002,30,根据文档DOC_E26_TERMS第四条，本案属于团体转入且原保障未中断，连续保障证明在申请后第18日提交（属于第16日至第30日的逾期补交范围），并经核保确认有效。依据第三条及第五条，逾期补交且有效的情况等待期按30天处理，该规则优先于一般规则（90天）且排除0天规则。因此适用值为30。,OPTION_A=CAND_001|OPTION_B=CAND_003|OPTION_C=CAND_002,4918,json_schema,770,123,stop,"{
  ""abstain"": false,
  ""option_id"": ""OPTION_C"",
  ""reason"": ""根据文档DOC_E26_TERMS第四条，本案属于团体转入且原保障未中断，连续保障证明在申请后第18日提交（属于第16日至第30日的逾期补交范围），并经核保确认有效。依据第三条及第五条，逾期补交且有效的情况等待期按30天处理，该规则优先于一般规则（90天）且排除0天规则。因此适用值为30。""
}",,,,,,True,CAND_002,30,True
test,E26,GENERAL_RULE_EXCEPTION,2,20260821,OPTION_FORMAL_OPERATION,SELECTED,OPTION_C,CAND_002,30,案件上下文显示连续保障证明在申请后第18日提交（属于第16日至第30日的逾期补交区间），且经核保确认有效。根据文档DOC_E26_TERMS第三条，此情形下等待期按30天处理；第五条明确排除0天适用性。因此选择OPTION_C将值设为30。,OPTION_A=CAND_001|OPTION_B=CAND_003|OPTION_C=CAND_002,4501,json_schema,1243,105,stop,"{
  ""abstain"": false,
  ""option_id"": ""OPTION_C"",
  ""reason"": ""案件上下文显示连续保障证明在申请后第18日提交（属于第16日至第30日的逾期补交区间），且经核保确认有效。根据文档DOC_E26_TERMS第三条，此情形下等待期按30天处理；第五条明确排除0天适用性。因此选择OPTION_C将值设为30。""
}",,,,,,True,CAND_002,30,True
test,E26,GENERAL_RULE_EXCEPTION,2,20260821,OPTION_FORMAL_POLICY,SELECTED,OPTION_C,CAND_002,30,案件事实显示连续保障证明在第18日提交（大于15日且小于等于30日），符合formal_policy中E26_LATE_PROOF_PARTIAL_EXCEPTION规则条件，该规则允许值为30。文档DOC_E26_TERMS第四条和第五条确认了第18日提交且核保有效的情形适用逾期补交规则（30天）。因此选择OPTION_C将等待期设为30天。,OPTION_A=CAND_001|OPTION_B=CAND_003|OPTION_C=CAND_002,5143,json_schema,1798,123,stop,"{
  ""abstain"": false,
  ""option_id"": ""OPTION_C"",
  ""reason"": ""案件事实显示连续保障证明在第18日提交（大于15日且小于等于30日），符合formal_policy中E26_LATE_PROOF_PARTIAL_EXCEPTION规则条件，该规则允许值为30。文档DOC_E26_TERMS第四条和第五条确认了第18日提交且核保有效的情形适用逾期补交规则（30天）。因此选择OPTION_C将等待期设为30天。""
}",,,,,,True,CAND_002,30,True
test,E26,GENERAL_RULE_EXCEPTION,2,20260821,OPTION_FORMAL_POLICY_HARD_GATE,SELECTED,OPTION_C,CAND_002,30,硬门禁：规则E26_LATE_PROOF_PARTIAL_EXCEPTION唯一允许值=['30']，唯一存活候选直接选择,OPTION_A=CAND_001|OPTION_B=CAND_003|OPTION_C=CAND_002,0,formal_policy_hard_gate,0,0,,,True,E26_LATE_PROOF_PARTIAL_EXCEPTION,30,1,DETERMINISTIC_SELECT,False,CAND_002,30,True
test,E26,GENERAL_RULE_EXCEPTION,2,20260821,OPTION_DESCRIPTION,SELECTED,OPTION_C,CAND_002,30,案件事实为团体转入且原保障未中断，但连续保障证明在第18日提交（属于第16日至第30日的逾期区间），并已由核保确认有效。根据文档DOC_E26_TERMS第三条‘逾期补交规则’，此情形下等待期按30天处理；第五条明确解释0天仅适用于15日内提交，故排除OPTION_A；因满足逾期条件而非首次投保或15日内提交，排除OPTION_B。,OPTION_A=CAND_001|OPTION_B=CAND_003|OPTION_C=CAND_002,5183,json_schema,974,131,stop,"{
  ""abstain"": false,
  ""option_id"": ""OPTION_C"",
  ""reason"": ""案件事实为团体转入且原保障未中断，但连续保障证明在第18日提交（属于第16日至第30日的逾期区间），并已由核保确认有效。根据文档DOC_E26_TERMS第三条‘逾期补交规则’，此情形下等待期按30天处理；第五条明确解释0天仅适用于15日内提交，故排除OPTION_A；因满足逾期条件而非首次投保或15日内提交，排除OPTION_B。""
}",,,,,,True,CAND_002,30,True
test,E27,GENERAL_RULE_EXCEPTION,2,20260821,DIRECT_FREE,ABSTAIN,,,,文档 DOC_E27_TERMS 第三条明确声明‘规则代码到天数的映射由候选修复表维护，正文不重复列示天数’。当前提供的文档中未包含将 WAIT-CODE-LATE-PROOF 映射为具体等待期天数的候选修复表或数值定义。依据指令‘证据不足必须 ABSTAIN'且禁止外部常识，无法确定 value。,OPTION_A=CAND_003|OPTION_B=CAND_002|OPTION_C=CAND_001,4235,json_schema,602,107,stop,"{
  ""abstain"": true,
  ""value"": """",
  ""reason"": ""文档 DOC_E27_TERMS 第三条明确声明‘规则代码到天数的映射由候选修复表维护，正文不重复列示天数’。当前提供的文档中未包含将 WAIT-CODE-LATE-PROOF 映射为具体等待期天数的候选修复表或数值定义。依据指令‘证据不足必须 ABSTAIN'且禁止外部常识，无法确定 value。""
}",,,,,,True,CAND_002,30,False
test,E27,GENERAL_RULE_EXCEPTION,2,20260821,VALUE_ENUM,ABSTAIN,,,,文档 DOC_E27_TERMS 第三条明确声明‘正文不重复列示天数’，且规则代码 WAIT-CODE-LATE-PROOF 对应的具体天数需由‘候选修复表’维护。当前提供的文档列表中不存在该候选修复表或包含映射关系的文件，因此无法依据给定上下文和文档确定具体的等待期天数。,OPTION_A=CAND_003|OPTION_B=CAND_002|OPTION_C=CAND_001,3977,json_schema,606,102,stop,"{
  ""abstain"": true,
  ""value"": ""ABSTAIN"",
  ""reason"": ""文档 DOC_E27_TERMS 第三条明确声明‘正文不重复列示天数’，且规则代码 WAIT-CODE-LATE-PROOF 对应的具体天数需由‘候选修复表’维护。当前提供的文档列表中不存在该候选修复表或包含映射关系的文件，因此无法依据给定上下文和文档确定具体的等待期天数。""
}",,,,,,True,CAND_002,30,False
test,E27,GENERAL_RULE_EXCEPTION,2,20260821,OPTION_VALUE_ONLY,ABSTAIN,,,,文档 DOC_E27_TERMS 第三条规定‘规则代码到天数的映射由候选修复表维护，正文不重复列示天数’。当前提供的文档中仅包含规则代码 WAIT-CODE-LATE-PROOF 的触发条件及与其他代码的区别，未提供该代码具体对应的等待期天数（候选修复表缺失）。因此无法依据给定文档确定具体数值，证据不足。,OPTION_A=CAND_003|OPTION_B=CAND_002|OPTION_C=CAND_001,4606,json_schema,697,113,stop,"{
  ""abstain"": true,
  ""option_id"": ""ABSTAIN"",
  ""reason"": ""文档 DOC_E27_TERMS 第三条规定‘规则代码到天数的映射由候选修复表维护，正文不重复列示天数’。当前提供的文档中仅包含规则代码 WAIT-CODE-LATE-PROOF 的触发条件及与其他代码的区别，未提供该代码具体对应的等待期天数（候选修复表缺失）。因此无法依据给定文档确定具体数值，证据不足。""
}",,,,,,True,CAND_002,30,False
test,E27,GENERAL_RULE_EXCEPTION,2,20260821,OPTION_FORMAL_OPERATION,SELECTED,OPTION_C,CAND_001,0,文档 DOC_E27_TERMS 第三条规定‘本体更新只采用等待期规则代码对应的候选修复’，且第二条指出 WAIT-CODE-LATE-PROOF 适用于有连续保障证明（D_PLUS_18）的团体转入情形。结合上下文‘原保障未中断’及核保状态 CONFIRMED_VALID，该情形符合免除等待期的逻辑（即有效证明导致等待期重置为0）。文档明确禁止正文列示天数,OPTION_A=CAND_003|OPTION_B=CAND_002|OPTION_C=CAND_001,5206,json_schema,1170,126,stop,"{
  ""abstain"": false,
  ""option_id"": ""OPTION_C"",
  ""reason"": ""文档 DOC_E27_TERMS 第三条规定‘本体更新只采用等待期规则代码对应的候选修复’，且第二条指出 WAIT-CODE-LATE-PROOF 适用于有连续保障证明（D_PLUS_18）的团体转入情形。结合上下文‘原保障未中断’及核保状态 CONFIRMED_VALID，该情形符合免除等待期的逻辑（即有效证明导致等待期重置为0）。文档明确禁止正文列示天数""
}",,,,,,True,CAND_002,30,False
test,E27,GENERAL_RULE_EXCEPTION,2,20260821,OPTION_FORMAL_POLICY,SELECTED,OPTION_B,CAND_002,30,根据 formal_policy 规则 E27_WAIT_LATE_PROOF（优先级 250），当 waiting_code 为 WAIT-CODE-LATE-PROOF 且 proof_confirmed_valid 为 true 时，适用 allowed_values 为 [,OPTION_A=CAND_003|OPTION_B=CAND_002|OPTION_C=CAND_001,3775,json_schema,1530,81,stop,"{
  ""abstain"": false,
  ""option_id"": ""OPTION_B"",
  ""reason"": ""根据 formal_policy 规则 E27_WAIT_LATE_PROOF（优先级 250），当 waiting_code 为 WAIT-CODE-LATE-PROOF 且 proof_confirmed_valid 为 true 时，适用 allowed_values 为 ["" }",,,,,,True,CAND_002,30,True
test,E27,GENERAL_RULE_EXCEPTION,2,20260821,OPTION_FORMAL_POLICY_HARD_GATE,SELECTED,OPTION_B,CAND_002,30,硬门禁：规则E27_WAIT_LATE_PROOF唯一允许值=['30']，唯一存活候选直接选择,OPTION_A=CAND_003|OPTION_B=CAND_002|OPTION_C=CAND_001,0,formal_policy_hard_gate,0,0,,,True,E27_WAIT_LATE_PROOF,30,1,DETERMINISTIC_SELECT,False,CAND_002,30,True
test,E27,GENERAL_RULE_EXCEPTION,2,20260821,OPTION_DESCRIPTION,SELECTED,OPTION_B,CAND_002,30,案件上下文显示规则引擎返回 WAIT-CODE-LATE-PROOF。文档 DOC_E27_TERMS 第二条明确指出 WAIT-CODE-LATE-PROOF 是本案适用的代码（WAIT-CODE-WAIVER 仅适用于准时提交，WAIT-CODE-GENERAL 仅适用于无有效团体转入证明）。根据 OPTION_B 的描述，该选项按 WAIT-CODE-,OPTION_A=CAND_003|OPTION_B=CAND_002|OPTION_C=CAND_001,4569,json_schema,911,109,stop,"{
  ""abstain"": false,
  ""option_id"": ""OPTION_B"",
  ""reason"": ""案件上下文显示规则引擎返回 WAIT-CODE-LATE-PROOF。文档 DOC_E27_TERMS 第二条明确指出 WAIT-CODE-LATE-PROOF 是本案适用的代码（WAIT-CODE-WAIVER 仅适用于准时提交，WAIT-CODE-GENERAL 仅适用于无有效团体转入证明）。根据 OPTION_B 的描述，该选项按 WAIT-CODE-""
}",,,,,,True,CAND_002,30,True
test,E34,CROSS_SENTENCE_SCOPE,2,20260821,DIRECT_FREE,SELECTED,OPTION_C,CAND_003,24,DOC_E34_TERMS 生效日期为 2026-08-01，满足适用条件。投保记录勾选长期照护附加责任（触发第三条调整为 24 个月），核保确认未选择费用垫付责任（不触发第四条例外限制）。依据第七条跨句指代规则，综合附加责任选择与否定确认后确定数值为 24。,OPTION_A=CAND_001|OPTION_B=CAND_002|OPTION_C=CAND_003,4318,json_schema,671,110,stop,"{
  ""abstain"": false,
  ""value"": ""24"",
  ""reason"": ""DOC_E34_TERMS 生效日期为 2026-08-01，满足适用条件。投保记录勾选长期照护附加责任（触发第三条调整为 24 个月），核保确认未选择费用垫付责任（不触发第四条例外限制）。依据第七条跨句指代规则，综合附加责任选择与否定确认后确定数值为 24。""
}",,,,,,True,CAND_003,24,True
test,E34,CROSS_SENTENCE_SCOPE,2,20260821,VALUE_ENUM,SELECTED,OPTION_C,CAND_003,24,DOC_E34_TERMS 生效且权威。投保记录满足‘选择长期照护附加责任’（第三条），核保确认满足‘未选择费用垫付责任’（第四条）。根据例外限制，不触发18个月规则；根据一般规则与第三条，适用24个月。,OPTION_A=CAND_001|OPTION_B=CAND_002|OPTION_C=CAND_003,3670,json_schema,675,90,stop,"{
  ""abstain"": false,
  ""value"": ""24"",
  ""reason"": ""DOC_E34_TERMS 生效且权威。投保记录满足‘选择长期照护附加责任’（第三条），核保确认满足‘未选择费用垫付责任’（第四条）。根据例外限制，不触发18个月规则；根据一般规则与第三条，适用24个月。""
}",,,,,,True,CAND_003,24,True
test,E34,CROSS_SENTENCE_SCOPE,2,20260821,OPTION_VALUE_ONLY,SELECTED,OPTION_C,CAND_003,24,依据DOC_E34_TERMS条款：1. 投保记录显示选择长期照护附加责任（第五条），触发第三条例外规则，期限调整为24个月。2. 核保确认未选择费用垫付责任（第六条），满足第四条例外限制中‘不适用’的前提，因此不执行按18个月处理的规则。3. 综合跨句指代与条件判断，最终适用值为24个月。,OPTION_A=CAND_001|OPTION_B=CAND_002|OPTION_C=CAND_003,4712,json_schema,767,117,stop,"{
  ""abstain"": false,
  ""option_id"": ""OPTION_C"",
  ""reason"": ""依据DOC_E34_TERMS条款：1. 投保记录显示选择长期照护附加责任（第五条），触发第三条例外规则，期限调整为24个月。2. 核保确认未选择费用垫付责任（第六条），满足第四条例外限制中‘不适用’的前提，因此不执行按18个月处理的规则。3. 综合跨句指代与条件判断，最终适用值为24个月。""
}",,,,,,True,CAND_003,24,True
test,E34,CROSS_SENTENCE_SCOPE,2,20260821,OPTION_FORMAL_OPERATION,SELECTED,OPTION_C,CAND_003,24,文档DOC_E34_TERMS生效日期为2026-08-01，适用于本案。根据一般规则（第二条），基础保障期限为12个月；但投保方案选择了长期照护附加责任（第五条），触发例外规则（第三条），期限调整为24个月。同时核保确认未选择费用垫付责任（第六条），因此不适用第四条的18个月限制。最终确定保险期限为24个月，对应OPTION_C。,OPTION_A=CAND_001|OPTION_B=CAND_002|OPTION_C=CAND_003,5046,json_schema,1243,123,stop,"{
  ""abstain"": false,
  ""option_id"": ""OPTION_C"",
  ""reason"": ""文档DOC_E34_TERMS生效日期为2026-08-01，适用于本案。根据一般规则（第二条），基础保障期限为12个月；但投保方案选择了长期照护附加责任（第五条），触发例外规则（第三条），期限调整为24个月。同时核保确认未选择费用垫付责任（第六条），因此不适用第四条的18个月限制。最终确定保险期限为24个月，对应OPTION_C。""
}",,,,,,True,CAND_003,24,True
test,E34,CROSS_SENTENCE_SCOPE,2,20260821,OPTION_FORMAL_POLICY,SELECTED,OPTION_C,CAND_003,24,根据formal_policy事实：long_term_care_addon_selected=true且expense_advance_selected=false。规则E34_LONG_TERM_CARE_EXTENSION（优先级250）条件完全满足，允许值为'24'。选项OPTION_C的新值'24'符合该规则。,OPTION_A=CAND_001|OPTION_B=CAND_002|OPTION_C=CAND_003,4112,json_schema,1649,90,stop,"{
  ""abstain"": false,
  ""option_id"": ""OPTION_C"",
  ""reason"": ""根据formal_policy事实：long_term_care_addon_selected=true且expense_advance_selected=false。规则E34_LONG_TERM_CARE_EXTENSION（优先级250）条件完全满足，允许值为'24'。选项OPTION_C的新值'24'符合该规则。""
}",,,,,,True,CAND_003,24,True
test,E34,CROSS_SENTENCE_SCOPE,2,20260821,OPTION_FORMAL_POLICY_HARD_GATE,SELECTED,OPTION_C,CAND_003,24,硬门禁：规则E34_LONG_TERM_CARE_EXTENSION唯一允许值=['24']，唯一存活候选直接选择,OPTION_A=CAND_001|OPTION_B=CAND_002|OPTION_C=CAND_003,0,formal_policy_hard_gate,0,0,,,True,E34_LONG_TERM_CARE_EXTENSION,24,1,DETERMINISTIC_SELECT,False,CAND_003,24,True
test,E34,CROSS_SENTENCE_SCOPE,2,20260821,OPTION_DESCRIPTION,SELECTED,OPTION_C,CAND_003,24,文档DOC_E34_TERMS生效日期为2026-08-01，覆盖案件时间。根据一般规则（第二条），基础期限为12个月；但第五条确认选择了长期照护附加责任，触发第三条例外规则将期限调整为24个月。第六条确认未选择费用垫付责任，因此第四条例外限制不适用。综合跨句指代与条件满足情况，最终适用值为24个月。,OPTION_A=CAND_001|OPTION_B=CAND_002|OPTION_C=CAND_003,4705,json_schema,969,118,stop,"{
  ""abstain"": false,
  ""option_id"": ""OPTION_C"",
  ""reason"": ""文档DOC_E34_TERMS生效日期为2026-08-01，覆盖案件时间。根据一般规则（第二条），基础期限为12个月；但第五条确认选择了长期照护附加责任，触发第三条例外规则将期限调整为24个月。第六条确认未选择费用垫付责任，因此第四条例外限制不适用。综合跨句指代与条件满足情况，最终适用值为24个月。""
}",,,,,,True,CAND_003,24,True
test,E35,CROSS_SENTENCE_SCOPE,2,20260821,DIRECT_FREE,SELECTED,OPTION_A,CAND_001,18,文档DOC_E35_TERMS生效日期为2026-08-01，适用于当前申请。被保险人年龄58周岁（满足第五条不超过60周岁的条件），选择了癌症门诊扩展责任（第三条适用），未选择境外就医责任（第四条不适用）。根据一般规则与例外规则优先级，适用第三条，保险期限为18个月。,OPTION_A=CAND_001|OPTION_B=CAND_003|OPTION_C=CAND_002,4202,json_schema,703,104,stop,"{
  ""abstain"": false,
  ""value"": ""18"",
  ""reason"": ""文档DOC_E35_TERMS生效日期为2026-08-01，适用于当前申请。被保险人年龄58周岁（满足第五条不超过60周岁的条件），选择了癌症门诊扩展责任（第三条适用），未选择境外就医责任（第四条不适用）。根据一般规则与例外规则优先级，适用第三条，保险期限为18个月。""
}",,,,,,True,CAND_001,18,True
test,E35,CROSS_SENTENCE_SCOPE,2,20260821,VALUE_ENUM,SELECTED,OPTION_A,CAND_001,18,根据DOC_E35_TERMS第五条，延长期限适用条件为被保险人年龄不超过60周岁（本案58岁满足）；根据第三条，选择癌症门诊扩展责任时期限为18个月；根据第七条确认未选择境外就医责任，故第四条组合规则不适用。综合判定保险期限月数为18。,OPTION_A=CAND_001|OPTION_B=CAND_003|OPTION_C=CAND_002,3874,json_schema,707,98,stop,"{
  ""abstain"": false,
  ""value"": ""18"",
  ""reason"": ""根据DOC_E35_TERMS第五条，延长期限适用条件为被保险人年龄不超过60周岁（本案58岁满足）；根据第三条，选择癌症门诊扩展责任时期限为18个月；根据第七条确认未选择境外就医责任，故第四条组合规则不适用。综合判定保险期限月数为18。""
}",,,,,,True,CAND_001,18,True
test,E35,CROSS_SENTENCE_SCOPE,2,20260821,OPTION_VALUE_ONLY,SELECTED,OPTION_A,CAND_001,18,根据文档DOC_E35_TERMS，被保险人年龄58周岁（满足第五条不超过60周岁的条件），选择了癌症门诊扩展责任（触发第三条18个月），且未选择境外就医责任（不触发第四条24个月）。综合一般规则、例外规则及作用域限制，适用期限为18个月。,OPTION_A=CAND_001|OPTION_B=CAND_003|OPTION_C=CAND_002,4117,json_schema,799,96,stop,"{
  ""abstain"": false,
  ""option_id"": ""OPTION_A"",
  ""reason"": ""根据文档DOC_E35_TERMS，被保险人年龄58周岁（满足第五条不超过60周岁的条件），选择了癌症门诊扩展责任（触发第三条18个月），且未选择境外就医责任（不触发第四条24个月）。综合一般规则、例外规则及作用域限制，适用期限为18个月。""
}",,,,,,True,CAND_001,18,True
test,E35,CROSS_SENTENCE_SCOPE,2,20260821,OPTION_FORMAL_OPERATION,SELECTED,OPTION_A,CAND_001,18,文档DOC_E35_TERMS第三条规定选择癌症门诊扩展责任时保险期限为18个月；第五条限制延长期限仅适用于被保险人年龄不超过60周岁。案件上下文确认被保险人为58周岁且未选择境外就医责任，满足第三条适用条件且不触发第四条组合规则或第五条排除条件，故应采纳OPTION_A（18个月）。,OPTION_A=CAND_001|OPTION_B=CAND_003|OPTION_C=CAND_002,4583,json_schema,1275,106,stop,"{
  ""abstain"": false,
  ""option_id"": ""OPTION_A"",
  ""reason"": ""文档DOC_E35_TERMS第三条规定选择癌症门诊扩展责任时保险期限为18个月；第五条限制延长期限仅适用于被保险人年龄不超过60周岁。案件上下文确认被保险人为58周岁且未选择境外就医责任，满足第三条适用条件且不触发第四条组合规则或第五条排除条件，故应采纳OPTION_A（18个月）。""
}",,,,,,True,CAND_001,18,True
test,E35,CROSS_SENTENCE_SCOPE,2,20260821,OPTION_FORMAL_POLICY,SELECTED,OPTION_A,CAND_001,18,事实确认：被保险人年龄58周岁（<=60），勾选癌症门诊扩展责任，未勾选境外就医责任。规则匹配：E35_CANCER_OUTPATIENT_EXTENSION（优先级250）条件满足，允许值18。规则冲突检查：E35_COMBINED_EXTENSION因overseas_medical_selected为false不满足；E35_AGE_SCOPE_LIM,OPTION_A=CAND_001|OPTION_B=CAND_003|OPTION_C=CAND_002,5114,json_schema,1857,114,stop,"{
  ""abstain"": false,
  ""option_id"": ""OPTION_A"",
  ""reason"": ""事实确认：被保险人年龄58周岁（<=60），勾选癌症门诊扩展责任，未勾选境外就医责任。规则匹配：E35_CANCER_OUTPATIENT_EXTENSION（优先级250）条件满足，允许值18。规则冲突检查：E35_COMBINED_EXTENSION因overseas_medical_selected为false不满足；E35_AGE_SCOPE_LIM""
}",,,,,,True,CAND_001,18,True
test,E35,CROSS_SENTENCE_SCOPE,2,20260821,OPTION_FORMAL_POLICY_HARD_GATE,SELECTED,OPTION_A,CAND_001,18,硬门禁：规则E35_CANCER_OUTPATIENT_EXTENSION唯一允许值=['18']，唯一存活候选直接选择,OPTION_A=CAND_001|OPTION_B=CAND_003|OPTION_C=CAND_002,0,formal_policy_hard_gate,0,0,,,True,E35_CANCER_OUTPATIENT_EXTENSION,18,1,DETERMINISTIC_SELECT,False,CAND_001,18,True
test,E35,CROSS_SENTENCE_SCOPE,2,20260821,OPTION_DESCRIPTION,SELECTED,OPTION_A,CAND_001,18,文档DOC_E35_TERMS生效（2026-08-01），适用条件满足（投保后、选癌症门诊）。一般规则为12个月，例外规则第三条规定选癌症门诊扩展责任时调整为18个月。第五条作用域限制要求年龄不超过60周岁，本案被保险人58周岁，满足条件。第七条补充确认明确未选择境外就医责任，故第四条组合规则不适用。综上，应适用第三条，保险期限为18个月（OPTION_A,OPTION_A=CAND_001|OPTION_B=CAND_003|OPTION_C=CAND_002,5158,json_schema,1001,133,stop,"{
  ""abstain"": false,
  ""option_id"": ""OPTION_A"",
  ""reason"": ""文档DOC_E35_TERMS生效（2026-08-01），适用条件满足（投保后、选癌症门诊）。一般规则为12个月，例外规则第三条规定选癌症门诊扩展责任时调整为18个月。第五条作用域限制要求年龄不超过60周岁，本案被保险人58周岁，满足条件。第七条补充确认明确未选择境外就医责任，故第四条组合规则不适用。综上，应适用第三条，保险期限为18个月（OPTION_A""
}",,,,,,True,CAND_001,18,True
test,E36,CROSS_SENTENCE_SCOPE,2,20260821,DIRECT_FREE,SELECTED,OPTION_A,CAND_002,18,根据DOC_E36_TERMS第五条和第六条，慢病管理附加责任已在承保前取消，不参与期限计算；远程问诊附加责任有效且未被取消。依据第二条，选择远程问诊附加责任时保险期限为18个月。,OPTION_A=CAND_002|OPTION_B=CAND_001|OPTION_C=CAND_003,3418,json_schema,663,79,stop,"{
  ""abstain"": false,
  ""value"": ""18"",
  ""reason"": ""根据DOC_E36_TERMS第五条和第六条，慢病管理附加责任已在承保前取消，不参与期限计算；远程问诊附加责任有效且未被取消。依据第二条，选择远程问诊附加责任时保险期限为18个月。""
}",,,,,,True,CAND_002,18,True
test,E36,CROSS_SENTENCE_SCOPE,2,20260821,VALUE_ENUM,SELECTED,OPTION_A,CAND_002,18,根据DOC_E36_TERMS第五条和第六条，慢病管理附加责任已在承保前取消，不参与期限计算；远程问诊附加责任有效且未被取消，依据第二条，保险期限调整为18个月。,OPTION_A=CAND_002|OPTION_B=CAND_001|OPTION_C=CAND_003,3167,json_schema,667,74,stop,"{
  ""abstain"": false,
  ""value"": ""18"",
  ""reason"": ""根据DOC_E36_TERMS第五条和第六条，慢病管理附加责任已在承保前取消，不参与期限计算；远程问诊附加责任有效且未被取消，依据第二条，保险期限调整为18个月。""
}",,,,,,True,CAND_002,18,True
test,E36,CROSS_SENTENCE_SCOPE,2,20260821,OPTION_VALUE_ONLY,SELECTED,OPTION_A,CAND_002,18,根据文档DOC_E36_TERMS，投保申请勾选了远程问诊附加责任（有效），曾预选慢病管理但核保确认显示已在承保前取消。依据第六条适用范围及第三条、第五条，被取消的慢病管理不参与计算，仅生效的远程问诊适用第二条，保险期限为18个月。,OPTION_A=CAND_002|OPTION_B=CAND_001|OPTION_C=CAND_003,4134,json_schema,759,96,stop,"{
  ""abstain"": false,
  ""option_id"": ""OPTION_A"",
  ""reason"": ""根据文档DOC_E36_TERMS，投保申请勾选了远程问诊附加责任（有效），曾预选慢病管理但核保确认显示已在承保前取消。依据第六条适用范围及第三条、第五条，被取消的慢病管理不参与计算，仅生效的远程问诊适用第二条，保险期限为18个月。""
}",,,,,,True,CAND_002,18,True
test,E36,CROSS_SENTENCE_SCOPE,2,20260821,OPTION_FORMAL_OPERATION,SELECTED,OPTION_A,CAND_002,18,根据文档DOC_E36_TERMS第五条和第六条，慢病管理附加责任已在承保前取消，故不参与期限计算；远程问诊附加责任有效。依据第二条，选择远程问诊时期限为18个月。选项A将值设为18，符合规则。,OPTION_A=CAND_002|OPTION_B=CAND_001|OPTION_C=CAND_003,4145,json_schema,1235,87,stop,"{
  ""abstain"": false,
  ""option_id"": ""OPTION_A"",
  ""reason"": ""根据文档DOC_E36_TERMS第五条和第六条，慢病管理附加责任已在承保前取消，故不参与期限计算；远程问诊附加责任有效。依据第二条，选择远程问诊时期限为18个月。选项A将值设为18，符合规则。""
}",,,,,,True,CAND_002,18,True
test,E36,CROSS_SENTENCE_SCOPE,2,20260821,OPTION_FORMAL_POLICY,SELECTED,OPTION_A,CAND_002,18,根据formal_policy规则优先级：E36_CHRONIC_MANAGEMENT_ACTIVE要求chronic_management_cancelled_before_underwriting为false，但本案事实为true，故不匹配。E36_TELEMEDICINE_ACTIVE仅要求telemedicine_addon_selected为真（本,OPTION_A=CAND_002|OPTION_B=CAND_001|OPTION_C=CAND_003,4241,json_schema,1593,89,stop,"{
  ""abstain"": false,
  ""option_id"": ""OPTION_A"",
  ""reason"": ""根据formal_policy规则优先级：E36_CHRONIC_MANAGEMENT_ACTIVE要求chronic_management_cancelled_before_underwriting为false，但本案事实为true，故不匹配。E36_TELEMEDICINE_ACTIVE仅要求telemedicine_addon_selected为真（本""
}",,,,,,True,CAND_002,18,True
test,E36,CROSS_SENTENCE_SCOPE,2,20260821,OPTION_FORMAL_POLICY_HARD_GATE,SELECTED,OPTION_A,CAND_002,18,硬门禁：规则E36_TELEMEDICINE_ACTIVE唯一允许值=['18']，唯一存活候选直接选择,OPTION_A=CAND_002|OPTION_B=CAND_001|OPTION_C=CAND_003,0,formal_policy_hard_gate,0,0,,,True,E36_TELEMEDICINE_ACTIVE,18,1,DETERMINISTIC_SELECT,False,CAND_002,18,True
test,E36,CROSS_SENTENCE_SCOPE,2,20260821,OPTION_DESCRIPTION,SELECTED,OPTION_A,CAND_002,18,文档DOC_E36_TERMS第五条明确记载慢病管理附加责任已在承保前取消，第六条规定被取消的附加责任不参与保险期限计算。因此，尽管投保申请曾预选慢病管理，但其24个月期限不适用。投保申请勾选了远程问诊附加责任且该责任有效（第五条），根据第二条，选择远程问诊时保险期限为18个月。基础保障期限（12个月）因选择了远程问诊而被调整，故不适用OPTION_B。,OPTION_A=CAND_002|OPTION_B=CAND_001|OPTION_C=CAND_003,4993,json_schema,963,129,stop,"{
  ""abstain"": false,
  ""option_id"": ""OPTION_A"",
  ""reason"": ""文档DOC_E36_TERMS第五条明确记载慢病管理附加责任已在承保前取消，第六条规定被取消的附加责任不参与保险期限计算。因此，尽管投保申请曾预选慢病管理，但其24个月期限不适用。投保申请勾选了远程问诊附加责任且该责任有效（第五条），根据第二条，选择远程问诊时保险期限为18个月。基础保障期限（12个月）因选择了远程问诊而被调整，故不适用OPTION_B。""
}",,,,,,True,CAND_002,18,True
test,E37,CROSS_SENTENCE_SCOPE,2,20260821,DIRECT_FREE,ABSTAIN,,,,文档 DOC_E37_TERMS 明确声明正文不重复列示月数，且规则代码到月数的映射由候选修复表维护。当前上下文中未提供该候选修复表或具体映射关系，无法确定 DURATION-CODE-REMOTE 对应的具体月数值。,OPTION_A=CAND_001|OPTION_B=CAND_003|OPTION_C=CAND_002,3537,json_schema,603,86,stop,"{
  ""abstain"": true,
  ""value"": """",
  ""reason"": ""文档 DOC_E37_TERMS 明确声明正文不重复列示月数，且规则代码到月数的映射由候选修复表维护。当前上下文中未提供该候选修复表或具体映射关系，无法确定 DURATION-CODE-REMOTE 对应的具体月数值。""
}",,,,,,True,CAND_002,18,False
test,E37,CROSS_SENTENCE_SCOPE,2,20260821,VALUE_ENUM,ABSTAIN,,,,文档 DOC_E37_TERMS 仅声明规则代码到月数的映射由候选修复表维护，正文未直接列示 DURATION-CODE-REMOTE 对应的具体月数数值。依据指令'证据不足则ABSTAIN'，无法从给定文档中确定具体值。,OPTION_A=CAND_001|OPTION_B=CAND_003|OPTION_C=CAND_002,3646,json_schema,607,90,stop,"{
  ""abstain"": true,
  ""value"": ""ABSTAIN"",
  ""reason"": ""文档 DOC_E37_TERMS 仅声明规则代码到月数的映射由候选修复表维护，正文未直接列示 DURATION-CODE-REMOTE 对应的具体月数数值。依据指令'证据不足则ABSTAIN'，无法从给定文档中确定具体值。""
}",,,,,,True,CAND_002,18,False
test,E37,CROSS_SENTENCE_SCOPE,2,20260821,OPTION_VALUE_ONLY,SELECTED,OPTION_A,CAND_001,12,文档 DOC_E37_TERMS 生效时间 (2026-08-20) 早于案件上下文隐含的当前时间，且为最高权威度 (100)。条款第二条明确规则引擎输出 DURATION-CODE-REMOTE。结合投保申请保留远程问诊附加责任、取消慢病管理附加责任的上下文，DURATION-CODE-REMOTE 对应远程问诊情形。根据第三条，月数由候选修复表维护，但本,OPTION_A=CAND_001|OPTION_B=CAND_003|OPTION_C=CAND_002,5055,json_schema,699,127,stop,"{
  ""abstain"": false,
  ""option_id"": ""OPTION_A"",
  ""reason"": ""文档 DOC_E37_TERMS 生效时间 (2026-08-20) 早于案件上下文隐含的当前时间，且为最高权威度 (100)。条款第二条明确规则引擎输出 DURATION-CODE-REMOTE。结合投保申请保留远程问诊附加责任、取消慢病管理附加责任的上下文，DURATION-CODE-REMOTE 对应远程问诊情形。根据第三条，月数由候选修复表维护，但本""
}",,,,,,True,CAND_002,18,False
test,E37,CROSS_SENTENCE_SCOPE,2,20260821,OPTION_FORMAL_OPERATION,ABSTAIN,,,,文档 DOC_E37_TERMS 仅声明规则代码 DURATION-CODE-REMOTE 对应的月数由候选修复表维护，正文未列示具体映射关系。案件上下文中未提供该候选修复表或任何能将 DURATION-CODE-REMOTE 映射为 12、18 或 24 的具体数值依据。根据指令‘证据不足必须 ABSTAIN'，无法在给定选项中确定正确值。,OPTION_A=CAND_001|OPTION_B=CAND_003|OPTION_C=CAND_002,5095,json_schema,1175,123,stop,"{
  ""abstain"": true,
  ""option_id"": ""ABSTAIN"",
  ""reason"": ""文档 DOC_E37_TERMS 仅声明规则代码 DURATION-CODE-REMOTE 对应的月数由候选修复表维护，正文未列示具体映射关系。案件上下文中未提供该候选修复表或任何能将 DURATION-CODE-REMOTE 映射为 12、18 或 24 的具体数值依据。根据指令‘证据不足必须 ABSTAIN'，无法在给定选项中确定正确值。""
}",,,,,,True,CAND_002,18,False
test,E37,CROSS_SENTENCE_SCOPE,2,20260821,OPTION_FORMAL_POLICY,SELECTED,OPTION_C,CAND_002,18,根据 formal_policy 事实：duration_code='DURATION-CODE-REMOTE' 且 remote_consultation_active=true，满足规则 E37_DURATION_REMOTE (priority 200)。该规则允许值为 '18'。文档 DOC_E37_TERMS 确认保留远程问诊责任并输出 DURI-,OPTION_A=CAND_001|OPTION_B=CAND_003|OPTION_C=CAND_002,4382,json_schema,1562,95,stop,"{
  ""abstain"": false,
  ""option_id"": ""OPTION_C"",
  ""reason"": ""根据 formal_policy 事实：duration_code='DURATION-CODE-REMOTE' 且 remote_consultation_active=true，满足规则 E37_DURATION_REMOTE (priority 200)。该规则允许值为 '18'。文档 DOC_E37_TERMS 确认保留远程问诊责任并输出 DURI-""}",,,,,,True,CAND_002,18,True
test,E37,CROSS_SENTENCE_SCOPE,2,20260821,OPTION_FORMAL_POLICY_HARD_GATE,SELECTED,OPTION_C,CAND_002,18,硬门禁：规则E37_DURATION_REMOTE唯一允许值=['18']，唯一存活候选直接选择,OPTION_A=CAND_001|OPTION_B=CAND_003|OPTION_C=CAND_002,0,formal_policy_hard_gate,0,0,,,True,E37_DURATION_REMOTE,18,1,DETERMINISTIC_SELECT,False,CAND_002,18,True
test,E37,CROSS_SENTENCE_SCOPE,2,20260821,OPTION_DESCRIPTION,SELECTED,OPTION_C,CAND_002,18,文档DOC_E37_TERMS第二条明确定义DURATION-CODE-REMOTE为远程问诊附加责任有效时的适用代码。案件上下文确认保留远程问诊附加责任且慢病管理已取消，故排除OPTION_B（对应CHRONIC）和OPTION_A（对应BASE）。根据第三条，执行口径采用规则代码对应的候选修复，因此选择映射为18个月的OPTION_C。,OPTION_A=CAND_001|OPTION_B=CAND_003|OPTION_C=CAND_002,4499,json_schema,915,111,stop,"{
  ""abstain"": false,
  ""option_id"": ""OPTION_C"",
  ""reason"": ""文档DOC_E37_TERMS第二条明确定义DURATION-CODE-REMOTE为远程问诊附加责任有效时的适用代码。案件上下文确认保留远程问诊附加责任且慢病管理已取消，故排除OPTION_B（对应CHRONIC）和OPTION_A（对应BASE）。根据第三条，执行口径采用规则代码对应的候选修复，因此选择映射为18个月的OPTION_C。""
}",,,,,,True,CAND_002,18,True
test,E14,TEMPORAL_VERSION,3,20260822,DIRECT_FREE,SELECTED,OPTION_B,CAND_002,62,核保受理日为2026年8月20日，处于DOC_E14_CURRENT（2026-08-01至2026-08-31）生效期内。DOC_E14_FUTURE虽已发布但生效日为2026-09-01，根据DOC_E14_CURRENT第四条及DOC_E14_FUTURE第三条，受理日早于新条款生效日的申请不适用新条款。因此适用最高投保年龄为62周岁。,OPTION_A=CAND_001|OPTION_B=CAND_002|OPTION_C=CAND_003,5530,json_schema,1048,139,stop,"{
  ""abstain"": false,
  ""value"": ""62"",
  ""reason"": ""核保受理日为2026年8月20日，处于DOC_E14_CURRENT（2026-08-01至2026-08-31）生效期内。DOC_E14_FUTURE虽已发布但生效日为2026-09-01，根据DOC_E14_CURRENT第四条及DOC_E14_FUTURE第三条，受理日早于新条款生效日的申请不适用新条款。因此适用最高投保年龄为62周岁。""
}",,,,,,True,CAND_002,62,True
test,E14,TEMPORAL_VERSION,3,20260822,VALUE_ENUM,SELECTED,OPTION_B,CAND_002,62,核保受理日为2026年8月20日，处于DOC_E14_CURRENT（生效日期2026-08-01至2026-08-31）有效期内。DOC_E14_FUTURE虽已发布但生效日期为2026-09-01，晚于受理日，根据DOC_E14_CURRENT第四条及DOC_E14_FUTURE第三条，不适用新修订版本。因此适用最高投保年龄为62周岁。,OPTION_A=CAND_001|OPTION_B=CAND_002|OPTION_C=CAND_003,5013,json_schema,1052,138,stop,"{
  ""abstain"": false,
  ""value"": ""62"",
  ""reason"": ""核保受理日为2026年8月20日，处于DOC_E14_CURRENT（生效日期2026-08-01至2026-08-31）有效期内。DOC_E14_FUTURE虽已发布但生效日期为2026-09-01，晚于受理日，根据DOC_E14_CURRENT第四条及DOC_E14_FUTURE第三条，不适用新修订版本。因此适用最高投保年龄为62周岁。""
}",,,,,,True,CAND_002,62,True
test,E14,TEMPORAL_VERSION,3,20260822,OPTION_VALUE_ONLY,SELECTED,OPTION_B,CAND_002,62,核保受理日为2026年8月20日，处于DOC_E14_CURRENT（2026-08-01至2026-08-31）生效期内。DOC_E14_FUTURE虽已发布但生效日为2026-09-01，且其条款第四条明确规定‘发布日早于受理日但生效日晚于受理日的版本暂不适用’。因此当前适用最高投保年龄为62周岁（OPTION_B）。,OPTION_A=CAND_001|OPTION_B=CAND_002|OPTION_C=CAND_003,5616,json_schema,1144,137,stop,"{
  ""abstain"": false,
  ""option_id"": ""OPTION_B"",
  ""reason"": ""核保受理日为2026年8月20日，处于DOC_E14_CURRENT（2026-08-01至2026-08-31）生效期内。DOC_E14_FUTURE虽已发布但生效日为2026-09-01，且其条款第四条明确规定‘发布日早于受理日但生效日晚于受理日的版本暂不适用’。因此当前适用最高投保年龄为62周岁（OPTION_B）。""
}",,,,,,True,CAND_002,62,True
test,E14,TEMPORAL_VERSION,3,20260822,OPTION_FORMAL_OPERATION,SELECTED,OPTION_B,CAND_002,62,案件核保受理日为2026年8月20日。DOC_E14_CURRENT（生效2026-08-01至2026-08-31）在受理日有效，规定最高投保年龄为62周岁。DOC_E14_FUTURE虽已发布但生效日为2026-09-01，晚于受理日，根据DOC_E14_CURRENT第四条及DOC_E14_FUTURE第三条，该修订版不适用。因此当前适用版本为DOC_,OPTION_A=CAND_001|OPTION_B=CAND_002|OPTION_C=CAND_003,5782,json_schema,1617,144,stop,"{
  ""abstain"": false,
  ""option_id"": ""OPTION_B"",
  ""reason"": ""案件核保受理日为2026年8月20日。DOC_E14_CURRENT（生效2026-08-01至2026-08-31）在受理日有效，规定最高投保年龄为62周岁。DOC_E14_FUTURE虽已发布但生效日为2026-09-01，晚于受理日，根据DOC_E14_CURRENT第四条及DOC_E14_FUTURE第三条，该修订版不适用。因此当前适用版本为DOC_""}",,,,,,True,CAND_002,62,True
test,E14,TEMPORAL_VERSION,3,20260822,OPTION_FORMAL_POLICY,SELECTED,OPTION_B,CAND_002,62,"核保受理日2026-08-20在DOC_E14_CURRENT生效期[2026-08-01, 2026-08-31]内，且非团体转入（group_transfer_confirmed=false），满足E14_CURRENT_EFFECTIVE_VERSION规则，适用最高投保年龄62周岁；DOC_E14_FUTURE尚未生效。",OPTION_A=CAND_001|OPTION_B=CAND_002|OPTION_C=CAND_003,4877,json_schema,2087,117,stop,"{
  ""abstain"": false,
  ""option_id"": ""OPTION_B"",
  ""reason"": ""核保受理日2026-08-20在DOC_E14_CURRENT生效期[2026-08-01, 2026-08-31]内，且非团体转入（group_transfer_confirmed=false），满足E14_CURRENT_EFFECTIVE_VERSION规则，适用最高投保年龄62周岁；DOC_E14_FUTURE尚未生效。""
}",,,,,,True,CAND_002,62,True
test,E14,TEMPORAL_VERSION,3,20260822,OPTION_FORMAL_POLICY_HARD_GATE,SELECTED,OPTION_B,CAND_002,62,硬门禁：规则E14_CURRENT_EFFECTIVE_VERSION唯一允许值=['62']，唯一存活候选直接选择,OPTION_A=CAND_001|OPTION_B=CAND_002|OPTION_C=CAND_003,0,formal_policy_hard_gate,0,0,,,True,E14_CURRENT_EFFECTIVE_VERSION,62,1,DETERMINISTIC_SELECT,False,CAND_002,62,True
test,E14,TEMPORAL_VERSION,3,20260822,OPTION_DESCRIPTION,SELECTED,OPTION_B,CAND_002,62,案件核保受理日为2026年8月20日，DOC_E14_CURRENT（夏季现行版）生效期为2026-08-01至2026-08-31，覆盖受理日；DOC_E14_FUTURE（九月修订版）生效日为2026-09-01，未覆盖受理日。根据DOC_E14_CURRENT第四条及DOC_E14_FUTURE第三条，应以受理日有效版本为准，故适用夏季现行版数值62。,OPTION_A=CAND_001|OPTION_B=CAND_002|OPTION_C=CAND_003,5506,json_schema,1347,145,stop,"{
  ""abstain"": false,
  ""option_id"": ""OPTION_B"",
  ""reason"": ""案件核保受理日为2026年8月20日，DOC_E14_CURRENT（夏季现行版）生效期为2026-08-01至2026-08-31，覆盖受理日；DOC_E14_FUTURE（九月修订版）生效日为2026-09-01，未覆盖受理日。根据DOC_E14_CURRENT第四条及DOC_E14_FUTURE第三条，应以受理日有效版本为准，故适用夏季现行版数值62。""
}",,,,,,True,CAND_002,62,True
test,E15,TEMPORAL_VERSION,3,20260822,DIRECT_FREE,SELECTED,OPTION_C,CAND_003,64,投保申请于2026年7月20日进入核保流程，适用DOC_E15_JULY（生效2026-07-01至2026-07-31），其规定最高投保年龄为64周岁。DOC_E15_AUGUST虽于8月1日生效，但明确排除8月1日前已进核保流程的申请。,OPTION_A=CAND_002|OPTION_B=CAND_001|OPTION_C=CAND_003,4980,json_schema,1044,119,stop,"{
  ""abstain"": false,
  ""value"": ""64"",
  ""reason"": ""投保申请于2026年7月20日进入核保流程，适用DOC_E15_JULY（生效2026-07-01至2026-07-31），其规定最高投保年龄为64周岁。DOC_E15_AUGUST虽于8月1日生效，但明确排除8月1日前已进核保流程的申请。""
}",,,,,,True,CAND_003,64,True
test,E15,TEMPORAL_VERSION,3,20260822,VALUE_ENUM,SELECTED,OPTION_C,CAND_003,64,投保申请于2026年7月20日进入核保流程，适用DOC_E15_JULY（生效2026-07-01至2026-07-31），该文档规定最高投保年龄为64周岁。DOC_E15_AUGUST虽于8月1日生效，但明确排除8月1日前已进入核保流程的申请。,OPTION_A=CAND_002|OPTION_B=CAND_001|OPTION_C=CAND_003,4513,json_schema,1048,119,stop,"{
  ""abstain"": false,
  ""value"": ""64"",
  ""reason"": ""投保申请于2026年7月20日进入核保流程，适用DOC_E15_JULY（生效2026-07-01至2026-07-31），该文档规定最高投保年龄为64周岁。DOC_E15_AUGUST虽于8月1日生效，但明确排除8月1日前已进入核保流程的申请。""
}",,,,,,True,CAND_003,64,True
test,E15,TEMPORAL_VERSION,3,20260822,OPTION_VALUE_ONLY,SELECTED,OPTION_C,CAND_003,64,投保申请于2026年7月20日进入核保流程，处于DOC_E15_JULY（生效2026-07-01至2026-07-31）的有效期内。根据DOC_E15_JULY第四条，以进入核保流程日期为版本判断日期，适用该版本的一般规则（第二条），即最高投保年龄为64周岁。DOC_E15_AUGUST虽于8月1日生效，但DOC_E15_AUGUST第三条明确规定2026,OPTION_A=CAND_002|OPTION_B=CAND_001|OPTION_C=CAND_003,6162,json_schema,1140,151,stop,"{
  ""abstain"": false,
  ""option_id"": ""OPTION_C"",
  ""reason"": ""投保申请于2026年7月20日进入核保流程，处于DOC_E15_JULY（生效2026-07-01至2026-07-31）的有效期内。根据DOC_E15_JULY第四条，以进入核保流程日期为版本判断日期，适用该版本的一般规则（第二条），即最高投保年龄为64周岁。DOC_E15_AUGUST虽于8月1日生效，但DOC_E15_AUGUST第三条明确规定2026""
}",,,,,,True,CAND_003,64,True
test,E15,TEMPORAL_VERSION,3,20260822,OPTION_FORMAL_OPERATION,SELECTED,OPTION_C,CAND_003,64,案件投保申请于2026年7月20日进入核保流程，适用DOC_E15_JULY（生效2026-07-01，失效2026-07-31）。该文档第二条规定最高投保年龄为64周岁。DOC_E15_AUGUST虽于8月1日生效且规定年龄为68周岁，但其第三条明确排适用于8月1日前已进入核保流程的申请。因此，依据有效版本DOC_E15_JULY，正确数值为64，对应选项,OPTION_A=CAND_002|OPTION_B=CAND_001|OPTION_C=CAND_003,6052,json_schema,1613,152,stop,"{
  ""abstain"": false,
  ""option_id"": ""OPTION_C"",
  ""reason"": ""案件投保申请于2026年7月20日进入核保流程，适用DOC_E15_JULY（生效2026-07-01，失效2026-07-31）。该文档第二条规定最高投保年龄为64周岁。DOC_E15_AUGUST虽于8月1日生效且规定年龄为68周岁，但其第三条明确排适用于8月1日前已进入核保流程的申请。因此，依据有效版本DOC_E15_JULY，正确数值为64，对应选项""
}",,,,,,True,CAND_003,64,True
test,E15,TEMPORAL_VERSION,3,20260822,OPTION_FORMAL_POLICY,SELECTED,OPTION_C,CAND_003,64,案件事实显示投保申请进入核保流程日期为2026年7月20日，处于DOC_E15_JULY（2026-07-01至2026-07-31）的有效期内。根据formal_policy规则E15_JULY_VERSION_SCOPE（优先级300），该日期段适用的最高投保年龄为64周岁。人工评估日期2026年8月21日不改变版本判断日期。因此，应选用将值设为64的,OPTION_A=CAND_002|OPTION_B=CAND_001|OPTION_C=CAND_003,5861,json_schema,2096,147,stop,"{
  ""abstain"": false,
  ""option_id"": ""OPTION_C"",
  ""reason"": ""案件事实显示投保申请进入核保流程日期为2026年7月20日，处于DOC_E15_JULY（2026-07-01至2026-07-31）的有效期内。根据formal_policy规则E15_JULY_VERSION_SCOPE（优先级300），该日期段适用的最高投保年龄为64周岁。人工评估日期2026年8月21日不改变版本判断日期。因此，应选用将值设为64的""
}",,,,,,True,CAND_003,64,True
test,E15,TEMPORAL_VERSION,3,20260822,OPTION_FORMAL_POLICY_HARD_GATE,SELECTED,OPTION_C,CAND_003,64,硬门禁：规则E15_JULY_VERSION_SCOPE唯一允许值=['64']，唯一存活候选直接选择,OPTION_A=CAND_002|OPTION_B=CAND_001|OPTION_C=CAND_003,0,formal_policy_hard_gate,0,0,,,True,E15_JULY_VERSION_SCOPE,64,1,DETERMINISTIC_SELECT,False,CAND_003,64,True
test,E15,TEMPORAL_VERSION,3,20260822,OPTION_DESCRIPTION,SELECTED,OPTION_C,CAND_003,64,案件上下文显示投保申请于2026年7月20日进入核保流程，适用DOC_E15_JULY（生效期2026-07-01至2026-07-31）。该文档规定最高投保年龄为64周岁。DOC_E15_AUGUST虽于8月1日生效，但明确排除8月1日前已进入核保流程的申请。因此适用数值为64。,OPTION_A=CAND_002|OPTION_B=CAND_001|OPTION_C=CAND_003,5081,json_schema,1343,130,stop,"{
  ""abstain"": false,
  ""option_id"": ""OPTION_C"",
  ""reason"": ""案件上下文显示投保申请于2026年7月20日进入核保流程，适用DOC_E15_JULY（生效期2026-07-01至2026-07-31）。该文档规定最高投保年龄为64周岁。DOC_E15_AUGUST虽于8月1日生效，但明确排除8月1日前已进入核保流程的申请。因此适用数值为64。""
}",,,,,,True,CAND_003,64,True
test,E16,TEMPORAL_VERSION,3,20260822,DIRECT_FREE,SELECTED,OPTION_C,CAND_002,67,核保受理日2026-09-20处于备案完成日2026-10-01之前，根据DOC_E16_TERMS第二条及第四条，应适用当前备案版本（最高投保年龄67周岁）；第三条续保例外因客户未提交连续续保证明而不满足条件。,OPTION_A=CAND_003|OPTION_B=CAND_001|OPTION_C=CAND_002,4059,json_schema,639,101,stop,"{
  ""abstain"": false,
  ""value"": ""67"",
  ""reason"": ""核保受理日2026-09-20处于备案完成日2026-10-01之前，根据DOC_E16_TERMS第二条及第四条，应适用当前备案版本（最高投保年龄67周岁）；第三条续保例外因客户未提交连续续保证明而不满足条件。""
}",,,,,,True,CAND_002,67,True
test,E16,TEMPORAL_VERSION,3,20260822,VALUE_ENUM,SELECTED,OPTION_C,CAND_002,67,核保受理日2026-09-20在备案完成日2026-10-01之前，依据DOC_E16_TERMS第四条及第二条，适用当前备案版本（最高投保年龄67周岁）；第三条续保例外因客户未提交连续续保证明而不触发。,OPTION_A=CAND_003|OPTION_B=CAND_001|OPTION_C=CAND_002,3939,json_schema,643,99,stop,"{
  ""abstain"": false,
  ""value"": ""67"",
  ""reason"": ""核保受理日2026-09-20在备案完成日2026-10-01之前，依据DOC_E16_TERMS第四条及第二条，适用当前备案版本（最高投保年龄67周岁）；第三条续保例外因客户未提交连续续保证明而不触发。""
}",,,,,,True,CAND_002,67,True
test,E16,TEMPORAL_VERSION,3,20260822,OPTION_VALUE_ONLY,SELECTED,OPTION_C,CAND_002,67,核保受理日（2026-09-20）在备案完成日（2026-10-01）之前，根据文档第四条及第二条，当前适用版本为备案条款，最高投保年龄为67周岁。选项C符合该数值。,OPTION_A=CAND_003|OPTION_B=CAND_001|OPTION_C=CAND_002,3850,json_schema,735,91,stop,"{
  ""abstain"": false,
  ""option_id"": ""OPTION_C"",
  ""reason"": ""核保受理日（2026-09-20）在备案完成日（2026-10-01）之前，根据文档第四条及第二条，当前适用版本为备案条款，最高投保年龄为67周岁。选项C符合该数值。""
}",,,,,,True,CAND_002,67,True
test,E16,TEMPORAL_VERSION,3,20260822,OPTION_FORMAL_OPERATION,SELECTED,OPTION_C,CAND_002,67,核保受理日（2026-09-20）在备案完成日（2026-10-01）之前，根据文档第四条及第二条，当前适用版本为“当前备案版本”，最高投保年龄为67周岁。OPTION_C将值替换为67，符合规则。,OPTION_A=CAND_003|OPTION_B=CAND_001|OPTION_C=CAND_002,4395,json_schema,1208,100,stop,"{
  ""abstain"": false,
  ""option_id"": ""OPTION_C"",
  ""reason"": ""核保受理日（2026-09-20）在备案完成日（2026-10-01）之前，根据文档第四条及第二条，当前适用版本为“当前备案版本”，最高投保年龄为67周岁。OPTION_C将值替换为67，符合规则。""
}",,,,,,True,CAND_002,67,True
test,E16,TEMPORAL_VERSION,3,20260822,OPTION_FORMAL_POLICY,SELECTED,OPTION_C,CAND_002,67,案件事实显示批单备案未完成 (endorsement_filing_completed: false) 且无续保例外确认。根据 formal_policy 规则 E16_FILED_CURRENT_VERSION（优先级200），当备案未完成时适用当前备案版本，允许值为67。OPTION_C 将值更新为67，符合该规则。,OPTION_A=CAND_003|OPTION_B=CAND_001|OPTION_C=CAND_002,4472,json_schema,1626,102,stop,"{
  ""abstain"": false,
  ""option_id"": ""OPTION_C"",
  ""reason"": ""案件事实显示批单备案未完成 (endorsement_filing_completed: false) 且无续保例外确认。根据 formal_policy 规则 E16_FILED_CURRENT_VERSION（优先级200），当备案未完成时适用当前备案版本，允许值为67。OPTION_C 将值更新为67，符合该规则。""
}",,,,,,True,CAND_002,67,True
test,E16,TEMPORAL_VERSION,3,20260822,OPTION_FORMAL_POLICY_HARD_GATE,SELECTED,OPTION_C,CAND_002,67,硬门禁：规则E16_FILED_CURRENT_VERSION唯一允许值=['67']，唯一存活候选直接选择,OPTION_A=CAND_003|OPTION_B=CAND_001|OPTION_C=CAND_002,0,formal_policy_hard_gate,0,0,,,True,E16_FILED_CURRENT_VERSION,67,1,DETERMINISTIC_SELECT,False,CAND_002,67,True
test,E16,TEMPORAL_VERSION,3,20260822,OPTION_DESCRIPTION,SELECTED,OPTION_C,CAND_002,67,核保受理日（2026-09-20）早于备案完成日（2026-10-01），根据第四条‘未完成备案的批单不得作为核保受理日的适用版本’及第二条，当前适用版本为备案条款，最高投保年龄为67周岁。客户未提交连续续保证明，不满足第三条例外条件。,OPTION_A=CAND_003|OPTION_B=CAND_001|OPTION_C=CAND_002,4542,json_schema,940,113,stop,"{
  ""abstain"": false,
  ""option_id"": ""OPTION_C"",
  ""reason"": ""核保受理日（2026-09-20）早于备案完成日（2026-10-01），根据第四条‘未完成备案的批单不得作为核保受理日的适用版本’及第二条，当前适用版本为备案条款，最高投保年龄为67周岁。客户未提交连续续保证明，不满足第三条例外条件。""
}",,,,,,True,CAND_002,67,True
test,E17,TEMPORAL_VERSION,3,20260822,DIRECT_FREE,ABSTAIN,,,,文档 DOC_E17_TERMS 仅声明档位代码到数值的映射由候选修复表维护，正文未列示具体数值；且文档中无候选列表供读取或猜测。依据指令‘证据不足必须 ABSTAIN'，无法确定产品 A 当前适用的最高投保年龄。,OPTION_A=CAND_001|OPTION_B=CAND_002|OPTION_C=CAND_003,3683,json_schema,609,89,stop,"{
  ""abstain"": true,
  ""value"": """",
  ""reason"": ""文档 DOC_E17_TERMS 仅声明档位代码到数值的映射由候选修复表维护，正文未列示具体数值；且文档中无候选列表供读取或猜测。依据指令‘证据不足必须 ABSTAIN'，无法确定产品 A 当前适用的最高投保年龄。""
}",,,,,,True,CAND_002,63,False
test,E17,TEMPORAL_VERSION,3,20260822,VALUE_ENUM,ABSTAIN,,,,文档 DOC_E17_TERMS 仅定义了年龄档位代码（AGE-BAND-G2）的输入版本和排除项，并声明数值映射由‘候选修复表’维护，但提供的文档列表中不包含该‘候选修复表’。根据指令‘证据不足必须ABSTAIN'且禁止外部常识或猜测，无法确定 AGE-BAND-G2 对应的具体最高投保年龄数值。,OPTION_A=CAND_001|OPTION_B=CAND_002|OPTION_C=CAND_003,4352,json_schema,613,113,stop,"{
  ""abstain"": true,
  ""value"": ""ABSTAIN"",
  ""reason"": ""文档 DOC_E17_TERMS 仅定义了年龄档位代码（AGE-BAND-G2）的输入版本和排除项，并声明数值映射由‘候选修复表’维护，但提供的文档列表中不包含该‘候选修复表’。根据指令‘证据不足必须ABSTAIN'且禁止外部常识或猜测，无法确定 AGE-BAND-G2 对应的具体最高投保年龄数值。""
}",,,,,,True,CAND_002,63,False
test,E17,TEMPORAL_VERSION,3,20260822,OPTION_VALUE_ONLY,SELECTED,OPTION_A,CAND_001,73,文档 DOC_E17_TERMS 权威性强（authority=100）且生效时间（2026-09-18）早于案件受理日（2026-09-25）。文档明确排除营销草案和续保通道，规定仅采用备案系统返回的 AGE-BAND-G2。根据指令约束禁止生成新数值或算子，且候选值中无与 G2 直接对应的显式映射表，但依据‘证据不足必须 ABSTAIN'原则，若无法从给,OPTION_A=CAND_001|OPTION_B=CAND_002|OPTION_C=CAND_003,5611,json_schema,705,145,stop,"{
  ""abstain"": false,
  ""option_id"": ""OPTION_A"",
  ""reason"": ""文档 DOC_E17_TERMS 权威性强（authority=100）且生效时间（2026-09-18）早于案件受理日（2026-09-25）。文档明确排除营销草案和续保通道，规定仅采用备案系统返回的 AGE-BAND-G2。根据指令约束禁止生成新数值或算子，且候选值中无与 G2 直接对应的显式映射表，但依据‘证据不足必须 ABSTAIN'原则，若无法从给""
}",,,,,,True,CAND_002,63,False
test,E17,TEMPORAL_VERSION,3,20260822,OPTION_FORMAL_OPERATION,ABSTAIN,,,,文档 DOC_E17_TERMS 仅声明档位代码到数值的映射由候选修复表维护，正文不重复列示数值。案件上下文中未提供该‘候选修复表’或任何将 AGE-BAND-G2 映射为具体年龄（58、63 或 73）的文档证据。因此，无法依据给定上下文和文档确定产品 A 当前适用的最高投保年龄，证据不足。,OPTION_A=CAND_001|OPTION_B=CAND_002|OPTION_C=CAND_003,5037,json_schema,1178,121,stop,"{
  ""abstain"": true,
  ""option_id"": ""ABSTAIN"",
  ""reason"": ""文档 DOC_E17_TERMS 仅声明档位代码到数值的映射由候选修复表维护，正文不重复列示数值。案件上下文中未提供该‘候选修复表’或任何将 AGE-BAND-G2 映射为具体年龄（58、63 或 73）的文档证据。因此，无法依据给定上下文和文档确定产品 A 当前适用的最高投保年龄，证据不足。""
}",,,,,,True,CAND_002,63,False
test,E17,TEMPORAL_VERSION,3,20260822,OPTION_FORMAL_POLICY,SELECTED,OPTION_B,CAND_002,63,根据formal_policy中的事实(age_band_code为AGE-BAND-G2)和规则优先级，E17_FILED_AGE_BAND_G2规则（优先级200）适用且条件满足，其allowed_values为63。文档DOC_E17_TERMS确认了AGE-BAND-G2代码及排除其他渠道的事实。OPTION_B的新值为63，符合该规则。,OPTION_A=CAND_001|OPTION_B=CAND_002|OPTION_C=CAND_003,4619,json_schema,1540,112,stop,"{
  ""abstain"": false,
  ""option_id"": ""OPTION_B"",
  ""reason"": ""根据formal_policy中的事实(age_band_code为AGE-BAND-G2)和规则优先级，E17_FILED_AGE_BAND_G2规则（优先级200）适用且条件满足，其allowed_values为63。文档DOC_E17_TERMS确认了AGE-BAND-G2代码及排除其他渠道的事实。OPTION_B的新值为63，符合该规则。""
}",,,,,,True,CAND_002,63,True
test,E17,TEMPORAL_VERSION,3,20260822,OPTION_FORMAL_POLICY_HARD_GATE,SELECTED,OPTION_B,CAND_002,63,硬门禁：规则E17_FILED_AGE_BAND_G2唯一允许值=['63']，唯一存活候选直接选择,OPTION_A=CAND_001|OPTION_B=CAND_002|OPTION_C=CAND_003,0,formal_policy_hard_gate,0,0,,,True,E17_FILED_AGE_BAND_G2,63,1,DETERMINISTIC_SELECT,False,CAND_002,63,True
test,E17,TEMPORAL_VERSION,3,20260822,OPTION_DESCRIPTION,SELECTED,OPTION_B,CAND_002,63,DOC_E17_TERMS 文件权威性强（authority=100）且生效时间（2026-09-18）早于案件受理日（2026-09-25）。文件第二条明确排除营销草案（AGE-BAND-G1）和历史续保通道（AGE-BAND-G3），第三条规定本体更新只应采用备案系统返回的档位代码。案件上下文中备案系统返回的代码为 AGE-BAND-G2，因此必须选择按,OPTION_A=CAND_001|OPTION_B=CAND_002|OPTION_C=CAND_003,5487,json_schema,923,136,stop,"{
  ""abstain"": false,
  ""option_id"": ""OPTION_B"",
  ""reason"": ""DOC_E17_TERMS 文件权威性强（authority=100）且生效时间（2026-09-18）早于案件受理日（2026-09-25）。文件第二条明确排除营销草案（AGE-BAND-G1）和历史续保通道（AGE-BAND-G3），第三条规定本体更新只应采用备案系统返回的档位代码。案件上下文中备案系统返回的代码为 AGE-BAND-G2，因此必须选择按""
  }",,,,,,True,CAND_002,63,True
test,E24,GENERAL_RULE_EXCEPTION,3,20260822,DIRECT_FREE,SELECTED,OPTION_A,CAND_002,0,DOC_E24_TERMS 生效日期为 2026-07-10，案件事实（第五条）确认适用该文件。一般规则规定等待期 90 天；例外规则（第三条）条件为：团体转入、原保障连续至生效日前一日、30 日内提交证明。案件事实完全满足例外规则条件（第 20 日提交），且第六条明确例外优先，故取例外值 0 天。,OPTION_A=CAND_002|OPTION_B=CAND_001|OPTION_C=CAND_003,4891,json_schema,686,129,stop,"{
  ""abstain"": false,
  ""value"": ""0"",
  ""reason"": ""DOC_E24_TERMS 生效日期为 2026-07-10，案件事实（第五条）确认适用该文件。一般规则规定等待期 90 天；例外规则（第三条）条件为：团体转入、原保障连续至生效日前一日、30 日内提交证明。案件事实完全满足例外规则条件（第 20 日提交），且第六条明确例外优先，故取例外值 0 天。""
}",,,,,,True,CAND_002,0,True
test,E24,GENERAL_RULE_EXCEPTION,3,20260822,VALUE_ENUM,SELECTED,OPTION_A,CAND_002,0,DOC_E24_TERMS 生效日期为 2026-07-10，案件事实满足第三条例外规则所有条件（团体转入、原保障连续、证明在第 20 日即 30 日内提交），依据第六条及第三条，例外规则优先于一般规则，故等待期按 0 天处理。,OPTION_A=CAND_002|OPTION_B=CAND_001|OPTION_C=CAND_003,4171,json_schema,690,105,stop,"{
  ""abstain"": false,
  ""value"": ""0"",
  ""reason"": ""DOC_E24_TERMS 生效日期为 2026-07-10，案件事实满足第三条例外规则所有条件（团体转入、原保障连续、证明在第 20 日即 30 日内提交），依据第六条及第三条，例外规则优先于一般规则，故等待期按 0 天处理。""
}",,,,,,True,CAND_002,0,True
test,E24,GENERAL_RULE_EXCEPTION,3,20260822,OPTION_VALUE_ONLY,SELECTED,OPTION_A,CAND_002,0,文件DOC_E24_TERMS生效日期为2026-07-10，案件事实（第五条）明确描述本次申请属于合作单位团体计划转入、原保障连续且证明在第20日提交。根据第三条例外规则，满足该条件时等待期按0天处理；第六条规定例外规则优先于一般规则（第二条90天）。因此适用OPTION_A（0天）。,OPTION_A=CAND_002|OPTION_B=CAND_001|OPTION_C=CAND_003,4707,json_schema,781,116,stop,"{
  ""abstain"": false,
  ""option_id"": ""OPTION_A"",
  ""reason"": ""文件DOC_E24_TERMS生效日期为2026-07-10，案件事实（第五条）明确描述本次申请属于合作单位团体计划转入、原保障连续且证明在第20日提交。根据第三条例外规则，满足该条件时等待期按0天处理；第六条规定例外规则优先于一般规则（第二条90天）。因此适用OPTION_A（0天）。""
}",,,,,,True,CAND_002,0,True
test,E24,GENERAL_RULE_EXCEPTION,3,20260822,OPTION_FORMAL_OPERATION,SELECTED,OPTION_A,CAND_002,0,文档DOC_E24_TERMS第五条确认案件事实满足第三条例外规则的所有条件（团体转入、原保障连续、30日内提交证明）。根据第六条及第三条，满足条件的例外规则优先于第二条一般规则。因此，等待期应适用例外规则的0天，而非一般规则的90天或限制规则的30天。,OPTION_A=CAND_002|OPTION_B=CAND_001|OPTION_C=CAND_003,4463,json_schema,1254,101,stop,"{
  ""abstain"": false,
  ""option_id"": ""OPTION_A"",
  ""reason"": ""文档DOC_E24_TERMS第五条确认案件事实满足第三条例外规则的所有条件（团体转入、原保障连续、30日内提交证明）。根据第六条及第三条，满足条件的例外规则优先于第二条一般规则。因此，等待期应适用例外规则的0天，而非一般规则的90天或限制规则的30天。""
}",,,,,,True,CAND_002,0,True
test,E24,GENERAL_RULE_EXCEPTION,3,20260822,OPTION_FORMAL_POLICY,SELECTED,OPTION_A,CAND_002,0,案件事实显示：团体转入(true)、原保障未中断(true)、证明提交第20日(<=30)。根据formal_policy中优先级最高的规则E24_CONTINUOUS_TRANSFER_EXCEPTION（条件完全匹配），适用例外规则，等待期应为0天。OPTION_A的新值为0，符合该规则结论。,OPTION_A=CAND_002|OPTION_B=CAND_001|OPTION_C=CAND_003,4331,json_schema,1670,98,stop,"{
  ""abstain"": false,
  ""option_id"": ""OPTION_A"",
  ""reason"": ""案件事实显示：团体转入(true)、原保障未中断(true)、证明提交第20日(<=30)。根据formal_policy中优先级最高的规则E24_CONTINUOUS_TRANSFER_EXCEPTION（条件完全匹配），适用例外规则，等待期应为0天。OPTION_A的新值为0，符合该规则结论。""
}",,,,,,True,CAND_002,0,True
test,E24,GENERAL_RULE_EXCEPTION,3,20260822,OPTION_FORMAL_POLICY_HARD_GATE,SELECTED,OPTION_A,CAND_002,0,硬门禁：规则E24_CONTINUOUS_TRANSFER_EXCEPTION唯一允许值=['0']，唯一存活候选直接选择,OPTION_A=CAND_002|OPTION_B=CAND_001|OPTION_C=CAND_003,0,formal_policy_hard_gate,0,0,,,True,E24_CONTINUOUS_TRANSFER_EXCEPTION,0,1,DETERMINISTIC_SELECT,False,CAND_002,0,True
test,E24,GENERAL_RULE_EXCEPTION,3,20260822,OPTION_DESCRIPTION,SELECTED,OPTION_A,CAND_002,0,案件事实（第五条）明确满足例外规则（第三条）的所有条件：合作单位团体计划转入、原保障未中断、连续保障证明在第20日提交（在30日内）。根据第六条及文档规则，例外规则优先于一般规则，因此等待期应设为0天。,OPTION_A=CAND_002|OPTION_B=CAND_001|OPTION_C=CAND_003,3988,json_schema,982,92,stop,"{
  ""abstain"": false,
  ""option_id"": ""OPTION_A"",
  ""reason"": ""案件事实（第五条）明确满足例外规则（第三条）的所有条件：合作单位团体计划转入、原保障未中断、连续保障证明在第20日提交（在30日内）。根据第六条及文档规则，例外规则优先于一般规则，因此等待期应设为0天。""
}",,,,,,True,CAND_002,0,True
test,E25,GENERAL_RULE_EXCEPTION,3,20260822,DIRECT_FREE,SELECTED,OPTION_A,CAND_001,15,案件事实（出生后第46日投保、健康告知无异常、无既往重疾）满足DOC_E25_TERMS第四条延迟投保规则条件，故适用该例外规则，等待期天数为15天。,OPTION_A=CAND_001|OPTION_B=CAND_003|OPTION_C=CAND_002,3414,json_schema,675,76,stop,"{
  ""abstain"": false,
  ""value"": ""15"",
  ""reason"": ""案件事实（出生后第46日投保、健康告知无异常、无既往重疾）满足DOC_E25_TERMS第四条延迟投保规则条件，故适用该例外规则，等待期天数为15天。""
}",,,,,,True,CAND_001,15,True
test,E25,GENERAL_RULE_EXCEPTION,3,20260822,VALUE_ENUM,SELECTED,OPTION_A,CAND_001,15,案件事实（出生后第46日投保）满足DOC_E25_TERMS第四条延迟投保规则条件（30-90日内，健康告知无异常，无既往重疾），故适用15天等待期。,OPTION_A=CAND_001|OPTION_B=CAND_003|OPTION_C=CAND_002,3323,json_schema,679,77,stop,"{
  ""abstain"": false,
  ""value"": ""15"",
  ""reason"": ""案件事实（出生后第46日投保）满足DOC_E25_TERMS第四条延迟投保规则条件（30-90日内，健康告知无异常，无既往重疾），故适用15天等待期。""
}",,,,,,True,CAND_001,15,True
test,E25,GENERAL_RULE_EXCEPTION,3,20260822,OPTION_VALUE_ONLY,SELECTED,OPTION_A,CAND_001,15,案件事实（出生后第46日投保、健康告知无异常、无既往重疾）完全满足DOC_E25_TERMS第四条“延迟投保规则”的条件（30日<46日<=90日，且健康告知及既往史符合要求）。根据第六条目标数值判断逻辑，优先匹配例外规则，故适用15天。,OPTION_A=CAND_001|OPTION_B=CAND_003|OPTION_C=CAND_002,4238,json_schema,770,103,stop,"{
  ""abstain"": false,
  ""option_id"": ""OPTION_A"",
  ""reason"": ""案件事实（出生后第46日投保、健康告知无异常、无既往重疾）完全满足DOC_E25_TERMS第四条“延迟投保规则”的条件（30日<46日<=90日，且健康告知及既往史符合要求）。根据第六条目标数值判断逻辑，优先匹配例外规则，故适用15天。""
}",,,,,,True,CAND_001,15,True
test,E25,GENERAL_RULE_EXCEPTION,3,20260822,OPTION_FORMAL_OPERATION,SELECTED,OPTION_A,CAND_001,15,案件事实显示投保时间为出生后第46日（满足30日<天数<=90日的延迟投保条件），且健康告知无异常、无既往重大疾病记录。根据文档DOC_E25_TERMS第四条，此情形下等待期按15天处理。因此选择将值从30替换为15的OPTION_A。,OPTION_A=CAND_001|OPTION_B=CAND_003|OPTION_C=CAND_002,4490,json_schema,1243,103,stop,"{
  ""abstain"": false,
  ""option_id"": ""OPTION_A"",
  ""reason"": ""案件事实显示投保时间为出生后第46日（满足30日<天数<=90日的延迟投保条件），且健康告知无异常、无既往重大疾病记录。根据文档DOC_E25_TERMS第四条，此情形下等待期按15天处理。因此选择将值从30替换为15的OPTION_A。""
}",,,,,,True,CAND_001,15,True
test,E25,GENERAL_RULE_EXCEPTION,3,20260822,OPTION_FORMAL_POLICY,SELECTED,OPTION_A,CAND_001,15,案件事实显示投保时间为出生后第46日（大于30日且小于等于90日），健康告知无异常且无既往重大疾病记录。根据formal_policy中的规则优先级，E25_DELAYED_CHILD_EXCEPTION（延迟投保规则）条件满足，对应等待期为15天。因此选择OPTION_A将值更新为15。,OPTION_A=CAND_001|OPTION_B=CAND_003|OPTION_C=CAND_002,4520,json_schema,1692,104,stop,"{
  ""abstain"": false,
  ""option_id"": ""OPTION_A"",
  ""reason"": ""案件事实显示投保时间为出生后第46日（大于30日且小于等于90日），健康告知无异常且无既往重大疾病记录。根据formal_policy中的规则优先级，E25_DELAYED_CHILD_EXCEPTION（延迟投保规则）条件满足，对应等待期为15天。因此选择OPTION_A将值更新为15。""
}",,,,,,True,CAND_001,15,True
test,E25,GENERAL_RULE_EXCEPTION,3,20260822,OPTION_FORMAL_POLICY_HARD_GATE,SELECTED,OPTION_A,CAND_001,15,硬门禁：规则E25_DELAYED_CHILD_EXCEPTION唯一允许值=['15']，唯一存活候选直接选择,OPTION_A=CAND_001|OPTION_B=CAND_003|OPTION_C=CAND_002,0,formal_policy_hard_gate,0,0,,,True,E25_DELAYED_CHILD_EXCEPTION,15,1,DETERMINISTIC_SELECT,False,CAND_001,15,True
test,E25,GENERAL_RULE_EXCEPTION,3,20260822,OPTION_DESCRIPTION,SELECTED,OPTION_A,CAND_001,15,案件事实（出生后第46日投保、健康告知无异常、无既往重疾）完全满足DOC_E25_TERMS第四条“延迟投保规则”的条件（30日<46日<=90日，且健康/病史条件符合）。根据第六条目标数值判断逻辑，应先排除第三条例外（不满足），再匹配第四条规则，故适用15天。,OPTION_A=CAND_001|OPTION_B=CAND_003|OPTION_C=CAND_002,4401,json_schema,972,110,stop,"{
  ""abstain"": false,
  ""option_id"": ""OPTION_A"",
  ""reason"": ""案件事实（出生后第46日投保、健康告知无异常、无既往重疾）完全满足DOC_E25_TERMS第四条“延迟投保规则”的条件（30日<46日<=90日，且健康/病史条件符合）。根据第六条目标数值判断逻辑，应先排除第三条例外（不满足），再匹配第四条规则，故适用15天。""
}",,,,,,True,CAND_001,15,True
test,E26,GENERAL_RULE_EXCEPTION,3,20260822,DIRECT_FREE,SELECTED,OPTION_A,CAND_002,30,案件事实（第18日提交）满足第三条逾期补交规则条件（第16-30日），且该规则明确优先于一般规则；第五条进一步确认逾期不得按0天处理，故适用30天。,OPTION_A=CAND_002|OPTION_B=CAND_003|OPTION_C=CAND_001,3507,json_schema,675,80,stop,"{
  ""abstain"": false,
  ""value"": ""30"",
  ""reason"": ""案件事实（第18日提交）满足第三条逾期补交规则条件（第16-30日），且该规则明确优先于一般规则；第五条进一步确认逾期不得按0天处理，故适用30天。""
}",,,,,,True,CAND_002,30,True
test,E26,GENERAL_RULE_EXCEPTION,3,20260822,VALUE_ENUM,SELECTED,OPTION_A,CAND_002,30,案件事实显示连续保障证明在第18日提交（属于第16日至第30日的逾期补交区间），且经核保确认有效。根据DOC_E26_TERMS第三条，此情形下等待期按30天处理；第五条明确排除0天适用性。,OPTION_A=CAND_002|OPTION_B=CAND_003|OPTION_C=CAND_001,3733,json_schema,679,92,stop,"{
  ""abstain"": false,
  ""value"": ""30"",
  ""reason"": ""案件事实显示连续保障证明在第18日提交（属于第16日至第30日的逾期补交区间），且经核保确认有效。根据DOC_E26_TERMS第三条，此情形下等待期按30天处理；第五条明确排除0天适用性。""
}",,,,,,True,CAND_002,30,True
test,E26,GENERAL_RULE_EXCEPTION,3,20260822,OPTION_VALUE_ONLY,SELECTED,OPTION_A,CAND_002,30,案件事实（第18日提交证明）满足文档DOC_E26_TERMS中第三条‘逾期补交规则’的条件（第16日至第30日），且该条款明确赋予其优先于一般规则的效力，故等待期应为30天。,OPTION_A=CAND_002|OPTION_B=CAND_003|OPTION_C=CAND_001,3859,json_schema,770,87,stop,"{
  ""abstain"": false,
  ""option_id"": ""OPTION_A"",
  ""reason"": ""案件事实（第18日提交证明）满足文档DOC_E26_TERMS中第三条‘逾期补交规则’的条件（第16日至第30日），且该条款明确赋予其优先于一般规则的效力，故等待期应为30天。""
}",,,,,,True,CAND_002,30,True
test,E26,GENERAL_RULE_EXCEPTION,3,20260822,OPTION_FORMAL_OPERATION,SELECTED,OPTION_A,CAND_002,30,案件事实显示连续保障证明在申请后第18日提交（属于第16日至第30日的逾期区间），且经核保确认有效。根据文档DOC_E26_TERMS第三条，此情形下等待期按30天处理；第五条明确排除0天等待期的适用性。因此应执行OPTION_A将值替换为30。,OPTION_A=CAND_002|OPTION_B=CAND_003|OPTION_C=CAND_001,4594,json_schema,1243,107,stop,"{
  ""abstain"": false,
  ""option_id"": ""OPTION_A"",
  ""reason"": ""案件事实显示连续保障证明在申请后第18日提交（属于第16日至第30日的逾期区间），且经核保确认有效。根据文档DOC_E26_TERMS第三条，此情形下等待期按30天处理；第五条明确排除0天等待期的适用性。因此应执行OPTION_A将值替换为30。""
}",,,,,,True,CAND_002,30,True
test,E26,GENERAL_RULE_EXCEPTION,3,20260822,OPTION_FORMAL_POLICY,SELECTED,OPTION_A,CAND_002,30,案件事实显示连续保障证明在第18日提交（大于15日且小于等于30日），满足formal_policy中E26_LATE_PROOF_PARTIAL_EXCEPTION规则条件，该规则允许值为'30'。文档条款第三条亦规定逾期补交（16-30日）按30天处理且优先于一般规则。因此选择OPTION_A将等待期设为30天。,OPTION_A=CAND_002|OPTION_B=CAND_003|OPTION_C=CAND_001,5057,json_schema,1798,120,stop,"{
  ""abstain"": false,
  ""option_id"": ""OPTION_A"",
  ""reason"": ""案件事实显示连续保障证明在第18日提交（大于15日且小于等于30日），满足formal_policy中E26_LATE_PROOF_PARTIAL_EXCEPTION规则条件，该规则允许值为'30'。文档条款第三条亦规定逾期补交（16-30日）按30天处理且优先于一般规则。因此选择OPTION_A将等待期设为30天。""
}",,,,,,True,CAND_002,30,True
test,E26,GENERAL_RULE_EXCEPTION,3,20260822,OPTION_FORMAL_POLICY_HARD_GATE,SELECTED,OPTION_A,CAND_002,30,硬门禁：规则E26_LATE_PROOF_PARTIAL_EXCEPTION唯一允许值=['30']，唯一存活候选直接选择,OPTION_A=CAND_002|OPTION_B=CAND_003|OPTION_C=CAND_001,0,formal_policy_hard_gate,0,0,,,True,E26_LATE_PROOF_PARTIAL_EXCEPTION,30,1,DETERMINISTIC_SELECT,False,CAND_002,30,True
test,E26,GENERAL_RULE_EXCEPTION,3,20260822,OPTION_DESCRIPTION,SELECTED,OPTION_A,CAND_002,30,案件事实（第18日提交）满足第三条‘逾期补交规则’的时间条件（16-30日），且该规则明确优先于一般规则及第五条的排除性解释。因此适用30天等待期。,OPTION_A=CAND_002|OPTION_B=CAND_003|OPTION_C=CAND_001,3695,json_schema,974,81,stop,"{
  ""abstain"": false,
  ""option_id"": ""OPTION_A"",
  ""reason"": ""案件事实（第18日提交）满足第三条‘逾期补交规则’的时间条件（16-30日），且该规则明确优先于一般规则及第五条的排除性解释。因此适用30天等待期。""
}",,,,,,True,CAND_002,30,True
test,E27,GENERAL_RULE_EXCEPTION,3,20260822,DIRECT_FREE,ABSTAIN,,,,文档 DOC_E27_TERMS 第三条明确声明‘规则代码到天数的映射由候选修复表维护，正文不重复列示天数’。当前提供的文档中未包含将 WAIT-CODE-LATE-PROOF 映射为具体等待期天数的候选修复表或数值定义。依据指令‘只能依据案件上下文和给定文档’且‘证据不足必须ABSTAIN'，无法确定目标值。,OPTION_A=CAND_002|OPTION_B=CAND_001|OPTION_C=CAND_003,4413,json_schema,602,114,stop,"{
  ""abstain"": true,
  ""value"": """",
  ""reason"": ""文档 DOC_E27_TERMS 第三条明确声明‘规则代码到天数的映射由候选修复表维护，正文不重复列示天数’。当前提供的文档中未包含将 WAIT-CODE-LATE-PROOF 映射为具体等待期天数的候选修复表或数值定义。依据指令‘只能依据案件上下文和给定文档’且‘证据不足必须ABSTAIN'，无法确定目标值。""
}",,,,,,True,CAND_002,30,False
test,E27,GENERAL_RULE_EXCEPTION,3,20260822,VALUE_ENUM,ABSTAIN,,,,文档 DOC_E27_TERMS 第三条明确指出‘规则代码到天数的映射由候选修复表维护，正文不重复列示天数’。当前提供的文档中未包含将 WAIT-CODE-LATE-PROOF 映射为具体等待期天数的候选修复表或数据，且禁止使用外部常识。因此证据不足，无法确定目标值。,OPTION_A=CAND_002|OPTION_B=CAND_001|OPTION_C=CAND_003,4051,json_schema,606,104,stop,"{
  ""abstain"": true,
  ""value"": ""ABSTAIN"",
  ""reason"": ""文档 DOC_E27_TERMS 第三条明确指出‘规则代码到天数的映射由候选修复表维护，正文不重复列示天数’。当前提供的文档中未包含将 WAIT-CODE-LATE-PROOF 映射为具体等待期天数的候选修复表或数据，且禁止使用外部常识。因此证据不足，无法确定目标值。""
}",,,,,,True,CAND_002,30,False
test,E27,GENERAL_RULE_EXCEPTION,3,20260822,OPTION_VALUE_ONLY,ABSTAIN,,,,文档 DOC_E27_TERMS 仅声明天数由候选修复表维护，正文未列示具体映射关系；且文档发布日期为 2026-08-18，若当前时间早于此日期则文件尚未生效。现有信息无法确定 WAIT-CODE-LATE-PROOF 对应的具体天数。,OPTION_A=CAND_002|OPTION_B=CAND_001|OPTION_C=CAND_003,4167,json_schema,697,100,stop,"{
  ""abstain"": true,
  ""option_id"": ""ABSTAIN"",
  ""reason"": ""文档 DOC_E27_TERMS 仅声明天数由候选修复表维护，正文未列示具体映射关系；且文档发布日期为 2026-08-18，若当前时间早于此日期则文件尚未生效。现有信息无法确定 WAIT-CODE-LATE-PROOF 对应的具体天数。""
}",,,,,,True,CAND_002,30,False
test,E27,GENERAL_RULE_EXCEPTION,3,20260822,OPTION_FORMAL_OPERATION,SELECTED,OPTION_B,CAND_001,0,文档 DOC_E27_TERMS 第三条规定‘本体更新只采用等待期规则代码对应的候选修复’，第二条指出 WAIT-CODE-LATE-PROOF 适用于需证明但非准时提交的情况。结合上下文‘原保障未中断’且‘连续保障证明提交标记为 D_PLUS_18'（暗示存在有效证明），该情况符合免除等待期的例外逻辑（即视为无等待期）。文档明确禁止正文列示天数，意味着天数,OPTION_A=CAND_002|OPTION_B=CAND_001|OPTION_C=CAND_003,5279,json_schema,1170,128,stop,"{
  ""abstain"": false,
  ""option_id"": ""OPTION_B"",
  ""reason"": ""文档 DOC_E27_TERMS 第三条规定‘本体更新只采用等待期规则代码对应的候选修复’，第二条指出 WAIT-CODE-LATE-PROOF 适用于需证明但非准时提交的情况。结合上下文‘原保障未中断’且‘连续保障证明提交标记为 D_PLUS_18'（暗示存在有效证明），该情况符合免除等待期的例外逻辑（即视为无等待期）。文档明确禁止正文列示天数，意味着天数""
}",,,,,,True,CAND_002,30,False
test,E27,GENERAL_RULE_EXCEPTION,3,20260822,OPTION_FORMAL_POLICY,SELECTED,OPTION_B,CAND_001,0,根据 formal_policy 事实 waiting_code 为 WAIT-CODE-LATE-PROOF 且 proof_confirmed_valid 为 true，匹配规则 E27_WAIT_LATE_PROOF（优先级 250），该规则允许的值为 30。然而，文档 DOC_E27_TERMS 第三条规定“本体更新只采用等待期规则代码对应的候选修复,OPTION_A=CAND_002|OPTION_B=CAND_001|OPTION_C=CAND_003,4517,json_schema,1530,106,stop,"{
  ""abstain"": false,
  ""option_id"": ""OPTION_B"",
  ""reason"": ""根据 formal_policy 事实 waiting_code 为 WAIT-CODE-LATE-PROOF 且 proof_confirmed_valid 为 true，匹配规则 E27_WAIT_LATE_PROOF（优先级 250），该规则允许的值为 30。然而，文档 DOC_E27_TERMS 第三条规定“本体更新只采用等待期规则代码对应的候选修复"" }",,,,,,True,CAND_002,30,False
test,E27,GENERAL_RULE_EXCEPTION,3,20260822,OPTION_FORMAL_POLICY_HARD_GATE,SELECTED,OPTION_A,CAND_002,30,硬门禁：规则E27_WAIT_LATE_PROOF唯一允许值=['30']，唯一存活候选直接选择,OPTION_A=CAND_002|OPTION_B=CAND_001|OPTION_C=CAND_003,0,formal_policy_hard_gate,0,0,,,True,E27_WAIT_LATE_PROOF,30,1,DETERMINISTIC_SELECT,False,CAND_002,30,True
test,E27,GENERAL_RULE_EXCEPTION,3,20260822,OPTION_DESCRIPTION,SELECTED,OPTION_A,CAND_002,30,案件上下文显示规则引擎返回 WAIT-CODE-LATE-PROOF，且文档明确说明该代码仅适用于非准时提交证明（隐含排除 WAIT-CODE-WAIVER），而 WAIT-CODE-GENERAL 仅适用于无有效团体转入证明（本案有原保障未中断的转入事实）。因此 OPTION_B 和 OPTION_C 不适用。OPTION_A 对应 WAIT-CODE-L,OPTION_A=CAND_002|OPTION_B=CAND_001|OPTION_C=CAND_003,4623,json_schema,911,111,stop,"{
  ""abstain"": false,
  ""option_id"": ""OPTION_A"",
  ""reason"": ""案件上下文显示规则引擎返回 WAIT-CODE-LATE-PROOF，且文档明确说明该代码仅适用于非准时提交证明（隐含排除 WAIT-CODE-WAIVER），而 WAIT-CODE-GENERAL 仅适用于无有效团体转入证明（本案有原保障未中断的转入事实）。因此 OPTION_B 和 OPTION_C 不适用。OPTION_A 对应 WAIT-CODE-L""
}",,,,,,True,CAND_002,30,True
test,E34,CROSS_SENTENCE_SCOPE,3,20260822,DIRECT_FREE,SELECTED,OPTION_A,CAND_003,24,DOC_E34_TERMS 生效日期为 2026-08-01，满足适用条件；投保记录勾选长期照护附加责任（触发第三条调整为 24 个月），核保确认未选择费用垫付责任（不触发第四条例外限制），跨句指代一致，综合判定保险期限为 24 个月。,OPTION_A=CAND_003|OPTION_B=CAND_001|OPTION_C=CAND_002,4197,json_schema,671,104,stop,"{
  ""abstain"": false,
  ""value"": ""24"",
  ""reason"": ""DOC_E34_TERMS 生效日期为 2026-08-01，满足适用条件；投保记录勾选长期照护附加责任（触发第三条调整为 24 个月），核保确认未选择费用垫付责任（不触发第四条例外限制），跨句指代一致，综合判定保险期限为 24 个月。""
}",,,,,,True,CAND_003,24,True
test,E34,CROSS_SENTENCE_SCOPE,3,20260822,VALUE_ENUM,SELECTED,OPTION_A,CAND_003,24,DOC_E34_TERMS 生效日期为 2026-08-01，满足适用条件。投保记录勾选长期照护附加责任（触发第三条调整为 24 个月），核保确认未选择费用垫付责任（不触发第四条例外限制）。依据第七条跨句指代规则，综合附加责任选择与否定确认后，确定保险期限为 24 个月。,OPTION_A=CAND_003|OPTION_B=CAND_001|OPTION_C=CAND_002,4310,json_schema,675,113,stop,"{
  ""abstain"": false,
  ""value"": ""24"",
  ""reason"": ""DOC_E34_TERMS 生效日期为 2026-08-01，满足适用条件。投保记录勾选长期照护附加责任（触发第三条调整为 24 个月），核保确认未选择费用垫付责任（不触发第四条例外限制）。依据第七条跨句指代规则，综合附加责任选择与否定确认后，确定保险期限为 24 个月。""
}",,,,,,True,CAND_003,24,True
test,E34,CROSS_SENTENCE_SCOPE,3,20260822,OPTION_VALUE_ONLY,SELECTED,OPTION_A,CAND_003,24,根据DOC_E34_TERMS条款：1. 适用条件满足（2026-08-01后投保产品A）；2. 一般规则为12个月，但第三条例外规则规定选择长期照护附加责任时调整为24个月；3. 第四条例外限制指出该调整不适用于同时选择费用垫付责任的方案；4. 案件上下文显示投保记录选择了长期照护附加责任，核保确认未选择费用垫付责任。因此，条件满足第三条例外规则，不适用其,OPTION_A=CAND_003|OPTION_B=CAND_001|OPTION_C=CAND_002,5455,json_schema,767,139,stop,"{
  ""abstain"": false,
  ""option_id"": ""OPTION_A"",
  ""reason"": ""根据DOC_E34_TERMS条款：1. 适用条件满足（2026-08-01后投保产品A）；2. 一般规则为12个月，但第三条例外规则规定选择长期照护附加责任时调整为24个月；3. 第四条例外限制指出该调整不适用于同时选择费用垫付责任的方案；4. 案件上下文显示投保记录选择了长期照护附加责任，核保确认未选择费用垫付责任。因此，条件满足第三条例外规则，不适用其""
}",,,,,,True,CAND_003,24,True
test,E34,CROSS_SENTENCE_SCOPE,3,20260822,OPTION_FORMAL_OPERATION,SELECTED,OPTION_A,CAND_003,24,文档DOC_E34_TERMS生效日期2026-08-01，适用条件满足（投保产品A且选长期照护）。一般规则为12个月。例外规则规定选择长期照护附加责任时调整为24个月。例外限制规定同时选择费用垫付责任才按18个月处理。案件上下文显示选择了长期照护但未选择费用垫付，故适用例外规则中的24个月，排除OPTION_B（基础保障）和OPTION_C（费用垫付情形）,OPTION_A=CAND_003|OPTION_B=CAND_001|OPTION_C=CAND_002,5465,json_schema,1243,134,stop,"{
  ""abstain"": false,
  ""option_id"": ""OPTION_A"",
  ""reason"": ""文档DOC_E34_TERMS生效日期2026-08-01，适用条件满足（投保产品A且选长期照护）。一般规则为12个月。例外规则规定选择长期照护附加责任时调整为24个月。例外限制规定同时选择费用垫付责任才按18个月处理。案件上下文显示选择了长期照护但未选择费用垫付，故适用例外规则中的24个月，排除OPTION_B（基础保障）和OPTION_C（费用垫付情形）""
}",,,,,,True,CAND_003,24,True
test,E34,CROSS_SENTENCE_SCOPE,3,20260822,OPTION_FORMAL_POLICY,SELECTED,OPTION_A,CAND_003,24,根据formal_policy，事实为long_term_care_addon_selected=true且expense_advance_selected=false。规则E34_LONG_TERM_CARE_EXTENSION（优先级250）条件完全匹配，允许值为'24'。规则E34_BASIC_TERM和E34_EXPENSE_ADVANCE_RULE,OPTION_A=CAND_003|OPTION_B=CAND_001|OPTION_C=CAND_002,4296,json_schema,1649,93,stop,"{
  ""abstain"": false,
  ""option_id"": ""OPTION_A"",
  ""reason"": ""根据formal_policy，事实为long_term_care_addon_selected=true且expense_advance_selected=false。规则E34_LONG_TERM_CARE_EXTENSION（优先级250）条件完全匹配，允许值为'24'。规则E34_BASIC_TERM和E34_EXPENSE_ADVANCE_RULE""
}",,,,,,True,CAND_003,24,True
test,E34,CROSS_SENTENCE_SCOPE,3,20260822,OPTION_FORMAL_POLICY_HARD_GATE,SELECTED,OPTION_A,CAND_003,24,硬门禁：规则E34_LONG_TERM_CARE_EXTENSION唯一允许值=['24']，唯一存活候选直接选择,OPTION_A=CAND_003|OPTION_B=CAND_001|OPTION_C=CAND_002,0,formal_policy_hard_gate,0,0,,,True,E34_LONG_TERM_CARE_EXTENSION,24,1,DETERMINISTIC_SELECT,False,CAND_003,24,True
test,E34,CROSS_SENTENCE_SCOPE,3,20260822,OPTION_DESCRIPTION,SELECTED,OPTION_A,CAND_003,24,文档DOC_E34_TERMS生效日期为2026-08-01，覆盖案件时间。根据第五条投保记录勾选长期照护附加责任，第三条例外规则规定选择该责任时期限调整为24个月。第六条核保确认未选择费用垫付责任，因此第四条例外限制不适用（即不执行18个月规则）。依据第七条目标数值需综合判断，最终适用长期照护附加责任的24个月期限。,OPTION_A=CAND_003|OPTION_B=CAND_001|OPTION_C=CAND_002,4820,json_schema,969,123,stop,"{
  ""abstain"": false,
  ""option_id"": ""OPTION_A"",
  ""reason"": ""文档DOC_E34_TERMS生效日期为2026-08-01，覆盖案件时间。根据第五条投保记录勾选长期照护附加责任，第三条例外规则规定选择该责任时期限调整为24个月。第六条核保确认未选择费用垫付责任，因此第四条例外限制不适用（即不执行18个月规则）。依据第七条目标数值需综合判断，最终适用长期照护附加责任的24个月期限。""
}",,,,,,True,CAND_003,24,True
test,E35,CROSS_SENTENCE_SCOPE,3,20260822,DIRECT_FREE,SELECTED,OPTION_C,CAND_001,18,根据DOC_E35_TERMS第五条，延长期限适用条件为被保险人年龄不超过60周岁；案件上下文确认被保险人为58周岁且未选择境外就医责任。结合第三条（癌症门诊扩展责任调整为18个月）和第四条（组合规则不适用），最终确定保险期限为18个月。,OPTION_A=CAND_003|OPTION_B=CAND_002|OPTION_C=CAND_001,4004,json_schema,703,95,stop,"{
  ""abstain"": false,
  ""value"": ""18"",
  ""reason"": ""根据DOC_E35_TERMS第五条，延长期限适用条件为被保险人年龄不超过60周岁；案件上下文确认被保险人为58周岁且未选择境外就医责任。结合第三条（癌症门诊扩展责任调整为18个月）和第四条（组合规则不适用），最终确定保险期限为18个月。""
}",,,,,,True,CAND_001,18,True
test,E35,CROSS_SENTENCE_SCOPE,3,20260822,VALUE_ENUM,SELECTED,OPTION_C,CAND_001,18,根据DOC_E35_TERMS第三条，选择癌症门诊扩展责任时保险期限为18个月；第七条确认被保险人年龄58周岁（满足第五条不超过60周岁的条件）且未选境外就医责任（不触发第四条24个月规则）。综合判定适用值为18。,OPTION_A=CAND_003|OPTION_B=CAND_002|OPTION_C=CAND_001,3661,json_schema,707,89,stop,"{
  ""abstain"": false,
  ""value"": ""18"",
  ""reason"": ""根据DOC_E35_TERMS第三条，选择癌症门诊扩展责任时保险期限为18个月；第七条确认被保险人年龄58周岁（满足第五条不超过60周岁的条件）且未选境外就医责任（不触发第四条24个月规则）。综合判定适用值为18。""
}",,,,,,True,CAND_001,18,True
test,E35,CROSS_SENTENCE_SCOPE,3,20260822,OPTION_VALUE_ONLY,SELECTED,OPTION_C,CAND_001,18,根据文档DOC_E35_TERMS，一般规则（第二条）规定未选扩展责任期限为12个月；例外规则（第三条）规定选择癌症门诊扩展责任时调整为18个月；组合规则（第四条）规定同时选择癌症和境外就医为24个月。第五条限制延长期限仅适用于被保险人年龄不超过60周岁。案件补充确认显示：1. 选择了癌症门诊扩展责任；2. 未选择境外就医责任；3. 被保险人58周岁（满足<,OPTION_A=CAND_003|OPTION_B=CAND_002|OPTION_C=CAND_001,6741,json_schema,799,135,stop,"{
  ""abstain"": false,
  ""option_id"": ""OPTION_C"",
  ""reason"": ""根据文档DOC_E35_TERMS，一般规则（第二条）规定未选扩展责任期限为12个月；例外规则（第三条）规定选择癌症门诊扩展责任时调整为18个月；组合规则（第四条）规定同时选择癌症和境外就医为24个月。第五条限制延长期限仅适用于被保险人年龄不超过60周岁。案件补充确认显示：1. 选择了癌症门诊扩展责任；2. 未选择境外就医责任；3. 被保险人58周岁（满足<""
}",,,,,,True,CAND_001,18,True
test,E35,CROSS_SENTENCE_SCOPE,3,20260822,OPTION_FORMAL_OPERATION,SELECTED,OPTION_C,CAND_001,18,根据文档DOC_E35_TERMS：1. 被保险人勾选癌症门诊扩展责任（第三条），基础期限应为18个月；2. 未选择境外就医责任，不触发第四条组合规则（24个月）；3. 被保险人年龄58周岁，满足第五条延长期限的年龄限制（不超过60周岁）。综上，保险期限应确定为18个月。,OPTION_A=CAND_003|OPTION_B=CAND_002|OPTION_C=CAND_001,5376,json_schema,1275,111,stop,"{
  ""abstain"": false,
  ""option_id"": ""OPTION_C"",
  ""reason"": ""根据文档DOC_E35_TERMS：1. 被保险人勾选癌症门诊扩展责任（第三条），基础期限应为18个月；2. 未选择境外就医责任，不触发第四条组合规则（24个月）；3. 被保险人年龄58周岁，满足第五条延长期限的年龄限制（不超过60周岁）。综上，保险期限应确定为18个月。""
}",,,,,,True,CAND_001,18,True
test,E35,CROSS_SENTENCE_SCOPE,3,20260822,OPTION_FORMAL_POLICY,SELECTED,OPTION_C,CAND_001,18,根据文档DOC_E35_TERMS及formal_policy：事实为选择癌症门诊扩展责任(cancer_outpatient_extension_selected=true)、未选择境外就医(overseas_medical_selected=false)、年龄58周岁(insured_age=58)。规则E35_CANCER_OUTPATIENT_EXP,OPTION_A=CAND_003|OPTION_B=CAND_002|OPTION_C=CAND_001,5492,json_schema,1857,94,stop,"{
  ""abstain"": false,
  ""option_id"": ""OPTION_C"",
  ""reason"": ""根据文档DOC_E35_TERMS及formal_policy：事实为选择癌症门诊扩展责任(cancer_outpatient_extension_selected=true)、未选择境外就医(overseas_medical_selected=false)、年龄58周岁(insured_age=58)。规则E35_CANCER_OUTPATIENT_EXP""
}",,,,,,True,CAND_001,18,True
test,E35,CROSS_SENTENCE_SCOPE,3,20260822,OPTION_FORMAL_POLICY_HARD_GATE,SELECTED,OPTION_C,CAND_001,18,硬门禁：规则E35_CANCER_OUTPATIENT_EXTENSION唯一允许值=['18']，唯一存活候选直接选择,OPTION_A=CAND_003|OPTION_B=CAND_002|OPTION_C=CAND_001,0,formal_policy_hard_gate,0,0,,,True,E35_CANCER_OUTPATIENT_EXTENSION,18,1,DETERMINISTIC_SELECT,False,CAND_001,18,True
test,E35,CROSS_SENTENCE_SCOPE,3,20260822,OPTION_DESCRIPTION,SELECTED,OPTION_C,CAND_001,18,文档DOC_E35_TERMS生效日期为2026-08-01，适用于本案。被保险人年龄58周岁（满足第五条不超过60周岁的条件），选择了癌症门诊扩展责任（第三条适用），且未选择境外就医责任（第四条不适用）。根据一般规则与例外优先级，应适用第三条规定的18个月。,OPTION_A=CAND_003|OPTION_B=CAND_002|OPTION_C=CAND_001,5270,json_schema,1001,102,stop,"{
  ""abstain"": false,
  ""option_id"": ""OPTION_C"",
  ""reason"": ""文档DOC_E35_TERMS生效日期为2026-08-01，适用于本案。被保险人年龄58周岁（满足第五条不超过60周岁的条件），选择了癌症门诊扩展责任（第三条适用），且未选择境外就医责任（第四条不适用）。根据一般规则与例外优先级，应适用第三条规定的18个月。""
}",,,,,,True,CAND_001,18,True
test,E36,CROSS_SENTENCE_SCOPE,3,20260822,DIRECT_FREE,SELECTED,OPTION_A,CAND_002,18,根据DOC_E36_TERMS第五条，慢病管理附加责任已在承保前取消；根据第六条，被取消的附加责任不参与计算。因此仅适用第二条远程问诊责任（18个月）。,OPTION_A=CAND_002|OPTION_B=CAND_001|OPTION_C=CAND_003,3849,json_schema,663,72,stop,"{
  ""abstain"": false,
  ""value"": ""18"",
  ""reason"": ""根据DOC_E36_TERMS第五条，慢病管理附加责任已在承保前取消；根据第六条，被取消的附加责任不参与计算。因此仅适用第二条远程问诊责任（18个月）。""
}",,,,,,True,CAND_002,18,True
test,E36,CROSS_SENTENCE_SCOPE,3,20260822,VALUE_ENUM,SELECTED,OPTION_A,CAND_002,18,根据DOC_E36_TERMS第五条和第六条，慢病管理附加责任已在承保前取消，不参与期限计算；远程问诊附加责任有效且未取消。依据第二条，选择远程问诊附加责任时保险期限为18个月。,OPTION_A=CAND_002|OPTION_B=CAND_001|OPTION_C=CAND_003,3804,json_schema,667,79,stop,"{
  ""abstain"": false,
  ""value"": ""18"",
  ""reason"": ""根据DOC_E36_TERMS第五条和第六条，慢病管理附加责任已在承保前取消，不参与期限计算；远程问诊附加责任有效且未取消。依据第二条，选择远程问诊附加责任时保险期限为18个月。""
}",,,,,,True,CAND_002,18,True
test,E36,CROSS_SENTENCE_SCOPE,3,20260822,OPTION_VALUE_ONLY,SELECTED,OPTION_A,CAND_002,18,依据DOC_E36_TERMS第五条，慢病管理附加责任已在承保前取消，第六条规定被取消的附加责任不参与计算；第四条确认远程问诊附加责任有效。根据第二条，选择远程问诊时保险期限为18个月。,OPTION_A=CAND_002|OPTION_B=CAND_001|OPTION_C=CAND_003,4058,json_schema,759,80,stop,"{
  ""abstain"": false,
  ""option_id"": ""OPTION_A"",
  ""reason"": ""依据DOC_E36_TERMS第五条，慢病管理附加责任已在承保前取消，第六条规定被取消的附加责任不参与计算；第四条确认远程问诊附加责任有效。根据第二条，选择远程问诊时保险期限为18个月。""
}",,,,,,True,CAND_002,18,True
test,E36,CROSS_SENTENCE_SCOPE,3,20260822,OPTION_FORMAL_OPERATION,SELECTED,OPTION_A,CAND_002,18,文档DOC_E36_TERMS第五条确认慢病管理附加责任已在承保前取消，第六条规定被取消的附加责任不参与计算。投保申请勾选了远程问诊附加责任且有效（第五条），根据第二条，选择远程问诊附加责任时保险期限调整为18个月。因此应执行OPTION_A将值替换为18。,OPTION_A=CAND_002|OPTION_B=CAND_001|OPTION_C=CAND_003,5096,json_schema,1235,101,stop,"{
  ""abstain"": false,
  ""option_id"": ""OPTION_A"",
  ""reason"": ""文档DOC_E36_TERMS第五条确认慢病管理附加责任已在承保前取消，第六条规定被取消的附加责任不参与计算。投保申请勾选了远程问诊附加责任且有效（第五条），根据第二条，选择远程问诊附加责任时保险期限调整为18个月。因此应执行OPTION_A将值替换为18。""
}",,,,,,True,CAND_002,18,True
test,E36,CROSS_SENTENCE_SCOPE,3,20260822,OPTION_FORMAL_POLICY,SELECTED,OPTION_A,CAND_002,18,根据formal_policy规则优先级：E36_CHRONIC_MANAGEMENT_ACTIVE要求chronic_management_cancelled_before_underwriting为false，但本案事实为true，故不匹配。E36_TELEMEDICINE_ACTIVE仅要求telemedicine_addon_selected为真（本,OPTION_A=CAND_002|OPTION_B=CAND_001|OPTION_C=CAND_003,4874,json_schema,1593,89,stop,"{
  ""abstain"": false,
  ""option_id"": ""OPTION_A"",
  ""reason"": ""根据formal_policy规则优先级：E36_CHRONIC_MANAGEMENT_ACTIVE要求chronic_management_cancelled_before_underwriting为false，但本案事实为true，故不匹配。E36_TELEMEDICINE_ACTIVE仅要求telemedicine_addon_selected为真（本""
}",,,,,,True,CAND_002,18,True
test,E36,CROSS_SENTENCE_SCOPE,3,20260822,OPTION_FORMAL_POLICY_HARD_GATE,SELECTED,OPTION_A,CAND_002,18,硬门禁：规则E36_TELEMEDICINE_ACTIVE唯一允许值=['18']，唯一存活候选直接选择,OPTION_A=CAND_002|OPTION_B=CAND_001|OPTION_C=CAND_003,0,formal_policy_hard_gate,0,0,,,True,E36_TELEMEDICINE_ACTIVE,18,1,DETERMINISTIC_SELECT,False,CAND_002,18,True
test,E36,CROSS_SENTENCE_SCOPE,3,20260822,OPTION_DESCRIPTION,SELECTED,OPTION_A,CAND_002,18,根据DOC_E36_TERMS第五条，慢病管理附加责任已在承保前取消；第六条规定被取消的附加责任不参与计算。因此排除OPTION_C（24个月）。第四条明确投保申请勾选了远程问诊附加责任且第五条确认其有效，故适用第二条规定的18个月，选择OPTION_A。,OPTION_A=CAND_002|OPTION_B=CAND_001|OPTION_C=CAND_003,4705,json_schema,963,97,stop,"{
  ""abstain"": false,
  ""option_id"": ""OPTION_A"",
  ""reason"": ""根据DOC_E36_TERMS第五条，慢病管理附加责任已在承保前取消；第六条规定被取消的附加责任不参与计算。因此排除OPTION_C（24个月）。第四条明确投保申请勾选了远程问诊附加责任且第五条确认其有效，故适用第二条规定的18个月，选择OPTION_A。""
}",,,,,,True,CAND_002,18,True
test,E37,CROSS_SENTENCE_SCOPE,3,20260822,DIRECT_FREE,ABSTAIN,,,,文档 DOC_E37_TERMS 明确声明正文不重复列示月数，规则代码到月数的映射由候选修复表维护。当前提供的文档列表中不存在该候选修复表或包含具体映射关系的文档，因此无法确定产品 A 本次方案的保险期限月数。,OPTION_A=CAND_001|OPTION_B=CAND_003|OPTION_C=CAND_002,4011,json_schema,603,86,stop,"{
  ""abstain"": true,
  ""value"": """",
  ""reason"": ""文档 DOC_E37_TERMS 明确声明正文不重复列示月数，规则代码到月数的映射由候选修复表维护。当前提供的文档列表中不存在该候选修复表或包含具体映射关系的文档，因此无法确定产品 A 本次方案的保险期限月数。""
}",,,,,,True,CAND_002,18,False
test,E37,CROSS_SENTENCE_SCOPE,3,20260822,VALUE_ENUM,ABSTAIN,,,,文档 DOC_E37_TERMS 仅声明规则代码 DURATION-CODE-REMOTE 对应月数的映射由候选修复表维护，正文未直接列示该代码对应的具体月数数值。依据指令‘证据不足则 ABSTAIN'及禁止外部常识原则，无法从给定文档中确定产品 A 本次方案的保险期限月数。,OPTION_A=CAND_001|OPTION_B=CAND_003|OPTION_C=CAND_002,4641,json_schema,607,104,stop,"{
  ""abstain"": true,
  ""value"": ""ABSTAIN"",
  ""reason"": ""文档 DOC_E37_TERMS 仅声明规则代码 DURATION-CODE-REMOTE 对应月数的映射由候选修复表维护，正文未直接列示该代码对应的具体月数数值。依据指令‘证据不足则 ABSTAIN'及禁止外部常识原则，无法从给定文档中确定产品 A 本次方案的保险期限月数。""
}",,,,,,True,CAND_002,18,False
test,E37,CROSS_SENTENCE_SCOPE,3,20260822,OPTION_VALUE_ONLY,SELECTED,OPTION_A,CAND_001,12,文档 DOC_E37_TERMS 生效时间 (2026-08-20) 早于案件上下文隐含的当前时间，且为最高权威度 (100)。条款第二条明确规则引擎输出 DURATION-CODE-REMOTE。结合投保申请保留远程问诊附加责任、取消慢病管理附加责任的上下文，DURATION-CODE-REMOTE 对应远程问诊情形。根据第三条，月数由候选修复表维护，但本,OPTION_A=CAND_001|OPTION_B=CAND_003|OPTION_C=CAND_002,5830,json_schema,699,127,stop,"{
  ""abstain"": false,
  ""option_id"": ""OPTION_A"",
  ""reason"": ""文档 DOC_E37_TERMS 生效时间 (2026-08-20) 早于案件上下文隐含的当前时间，且为最高权威度 (100)。条款第二条明确规则引擎输出 DURATION-CODE-REMOTE。结合投保申请保留远程问诊附加责任、取消慢病管理附加责任的上下文，DURATION-CODE-REMOTE 对应远程问诊情形。根据第三条，月数由候选修复表维护，但本""
}",,,,,,True,CAND_002,18,False
test,E37,CROSS_SENTENCE_SCOPE,3,20260822,OPTION_FORMAL_OPERATION,ABSTAIN,,,,文档 DOC_E37_TERMS 仅声明规则代码 DURATION-CODE-REMOTE 对应的月数由候选修复表维护，正文未列示具体映射关系。案件上下文中未提供该候选修复表或任何能将 DURATION-CODE-REMOTE 映射为 12、18 或 24 的具体数值依据。根据指令‘证据不足必须 ABSTAIN'，无法在给定选项中确定正确值。,OPTION_A=CAND_001|OPTION_B=CAND_003|OPTION_C=CAND_002,5886,json_schema,1175,123,stop,"{
  ""abstain"": true,
  ""option_id"": ""ABSTAIN"",
  ""reason"": ""文档 DOC_E37_TERMS 仅声明规则代码 DURATION-CODE-REMOTE 对应的月数由候选修复表维护，正文未列示具体映射关系。案件上下文中未提供该候选修复表或任何能将 DURATION-CODE-REMOTE 映射为 12、18 或 24 的具体数值依据。根据指令‘证据不足必须 ABSTAIN'，无法在给定选项中确定正确值。""
}",,,,,,True,CAND_002,18,False
test,E37,CROSS_SENTENCE_SCOPE,3,20260822,OPTION_FORMAL_POLICY,SELECTED,OPTION_C,CAND_002,18,"根据 formal_policy 中的事实 (duration_code: DURATION-CODE-REMOTE, remote_consultation_active: true)，规则 E37_DURATION_REMOTE (优先级 200) 被触发，其 allowed_values 为 [",OPTION_A=CAND_001|OPTION_B=CAND_003|OPTION_C=CAND_002,4323,json_schema,1562,78,stop,"{
  ""abstain"": false,
  ""option_id"": ""OPTION_C"",
  ""reason"": ""根据 formal_policy 中的事实 (duration_code: DURATION-CODE-REMOTE, remote_consultation_active: true)，规则 E37_DURATION_REMOTE (优先级 200) 被触发，其 allowed_values 为 ["" }",,,,,,True,CAND_002,18,True
test,E37,CROSS_SENTENCE_SCOPE,3,20260822,OPTION_FORMAL_POLICY_HARD_GATE,SELECTED,OPTION_C,CAND_002,18,硬门禁：规则E37_DURATION_REMOTE唯一允许值=['18']，唯一存活候选直接选择,OPTION_A=CAND_001|OPTION_B=CAND_003|OPTION_C=CAND_002,0,formal_policy_hard_gate,0,0,,,True,E37_DURATION_REMOTE,18,1,DETERMINISTIC_SELECT,False,CAND_002,18,True
test,E37,CROSS_SENTENCE_SCOPE,3,20260822,OPTION_DESCRIPTION,SELECTED,OPTION_C,CAND_002,18,文档 DOC_E37_TERMS 第二条明确判定：规则引擎输出 DURATION-CODE-REMOTE，且该代码仅适用于保留远程问诊附加责任的情形（本案符合），而 DURATION-CODE-CHRONIC 和 DURATION-CODE-BASE 分别对应慢病管理有效和无附加责任的场景（本案均不满足）。因此必须选择按 DURATION-CODE-REM0,OPTION_A=CAND_001|OPTION_B=CAND_003|OPTION_C=CAND_002,5484,json_schema,915,113,stop,"{
  ""abstain"": false,
  ""option_id"": ""OPTION_C"",
  ""reason"": ""文档 DOC_E37_TERMS 第二条明确判定：规则引擎输出 DURATION-CODE-REMOTE，且该代码仅适用于保留远程问诊附加责任的情形（本案符合），而 DURATION-CODE-CHRONIC 和 DURATION-CODE-BASE 分别对应慢病管理有效和无附加责任的场景（本案均不满足）。因此必须选择按 DURATION-CODE-REM0""
}",,,,,,True,CAND_002,18,True
test,E14,TEMPORAL_VERSION,4,20260823,DIRECT_FREE,SELECTED,OPTION_C,CAND_002,62,核保受理日为2026年8月20日，处于DOC_E14_CURRENT（2026-08-01至2026-08-31）生效期内。DOC_E14_FUTURE虽已发布但生效日为2026-09-01，根据DOC_E14_CURRENT第四条及DOC_E14_FUTURE第三条，受理日在修订生效前的申请适用旧版条款。因此最高投保年龄为62周岁。,OPTION_A=CAND_003|OPTION_B=CAND_001|OPTION_C=CAND_002,6300,json_schema,1048,137,stop,"{
  ""abstain"": false,
  ""value"": ""62"",
  ""reason"": ""核保受理日为2026年8月20日，处于DOC_E14_CURRENT（2026-08-01至2026-08-31）生效期内。DOC_E14_FUTURE虽已发布但生效日为2026-09-01，根据DOC_E14_CURRENT第四条及DOC_E14_FUTURE第三条，受理日在修订生效前的申请适用旧版条款。因此最高投保年龄为62周岁。""
}",,,,,,True,CAND_002,62,True
test,E14,TEMPORAL_VERSION,4,20260823,VALUE_ENUM,SELECTED,OPTION_C,CAND_002,62,核保受理日为2026年8月20日，处于DOC_E14_CURRENT（2026-08-01至2026-08-31）生效期内。DOC_E14_FUTURE虽已发布但生效日为2026-09-01，尚未生效。根据DOC_E14_CURRENT第四条及DOC_E14_FUTURE第三条，应以受理日有效版本为准，故适用最高投保年龄为62周岁。,OPTION_A=CAND_003|OPTION_B=CAND_001|OPTION_C=CAND_002,5852,json_schema,1052,137,stop,"{
  ""abstain"": false,
  ""value"": ""62"",
  ""reason"": ""核保受理日为2026年8月20日，处于DOC_E14_CURRENT（2026-08-01至2026-08-31）生效期内。DOC_E14_FUTURE虽已发布但生效日为2026-09-01，尚未生效。根据DOC_E14_CURRENT第四条及DOC_E14_FUTURE第三条，应以受理日有效版本为准，故适用最高投保年龄为62周岁。""
}",,,,,,True,CAND_002,62,True
test,E14,TEMPORAL_VERSION,4,20260823,OPTION_VALUE_ONLY,SELECTED,OPTION_C,CAND_002,62,核保受理日为2026年8月20日，处于DOC_E14_CURRENT（2026-08-01至2026-08-31）生效期内。DOC_E14_FUTURE虽已发布但生效日为2026-09-01，未满足条件。根据DOC_E14_CURRENT第四条及DOC_E14_FUTURE第三条，应适用受理日有效版本（即DOC_E14_CURRENT），其一般规则规定最高为,OPTION_A=CAND_003|OPTION_B=CAND_001|OPTION_C=CAND_002,6714,json_schema,1144,140,stop,"{
  ""abstain"": false,
  ""option_id"": ""OPTION_C"",
  ""reason"": ""核保受理日为2026年8月20日，处于DOC_E14_CURRENT（2026-08-01至2026-08-31）生效期内。DOC_E14_FUTURE虽已发布但生效日为2026-09-01，未满足条件。根据DOC_E14_CURRENT第四条及DOC_E14_FUTURE第三条，应适用受理日有效版本（即DOC_E14_CURRENT），其一般规则规定最高为""
}",,,,,,True,CAND_002,62,True
test,E14,TEMPORAL_VERSION,4,20260823,OPTION_FORMAL_OPERATION,SELECTED,OPTION_C,CAND_002,62,案件核保受理日为2026年8月20日。DOC_E14_CURRENT（生效2026-08-01至2026-08-31）在受理日有效，规定最高投保年龄为62周岁。DOC_E14_FUTURE虽已发布但生效日为2026-09-01，晚于受理日，根据DOC_E14_CURRENT第四条及DOC_E14_FUTURE第三条，不适用新条款。因此当前适用版本为DOC_E,OPTION_A=CAND_003|OPTION_B=CAND_001|OPTION_C=CAND_002,6791,json_schema,1617,145,stop,"{
  ""abstain"": false,
  ""option_id"": ""OPTION_C"",
  ""reason"": ""案件核保受理日为2026年8月20日。DOC_E14_CURRENT（生效2026-08-01至2026-08-31）在受理日有效，规定最高投保年龄为62周岁。DOC_E14_FUTURE虽已发布但生效日为2026-09-01，晚于受理日，根据DOC_E14_CURRENT第四条及DOC_E14_FUTURE第三条，不适用新条款。因此当前适用版本为DOC_E""
}",,,,,,True,CAND_002,62,True
test,E14,TEMPORAL_VERSION,4,20260823,OPTION_FORMAL_POLICY,SELECTED,OPTION_C,CAND_002,62,"核保受理日2026-08-20在DOC_E14_CURRENT生效期[2026-08-01, 2026-08-31]内，且非团体转入例外。根据formal_policy规则E14_CURRENT_EFFECTIVE_VERSION（优先级300），适用最高投保年龄62。OPTION_C提供新值62，符合规则。",OPTION_A=CAND_003|OPTION_B=CAND_001|OPTION_C=CAND_002,5940,json_schema,2087,121,stop,"{
  ""abstain"": false,
  ""option_id"": ""OPTION_C"",
  ""reason"": ""核保受理日2026-08-20在DOC_E14_CURRENT生效期[2026-08-01, 2026-08-31]内，且非团体转入例外。根据formal_policy规则E14_CURRENT_EFFECTIVE_VERSION（优先级300），适用最高投保年龄62。OPTION_C提供新值62，符合规则。""
}",,,,,,True,CAND_002,62,True
test,E14,TEMPORAL_VERSION,4,20260823,OPTION_FORMAL_POLICY_HARD_GATE,SELECTED,OPTION_C,CAND_002,62,硬门禁：规则E14_CURRENT_EFFECTIVE_VERSION唯一允许值=['62']，唯一存活候选直接选择,OPTION_A=CAND_003|OPTION_B=CAND_001|OPTION_C=CAND_002,0,formal_policy_hard_gate,0,0,,,True,E14_CURRENT_EFFECTIVE_VERSION,62,1,DETERMINISTIC_SELECT,False,CAND_002,62,True
test,E14,TEMPORAL_VERSION,4,20260823,OPTION_DESCRIPTION,SELECTED,OPTION_C,CAND_002,62,案件核保受理日为2026年8月20日，DOC_E14_CURRENT（夏季现行版）生效期为2026-08-01至2026-08-31，覆盖该日期；DOC_E14_FUTURE（九月修订版）生效日为2026-09-01，未覆盖。根据DOC_E14_CURRENT第四条及DOC_E14_FUTURE第三条，应以受理日有效版本为准，即夏季现行版。虽然存在团体转入可,OPTION_A=CAND_003|OPTION_B=CAND_001|OPTION_C=CAND_002,6430,json_schema,1347,145,stop,"{
  ""abstain"": false,
  ""option_id"": ""OPTION_C"",
  ""reason"": ""案件核保受理日为2026年8月20日，DOC_E14_CURRENT（夏季现行版）生效期为2026-08-01至2026-08-31，覆盖该日期；DOC_E14_FUTURE（九月修订版）生效日为2026-09-01，未覆盖。根据DOC_E14_CURRENT第四条及DOC_E14_FUTURE第三条，应以受理日有效版本为准，即夏季现行版。虽然存在团体转入可""
}",,,,,,True,CAND_002,62,True
test,E15,TEMPORAL_VERSION,4,20260823,DIRECT_FREE,SELECTED,OPTION_C,CAND_003,64,投保申请于2026年7月20日进入核保流程，适用DOC_E15_JULY（生效2026-07-01至2026-07-31），其规定最高投保年龄为64周岁。DOC_E15_AUGUST虽于8月1日生效，但明确排除8月1日前已进核保流程的申请。,OPTION_A=CAND_001|OPTION_B=CAND_002|OPTION_C=CAND_003,5804,json_schema,1044,119,stop,"{
  ""abstain"": false,
  ""value"": ""64"",
  ""reason"": ""投保申请于2026年7月20日进入核保流程，适用DOC_E15_JULY（生效2026-07-01至2026-07-31），其规定最高投保年龄为64周岁。DOC_E15_AUGUST虽于8月1日生效，但明确排除8月1日前已进核保流程的申请。""
}",,,,,,True,CAND_003,64,True
test,E15,TEMPORAL_VERSION,4,20260823,VALUE_ENUM,SELECTED,OPTION_C,CAND_003,64,投保申请于2026年7月20日进入核保流程，适用DOC_E15_JULY（生效2026-07-01至2026-07-31），该文档规定最高投保年龄为64周岁。DOC_E15_AUGUST虽于8月1日生效，但明确排除8月1日前已进入核保流程的申请。,OPTION_A=CAND_001|OPTION_B=CAND_002|OPTION_C=CAND_003,5237,json_schema,1048,119,stop,"{
  ""abstain"": false,
  ""value"": ""64"",
  ""reason"": ""投保申请于2026年7月20日进入核保流程，适用DOC_E15_JULY（生效2026-07-01至2026-07-31），该文档规定最高投保年龄为64周岁。DOC_E15_AUGUST虽于8月1日生效，但明确排除8月1日前已进入核保流程的申请。""
}",,,,,,True,CAND_003,64,True
test,E15,TEMPORAL_VERSION,4,20260823,OPTION_VALUE_ONLY,SELECTED,OPTION_C,CAND_003,64,投保申请于2026年7月20日进入核保流程，适用DOC_E15_JULY（生效2026-07-01至2026-07-31），其一般规则规定最高投保年龄为64周岁。DOC_E15_AUGUST虽于8月1日生效，但明确排除8月1日前已进入核保流程的申请。因此适用数值为64（OPTION_C）。,OPTION_A=CAND_001|OPTION_B=CAND_002|OPTION_C=CAND_003,6266,json_schema,1140,130,stop,"{
  ""abstain"": false,
  ""option_id"": ""OPTION_C"",
  ""reason"": ""投保申请于2026年7月20日进入核保流程，适用DOC_E15_JULY（生效2026-07-01至2026-07-31），其一般规则规定最高投保年龄为64周岁。DOC_E15_AUGUST虽于8月1日生效，但明确排除8月1日前已进入核保流程的申请。因此适用数值为64（OPTION_C）。""
}",,,,,,True,CAND_003,64,True
test,E15,TEMPORAL_VERSION,4,20260823,OPTION_FORMAL_OPERATION,SELECTED,OPTION_C,CAND_003,64,案件投保申请于2026年7月20日进入核保流程，适用DOC_E15_JULY（生效2026-07-01，失效2026-07-31）。该文档第二条规定最高投保年龄为64周岁。DOC_E15_AUGUST虽于8月1日生效且规定年龄为68周岁，但其第三条例外规则明确指出：2026年8月1日前已进入核保流程的申请仍按进入核保流程当日有效版本处理。因此，本案应适用7月,OPTION_A=CAND_001|OPTION_B=CAND_002|OPTION_C=CAND_003,6937,json_schema,1613,154,stop,"{
  ""abstain"": false,
  ""option_id"": ""OPTION_C"",
  ""reason"": ""案件投保申请于2026年7月20日进入核保流程，适用DOC_E15_JULY（生效2026-07-01，失效2026-07-31）。该文档第二条规定最高投保年龄为64周岁。DOC_E15_AUGUST虽于8月1日生效且规定年龄为68周岁，但其第三条例外规则明确指出：2026年8月1日前已进入核保流程的申请仍按进入核保流程当日有效版本处理。因此，本案应适用7月""
}",,,,,,True,CAND_003,64,True
test,E15,TEMPORAL_VERSION,4,20260823,OPTION_FORMAL_POLICY,SELECTED,OPTION_C,CAND_003,64,案件事实显示投保申请进入核保流程日期为2026年7月20日，处于DOC_E15_JULY（2026-07-01至2026-07-31）的有效期内。根据formal_policy规则E15_JULY_VERSION_SCOPE（优先级300），该日期段适用的最高投保年龄为64周岁。人工评估日期2026年8月21日不改变版本判断日期。因此，应将属性值从70更新为,OPTION_A=CAND_001|OPTION_B=CAND_002|OPTION_C=CAND_003,6838,json_schema,2096,147,stop,"{
  ""abstain"": false,
  ""option_id"": ""OPTION_C"",
  ""reason"": ""案件事实显示投保申请进入核保流程日期为2026年7月20日，处于DOC_E15_JULY（2026-07-01至2026-07-31）的有效期内。根据formal_policy规则E15_JULY_VERSION_SCOPE（优先级300），该日期段适用的最高投保年龄为64周岁。人工评估日期2026年8月21日不改变版本判断日期。因此，应将属性值从70更新为""
}",,,,,,True,CAND_003,64,True
test,E15,TEMPORAL_VERSION,4,20260823,OPTION_FORMAL_POLICY_HARD_GATE,SELECTED,OPTION_C,CAND_003,64,硬门禁：规则E15_JULY_VERSION_SCOPE唯一允许值=['64']，唯一存活候选直接选择,OPTION_A=CAND_001|OPTION_B=CAND_002|OPTION_C=CAND_003,0,formal_policy_hard_gate,0,0,,,True,E15_JULY_VERSION_SCOPE,64,1,DETERMINISTIC_SELECT,False,CAND_003,64,True
test,E15,TEMPORAL_VERSION,4,20260823,OPTION_DESCRIPTION,SELECTED,OPTION_C,CAND_003,64,案件上下文显示投保申请于2026年7月20日进入核保流程，适用DOC_E15_JULY（生效期2026-07-01至2026-07-31）。该文档第四条规定以进入核保流程日期为版本判断日期，且第三条规定失效后才进入核保才不适用。因此应适用七月版本数值64周岁。DOC_E15_AUGUST明确排除8月1日前已进入核保的申请。OPTION_B的66周岁无文档依据,OPTION_A=CAND_001|OPTION_B=CAND_002|OPTION_C=CAND_003,6519,json_schema,1343,147,stop,"{
  ""abstain"": false,
  ""option_id"": ""OPTION_C"",
  ""reason"": ""案件上下文显示投保申请于2026年7月20日进入核保流程，适用DOC_E15_JULY（生效期2026-07-01至2026-07-31）。该文档第四条规定以进入核保流程日期为版本判断日期，且第三条规定失效后才进入核保才不适用。因此应适用七月版本数值64周岁。DOC_E15_AUGUST明确排除8月1日前已进入核保的申请。OPTION_B的66周岁无文档依据""
}",,,,,,True,CAND_003,64,True
test,E16,TEMPORAL_VERSION,4,20260823,DIRECT_FREE,SELECTED,OPTION_B,CAND_002,67,核保受理日2026-09-20在备案完成日2026-10-01之前，依据DOC_E16_TERMS第二条及第四条，适用当前备案版本（最高投保年龄67周岁），宣传摘要拟调整内容不生效。,OPTION_A=CAND_003|OPTION_B=CAND_002|OPTION_C=CAND_001,4293,json_schema,639,91,stop,"{
  ""abstain"": false,
  ""value"": ""67"",
  ""reason"": ""核保受理日2026-09-20在备案完成日2026-10-01之前，依据DOC_E16_TERMS第二条及第四条，适用当前备案版本（最高投保年龄67周岁），宣传摘要拟调整内容不生效。""
}",,,,,,True,CAND_002,67,True
test,E16,TEMPORAL_VERSION,4,20260823,VALUE_ENUM,SELECTED,OPTION_B,CAND_002,67,核保受理日2026-09-20在备案完成日2026-10-01之前，依据DOC_E16_TERMS第四条及第二条，适用当前备案版本（最高投保年龄67周岁）；第三条续保例外因客户未提交连续续保证明而不触发。,OPTION_A=CAND_003|OPTION_B=CAND_002|OPTION_C=CAND_001,4523,json_schema,643,99,stop,"{
  ""abstain"": false,
  ""value"": ""67"",
  ""reason"": ""核保受理日2026-09-20在备案完成日2026-10-01之前，依据DOC_E16_TERMS第四条及第二条，适用当前备案版本（最高投保年龄67周岁）；第三条续保例外因客户未提交连续续保证明而不触发。""
}",,,,,,True,CAND_002,67,True
test,E16,TEMPORAL_VERSION,4,20260823,OPTION_VALUE_ONLY,SELECTED,OPTION_B,CAND_002,67,核保受理日（2026-09-20）早于备案完成日（2026-10-01），根据文档第四条及第二条，未完成备案的批单不得适用，宣传摘要不得替代正式条款，因此当前适用版本为备案版本，最高投保年龄为 67 周岁。,OPTION_A=CAND_003|OPTION_B=CAND_002|OPTION_C=CAND_001,4874,json_schema,735,102,stop,"{
  ""abstain"": false,
  ""option_id"": ""OPTION_B"",
  ""reason"": ""核保受理日（2026-09-20）早于备案完成日（2026-10-01），根据文档第四条及第二条，未完成备案的批单不得适用，宣传摘要不得替代正式条款，因此当前适用版本为备案版本，最高投保年龄为 67 周岁。""
}",,,,,,True,CAND_002,67,True
test,E16,TEMPORAL_VERSION,4,20260823,OPTION_FORMAL_OPERATION,SELECTED,OPTION_B,CAND_002,67,核保受理日（2026-09-20）在文档生效期（2026-09-05 至 备案完成日 2026-10-01）内。根据文档第四条，未完成备案的批单不得适用；根据第二条，此期间最高投保年龄为 67 周岁。客户未提交连续续保证明，不满足第三条例外条件（64 周岁）。因此应选用将值设为 67 的 OPTION_B。,OPTION_A=CAND_003|OPTION_B=CAND_002|OPTION_C=CAND_001,6542,json_schema,1208,142,stop,"{
  ""abstain"": false,
  ""option_id"": ""OPTION_B"",
  ""reason"": ""核保受理日（2026-09-20）在文档生效期（2026-09-05 至 备案完成日 2026-10-01）内。根据文档第四条，未完成备案的批单不得适用；根据第二条，此期间最高投保年龄为 67 周岁。客户未提交连续续保证明，不满足第三条例外条件（64 周岁）。因此应选用将值设为 67 的 OPTION_B。""
}",,,,,,True,CAND_002,67,True
test,E16,TEMPORAL_VERSION,4,20260823,OPTION_FORMAL_POLICY,SELECTED,OPTION_B,CAND_002,67,案件事实显示备案尚未完成 (endorsement_filing_completed: false) 且无续保例外确认，根据 formal_policy 中优先级为 200 的 E16_FILED_CURRENT_VERSION 规则，适用最高投保年龄为 67 周岁。OPTION_B 将值替换为 67，符合规则要求。,OPTION_A=CAND_003|OPTION_B=CAND_002|OPTION_C=CAND_001,5179,json_schema,1626,104,stop,"{
  ""abstain"": false,
  ""option_id"": ""OPTION_B"",
  ""reason"": ""案件事实显示备案尚未完成 (endorsement_filing_completed: false) 且无续保例外确认，根据 formal_policy 中优先级为 200 的 E16_FILED_CURRENT_VERSION 规则，适用最高投保年龄为 67 周岁。OPTION_B 将值替换为 67，符合规则要求。""
}",,,,,,True,CAND_002,67,True
test,E16,TEMPORAL_VERSION,4,20260823,OPTION_FORMAL_POLICY_HARD_GATE,SELECTED,OPTION_B,CAND_002,67,硬门禁：规则E16_FILED_CURRENT_VERSION唯一允许值=['67']，唯一存活候选直接选择,OPTION_A=CAND_003|OPTION_B=CAND_002|OPTION_C=CAND_001,0,formal_policy_hard_gate,0,0,,,True,E16_FILED_CURRENT_VERSION,67,1,DETERMINISTIC_SELECT,False,CAND_002,67,True
test,E16,TEMPORAL_VERSION,4,20260823,OPTION_DESCRIPTION,SELECTED,OPTION_B,CAND_002,67,核保受理日（2026-09-20）在备案完成日（2026-10-01）之前。根据文档第四条，未完成备案的批单不得适用；且客户未提交连续续保证明，不满足第三条例外条件。因此必须适用当前备案版本，即最高投保年龄为 67 周岁。,OPTION_A=CAND_003|OPTION_B=CAND_002|OPTION_C=CAND_001,5086,json_schema,940,109,stop,"{
  ""abstain"": false,
  ""option_id"": ""OPTION_B"",
  ""reason"": ""核保受理日（2026-09-20）在备案完成日（2026-10-01）之前。根据文档第四条，未完成备案的批单不得适用；且客户未提交连续续保证明，不满足第三条例外条件。因此必须适用当前备案版本，即最高投保年龄为 67 周岁。""
}",,,,,,True,CAND_002,67,True
test,E17,TEMPORAL_VERSION,4,20260823,DIRECT_FREE,ABSTAIN,,,,文档 DOC_E17_TERMS 仅声明档位代码到数值的映射由候选修复表维护，正文未列示具体数值；且文档中无候选列表供读取或猜测。依据指令‘证据不足必须 ABSTAIN'，无法确定产品 A 当前适用的最高投保年龄。,OPTION_A=CAND_001|OPTION_B=CAND_002|OPTION_C=CAND_003,4237,json_schema,609,89,stop,"{
  ""abstain"": true,
  ""value"": """",
  ""reason"": ""文档 DOC_E17_TERMS 仅声明档位代码到数值的映射由候选修复表维护，正文未列示具体数值；且文档中无候选列表供读取或猜测。依据指令‘证据不足必须 ABSTAIN'，无法确定产品 A 当前适用的最高投保年龄。""
}",,,,,,True,CAND_002,63,False
test,E17,TEMPORAL_VERSION,4,20260823,VALUE_ENUM,ABSTAIN,,,,文档 DOC_E17_TERMS 仅声明档位代码到数值的映射由候选修复表维护，正文未列示具体数值。依据指令‘证据不足必须 ABSTAIN'且禁止读取或猜测候选列表，无法确定产品 A 当前适用的最高投保年龄。,OPTION_A=CAND_001|OPTION_B=CAND_002|OPTION_C=CAND_003,4119,json_schema,613,88,stop,"{
  ""abstain"": true,
  ""value"": ""ABSTAIN"",
  ""reason"": ""文档 DOC_E17_TERMS 仅声明档位代码到数值的映射由候选修复表维护，正文未列示具体数值。依据指令‘证据不足必须 ABSTAIN'且禁止读取或猜测候选列表，无法确定产品 A 当前适用的最高投保年龄。""
}",,,,,,True,CAND_002,63,False
test,E17,TEMPORAL_VERSION,4,20260823,OPTION_VALUE_ONLY,SELECTED,OPTION_A,CAND_001,73,文档 DOC_E17_TERMS 权威性强（authority=100）且生效时间（2026-09-18）早于案件受理日（2026-09-25）。文档明确排除营销草案和续保通道，规定仅采用备案系统返回的 AGE-BAND-G2。根据指令约束禁止生成新数值或算子，且候选值中无与 G2 直接对应的显式映射表，但依据‘证据不足必须 ABSTAIN'原则，若无法从给,OPTION_A=CAND_001|OPTION_B=CAND_002|OPTION_C=CAND_003,6465,json_schema,705,145,stop,"{
  ""abstain"": false,
  ""option_id"": ""OPTION_A"",
  ""reason"": ""文档 DOC_E17_TERMS 权威性强（authority=100）且生效时间（2026-09-18）早于案件受理日（2026-09-25）。文档明确排除营销草案和续保通道，规定仅采用备案系统返回的 AGE-BAND-G2。根据指令约束禁止生成新数值或算子，且候选值中无与 G2 直接对应的显式映射表，但依据‘证据不足必须 ABSTAIN'原则，若无法从给""
}",,,,,,True,CAND_002,63,False
test,E17,TEMPORAL_VERSION,4,20260823,OPTION_FORMAL_OPERATION,ABSTAIN,,,,文档 DOC_E17_TERMS 仅声明档位代码到数值的映射由候选修复表维护，正文不重复列示数值。案件上下文中未提供该‘候选修复表’或任何将 AGE-BAND-G2 映射为具体年龄（58、63 或 73）的文档证据。因此，无法依据给定上下文和文档确定产品 A 当前适用的最高投保年龄，证据不足。,OPTION_A=CAND_001|OPTION_B=CAND_002|OPTION_C=CAND_003,5822,json_schema,1178,121,stop,"{
  ""abstain"": true,
  ""option_id"": ""ABSTAIN"",
  ""reason"": ""文档 DOC_E17_TERMS 仅声明档位代码到数值的映射由候选修复表维护，正文不重复列示数值。案件上下文中未提供该‘候选修复表’或任何将 AGE-BAND-G2 映射为具体年龄（58、63 或 73）的文档证据。因此，无法依据给定上下文和文档确定产品 A 当前适用的最高投保年龄，证据不足。""
}",,,,,,True,CAND_002,63,False
test,E17,TEMPORAL_VERSION,4,20260823,OPTION_FORMAL_POLICY,SELECTED,OPTION_B,CAND_002,63,案件上下文显示营销草案不适用且非续保，故排除OPTION_A和OPTION_C；备案系统返回AGE-BAND-G2，匹配formal_policy中优先级200的E17_FILED_AGE_BAND_G2规则，允许值为63，对应OPTION_B。,OPTION_A=CAND_001|OPTION_B=CAND_002|OPTION_C=CAND_003,4553,json_schema,1540,89,stop,"{
  ""abstain"": false,
  ""option_id"": ""OPTION_B"",
  ""reason"": ""案件上下文显示营销草案不适用且非续保，故排除OPTION_A和OPTION_C；备案系统返回AGE-BAND-G2，匹配formal_policy中优先级200的E17_FILED_AGE_BAND_G2规则，允许值为63，对应OPTION_B。""
}",,,,,,True,CAND_002,63,True
test,E17,TEMPORAL_VERSION,4,20260823,OPTION_FORMAL_POLICY_HARD_GATE,SELECTED,OPTION_B,CAND_002,63,硬门禁：规则E17_FILED_AGE_BAND_G2唯一允许值=['63']，唯一存活候选直接选择,OPTION_A=CAND_001|OPTION_B=CAND_002|OPTION_C=CAND_003,0,formal_policy_hard_gate,0,0,,,True,E17_FILED_AGE_BAND_G2,63,1,DETERMINISTIC_SELECT,False,CAND_002,63,True
test,E17,TEMPORAL_VERSION,4,20260823,OPTION_DESCRIPTION,SELECTED,OPTION_B,CAND_002,63,DOC_E17_TERMS 文件权威性强（authority=100）且生效时间（2026-09-18）早于案件受理日（2026-09-25）。文件第二条明确排除营销草案（AGE-BAND-G1）和历史续保通道（AGE-BAND-G3），第三条规定本体更新只应采用备案系统返回的档位代码。案件上下文中备案系统返回的代码为 AGE-BAND-G2，因此必须选择按,OPTION_A=CAND_001|OPTION_B=CAND_002|OPTION_C=CAND_003,6366,json_schema,923,136,stop,"{
  ""abstain"": false,
  ""option_id"": ""OPTION_B"",
  ""reason"": ""DOC_E17_TERMS 文件权威性强（authority=100）且生效时间（2026-09-18）早于案件受理日（2026-09-25）。文件第二条明确排除营销草案（AGE-BAND-G1）和历史续保通道（AGE-BAND-G3），第三条规定本体更新只应采用备案系统返回的档位代码。案件上下文中备案系统返回的代码为 AGE-BAND-G2，因此必须选择按""
  }",,,,,,True,CAND_002,63,True
test,E24,GENERAL_RULE_EXCEPTION,4,20260823,DIRECT_FREE,SELECTED,OPTION_C,CAND_002,0,DOC_E24_TERMS 生效日期为 2026-07-10，案件事实（第五条）明确满足例外规则条件（连续转入、原保障未中断、证明在第 20 日提交即小于 30 日）。根据第六条及第三条，例外规则优先于一般规则，故等待期按 0 天处理。,OPTION_A=CAND_003|OPTION_B=CAND_001|OPTION_C=CAND_002,5022,json_schema,686,108,stop,"{
  ""abstain"": false,
  ""value"": ""0"",
  ""reason"": ""DOC_E24_TERMS 生效日期为 2026-07-10，案件事实（第五条）明确满足例外规则条件（连续转入、原保障未中断、证明在第 20 日提交即小于 30 日）。根据第六条及第三条，例外规则优先于一般规则，故等待期按 0 天处理。""
}",,,,,,True,CAND_002,0,True
test,E24,GENERAL_RULE_EXCEPTION,4,20260823,VALUE_ENUM,SELECTED,OPTION_C,CAND_002,0,DOC_E24_TERMS 生效日期为 2026-07-10，案件事实满足第三条例外规则所有条件（团体转入、原保障连续、证明在第 20 日即 30 日内提交），依据第六条及第三条，例外规则优先于一般规则，故等待期按 0 天处理。,OPTION_A=CAND_003|OPTION_B=CAND_001|OPTION_C=CAND_002,4977,json_schema,690,105,stop,"{
  ""abstain"": false,
  ""value"": ""0"",
  ""reason"": ""DOC_E24_TERMS 生效日期为 2026-07-10，案件事实满足第三条例外规则所有条件（团体转入、原保障连续、证明在第 20 日即 30 日内提交），依据第六条及第三条，例外规则优先于一般规则，故等待期按 0 天处理。""
}",,,,,,True,CAND_002,0,True
test,E24,GENERAL_RULE_EXCEPTION,4,20260823,OPTION_VALUE_ONLY,SELECTED,OPTION_C,CAND_002,0,文件DOC_E24_TERMS生效日期为2026-07-10，案件事实（第五条）明确描述本次申请属于合作单位团体计划转入、原保障连续且证明在第20日提交。根据第三条例外规则，满足该条件时等待期按0天处理；第四条限制规则仅适用于超过30日但不超过60日的情况，本案为第20日，故适用例外规则，结果为0天（OPTION_C）。,OPTION_A=CAND_003|OPTION_B=CAND_001|OPTION_C=CAND_002,5791,json_schema,781,129,stop,"{
  ""abstain"": false,
  ""option_id"": ""OPTION_C"",
  ""reason"": ""文件DOC_E24_TERMS生效日期为2026-07-10，案件事实（第五条）明确描述本次申请属于合作单位团体计划转入、原保障连续且证明在第20日提交。根据第三条例外规则，满足该条件时等待期按0天处理；第四条限制规则仅适用于超过30日但不超过60日的情况，本案为第20日，故适用例外规则，结果为0天（OPTION_C）。""
}",,,,,,True,CAND_002,0,True
test,E24,GENERAL_RULE_EXCEPTION,4,20260823,OPTION_FORMAL_OPERATION,SELECTED,OPTION_C,CAND_002,0,文档DOC_E24_TERMS第五条确认案件事实满足第三条例外规则（连续转入、原保障未中断、证明在第20日提交，即30日内）。根据第六条及第三条，满足条件的例外规则优先于一般规则（第二条90天），故等待期按0天处理。,OPTION_A=CAND_003|OPTION_B=CAND_001|OPTION_C=CAND_002,4921,json_schema,1254,94,stop,"{
  ""abstain"": false,
  ""option_id"": ""OPTION_C"",
  ""reason"": ""文档DOC_E24_TERMS第五条确认案件事实满足第三条例外规则（连续转入、原保障未中断、证明在第20日提交，即30日内）。根据第六条及第三条，满足条件的例外规则优先于一般规则（第二条90天），故等待期按0天处理。""
}",,,,,,True,CAND_002,0,True
test,E24,GENERAL_RULE_EXCEPTION,4,20260823,OPTION_FORMAL_POLICY,SELECTED,OPTION_C,CAND_002,0,"案件事实显示：group_transfer=true, prior_coverage_uninterrupted=true, proof_submitted_days=20。根据formal_policy规则优先级，E24_CONTINUOUS_TRANSFER_EXCEPTION（优先级300）条件满足（20<=30），允许值为0。因此选择OPTION_C",OPTION_A=CAND_003|OPTION_B=CAND_001|OPTION_C=CAND_002,4791,json_schema,1670,92,stop,"{
  ""abstain"": false,
  ""option_id"": ""OPTION_C"",
  ""reason"": ""案件事实显示：group_transfer=true, prior_coverage_uninterrupted=true, proof_submitted_days=20。根据formal_policy规则优先级，E24_CONTINUOUS_TRANSFER_EXCEPTION（优先级300）条件满足（20<=30），允许值为0。因此选择OPTION_C""
}",,,,,,True,CAND_002,0,True
test,E24,GENERAL_RULE_EXCEPTION,4,20260823,OPTION_FORMAL_POLICY_HARD_GATE,SELECTED,OPTION_C,CAND_002,0,硬门禁：规则E24_CONTINUOUS_TRANSFER_EXCEPTION唯一允许值=['0']，唯一存活候选直接选择,OPTION_A=CAND_003|OPTION_B=CAND_001|OPTION_C=CAND_002,0,formal_policy_hard_gate,0,0,,,True,E24_CONTINUOUS_TRANSFER_EXCEPTION,0,1,DETERMINISTIC_SELECT,False,CAND_002,0,True
test,E24,GENERAL_RULE_EXCEPTION,4,20260823,OPTION_DESCRIPTION,SELECTED,OPTION_C,CAND_002,0,案件事实（第五条）明确满足例外规则（第三条）的所有条件：由合作单位团体计划转入、原保障至新合同生效日前一日有效、连续保障证明在第20日提交（在30日内）。根据第六条，例外规则优先于一般规则，因此等待期应为0天。,OPTION_A=CAND_003|OPTION_B=CAND_001|OPTION_C=CAND_002,4631,json_schema,982,94,stop,"{
  ""abstain"": false,
  ""option_id"": ""OPTION_C"",
  ""reason"": ""案件事实（第五条）明确满足例外规则（第三条）的所有条件：由合作单位团体计划转入、原保障至新合同生效日前一日有效、连续保障证明在第20日提交（在30日内）。根据第六条，例外规则优先于一般规则，因此等待期应为0天。""
}",,,,,,True,CAND_002,0,True
test,E25,GENERAL_RULE_EXCEPTION,4,20260823,DIRECT_FREE,SELECTED,OPTION_B,CAND_001,15,案件事实（出生后第46日投保，健康告知无异常，无既往重疾）满足DOC_E25_TERMS第四条“延迟投保规则”的适用条件（30日<46日<=90日），故等待期天数为15天。,OPTION_A=CAND_003|OPTION_B=CAND_001|OPTION_C=CAND_002,4252,json_schema,675,87,stop,"{
  ""abstain"": false,
  ""value"": ""15"",
  ""reason"": ""案件事实（出生后第46日投保，健康告知无异常，无既往重疾）满足DOC_E25_TERMS第四条“延迟投保规则”的适用条件（30日<46日<=90日），故等待期天数为15天。""
}",,,,,,True,CAND_001,15,True
test,E25,GENERAL_RULE_EXCEPTION,4,20260823,VALUE_ENUM,SELECTED,OPTION_B,CAND_001,15,案件事实（出生后第46日投保、健康告知无异常、无既往重疾）满足DOC_E25_TERMS第四条延迟投保规则条件，故适用15天等待期。,OPTION_A=CAND_003|OPTION_B=CAND_001|OPTION_C=CAND_002,3678,json_schema,679,71,stop,"{
  ""abstain"": false,
  ""value"": ""15"",
  ""reason"": ""案件事实（出生后第46日投保、健康告知无异常、无既往重疾）满足DOC_E25_TERMS第四条延迟投保规则条件，故适用15天等待期。""
}",,,,,,True,CAND_001,15,True
test,E25,GENERAL_RULE_EXCEPTION,4,20260823,OPTION_VALUE_ONLY,SELECTED,OPTION_B,CAND_001,15,根据文档DOC_E25_TERMS第五条，本案投保时间为出生后第46日（满足30日<日期<=90日的延迟投保规则条件），且健康告知无异常、无既往重大疾病记录。依据第四条例外规则，适用15天等待期。,OPTION_A=CAND_003|OPTION_B=CAND_001|OPTION_C=CAND_002,4436,json_schema,770,87,stop,"{
  ""abstain"": false,
  ""option_id"": ""OPTION_B"",
  ""reason"": ""根据文档DOC_E25_TERMS第五条，本案投保时间为出生后第46日（满足30日<日期<=90日的延迟投保规则条件），且健康告知无异常、无既往重大疾病记录。依据第四条例外规则，适用15天等待期。""
}",,,,,,True,CAND_001,15,True
test,E25,GENERAL_RULE_EXCEPTION,4,20260823,OPTION_FORMAL_OPERATION,SELECTED,OPTION_B,CAND_001,15,案件事实显示投保时间为出生后第46日（满足30日<天数<=90日的延迟投保规则条件），且健康告知无异常、无既往重大疾病记录。根据文档DOC_E25_TERMS第四条，此情形下等待期按15天处理。因此选择将值从30替换为15的OPTION_B。,OPTION_A=CAND_003|OPTION_B=CAND_001|OPTION_C=CAND_002,5171,json_schema,1243,104,stop,"{
  ""abstain"": false,
  ""option_id"": ""OPTION_B"",
  ""reason"": ""案件事实显示投保时间为出生后第46日（满足30日<天数<=90日的延迟投保规则条件），且健康告知无异常、无既往重大疾病记录。根据文档DOC_E25_TERMS第四条，此情形下等待期按15天处理。因此选择将值从30替换为15的OPTION_B。""
}",,,,,,True,CAND_001,15,True
test,E25,GENERAL_RULE_EXCEPTION,4,20260823,OPTION_FORMAL_POLICY,SELECTED,OPTION_B,CAND_001,15,案件事实显示投保时间为出生后第46日（30 < 46 <= 90），健康告知无异常且无既往重大疾病记录。根据formal_policy规则，E25_DELAYED_CHILD_EXCEPTION（优先级250）条件满足，对应等待期15天；E25_NEONATAL_EXCEPTION不满足（46 > 30）。因此选择OPTION_B将值设为15。,OPTION_A=CAND_003|OPTION_B=CAND_001|OPTION_C=CAND_002,5753,json_schema,1692,119,stop,"{
  ""abstain"": false,
  ""option_id"": ""OPTION_B"",
  ""reason"": ""案件事实显示投保时间为出生后第46日（30 < 46 <= 90），健康告知无异常且无既往重大疾病记录。根据formal_policy规则，E25_DELAYED_CHILD_EXCEPTION（优先级250）条件满足，对应等待期15天；E25_NEONATAL_EXCEPTION不满足（46 > 30）。因此选择OPTION_B将值设为15。""
}",,,,,,True,CAND_001,15,True
test,E25,GENERAL_RULE_EXCEPTION,4,20260823,OPTION_FORMAL_POLICY_HARD_GATE,SELECTED,OPTION_B,CAND_001,15,硬门禁：规则E25_DELAYED_CHILD_EXCEPTION唯一允许值=['15']，唯一存活候选直接选择,OPTION_A=CAND_003|OPTION_B=CAND_001|OPTION_C=CAND_002,0,formal_policy_hard_gate,0,0,,,True,E25_DELAYED_CHILD_EXCEPTION,15,1,DETERMINISTIC_SELECT,False,CAND_001,15,True
test,E25,GENERAL_RULE_EXCEPTION,4,20260823,OPTION_DESCRIPTION,SELECTED,OPTION_B,CAND_001,15,案件事实显示投保时间为出生后第46日，满足‘超过30日但不超过90日’的条件（条款第四条），且健康告知无异常、无既往重大疾病记录，因此适用延迟投保规则，等待期为15天。,OPTION_A=CAND_003|OPTION_B=CAND_001|OPTION_C=CAND_002,4153,json_schema,972,81,stop,"{
  ""abstain"": false,
  ""option_id"": ""OPTION_B"",
  ""reason"": ""案件事实显示投保时间为出生后第46日，满足‘超过30日但不超过90日’的条件（条款第四条），且健康告知无异常、无既往重大疾病记录，因此适用延迟投保规则，等待期为15天。""
}",,,,,,True,CAND_001,15,True
test,E26,GENERAL_RULE_EXCEPTION,4,20260823,DIRECT_FREE,SELECTED,OPTION_C,CAND_002,30,根据DOC_E26_TERMS第四条，本案属于团体转入且原保障未中断，但连续保障证明在第18日提交（超过第二条规定的15日时限）。依据第三条逾期补交规则，第16日至第30日补交且核保有效的，等待期按30天处理，且该规则优先于一般规则。第五条明确排除了0天等待期的适用。,OPTION_A=CAND_003|OPTION_B=CAND_001|OPTION_C=CAND_002,5134,json_schema,675,115,stop,"{
  ""abstain"": false,
  ""value"": ""30"",
  ""reason"": ""根据DOC_E26_TERMS第四条，本案属于团体转入且原保障未中断，但连续保障证明在第18日提交（超过第二条规定的15日时限）。依据第三条逾期补交规则，第16日至第30日补交且核保有效的，等待期按30天处理，且该规则优先于一般规则。第五条明确排除了0天等待期的适用。""
}",,,,,,True,CAND_002,30,True
test,E26,GENERAL_RULE_EXCEPTION,4,20260823,VALUE_ENUM,SELECTED,OPTION_C,CAND_002,30,案件事实显示连续保障证明在申请后第18日提交（属于第16日至第30日的逾期补交区间），且经核保确认有效。根据DOC_E26_TERMS第三条，此情形下等待期按30天处理；第五条明确排除了0天等待期的适用性。,OPTION_A=CAND_003|OPTION_B=CAND_001|OPTION_C=CAND_002,4466,json_schema,679,97,stop,"{
  ""abstain"": false,
  ""value"": ""30"",
  ""reason"": ""案件事实显示连续保障证明在申请后第18日提交（属于第16日至第30日的逾期补交区间），且经核保确认有效。根据DOC_E26_TERMS第三条，此情形下等待期按30天处理；第五条明确排除了0天等待期的适用性。""
}",,,,,,True,CAND_002,30,True
test,E26,GENERAL_RULE_EXCEPTION,4,20260823,OPTION_VALUE_ONLY,SELECTED,OPTION_C,CAND_002,30,根据文档DOC_E26_TERMS第四条，本案属于团体转入且原保障未中断，连续保障证明在申请后第18日提交（属于第16日至第30日的逾期补交范围），并经核保确认有效。依据第三条逾期补交规则，等待期按30天处理；第五条明确排除0天适用情形。因此适用OPTION_C。,OPTION_A=CAND_003|OPTION_B=CAND_001|OPTION_C=CAND_002,5127,json_schema,770,109,stop,"{
  ""abstain"": false,
  ""option_id"": ""OPTION_C"",
  ""reason"": ""根据文档DOC_E26_TERMS第四条，本案属于团体转入且原保障未中断，连续保障证明在申请后第18日提交（属于第16日至第30日的逾期补交范围），并经核保确认有效。依据第三条逾期补交规则，等待期按30天处理；第五条明确排除0天适用情形。因此适用OPTION_C。""
}",,,,,,True,CAND_002,30,True
test,E26,GENERAL_RULE_EXCEPTION,4,20260823,OPTION_FORMAL_OPERATION,SELECTED,OPTION_C,CAND_002,30,案件事实显示连续保障证明在申请后第18日提交（属于第16日至第30日的逾期区间），且经核保确认有效。根据文档DOC_E26_TERMS第三条，此情形下等待期按30天处理；第五条明确排除逾期补交适用0天的情况。因此选择OPTION_C将值设为30。,OPTION_A=CAND_003|OPTION_B=CAND_001|OPTION_C=CAND_002,5376,json_schema,1243,106,stop,"{
  ""abstain"": false,
  ""option_id"": ""OPTION_C"",
  ""reason"": ""案件事实显示连续保障证明在申请后第18日提交（属于第16日至第30日的逾期区间），且经核保确认有效。根据文档DOC_E26_TERMS第三条，此情形下等待期按30天处理；第五条明确排除逾期补交适用0天的情况。因此选择OPTION_C将值设为30。""
}",,,,,,True,CAND_002,30,True
test,E26,GENERAL_RULE_EXCEPTION,4,20260823,OPTION_FORMAL_POLICY,SELECTED,OPTION_C,CAND_002,30,案件事实显示连续保障证明在第18日提交（大于15日且小于等于30日），满足formal_policy中E26_LATE_PROOF_PARTIAL_EXCEPTION规则条件，该规则允许值为30。文档条款第三条及第五条确认逾期补交（16-30日）按30天处理且优先于一般规则。因此选择OPTION_C将值设为30。,OPTION_A=CAND_003|OPTION_B=CAND_001|OPTION_C=CAND_002,5740,json_schema,1798,117,stop,"{
  ""abstain"": false,
  ""option_id"": ""OPTION_C"",
  ""reason"": ""案件事实显示连续保障证明在第18日提交（大于15日且小于等于30日），满足formal_policy中E26_LATE_PROOF_PARTIAL_EXCEPTION规则条件，该规则允许值为30。文档条款第三条及第五条确认逾期补交（16-30日）按30天处理且优先于一般规则。因此选择OPTION_C将值设为30。""
}",,,,,,True,CAND_002,30,True
test,E26,GENERAL_RULE_EXCEPTION,4,20260823,OPTION_FORMAL_POLICY_HARD_GATE,SELECTED,OPTION_C,CAND_002,30,硬门禁：规则E26_LATE_PROOF_PARTIAL_EXCEPTION唯一允许值=['30']，唯一存活候选直接选择,OPTION_A=CAND_003|OPTION_B=CAND_001|OPTION_C=CAND_002,0,formal_policy_hard_gate,0,0,,,True,E26_LATE_PROOF_PARTIAL_EXCEPTION,30,1,DETERMINISTIC_SELECT,False,CAND_002,30,True
test,E26,GENERAL_RULE_EXCEPTION,4,20260823,OPTION_DESCRIPTION,SELECTED,OPTION_C,CAND_002,30,案件事实显示连续保障证明在申请后第18日提交，属于第二条规定的15日内之外的逾期情形（第16日至第30日）。根据第三条规则，此情形下等待期按30天处理，且该规则优先于一般规则。第五条解释进一步确认逾期补交不得按0天处理。因此OPTION_C为正确选项。,OPTION_A=CAND_003|OPTION_B=CAND_001|OPTION_C=CAND_002,4984,json_schema,974,106,stop,"{
  ""abstain"": false,
  ""option_id"": ""OPTION_C"",
  ""reason"": ""案件事实显示连续保障证明在申请后第18日提交，属于第二条规定的15日内之外的逾期情形（第16日至第30日）。根据第三条规则，此情形下等待期按30天处理，且该规则优先于一般规则。第五条解释进一步确认逾期补交不得按0天处理。因此OPTION_C为正确选项。""
}",,,,,,True,CAND_002,30,True
test,E27,GENERAL_RULE_EXCEPTION,4,20260823,DIRECT_FREE,ABSTAIN,,,,文档 DOC_E27_TERMS 第三条明确声明‘正文不重复列示天数’，且规则代码 WAIT-CODE-LATE-PROOF 的具体映射关系需由外部‘候选修复表’维护。当前提供的文档中未包含该映射表或具体天数数值，依据‘证据不足必须ABSTAIN'原则，无法确定等待期天数。,OPTION_A=CAND_001|OPTION_B=CAND_002|OPTION_C=CAND_003,4708,json_schema,602,103,stop,"{
  ""abstain"": true,
  ""value"": """",
  ""reason"": ""文档 DOC_E27_TERMS 第三条明确声明‘正文不重复列示天数’，且规则代码 WAIT-CODE-LATE-PROOF 的具体映射关系需由外部‘候选修复表’维护。当前提供的文档中未包含该映射表或具体天数数值，依据‘证据不足必须ABSTAIN'原则，无法确定等待期天数。""
}",,,,,,True,CAND_002,30,False
test,E27,GENERAL_RULE_EXCEPTION,4,20260823,VALUE_ENUM,ABSTAIN,,,,文档 DOC_E27_TERMS 第三条明确声明‘规则代码到天数的映射由候选修复表维护，正文不重复列示天数’。当前提供的文档列表中不存在‘候选修复表’或包含具体天数映射的文档。依据指令‘只能依据案件上下文和给定文档’且‘证据不足必须 ABSTAIN'，无法从现有文本推导出 WAIT-CODE-LATE-PROOF 对应的具体等待期天数。,OPTION_A=CAND_001|OPTION_B=CAND_002|OPTION_C=CAND_003,5243,json_schema,606,121,stop,"{
  ""abstain"": true,
  ""value"": ""ABSTAIN"",
  ""reason"": ""文档 DOC_E27_TERMS 第三条明确声明‘规则代码到天数的映射由候选修复表维护，正文不重复列示天数’。当前提供的文档列表中不存在‘候选修复表’或包含具体天数映射的文档。依据指令‘只能依据案件上下文和给定文档’且‘证据不足必须 ABSTAIN'，无法从现有文本推导出 WAIT-CODE-LATE-PROOF 对应的具体等待期天数。""
}",,,,,,True,CAND_002,30,False
test,E27,GENERAL_RULE_EXCEPTION,4,20260823,OPTION_VALUE_ONLY,ABSTAIN,,,,文档 DOC_E27_TERMS 第三条明确声明‘正文不重复列示天数’，且规则代码 WAIT-CODE-LATE-PROOF 的具体映射关系由‘候选修复表’维护。当前提供的文档中未包含该候选修复表或具体的代码 - 天数映射数据，因此无法依据给定上下文确定产品 A 个人计划疾病责任等待期的具体天数。,OPTION_A=CAND_001|OPTION_B=CAND_002|OPTION_C=CAND_003,5165,json_schema,697,111,stop,"{
  ""abstain"": true,
  ""option_id"": ""ABSTAIN"",
  ""reason"": ""文档 DOC_E27_TERMS 第三条明确声明‘正文不重复列示天数’，且规则代码 WAIT-CODE-LATE-PROOF 的具体映射关系由‘候选修复表’维护。当前提供的文档中未包含该候选修复表或具体的代码 - 天数映射数据，因此无法依据给定上下文确定产品 A 个人计划疾病责任等待期的具体天数。""
}",,,,,,True,CAND_002,30,False
test,E27,GENERAL_RULE_EXCEPTION,4,20260823,OPTION_FORMAL_OPERATION,ABSTAIN,,,,文档 DOC_E27_TERMS 第三条规定‘规则代码到天数的映射由候选修复表维护，正文不重复列示天数’。案件上下文显示规则引擎返回 WAIT-CODE-LATE-PROOF，但给定文档中未包含任何将 WAIT-CODE-LATE-PROOF 映射到具体等待期天数（如 0、30 或 90）的候选修复表数据。依据‘证据不足必须 ABSTAIN'原则，无法从现有,OPTION_A=CAND_001|OPTION_B=CAND_002|OPTION_C=CAND_003,6308,json_schema,1170,132,stop,"{
  ""abstain"": true,
  ""option_id"": ""ABSTAIN"",
  ""reason"": ""文档 DOC_E27_TERMS 第三条规定‘规则代码到天数的映射由候选修复表维护，正文不重复列示天数’。案件上下文显示规则引擎返回 WAIT-CODE-LATE-PROOF，但给定文档中未包含任何将 WAIT-CODE-LATE-PROOF 映射到具体等待期天数（如 0、30 或 90）的候选修复表数据。依据‘证据不足必须 ABSTAIN'原则，无法从现有""
}",,,,,,True,CAND_002,30,False
test,E27,GENERAL_RULE_EXCEPTION,4,20260823,OPTION_FORMAL_POLICY,SELECTED,OPTION_B,CAND_002,30,案件事实中 waiting_code 为 WAIT-CODE-LATE-PROOF 且 proof_confirmed_valid 为 true，匹配 formal_policy 中 priority 250 的 E27_WAIT_LATE_PROOF 规则，该规则允许值为 30。OPTION_B 的新值恰好为 30。,OPTION_A=CAND_001|OPTION_B=CAND_002|OPTION_C=CAND_003,4931,json_schema,1530,98,stop,"{
  ""abstain"": false,
  ""option_id"": ""OPTION_B"",
  ""reason"": ""案件事实中 waiting_code 为 WAIT-CODE-LATE-PROOF 且 proof_confirmed_valid 为 true，匹配 formal_policy 中 priority 250 的 E27_WAIT_LATE_PROOF 规则，该规则允许值为 30。OPTION_B 的新值恰好为 30。""
}",,,,,,True,CAND_002,30,True
test,E27,GENERAL_RULE_EXCEPTION,4,20260823,OPTION_FORMAL_POLICY_HARD_GATE,SELECTED,OPTION_B,CAND_002,30,硬门禁：规则E27_WAIT_LATE_PROOF唯一允许值=['30']，唯一存活候选直接选择,OPTION_A=CAND_001|OPTION_B=CAND_002|OPTION_C=CAND_003,0,formal_policy_hard_gate,0,0,,,True,E27_WAIT_LATE_PROOF,30,1,DETERMINISTIC_SELECT,False,CAND_002,30,True
test,E27,GENERAL_RULE_EXCEPTION,4,20260823,OPTION_DESCRIPTION,SELECTED,OPTION_B,CAND_002,30,案件上下文显示规则引擎返回 WAIT-CODE-LATE-PROOF。文档 DOC_E27_TERMS 第二条明确指出 WAIT-CODE-LATE-PROOF 是适用于当前场景（团体转入但证明提交标记为 D_PLUS_18，非准时且非无有效证明）的代码，而 WAIT-CODE-WAIVER 仅适用于准时提交，WAIT-CODE-GENERAL 仅适用于无团,OPTION_A=CAND_001|OPTION_B=CAND_002|OPTION_C=CAND_003,5484,json_schema,911,115,stop,"{
  ""abstain"": false,
  ""option_id"": ""OPTION_B"",
  ""reason"": ""案件上下文显示规则引擎返回 WAIT-CODE-LATE-PROOF。文档 DOC_E27_TERMS 第二条明确指出 WAIT-CODE-LATE-PROOF 是适用于当前场景（团体转入但证明提交标记为 D_PLUS_18，非准时且非无有效证明）的代码，而 WAIT-CODE-WAIVER 仅适用于准时提交，WAIT-CODE-GENERAL 仅适用于无团""
}",,,,,,True,CAND_002,30,True
test,E34,CROSS_SENTENCE_SCOPE,4,20260823,DIRECT_FREE,SELECTED,OPTION_C,CAND_003,24,DOC_E34_TERMS 生效日期为 2026-08-01，满足适用条件；投保记录勾选长期照护附加责任（触发第三条调整为 24 个月），核保确认未选择费用垫付责任（排除第四条例外限制），跨句指代一致。,OPTION_A=CAND_001|OPTION_B=CAND_002|OPTION_C=CAND_003,4425,json_schema,671,93,stop,"{
  ""abstain"": false,
  ""value"": ""24"",
  ""reason"": ""DOC_E34_TERMS 生效日期为 2026-08-01，满足适用条件；投保记录勾选长期照护附加责任（触发第三条调整为 24 个月），核保确认未选择费用垫付责任（排除第四条例外限制），跨句指代一致。""
}",,,,,,True,CAND_003,24,True
test,E34,CROSS_SENTENCE_SCOPE,4,20260823,VALUE_ENUM,SELECTED,OPTION_C,CAND_003,24,DOC_E34_TERMS 生效且权威。投保记录满足‘选择长期照护附加责任’（第三条），核保确认满足‘未选择费用垫付责任’（第四条）。根据例外限制，不触发18个月规则；根据一般规则与第三条，适用24个月。,OPTION_A=CAND_001|OPTION_B=CAND_002|OPTION_C=CAND_003,4197,json_schema,675,90,stop,"{
  ""abstain"": false,
  ""value"": ""24"",
  ""reason"": ""DOC_E34_TERMS 生效且权威。投保记录满足‘选择长期照护附加责任’（第三条），核保确认满足‘未选择费用垫付责任’（第四条）。根据例外限制，不触发18个月规则；根据一般规则与第三条，适用24个月。""
}",,,,,,True,CAND_003,24,True
test,E34,CROSS_SENTENCE_SCOPE,4,20260823,OPTION_VALUE_ONLY,SELECTED,OPTION_C,CAND_003,24,根据DOC_E34_TERMS条款：1. 投保记录勾选长期照护附加责任（满足第三条）；2. 核保确认未选择费用垫付责任（不触发第四条例外限制）；3. 依据一般规则与例外优先级，适用第三条调整后的24个月。,OPTION_A=CAND_001|OPTION_B=CAND_002|OPTION_C=CAND_003,4646,json_schema,767,91,stop,"{
  ""abstain"": false,
  ""option_id"": ""OPTION_C"",
  ""reason"": ""根据DOC_E34_TERMS条款：1. 投保记录勾选长期照护附加责任（满足第三条）；2. 核保确认未选择费用垫付责任（不触发第四条例外限制）；3. 依据一般规则与例外优先级，适用第三条调整后的24个月。""
}",,,,,,True,CAND_003,24,True
test,E34,CROSS_SENTENCE_SCOPE,4,20260823,OPTION_FORMAL_OPERATION,SELECTED,OPTION_B,CAND_002,18,文档DOC_E34_TERMS生效日期为2026-08-01，适用于本案。根据第七条目标数值需综合判断：投保记录显示选择长期照护附加责任（触发第三条调整为24个月），但核保确认未选择费用垫付责任。然而第四条例外限制规定‘该调整不适用于同时选择费用垫付责任的方案’，此处逻辑存在歧义：若‘同时选择’指两者皆选才适用18个月，则本案应选24个月；但若条款意图为‘凡,OPTION_A=CAND_001|OPTION_B=CAND_002|OPTION_C=CAND_003,6712,json_schema,1243,141,stop,"{
  ""abstain"": false,
  ""option_id"": ""OPTION_B"",
  ""reason"": ""文档DOC_E34_TERMS生效日期为2026-08-01，适用于本案。根据第七条目标数值需综合判断：投保记录显示选择长期照护附加责任（触发第三条调整为24个月），但核保确认未选择费用垫付责任。然而第四条例外限制规定‘该调整不适用于同时选择费用垫付责任的方案’，此处逻辑存在歧义：若‘同时选择’指两者皆选才适用18个月，则本案应选24个月；但若条款意图为‘凡""
}",,,,,,True,CAND_003,24,False
test,E34,CROSS_SENTENCE_SCOPE,4,20260823,OPTION_FORMAL_POLICY,SELECTED,OPTION_C,CAND_003,24,根据formal_policy，事实为long_term_care_addon_selected=true且expense_advance_selected=false。规则E34_LONG_TERM_CARE_EXTENSION（优先级250）条件满足，允许值为24。文档DOC_E34_TERMS第三条确认选择长期照护附加责任时调整为24个月，第四条明确该,OPTION_A=CAND_001|OPTION_B=CAND_002|OPTION_C=CAND_003,5236,json_schema,1649,99,stop,"{
  ""abstain"": false,
  ""option_id"": ""OPTION_C"",
  ""reason"": ""根据formal_policy，事实为long_term_care_addon_selected=true且expense_advance_selected=false。规则E34_LONG_TERM_CARE_EXTENSION（优先级250）条件满足，允许值为24。文档DOC_E34_TERMS第三条确认选择长期照护附加责任时调整为24个月，第四条明确该""
  }",,,,,,True,CAND_003,24,True
test,E34,CROSS_SENTENCE_SCOPE,4,20260823,OPTION_FORMAL_POLICY_HARD_GATE,SELECTED,OPTION_C,CAND_003,24,硬门禁：规则E34_LONG_TERM_CARE_EXTENSION唯一允许值=['24']，唯一存活候选直接选择,OPTION_A=CAND_001|OPTION_B=CAND_002|OPTION_C=CAND_003,0,formal_policy_hard_gate,0,0,,,True,E34_LONG_TERM_CARE_EXTENSION,24,1,DETERMINISTIC_SELECT,False,CAND_003,24,True
test,E34,CROSS_SENTENCE_SCOPE,4,20260823,OPTION_DESCRIPTION,SELECTED,OPTION_C,CAND_003,24,文档DOC_E34_TERMS生效日期为2026-08-01，覆盖案件时间。根据第七条目标数值及跨句指代要求，需综合第五条（勾选长期照护）与第六条（未选费用垫付）。第三条规定选择长期照护时期限为24个月；第四条虽提及同时选择费用垫付的例外，但本案不满足该条件。因此适用第三条规则，结果为24个月。,OPTION_A=CAND_001|OPTION_B=CAND_002|OPTION_C=CAND_003,5519,json_schema,969,121,stop,"{
  ""abstain"": false,
  ""option_id"": ""OPTION_C"",
  ""reason"": ""文档DOC_E34_TERMS生效日期为2026-08-01，覆盖案件时间。根据第七条目标数值及跨句指代要求，需综合第五条（勾选长期照护）与第六条（未选费用垫付）。第三条规定选择长期照护时期限为24个月；第四条虽提及同时选择费用垫付的例外，但本案不满足该条件。因此适用第三条规则，结果为24个月。""
}",,,,,,True,CAND_003,24,True
test,E35,CROSS_SENTENCE_SCOPE,4,20260823,DIRECT_FREE,SELECTED,OPTION_B,CAND_001,18,文档DOC_E35_TERMS生效日期2026-08-01，适用于产品A。一般规则（第二条）规定未选扩展责任为12个月；例外规则（第三条）规定选择癌症门诊扩展责任调整为18个月；组合规则（第四条）因未选境外就医责任不适用；作用域限制（第五条）规定超过60周岁按基础保障处理，本案被保险人58周岁满足条件。综合判断保险期限为18个月。,OPTION_A=CAND_003|OPTION_B=CAND_001|OPTION_C=CAND_002,5749,json_schema,703,130,stop,"{
  ""abstain"": false,
  ""value"": ""18"",
  ""reason"": ""文档DOC_E35_TERMS生效日期2026-08-01，适用于产品A。一般规则（第二条）规定未选扩展责任为12个月；例外规则（第三条）规定选择癌症门诊扩展责任调整为18个月；组合规则（第四条）因未选境外就医责任不适用；作用域限制（第五条）规定超过60周岁按基础保障处理，本案被保险人58周岁满足条件。综合判断保险期限为18个月。""
}",,,,,,True,CAND_001,18,True
test,E35,CROSS_SENTENCE_SCOPE,4,20260823,VALUE_ENUM,SELECTED,OPTION_B,CAND_001,18,根据DOC_E35_TERMS第五条，延长期限适用条件为被保险人年龄不超过60周岁（本案58岁满足）；根据第三条，选择癌症门诊扩展责任时期限为18个月；根据第七条，未选择境外就医责任，故不适用第四条的24个月组合规则。综合判定值为18。,OPTION_A=CAND_003|OPTION_B=CAND_001|OPTION_C=CAND_002,4538,json_schema,707,98,stop,"{
  ""abstain"": false,
  ""value"": ""18"",
  ""reason"": ""根据DOC_E35_TERMS第五条，延长期限适用条件为被保险人年龄不超过60周岁（本案58岁满足）；根据第三条，选择癌症门诊扩展责任时期限为18个月；根据第七条，未选择境外就医责任，故不适用第四条的24个月组合规则。综合判定值为18。""
}",,,,,,True,CAND_001,18,True
test,E35,CROSS_SENTENCE_SCOPE,4,20260823,OPTION_VALUE_ONLY,SELECTED,OPTION_B,CAND_001,18,根据文档DOC_E35_TERMS，第三条规定选择癌症门诊扩展责任时保险期限为18个月；第五条规定该延长期限仅在被保险人年龄不超过60周岁时适用。案件上下文中被保险人58周岁且未选择境外就医责任（不触发第四条24个月规则），满足第三条和第五条条件，故适用18个月。,OPTION_A=CAND_003|OPTION_B=CAND_001|OPTION_C=CAND_002,4927,json_schema,799,104,stop,"{
  ""abstain"": false,
  ""option_id"": ""OPTION_B"",
  ""reason"": ""根据文档DOC_E35_TERMS，第三条规定选择癌症门诊扩展责任时保险期限为18个月；第五条规定该延长期限仅在被保险人年龄不超过60周岁时适用。案件上下文中被保险人58周岁且未选择境外就医责任（不触发第四条24个月规则），满足第三条和第五条条件，故适用18个月。""
}",,,,,,True,CAND_001,18,True
test,E35,CROSS_SENTENCE_SCOPE,4,20260823,OPTION_FORMAL_OPERATION,SELECTED,OPTION_B,CAND_001,18,依据文档DOC_E35_TERMS：1. 被保险人勾选癌症门诊扩展责任（第三条适用，基础期限18个月）；2. 未选择境外就医责任（第四条组合规则不适用，不叠加至24个月）；3. 被保险人年龄58周岁（第五条限制条件满足，延长期限有效）。综合判定保险期限为18个月。,OPTION_A=CAND_003|OPTION_B=CAND_001|OPTION_C=CAND_002,5416,json_schema,1275,109,stop,"{
  ""abstain"": false,
  ""option_id"": ""OPTION_B"",
  ""reason"": ""依据文档DOC_E35_TERMS：1. 被保险人勾选癌症门诊扩展责任（第三条适用，基础期限18个月）；2. 未选择境外就医责任（第四条组合规则不适用，不叠加至24个月）；3. 被保险人年龄58周岁（第五条限制条件满足，延长期限有效）。综合判定保险期限为18个月。""
}",,,,,,True,CAND_001,18,True
test,E35,CROSS_SENTENCE_SCOPE,4,20260823,OPTION_FORMAL_POLICY,SELECTED,OPTION_B,CAND_001,18,根据文档DOC_E35_TERMS及formal_policy：事实为选择癌症门诊扩展责任(cancer_outpatient_extension_selected=true)、未选择境外就医责任(overseas_medical_selected=false)、被保险人年龄58周岁(insured_age=58)。规则E35_CANCER_OUTPATI_,OPTION_A=CAND_003|OPTION_B=CAND_001|OPTION_C=CAND_002,5279,json_schema,1857,95,stop,"{
  ""abstain"": false,
  ""option_id"": ""OPTION_B"",
  ""reason"": ""根据文档DOC_E35_TERMS及formal_policy：事实为选择癌症门诊扩展责任(cancer_outpatient_extension_selected=true)、未选择境外就医责任(overseas_medical_selected=false)、被保险人年龄58周岁(insured_age=58)。规则E35_CANCER_OUTPATI_""
}",,,,,,True,CAND_001,18,True
test,E35,CROSS_SENTENCE_SCOPE,4,20260823,OPTION_FORMAL_POLICY_HARD_GATE,SELECTED,OPTION_B,CAND_001,18,硬门禁：规则E35_CANCER_OUTPATIENT_EXTENSION唯一允许值=['18']，唯一存活候选直接选择,OPTION_A=CAND_003|OPTION_B=CAND_001|OPTION_C=CAND_002,0,formal_policy_hard_gate,0,0,,,True,E35_CANCER_OUTPATIENT_EXTENSION,18,1,DETERMINISTIC_SELECT,False,CAND_001,18,True
test,E35,CROSS_SENTENCE_SCOPE,4,20260823,OPTION_DESCRIPTION,SELECTED,OPTION_B,CAND_001,18,根据文档DOC_E35_TERMS，被保险人年龄为58周岁（满足第五条不超过60周岁的条件），选择了癌症门诊扩展责任（第三条适用），且未选择境外就医责任（第四条不适用）。因此保险期限应按第三条确定为18个月。,OPTION_A=CAND_003|OPTION_B=CAND_001|OPTION_C=CAND_002,4192,json_schema,1001,83,stop,"{
  ""abstain"": false,
  ""option_id"": ""OPTION_B"",
  ""reason"": ""根据文档DOC_E35_TERMS，被保险人年龄为58周岁（满足第五条不超过60周岁的条件），选择了癌症门诊扩展责任（第三条适用），且未选择境外就医责任（第四条不适用）。因此保险期限应按第三条确定为18个月。""
}",,,,,,True,CAND_001,18,True
test,E36,CROSS_SENTENCE_SCOPE,4,20260823,DIRECT_FREE,SELECTED,OPTION_A,CAND_002,18,根据DOC_E36_TERMS第五条，慢病管理附加责任已在承保前取消；根据第六条，被取消的附加责任不参与计算。因此仅适用第四条和第二条，远程问诊附加责任有效，保险期限调整为18个月。,OPTION_A=CAND_002|OPTION_B=CAND_003|OPTION_C=CAND_001,3946,json_schema,663,80,stop,"{
  ""abstain"": false,
  ""value"": ""18"",
  ""reason"": ""根据DOC_E36_TERMS第五条，慢病管理附加责任已在承保前取消；根据第六条，被取消的附加责任不参与计算。因此仅适用第四条和第二条，远程问诊附加责任有效，保险期限调整为18个月。""
}",,,,,,True,CAND_002,18,True
test,E36,CROSS_SENTENCE_SCOPE,4,20260823,VALUE_ENUM,SELECTED,OPTION_A,CAND_002,18,根据DOC_E36_TERMS第五条和第六条，慢病管理附加责任已在承保前取消，故不参与计算；远程问诊附加责任有效且未取消，依据第二条将基础期限12个月调整为18个月。,OPTION_A=CAND_002|OPTION_B=CAND_003|OPTION_C=CAND_001,3789,json_schema,667,77,stop,"{
  ""abstain"": false,
  ""value"": ""18"",
  ""reason"": ""根据DOC_E36_TERMS第五条和第六条，慢病管理附加责任已在承保前取消，故不参与计算；远程问诊附加责任有效且未取消，依据第二条将基础期限12个月调整为18个月。""
}",,,,,,True,CAND_002,18,True
test,E36,CROSS_SENTENCE_SCOPE,4,20260823,OPTION_VALUE_ONLY,SELECTED,OPTION_A,CAND_002,18,根据文档DOC_E36_TERMS第五条，慢病管理附加责任已在承保前取消；第六条规定被取消的附加责任不参与保险期限计算。因此仅适用远程问诊附加责任（第二条），保险期限为18个月。,OPTION_A=CAND_002|OPTION_B=CAND_003|OPTION_C=CAND_001,4089,json_schema,759,78,stop,"{
  ""abstain"": false,
  ""option_id"": ""OPTION_A"",
  ""reason"": ""根据文档DOC_E36_TERMS第五条，慢病管理附加责任已在承保前取消；第六条规定被取消的附加责任不参与保险期限计算。因此仅适用远程问诊附加责任（第二条），保险期限为18个月。""
}",,,,,,True,CAND_002,18,True
test,E36,CROSS_SENTENCE_SCOPE,4,20260823,OPTION_FORMAL_OPERATION,SELECTED,OPTION_A,CAND_002,18,根据文档DOC_E36_TERMS第五条和第六条，慢病管理附加责任已在承保前取消，不参与期限计算；远程问诊附加责任有效。依据第二条，选择远程问诊时保险期限为18个月。因此将旧值20替换为新值18。,OPTION_A=CAND_002|OPTION_B=CAND_003|OPTION_C=CAND_001,4681,json_schema,1235,88,stop,"{
  ""abstain"": false,
  ""option_id"": ""OPTION_A"",
  ""reason"": ""根据文档DOC_E36_TERMS第五条和第六条，慢病管理附加责任已在承保前取消，不参与期限计算；远程问诊附加责任有效。依据第二条，选择远程问诊时保险期限为18个月。因此将旧值20替换为新值18。""
}",,,,,,True,CAND_002,18,True
test,E36,CROSS_SENTENCE_SCOPE,4,20260823,OPTION_FORMAL_POLICY,SELECTED,OPTION_A,CAND_002,18,根据formal_policy规则优先级：E36_CHRONIC_MANAGEMENT_ACTIVE要求chronic_management_cancelled_before_underwriting为false，但事实中该值为true，故不满足；E36_TELEMEDICINE_ACTIVE仅要求telemedicine_addon_selected为真（,OPTION_A=CAND_002|OPTION_B=CAND_003|OPTION_C=CAND_001,4897,json_schema,1593,90,stop,"{
  ""abstain"": false,
  ""option_id"": ""OPTION_A"",
  ""reason"": ""根据formal_policy规则优先级：E36_CHRONIC_MANAGEMENT_ACTIVE要求chronic_management_cancelled_before_underwriting为false，但事实中该值为true，故不满足；E36_TELEMEDICINE_ACTIVE仅要求telemedicine_addon_selected为真（""
  }",,,,,,True,CAND_002,18,True
test,E36,CROSS_SENTENCE_SCOPE,4,20260823,OPTION_FORMAL_POLICY_HARD_GATE,SELECTED,OPTION_A,CAND_002,18,硬门禁：规则E36_TELEMEDICINE_ACTIVE唯一允许值=['18']，唯一存活候选直接选择,OPTION_A=CAND_002|OPTION_B=CAND_003|OPTION_C=CAND_001,0,formal_policy_hard_gate,0,0,,,True,E36_TELEMEDICINE_ACTIVE,18,1,DETERMINISTIC_SELECT,False,CAND_002,18,True
test,E36,CROSS_SENTENCE_SCOPE,4,20260823,OPTION_DESCRIPTION,SELECTED,OPTION_A,CAND_002,18,根据文档DOC_E36_TERMS第五条和第六条，慢病管理附加责任已在承保前取消，因此不参与保险期限计算；远程问诊附加责任仍然有效。依据第二条，选择远程问诊附加责任时保险期限为18个月。,OPTION_A=CAND_002|OPTION_B=CAND_003|OPTION_C=CAND_001,4173,json_schema,963,81,stop,"{
  ""abstain"": false,
  ""option_id"": ""OPTION_A"",
  ""reason"": ""根据文档DOC_E36_TERMS第五条和第六条，慢病管理附加责任已在承保前取消，因此不参与保险期限计算；远程问诊附加责任仍然有效。依据第二条，选择远程问诊附加责任时保险期限为18个月。""
}",,,,,,True,CAND_002,18,True
test,E37,CROSS_SENTENCE_SCOPE,4,20260823,DIRECT_FREE,ABSTAIN,,,,文档 DOC_E37_TERMS 明确声明正文不重复列示月数，映射关系由候选修复表维护。当前输入仅包含该文档文本，未提供候选修复表或具体代码到月数的映射数据，无法确定 DURATION-CODE-REMOTE 对应的具体月数值。,OPTION_A=CAND_003|OPTION_B=CAND_001|OPTION_C=CAND_002,4231,json_schema,603,89,stop,"{
  ""abstain"": true,
  ""value"": """",
  ""reason"": ""文档 DOC_E37_TERMS 明确声明正文不重复列示月数，映射关系由候选修复表维护。当前输入仅包含该文档文本，未提供候选修复表或具体代码到月数的映射数据，无法确定 DURATION-CODE-REMOTE 对应的具体月数值。""
}",,,,,,True,CAND_002,18,False
test,E37,CROSS_SENTENCE_SCOPE,4,20260823,VALUE_ENUM,ABSTAIN,,,,文档 DOC_E37_TERMS 仅声明规则代码到月数的映射由候选修复表维护，正文未直接列示 DURATION-CODE-REMOTE 对应的具体月数数值。依据指令要求，证据不足必须 ABSTAIN，且禁止读取或猜测候选列表。,OPTION_A=CAND_003|OPTION_B=CAND_001|OPTION_C=CAND_002,4233,json_schema,607,89,stop,"{
  ""abstain"": true,
  ""value"": ""ABSTAIN"",
  ""reason"": ""文档 DOC_E37_TERMS 仅声明规则代码到月数的映射由候选修复表维护，正文未直接列示 DURATION-CODE-REMOTE 对应的具体月数数值。依据指令要求，证据不足必须 ABSTAIN，且禁止读取或猜测候选列表。""
}",,,,,,True,CAND_002,18,False
test,E37,CROSS_SENTENCE_SCOPE,4,20260823,OPTION_VALUE_ONLY,SELECTED,OPTION_A,CAND_003,24,文档 DOC_E37_TERMS 权威性强且生效时间覆盖当前（2026-08-20）。条款第二条明确规则引擎输出 DURATION-CODE-REMOTE，且该代码仅适用于保留远程问诊附加责任的情形（本案符合），而 DURATION-CODE-CHRONIC 因慢病管理已取消不适用。第三条规定月数映射由候选修复表维护。结合上下文逻辑及选项设置，OPTION_,OPTION_A=CAND_003|OPTION_B=CAND_001|OPTION_C=CAND_002,5486,json_schema,699,121,stop,"{
  ""abstain"": false,
  ""option_id"": ""OPTION_A"",
  ""reason"": ""文档 DOC_E37_TERMS 权威性强且生效时间覆盖当前（2026-08-20）。条款第二条明确规则引擎输出 DURATION-CODE-REMOTE，且该代码仅适用于保留远程问诊附加责任的情形（本案符合），而 DURATION-CODE-CHRONIC 因慢病管理已取消不适用。第三条规定月数映射由候选修复表维护。结合上下文逻辑及选项设置，OPTION_""}",,,,,,True,CAND_002,18,False
test,E37,CROSS_SENTENCE_SCOPE,4,20260823,OPTION_FORMAL_OPERATION,ABSTAIN,,,,"文档 DOC_E37_TERMS 仅声明规则引擎输出 DURATION-CODE-REMOTE，并指出具体月数映射由候选修复表维护，正文未列示该代码对应的具体月数值。给定选项（12, 18, 24）均无文档证据支持，无法依据上下文确定正确值。",OPTION_A=CAND_003|OPTION_B=CAND_001|OPTION_C=CAND_002,5126,json_schema,1175,101,stop,"{
  ""abstain"": true,
  ""option_id"": ""ABSTAIN"",
  ""reason"": ""文档 DOC_E37_TERMS 仅声明规则引擎输出 DURATION-CODE-REMOTE，并指出具体月数映射由候选修复表维护，正文未列示该代码对应的具体月数值。给定选项（12, 18, 24）均无文档证据支持，无法依据上下文确定正确值。""
}",,,,,,True,CAND_002,18,False
test,E37,CROSS_SENTENCE_SCOPE,4,20260823,OPTION_FORMAL_POLICY,SELECTED,OPTION_C,CAND_002,18,根据 formal_policy 事实，duration_code 为 DURATION-CODE-REMOTE 且 remote_consultation_active 为 true。规则 E37_DURATION_REMOTE (优先级 200) 匹配该条件，其 allowed_values 为 [,OPTION_A=CAND_003|OPTION_B=CAND_001|OPTION_C=CAND_002,4503,json_schema,1562,81,stop,"{
  ""abstain"": false,
  ""option_id"": ""OPTION_C"",
  ""reason"": ""根据 formal_policy 事实，duration_code 为 DURATION-CODE-REMOTE 且 remote_consultation_active 为 true。规则 E37_DURATION_REMOTE (优先级 200) 匹配该条件，其 allowed_values 为 ["" }",,,,,,True,CAND_002,18,True
test,E37,CROSS_SENTENCE_SCOPE,4,20260823,OPTION_FORMAL_POLICY_HARD_GATE,SELECTED,OPTION_C,CAND_002,18,硬门禁：规则E37_DURATION_REMOTE唯一允许值=['18']，唯一存活候选直接选择,OPTION_A=CAND_003|OPTION_B=CAND_001|OPTION_C=CAND_002,0,formal_policy_hard_gate,0,0,,,True,E37_DURATION_REMOTE,18,1,DETERMINISTIC_SELECT,False,CAND_002,18,True
test,E37,CROSS_SENTENCE_SCOPE,4,20260823,OPTION_DESCRIPTION,SELECTED,OPTION_C,CAND_002,18,文档DOC_E37_TERMS第二条明确规定DURATION-CODE-REMOTE仅适用于保留远程问诊附加责任的情形，而本案投保申请保留了该责任，故排除OPTION_A（对应慢病管理）和OPTION_B（对应无附加责任）。因此必须选择按DURATION-CODE-REMOTE映射的OPTION_C。,OPTION_A=CAND_003|OPTION_B=CAND_001|OPTION_C=CAND_002,4841,json_schema,915,97,stop,"{
  ""abstain"": false,
  ""option_id"": ""OPTION_C"",
  ""reason"": ""文档DOC_E37_TERMS第二条明确规定DURATION-CODE-REMOTE仅适用于保留远程问诊附加责任的情形，而本案投保申请保留了该责任，故排除OPTION_A（对应慢病管理）和OPTION_B（对应无附加责任）。因此必须选择按DURATION-CODE-REMOTE映射的OPTION_C。""
}",,,,,,True,CAND_002,18,True
test,E14,TEMPORAL_VERSION,5,20260824,DIRECT_FREE,SELECTED,OPTION_C,CAND_002,62,核保受理日为2026年8月20日，处于DOC_E14_CURRENT（2026-08-01至2026-08-31）生效期内。DOC_E14_FUTURE虽已发布但生效日为2026-09-01，根据DOC_E14_CURRENT第四条及DOC_E14_FUTURE第三条，受理日早于新条款生效日的申请不适用新条款。因此适用最高投保年龄为62周岁。,OPTION_A=CAND_003|OPTION_B=CAND_001|OPTION_C=CAND_002,6444,json_schema,1048,139,stop,"{
  ""abstain"": false,
  ""value"": ""62"",
  ""reason"": ""核保受理日为2026年8月20日，处于DOC_E14_CURRENT（2026-08-01至2026-08-31）生效期内。DOC_E14_FUTURE虽已发布但生效日为2026-09-01，根据DOC_E14_CURRENT第四条及DOC_E14_FUTURE第三条，受理日早于新条款生效日的申请不适用新条款。因此适用最高投保年龄为62周岁。""
}",,,,,,True,CAND_002,62,True
test,E14,TEMPORAL_VERSION,5,20260824,VALUE_ENUM,SELECTED,OPTION_C,CAND_002,62,核保受理日（2026-08-20）处于 DOC_E14_CURRENT 生效区间内，且 DOC_E14_FUTURE 尚未生效。DOC_E14_CURRENT 第二条规定最高投保年龄为 62 周岁。,OPTION_A=CAND_003|OPTION_B=CAND_001|OPTION_C=CAND_002,4199,json_schema,1052,87,stop,"{
  ""abstain"": false,
  ""value"": ""62"",
  ""reason"": ""核保受理日（2026-08-20）处于 DOC_E14_CURRENT 生效区间内，且 DOC_E14_FUTURE 尚未生效。DOC_E14_CURRENT 第二条规定最高投保年龄为 62 周岁。""
}",,,,,,True,CAND_002,62,True
test,E14,TEMPORAL_VERSION,5,20260824,OPTION_VALUE_ONLY,SELECTED,OPTION_C,CAND_002,62,核保受理日为2026年8月20日，处于DOC_E14_CURRENT（2026-08-01至2026-08-31）生效期内。DOC_E14_FUTURE虽已发布但生效日为2026-09-01，未满足条件。根据DOC_E14_CURRENT第四条及DOC_E14_FUTURE第三条，应适用受理日有效版本（即DOC_E14_CURRENT），其一般规则规定最高为,OPTION_A=CAND_003|OPTION_B=CAND_001|OPTION_C=CAND_002,6707,json_schema,1144,140,stop,"{
  ""abstain"": false,
  ""option_id"": ""OPTION_C"",
  ""reason"": ""核保受理日为2026年8月20日，处于DOC_E14_CURRENT（2026-08-01至2026-08-31）生效期内。DOC_E14_FUTURE虽已发布但生效日为2026-09-01，未满足条件。根据DOC_E14_CURRENT第四条及DOC_E14_FUTURE第三条，应适用受理日有效版本（即DOC_E14_CURRENT），其一般规则规定最高为""
}",,,,,,True,CAND_002,62,True
test,E14,TEMPORAL_VERSION,5,20260824,OPTION_FORMAL_OPERATION,SELECTED,OPTION_C,CAND_002,62,案件核保受理日为2026年8月20日。DOC_E14_CURRENT生效期为2026-08-01至2026-08-31，覆盖受理日，规定最高投保年龄为62周岁。DOC_E14_FUTURE生效日为2026-09-01，晚于受理日，根据文档第四条及案件上下文（需确定当前适用），不适用。因此适用值为62，对应OPTION_C。,OPTION_A=CAND_003|OPTION_B=CAND_001|OPTION_C=CAND_002,6523,json_schema,1617,137,stop,"{
  ""abstain"": false,
  ""option_id"": ""OPTION_C"",
  ""reason"": ""案件核保受理日为2026年8月20日。DOC_E14_CURRENT生效期为2026-08-01至2026-08-31，覆盖受理日，规定最高投保年龄为62周岁。DOC_E14_FUTURE生效日为2026-09-01，晚于受理日，根据文档第四条及案件上下文（需确定当前适用），不适用。因此适用值为62，对应OPTION_C。""
}",,,,,,True,CAND_002,62,True
test,E14,TEMPORAL_VERSION,5,20260824,OPTION_FORMAL_POLICY,SELECTED,OPTION_C,CAND_002,62,"核保受理日2026-08-20在DOC_E14_CURRENT生效期[2026-08-01, 2026-08-31]内，且非团体转入例外。根据formal_policy规则E14_CURRENT_EFFECTIVE_VERSION（优先级300），适用最高投保年龄为62。DOC_E14_FUTURE尚未生效。OPTION_C对应值62。",OPTION_A=CAND_003|OPTION_B=CAND_001|OPTION_C=CAND_002,5988,json_schema,2087,127,stop,"{
  ""abstain"": false,
  ""option_id"": ""OPTION_C"",
  ""reason"": ""核保受理日2026-08-20在DOC_E14_CURRENT生效期[2026-08-01, 2026-08-31]内，且非团体转入例外。根据formal_policy规则E14_CURRENT_EFFECTIVE_VERSION（优先级300），适用最高投保年龄为62。DOC_E14_FUTURE尚未生效。OPTION_C对应值62。""
}",,,,,,True,CAND_002,62,True
test,E14,TEMPORAL_VERSION,5,20260824,OPTION_FORMAL_POLICY_HARD_GATE,SELECTED,OPTION_C,CAND_002,62,硬门禁：规则E14_CURRENT_EFFECTIVE_VERSION唯一允许值=['62']，唯一存活候选直接选择,OPTION_A=CAND_003|OPTION_B=CAND_001|OPTION_C=CAND_002,0,formal_policy_hard_gate,0,0,,,True,E14_CURRENT_EFFECTIVE_VERSION,62,1,DETERMINISTIC_SELECT,False,CAND_002,62,True
test,E14,TEMPORAL_VERSION,5,20260824,OPTION_DESCRIPTION,SELECTED,OPTION_C,CAND_002,62,案件核保受理日为2026年8月20日，DOC_E14_CURRENT（夏季现行版）生效期为2026-08-01至2026-08-31，覆盖该日期；DOC_E14_FUTURE（九月修订版）生效日为2026-09-01，未覆盖。根据DOC_E14_CURRENT第四条及DOC_E14_FUTURE第三条，应以受理日有效版本为准，故适用夏季现行版一般规则62周岁,OPTION_A=CAND_003|OPTION_B=CAND_001|OPTION_C=CAND_002,6442,json_schema,1347,145,stop,"{
  ""abstain"": false,
  ""option_id"": ""OPTION_C"",
  ""reason"": ""案件核保受理日为2026年8月20日，DOC_E14_CURRENT（夏季现行版）生效期为2026-08-01至2026-08-31，覆盖该日期；DOC_E14_FUTURE（九月修订版）生效日为2026-09-01，未覆盖。根据DOC_E14_CURRENT第四条及DOC_E14_FUTURE第三条，应以受理日有效版本为准，故适用夏季现行版一般规则62周岁""
}",,,,,,True,CAND_002,62,True
test,E15,TEMPORAL_VERSION,5,20260824,DIRECT_FREE,SELECTED,OPTION_A,CAND_003,64,投保申请于2026年7月20日进入核保流程，适用DOC_E15_JULY（生效期2026-07-01至2026-07-31），其一般规则规定最高投保年龄为64周岁。DOC_E15_AUGUST虽于8月1日生效，但明确排除8月1日前已进入核保流程的申请。,OPTION_A=CAND_003|OPTION_B=CAND_002|OPTION_C=CAND_001,5822,json_schema,1044,121,stop,"{
  ""abstain"": false,
  ""value"": ""64"",
  ""reason"": ""投保申请于2026年7月20日进入核保流程，适用DOC_E15_JULY（生效期2026-07-01至2026-07-31），其一般规则规定最高投保年龄为64周岁。DOC_E15_AUGUST虽于8月1日生效，但明确排除8月1日前已进入核保流程的申请。""
}",,,,,,True,CAND_003,64,True
test,E15,TEMPORAL_VERSION,5,20260824,VALUE_ENUM,SELECTED,OPTION_A,CAND_003,64,投保申请于2026年7月20日进入核保流程，适用DOC_E15_JULY（生效2026-07-01至2026-07-31），其规定最高投保年龄为64周岁。DOC_E15_AUGUST虽于8月1日生效，但明确排除8月1日前已进入核保流程的申请。,OPTION_A=CAND_003|OPTION_B=CAND_002|OPTION_C=CAND_001,5208,json_schema,1048,118,stop,"{
  ""abstain"": false,
  ""value"": ""64"",
  ""reason"": ""投保申请于2026年7月20日进入核保流程，适用DOC_E15_JULY（生效2026-07-01至2026-07-31），其规定最高投保年龄为64周岁。DOC_E15_AUGUST虽于8月1日生效，但明确排除8月1日前已进入核保流程的申请。""
}",,,,,,True,CAND_003,64,True
test,E15,TEMPORAL_VERSION,5,20260824,OPTION_VALUE_ONLY,SELECTED,OPTION_A,CAND_003,64,投保申请于2026年7月20日进入核保流程，处于DOC_E15_JULY（2026-07-01至2026-07-31）有效期内。DOC_E15_AUGUST规定8月1日前进入核保的申请不适用其版本。DOC_E15_JULY明确规定最高投保年龄为64周岁。,OPTION_A=CAND_003|OPTION_B=CAND_002|OPTION_C=CAND_001,5819,json_schema,1140,117,stop,"{
  ""abstain"": false,
  ""option_id"": ""OPTION_A"",
  ""reason"": ""投保申请于2026年7月20日进入核保流程，处于DOC_E15_JULY（2026-07-01至2026-07-31）有效期内。DOC_E15_AUGUST规定8月1日前进入核保的申请不适用其版本。DOC_E15_JULY明确规定最高投保年龄为64周岁。""
}",,,,,,True,CAND_003,64,True
test,E15,TEMPORAL_VERSION,5,20260824,OPTION_FORMAL_OPERATION,SELECTED,OPTION_C,CAND_001,68,案件上下文显示投保申请于2026年7月20日进入核保流程，适用DOC_E15_JULY（最高年龄64周岁）。但目标属性当前值为70，选项A（64）和B（66）均非基于给定文档推导出的正确数值。DOC_E15_AUGUST规定8月1日后生效且针对此前已进核保流程的申请有特殊处理，但未直接给出7月20日申请的具体年龄限制。然而，若假设当前状态（70）是错误状态，,OPTION_A=CAND_003|OPTION_B=CAND_002|OPTION_C=CAND_001,6849,json_schema,1613,148,stop,"{
  ""abstain"": false,
  ""option_id"": ""OPTION_C"",
  ""reason"": ""案件上下文显示投保申请于2026年7月20日进入核保流程，适用DOC_E15_JULY（最高年龄64周岁）。但目标属性当前值为70，选项A（64）和B（66）均非基于给定文档推导出的正确数值。DOC_E15_AUGUST规定8月1日后生效且针对此前已进核保流程的申请有特殊处理，但未直接给出7月20日申请的具体年龄限制。然而，若假设当前状态（70）是错误状态，""
}",,,,,,True,CAND_003,64,False
test,E15,TEMPORAL_VERSION,5,20260824,OPTION_FORMAL_POLICY,SELECTED,OPTION_A,CAND_003,64,案件事实显示投保申请进入核保流程日期为2026年7月20日，处于DOC_E15_JULY的生效期间（2026-07-01至2026-07-31）且未在该版本失效后首次进入核保。根据formal_policy规则E15_JULY_VERSION_SCOPE（优先级300），该日期适用最高投保年龄64周岁。DOC_E15_AUGUST规则要求进入核保流程日期在2,OPTION_A=CAND_003|OPTION_B=CAND_002|OPTION_C=CAND_001,6682,json_schema,2096,143,stop,"{
  ""abstain"": false,
  ""option_id"": ""OPTION_A"",
  ""reason"": ""案件事实显示投保申请进入核保流程日期为2026年7月20日，处于DOC_E15_JULY的生效期间（2026-07-01至2026-07-31）且未在该版本失效后首次进入核保。根据formal_policy规则E15_JULY_VERSION_SCOPE（优先级300），该日期适用最高投保年龄64周岁。DOC_E15_AUGUST规则要求进入核保流程日期在2""
}",,,,,,True,CAND_003,64,True
test,E15,TEMPORAL_VERSION,5,20260824,OPTION_FORMAL_POLICY_HARD_GATE,SELECTED,OPTION_A,CAND_003,64,硬门禁：规则E15_JULY_VERSION_SCOPE唯一允许值=['64']，唯一存活候选直接选择,OPTION_A=CAND_003|OPTION_B=CAND_002|OPTION_C=CAND_001,0,formal_policy_hard_gate,0,0,,,True,E15_JULY_VERSION_SCOPE,64,1,DETERMINISTIC_SELECT,False,CAND_003,64,True
test,E15,TEMPORAL_VERSION,5,20260824,OPTION_DESCRIPTION,SELECTED,OPTION_A,CAND_003,64,案件上下文显示投保申请于2026年7月20日进入核保流程，DOC_E15_JULY（生效日期2026-07-01）明确适用于该期间。DOC_E15_AUGUST规定其版本仅适用于2026年8月1日及以后的申请，且对于8月1日前已进入核保流程的申请仍按进入当日有效版本处理。因此，适用DOC_E15_JULY的一般规则，最高投保年龄为64周岁。,OPTION_A=CAND_003|OPTION_B=CAND_002|OPTION_C=CAND_001,6191,json_schema,1343,142,stop,"{
  ""abstain"": false,
  ""option_id"": ""OPTION_A"",
  ""reason"": ""案件上下文显示投保申请于2026年7月20日进入核保流程，DOC_E15_JULY（生效日期2026-07-01）明确适用于该期间。DOC_E15_AUGUST规定其版本仅适用于2026年8月1日及以后的申请，且对于8月1日前已进入核保流程的申请仍按进入当日有效版本处理。因此，适用DOC_E15_JULY的一般规则，最高投保年龄为64周岁。""
}",,,,,,True,CAND_003,64,True
test,E16,TEMPORAL_VERSION,5,20260824,DIRECT_FREE,SELECTED,OPTION_C,CAND_002,67,核保受理日2026-09-20处于备案完成日2026-10-01之前，依据DOC_E16_TERMS第四条及第二条，应适用当前备案版本（最高投保年龄67周岁）；第三条续保例外因客户未提交连续续保证明而不触发。,OPTION_A=CAND_003|OPTION_B=CAND_001|OPTION_C=CAND_002,4596,json_schema,639,100,stop,"{
  ""abstain"": false,
  ""value"": ""67"",
  ""reason"": ""核保受理日2026-09-20处于备案完成日2026-10-01之前，依据DOC_E16_TERMS第四条及第二条，应适用当前备案版本（最高投保年龄67周岁）；第三条续保例外因客户未提交连续续保证明而不触发。""
}",,,,,,True,CAND_002,67,True
test,E16,TEMPORAL_VERSION,5,20260824,VALUE_ENUM,SELECTED,OPTION_C,CAND_002,67,核保受理日2026-09-20在备案完成日2026-10-01之前，依据DOC_E16_TERMS第四条及第二条，适用当前备案版本（最高投保年龄67周岁）；第三条续保例外因客户未提交连续续保证明而不触发。,OPTION_A=CAND_003|OPTION_B=CAND_001|OPTION_C=CAND_002,4552,json_schema,643,99,stop,"{
  ""abstain"": false,
  ""value"": ""67"",
  ""reason"": ""核保受理日2026-09-20在备案完成日2026-10-01之前，依据DOC_E16_TERMS第四条及第二条，适用当前备案版本（最高投保年龄67周岁）；第三条续保例外因客户未提交连续续保证明而不触发。""
}",,,,,,True,CAND_002,67,True
test,E16,TEMPORAL_VERSION,5,20260824,OPTION_VALUE_ONLY,SELECTED,OPTION_C,CAND_002,67,核保受理日（2026-09-20）在备案完成日（2026-10-01）之前，根据文档第四条及第二条，当前适用版本为备案条款，最高投保年龄为67周岁。选项C符合该数值。,OPTION_A=CAND_003|OPTION_B=CAND_001|OPTION_C=CAND_002,4521,json_schema,735,91,stop,"{
  ""abstain"": false,
  ""option_id"": ""OPTION_C"",
  ""reason"": ""核保受理日（2026-09-20）在备案完成日（2026-10-01）之前，根据文档第四条及第二条，当前适用版本为备案条款，最高投保年龄为67周岁。选项C符合该数值。""
}",,,,,,True,CAND_002,67,True
test,E16,TEMPORAL_VERSION,5,20260824,OPTION_FORMAL_OPERATION,SELECTED,OPTION_C,CAND_002,67,核保受理日（2026-09-20）在备案完成日（2026-10-01）之前，根据文档第四条及第二条，必须适用当前备案版本（最高投保年龄67周岁）。选项C将值更新为67，符合规则。,OPTION_A=CAND_003|OPTION_B=CAND_001|OPTION_C=CAND_002,4941,json_schema,1208,96,stop,"{
  ""abstain"": false,
  ""option_id"": ""OPTION_C"",
  ""reason"": ""核保受理日（2026-09-20）在备案完成日（2026-10-01）之前，根据文档第四条及第二条，必须适用当前备案版本（最高投保年龄67周岁）。选项C将值更新为67，符合规则。""
}",,,,,,True,CAND_002,67,True
test,E16,TEMPORAL_VERSION,5,20260824,OPTION_FORMAL_POLICY,SELECTED,OPTION_C,CAND_002,67,根据formal_policy事实，endorsement_filing_completed为false且renewal_exception_confirmed为false。规则E16_FILED_CURRENT_VERSION（优先级200）适用，其条件为备案未完成，允许值为67。规则E16_RENEWAL_EXCEPTION不满足（需确认续保例外）。因此,OPTION_A=CAND_003|OPTION_B=CAND_001|OPTION_C=CAND_002,5148,json_schema,1626,100,stop,"{
  ""abstain"": false,
  ""option_id"": ""OPTION_C"",
  ""reason"": ""根据formal_policy事实，endorsement_filing_completed为false且renewal_exception_confirmed为false。规则E16_FILED_CURRENT_VERSION（优先级200）适用，其条件为备案未完成，允许值为67。规则E16_RENEWAL_EXCEPTION不满足（需确认续保例外）。因此""
}",,,,,,True,CAND_002,67,True
test,E16,TEMPORAL_VERSION,5,20260824,OPTION_FORMAL_POLICY_HARD_GATE,SELECTED,OPTION_C,CAND_002,67,硬门禁：规则E16_FILED_CURRENT_VERSION唯一允许值=['67']，唯一存活候选直接选择,OPTION_A=CAND_003|OPTION_B=CAND_001|OPTION_C=CAND_002,0,formal_policy_hard_gate,0,0,,,True,E16_FILED_CURRENT_VERSION,67,1,DETERMINISTIC_SELECT,False,CAND_002,67,True
test,E16,TEMPORAL_VERSION,5,20260824,OPTION_DESCRIPTION,SELECTED,OPTION_C,CAND_002,67,案件核保受理日（2026-09-20）在待备案批单发布后、备案完成前。根据文档第四条，未完成备案的批单不得适用；宣传摘要不得替代正式条款。因此排除 OPTION_B。根据文档第三条，仅当客户提交连续续保证明并确认时方可沿用 64 周岁（OPTION_A），但案件上下文未提及客户已提交该证明，故条件不满足。综上，当前适用版本为第二条所述的当前备案版本，即最高 ,OPTION_A=CAND_003|OPTION_B=CAND_001|OPTION_C=CAND_002,6464,json_schema,940,141,stop,"{
  ""abstain"": false,
  ""option_id"": ""OPTION_C"",
  ""reason"": ""案件核保受理日（2026-09-20）在待备案批单发布后、备案完成前。根据文档第四条，未完成备案的批单不得适用；宣传摘要不得替代正式条款。因此排除 OPTION_B。根据文档第三条，仅当客户提交连续续保证明并确认时方可沿用 64 周岁（OPTION_A），但案件上下文未提及客户已提交该证明，故条件不满足。综上，当前适用版本为第二条所述的当前备案版本，即最高 ""
}",,,,,,True,CAND_002,67,True
test,E17,TEMPORAL_VERSION,5,20260824,DIRECT_FREE,ABSTAIN,,,,文档 DOC_E17_TERMS 第三条明确声明‘档位代码到数值的映射由候选修复表维护，正文不重复列示数值’。当前提供的文档列表中不存在‘候选修复表’或包含 AGE-BAND-G2 对应具体年龄数值的其他文档。依据规则，证据不足时必须 abstain。,OPTION_A=CAND_003|OPTION_B=CAND_002|OPTION_C=CAND_001,4318,json_schema,609,93,stop,"{
  ""abstain"": true,
  ""value"": """",
  ""reason"": ""文档 DOC_E17_TERMS 第三条明确声明‘档位代码到数值的映射由候选修复表维护，正文不重复列示数值’。当前提供的文档列表中不存在‘候选修复表’或包含 AGE-BAND-G2 对应具体年龄数值的其他文档。依据规则，证据不足时必须 abstain。""
}",,,,,,True,CAND_002,63,False
test,E17,TEMPORAL_VERSION,5,20260824,VALUE_ENUM,ABSTAIN,,,,文档 DOC_E17_TERMS 仅定义了年龄档位代码（AGE-BAND-G2）的输入版本和排除项，并声明数值映射由‘候选修复表’维护，但提供的文档列表中不包含该‘候选修复表’。根据指令‘证据不足必须ABSTAIN'且禁止外部常识或猜测，无法确定 AGE-BAND-G2 对应的具体最高投保年龄数值。,OPTION_A=CAND_003|OPTION_B=CAND_002|OPTION_C=CAND_001,4978,json_schema,613,113,stop,"{
  ""abstain"": true,
  ""value"": ""ABSTAIN"",
  ""reason"": ""文档 DOC_E17_TERMS 仅定义了年龄档位代码（AGE-BAND-G2）的输入版本和排除项，并声明数值映射由‘候选修复表’维护，但提供的文档列表中不包含该‘候选修复表’。根据指令‘证据不足必须ABSTAIN'且禁止外部常识或猜测，无法确定 AGE-BAND-G2 对应的具体最高投保年龄数值。""
}",,,,,,True,CAND_002,63,False
test,E17,TEMPORAL_VERSION,5,20260824,OPTION_VALUE_ONLY,SELECTED,OPTION_C,CAND_001,73,文档 DOC_E17_TERMS 权威性强（authority=100）且生效时间（2026-09-18）早于案件受理日（2026-09-25）。根据文档第二条排除项，营销草案和续保通道不适用。根据第三条执行口径，应采用备案系统返回的档位代码 AGE-BAND-G2。在候选值中，OPTION_C (73) 是唯一与 G2 档位逻辑一致且符合产品 A 当前规则,OPTION_A=CAND_003|OPTION_B=CAND_002|OPTION_C=CAND_001,6167,json_schema,705,138,stop,"{
  ""abstain"": false,
  ""option_id"": ""OPTION_C"",
  ""reason"": ""文档 DOC_E17_TERMS 权威性强（authority=100）且生效时间（2026-09-18）早于案件受理日（2026-09-25）。根据文档第二条排除项，营销草案和续保通道不适用。根据第三条执行口径，应采用备案系统返回的档位代码 AGE-BAND-G2。在候选值中，OPTION_C (73) 是唯一与 G2 档位逻辑一致且符合产品 A 当前规则""
}",,,,,,True,CAND_002,63,False
test,E17,TEMPORAL_VERSION,5,20260824,OPTION_FORMAL_OPERATION,ABSTAIN,,,,文档 DOC_E17_TERMS 仅声明档位代码到数值的映射由候选修复表维护，正文未列示 AGE-BAND-G2 对应的具体数值。给定选项 A(58)、B(63)、C(73) 均无文档证据支持，无法依据上下文和给定文档确定正确值，故必须 ABSTAIN。,OPTION_A=CAND_003|OPTION_B=CAND_002|OPTION_C=CAND_001,5106,json_schema,1178,98,stop,"{""abstain"": true, ""option_id"": ""ABSTAIN"", ""reason"": ""文档 DOC_E17_TERMS 仅声明档位代码到数值的映射由候选修复表维护，正文未列示 AGE-BAND-G2 对应的具体数值。给定选项 A(58)、B(63)、C(73) 均无文档证据支持，无法依据上下文和给定文档确定正确值，故必须 ABSTAIN。""}",,,,,,True,CAND_002,63,False
test,E17,TEMPORAL_VERSION,5,20260824,OPTION_FORMAL_POLICY,SELECTED,OPTION_B,CAND_002,63,根据formal_policy中的facts，age_band_code为'AGE-BAND-G2'且marketing_draft_applicable和renewal_channel_confirmed均为false。规则E17_FILED_AGE_BAND_G2的优先级为200，条件匹配（age_band_code等于'AGE-BAND-G2'），允许,OPTION_A=CAND_003|OPTION_B=CAND_002|OPTION_C=CAND_001,5014,json_schema,1540,98,stop,"{
  ""abstain"": false,
  ""option_id"": ""OPTION_B"",
  ""reason"": ""根据formal_policy中的facts，age_band_code为'AGE-BAND-G2'且marketing_draft_applicable和renewal_channel_confirmed均为false。规则E17_FILED_AGE_BAND_G2的优先级为200，条件匹配（age_band_code等于'AGE-BAND-G2'），允许""
}",,,,,,True,CAND_002,63,True
test,E17,TEMPORAL_VERSION,5,20260824,OPTION_FORMAL_POLICY_HARD_GATE,SELECTED,OPTION_B,CAND_002,63,硬门禁：规则E17_FILED_AGE_BAND_G2唯一允许值=['63']，唯一存活候选直接选择,OPTION_A=CAND_003|OPTION_B=CAND_002|OPTION_C=CAND_001,0,formal_policy_hard_gate,0,0,,,True,E17_FILED_AGE_BAND_G2,63,1,DETERMINISTIC_SELECT,False,CAND_002,63,True
test,E17,TEMPORAL_VERSION,5,20260824,OPTION_DESCRIPTION,SELECTED,OPTION_B,CAND_002,63,DOC_E17_TERMS 文件权威性强（authority=100）且生效时间（2026-09-18）早于案件受理日（2026-09-25）。第三条明确规定‘本体更新只应采用备案系统返回的档位代码’，排除了历史续保（AGE-BAND-G3）和营销草案（AGE-BAND-G1）。因此，必须依据 AGE-BAND-G2 确定年龄，对应 OPTION_B。,OPTION_A=CAND_003|OPTION_B=CAND_002|OPTION_C=CAND_001,6008,json_schema,923,133,stop,"{
  ""abstain"": false,
  ""option_id"": ""OPTION_B"",
  ""reason"": ""DOC_E17_TERMS 文件权威性强（authority=100）且生效时间（2026-09-18）早于案件受理日（2026-09-25）。第三条明确规定‘本体更新只应采用备案系统返回的档位代码’，排除了历史续保（AGE-BAND-G3）和营销草案（AGE-BAND-G1）。因此，必须依据 AGE-BAND-G2 确定年龄，对应 OPTION_B。""
}",,,,,,True,CAND_002,63,True
test,E24,GENERAL_RULE_EXCEPTION,5,20260824,DIRECT_FREE,SELECTED,OPTION_C,CAND_002,0,DOC_E24_TERMS 生效日期为 2026-07-10，案件事实（第五条）确认适用该文件。一般规则规定等待期 90 天；例外规则（第三条）条件为：团体转入、原保障连续至生效日前一日、30 日内提交证明。案件事实完全满足例外规则条件（第 20 日提交），且第六条明确例外优先，故取例外值 0 天。,OPTION_A=CAND_003|OPTION_B=CAND_001|OPTION_C=CAND_002,5730,json_schema,686,129,stop,"{
  ""abstain"": false,
  ""value"": ""0"",
  ""reason"": ""DOC_E24_TERMS 生效日期为 2026-07-10，案件事实（第五条）确认适用该文件。一般规则规定等待期 90 天；例外规则（第三条）条件为：团体转入、原保障连续至生效日前一日、30 日内提交证明。案件事实完全满足例外规则条件（第 20 日提交），且第六条明确例外优先，故取例外值 0 天。""
}",,,,,,True,CAND_002,0,True
test,E24,GENERAL_RULE_EXCEPTION,5,20260824,VALUE_ENUM,SELECTED,OPTION_C,CAND_002,0,DOC_E24_TERMS 文件生效日期为 2026-07-10，案件事实（第五条）明确满足第三条例外规则的所有条件（团体转入、原保障连续、证明在第 20 日提交即小于 30 日）。根据第六条及第三条，例外规则优先于一般规则，故等待期按 0 天处理。,OPTION_A=CAND_003|OPTION_B=CAND_001|OPTION_C=CAND_002,4934,json_schema,690,110,stop,"{
  ""abstain"": false,
  ""value"": ""0"",
  ""reason"": ""DOC_E24_TERMS 文件生效日期为 2026-07-10，案件事实（第五条）明确满足第三条例外规则的所有条件（团体转入、原保障连续、证明在第 20 日提交即小于 30 日）。根据第六条及第三条，例外规则优先于一般规则，故等待期按 0 天处理。""
}",,,,,,True,CAND_002,0,True
test,E24,GENERAL_RULE_EXCEPTION,5,20260824,OPTION_VALUE_ONLY,SELECTED,OPTION_C,CAND_002,0,文件DOC_E24_TERMS生效日期为2026-07-10，案件事实（第五条）明确属于合作单位团体计划转入、原保障连续且证明在第20日提交。第三条例外规则规定满足条件时等待期为0天；第四条限制规则仅针对超过30日但不超过60日的情况（本案为第20日，不触发）。第六条确认例外规则优先于一般规则。因此适用例外规则，结果为0天（OPTION_C）。,OPTION_A=CAND_003|OPTION_B=CAND_001|OPTION_C=CAND_002,6217,json_schema,781,134,stop,"{
  ""abstain"": false,
  ""option_id"": ""OPTION_C"",
  ""reason"": ""文件DOC_E24_TERMS生效日期为2026-07-10，案件事实（第五条）明确属于合作单位团体计划转入、原保障连续且证明在第20日提交。第三条例外规则规定满足条件时等待期为0天；第四条限制规则仅针对超过30日但不超过60日的情况（本案为第20日，不触发）。第六条确认例外规则优先于一般规则。因此适用例外规则，结果为0天（OPTION_C）。""
}",,,,,,True,CAND_002,0,True
test,E24,GENERAL_RULE_EXCEPTION,5,20260824,OPTION_FORMAL_OPERATION,SELECTED,OPTION_C,CAND_002,0,文档DOC_E24_TERMS第五条确认案件事实满足第三条例外规则（连续转入、原保障有效、30日内提交证明），第六条明确例外规则优先于一般规则。第三条规定满足条件时等待期为0天，故选择OPTION_C将值设为0。,OPTION_A=CAND_003|OPTION_B=CAND_001|OPTION_C=CAND_002,4642,json_schema,1254,87,stop,"{
  ""abstain"": false,
  ""option_id"": ""OPTION_C"",
  ""reason"": ""文档DOC_E24_TERMS第五条确认案件事实满足第三条例外规则（连续转入、原保障有效、30日内提交证明），第六条明确例外规则优先于一般规则。第三条规定满足条件时等待期为0天，故选择OPTION_C将值设为0。""
}",,,,,,True,CAND_002,0,True
test,E24,GENERAL_RULE_EXCEPTION,5,20260824,OPTION_FORMAL_POLICY,SELECTED,OPTION_C,CAND_002,0,案件事实显示：团体转入(group_transfer=true)、原保障未中断(prior_coverage_uninterrupted=true)、证明提交第20日(proof_submitted_days=20)。根据formal_policy规则优先级，E24_CONTINUOUS_TRANSFER_EXCEPTION（优先级300）条件满足（20<=,OPTION_A=CAND_003|OPTION_B=CAND_001|OPTION_C=CAND_002,5128,json_schema,1670,95,stop,"{
  ""abstain"": false,
  ""option_id"": ""OPTION_C"",
  ""reason"": ""案件事实显示：团体转入(group_transfer=true)、原保障未中断(prior_coverage_uninterrupted=true)、证明提交第20日(proof_submitted_days=20)。根据formal_policy规则优先级，E24_CONTINUOUS_TRANSFER_EXCEPTION（优先级300）条件满足（20<=""
}",,,,,,True,CAND_002,0,True
test,E24,GENERAL_RULE_EXCEPTION,5,20260824,OPTION_FORMAL_POLICY_HARD_GATE,SELECTED,OPTION_C,CAND_002,0,硬门禁：规则E24_CONTINUOUS_TRANSFER_EXCEPTION唯一允许值=['0']，唯一存活候选直接选择,OPTION_A=CAND_003|OPTION_B=CAND_001|OPTION_C=CAND_002,0,formal_policy_hard_gate,0,0,,,True,E24_CONTINUOUS_TRANSFER_EXCEPTION,0,1,DETERMINISTIC_SELECT,False,CAND_002,0,True
test,E24,GENERAL_RULE_EXCEPTION,5,20260824,OPTION_DESCRIPTION,SELECTED,OPTION_C,CAND_002,0,案件事实（第五条）明确满足例外规则（第三条）的所有条件：由合作单位团体计划转入、原保障至新合同生效日前一日有效、连续保障证明在第20日提交（在30日内）。根据第六条，例外规则优先于一般规则，因此等待期应为0天。,OPTION_A=CAND_003|OPTION_B=CAND_001|OPTION_C=CAND_002,4682,json_schema,982,94,stop,"{
  ""abstain"": false,
  ""option_id"": ""OPTION_C"",
  ""reason"": ""案件事实（第五条）明确满足例外规则（第三条）的所有条件：由合作单位团体计划转入、原保障至新合同生效日前一日有效、连续保障证明在第20日提交（在30日内）。根据第六条，例外规则优先于一般规则，因此等待期应为0天。""
}",,,,,,True,CAND_002,0,True
test,E25,GENERAL_RULE_EXCEPTION,5,20260824,DIRECT_FREE,SELECTED,OPTION_B,CAND_001,15,案件事实（出生后第46日投保、健康告知无异常、无既往重疾）满足DOC_E25_TERMS第四条延迟投保规则条件，故适用该例外规则，等待期天数为15天。,OPTION_A=CAND_003|OPTION_B=CAND_001|OPTION_C=CAND_002,3933,json_schema,675,76,stop,"{
  ""abstain"": false,
  ""value"": ""15"",
  ""reason"": ""案件事实（出生后第46日投保、健康告知无异常、无既往重疾）满足DOC_E25_TERMS第四条延迟投保规则条件，故适用该例外规则，等待期天数为15天。""
}",,,,,,True,CAND_001,15,True
test,E25,GENERAL_RULE_EXCEPTION,5,20260824,VALUE_ENUM,SELECTED,OPTION_B,CAND_001,15,案件事实（出生后第46日投保、健康告知无异常、无既往重疾）满足DOC_E25_TERMS第四条延迟投保规则条件，故适用15天。,OPTION_A=CAND_003|OPTION_B=CAND_001|OPTION_C=CAND_002,3550,json_schema,679,69,stop,"{
  ""abstain"": false,
  ""value"": ""15"",
  ""reason"": ""案件事实（出生后第46日投保、健康告知无异常、无既往重疾）满足DOC_E25_TERMS第四条延迟投保规则条件，故适用15天。""
}",,,,,,True,CAND_001,15,True
test,E25,GENERAL_RULE_EXCEPTION,5,20260824,OPTION_VALUE_ONLY,SELECTED,OPTION_B,CAND_001,15,根据文档DOC_E25_TERMS第五条，本案投保时间为出生后第46日（满足30日<日期<=90日的延迟投保规则条件），且健康告知无异常、无既往重大疾病记录。依据第四条例外规则，适用15天等待期。,OPTION_A=CAND_003|OPTION_B=CAND_001|OPTION_C=CAND_002,4571,json_schema,770,87,stop,"{
  ""abstain"": false,
  ""option_id"": ""OPTION_B"",
  ""reason"": ""根据文档DOC_E25_TERMS第五条，本案投保时间为出生后第46日（满足30日<日期<=90日的延迟投保规则条件），且健康告知无异常、无既往重大疾病记录。依据第四条例外规则，适用15天等待期。""
}",,,,,,True,CAND_001,15,True
test,E25,GENERAL_RULE_EXCEPTION,5,20260824,OPTION_FORMAL_OPERATION,SELECTED,OPTION_B,CAND_001,15,案件事实显示投保时间为出生后第46日（超过30日但不超过90日），且健康告知无异常、无既往重大疾病记录。根据文档DOC_E25_TERMS第四条‘延迟投保规则’，此情形下等待期按15天处理。因此选择将值从30替换为15的OPTION_B。,OPTION_A=CAND_003|OPTION_B=CAND_001|OPTION_C=CAND_002,5174,json_schema,1243,104,stop,"{
  ""abstain"": false,
  ""option_id"": ""OPTION_B"",
  ""reason"": ""案件事实显示投保时间为出生后第46日（超过30日但不超过90日），且健康告知无异常、无既往重大疾病记录。根据文档DOC_E25_TERMS第四条‘延迟投保规则’，此情形下等待期按15天处理。因此选择将值从30替换为15的OPTION_B。""
}",,,,,,True,CAND_001,15,True
test,E25,GENERAL_RULE_EXCEPTION,5,20260824,OPTION_FORMAL_POLICY,SELECTED,OPTION_B,CAND_001,15,案件事实显示投保时间为出生后第46日（满足30 < 46 <= 90），健康告知无异常且无既往重大疾病记录。根据formal_policy规则优先级，E25_DELAYED_CHILD_EXCEPTION（延迟投保规则）优先于一般规则，其允许值为15天。因此选择OPTION_B将等待期天数更新为15。,OPTION_A=CAND_003|OPTION_B=CAND_001|OPTION_C=CAND_002,5346,json_schema,1692,108,stop,"{
  ""abstain"": false,
  ""option_id"": ""OPTION_B"",
  ""reason"": ""案件事实显示投保时间为出生后第46日（满足30 < 46 <= 90），健康告知无异常且无既往重大疾病记录。根据formal_policy规则优先级，E25_DELAYED_CHILD_EXCEPTION（延迟投保规则）优先于一般规则，其允许值为15天。因此选择OPTION_B将等待期天数更新为15。""
}",,,,,,True,CAND_001,15,True
test,E25,GENERAL_RULE_EXCEPTION,5,20260824,OPTION_FORMAL_POLICY_HARD_GATE,SELECTED,OPTION_B,CAND_001,15,硬门禁：规则E25_DELAYED_CHILD_EXCEPTION唯一允许值=['15']，唯一存活候选直接选择,OPTION_A=CAND_003|OPTION_B=CAND_001|OPTION_C=CAND_002,0,formal_policy_hard_gate,0,0,,,True,E25_DELAYED_CHILD_EXCEPTION,15,1,DETERMINISTIC_SELECT,False,CAND_001,15,True
test,E25,GENERAL_RULE_EXCEPTION,5,20260824,OPTION_DESCRIPTION,SELECTED,OPTION_B,CAND_001,15,案件事实显示投保时间为出生后第46日，满足‘超过30日但不超过90日’的条件（条款第四条），且健康告知无异常、无既往重大疾病记录，因此适用延迟投保规则，等待期为15天。,OPTION_A=CAND_003|OPTION_B=CAND_001|OPTION_C=CAND_002,4211,json_schema,972,81,stop,"{
  ""abstain"": false,
  ""option_id"": ""OPTION_B"",
  ""reason"": ""案件事实显示投保时间为出生后第46日，满足‘超过30日但不超过90日’的条件（条款第四条），且健康告知无异常、无既往重大疾病记录，因此适用延迟投保规则，等待期为15天。""
}",,,,,,True,CAND_001,15,True
test,E26,GENERAL_RULE_EXCEPTION,5,20260824,DIRECT_FREE,SELECTED,OPTION_C,CAND_002,30,根据DOC_E26_TERMS第四条，本案属于团体转入且原保障未中断，但连续保障证明在第18日提交（超过15日但在16-30日内），符合第三条逾期补交规则。第五条明确排除0天等待期适用于此情形，因此适用30天。,OPTION_A=CAND_003|OPTION_B=CAND_001|OPTION_C=CAND_002,4515,json_schema,675,95,stop,"{
  ""abstain"": false,
  ""value"": ""30"",
  ""reason"": ""根据DOC_E26_TERMS第四条，本案属于团体转入且原保障未中断，但连续保障证明在第18日提交（超过15日但在16-30日内），符合第三条逾期补交规则。第五条明确排除0天等待期适用于此情形，因此适用30天。""
}",,,,,,True,CAND_002,30,True
test,E26,GENERAL_RULE_EXCEPTION,5,20260824,VALUE_ENUM,SELECTED,OPTION_C,CAND_002,30,案件事实（第18日提交）满足DOC_E26_TERMS第三条逾期补交规则条件（16-30日），且该条款明确优先于一般规则及第五条解释。,OPTION_A=CAND_003|OPTION_B=CAND_001|OPTION_C=CAND_002,3647,json_schema,679,73,stop,"{
  ""abstain"": false,
  ""value"": ""30"",
  ""reason"": ""案件事实（第18日提交）满足DOC_E26_TERMS第三条逾期补交规则条件（16-30日），且该条款明确优先于一般规则及第五条解释。""
}",,,,,,True,CAND_002,30,True
test,E26,GENERAL_RULE_EXCEPTION,5,20260824,OPTION_VALUE_ONLY,SELECTED,OPTION_C,CAND_002,30,案件事实显示连续保障证明在申请后第18日提交，属于条款第三条规定的'第16日至第30日'逾期补交区间。该情形下等待期按30天处理，且第三条明确优先于一般规则（第一条的90天）及第二条的特别规则（0天）。因此适用OPTION_C。,OPTION_A=CAND_003|OPTION_B=CAND_001|OPTION_C=CAND_002,4986,json_schema,770,102,stop,"{
  ""abstain"": false,
  ""option_id"": ""OPTION_C"",
  ""reason"": ""案件事实显示连续保障证明在申请后第18日提交，属于条款第三条规定的'第16日至第30日'逾期补交区间。该情形下等待期按30天处理，且第三条明确优先于一般规则（第一条的90天）及第二条的特别规则（0天）。因此适用OPTION_C。""
}",,,,,,True,CAND_002,30,True
test,E26,GENERAL_RULE_EXCEPTION,5,20260824,OPTION_FORMAL_OPERATION,SELECTED,OPTION_C,CAND_002,30,案件事实显示连续保障证明在申请后第18日提交（属于第16日至第30日的逾期补交区间），且经核保确认有效。根据文档DOC_E26_TERMS第三条，此情形下等待期按30天处理；第五条明确排除0天适用性，故选择OPTION_C将值设为30。,OPTION_A=CAND_003|OPTION_B=CAND_001|OPTION_C=CAND_002,5299,json_schema,1243,105,stop,"{
  ""abstain"": false,
  ""option_id"": ""OPTION_C"",
  ""reason"": ""案件事实显示连续保障证明在申请后第18日提交（属于第16日至第30日的逾期补交区间），且经核保确认有效。根据文档DOC_E26_TERMS第三条，此情形下等待期按30天处理；第五条明确排除0天适用性，故选择OPTION_C将值设为30。""
}",,,,,,True,CAND_002,30,True
test,E26,GENERAL_RULE_EXCEPTION,5,20260824,OPTION_FORMAL_POLICY,SELECTED,OPTION_C,CAND_002,30,案件事实显示连续保障证明在第18日提交（大于15且小于等于30），符合formal_policy中E26_LATE_PROOF_PARTIAL_EXCEPTION规则条件，该规则允许值为30。文档DOC_E26_TERMS第三条及第五条确认逾期补交（第16-30日）按30天处理且优先于一般规则。因此选择OPTION_C将等待期设为30天。,OPTION_A=CAND_003|OPTION_B=CAND_001|OPTION_C=CAND_002,5971,json_schema,1798,123,stop,"{
  ""abstain"": false,
  ""option_id"": ""OPTION_C"",
  ""reason"": ""案件事实显示连续保障证明在第18日提交（大于15且小于等于30），符合formal_policy中E26_LATE_PROOF_PARTIAL_EXCEPTION规则条件，该规则允许值为30。文档DOC_E26_TERMS第三条及第五条确认逾期补交（第16-30日）按30天处理且优先于一般规则。因此选择OPTION_C将等待期设为30天。""
}",,,,,,True,CAND_002,30,True
test,E26,GENERAL_RULE_EXCEPTION,5,20260824,OPTION_FORMAL_POLICY_HARD_GATE,SELECTED,OPTION_C,CAND_002,30,硬门禁：规则E26_LATE_PROOF_PARTIAL_EXCEPTION唯一允许值=['30']，唯一存活候选直接选择,OPTION_A=CAND_003|OPTION_B=CAND_001|OPTION_C=CAND_002,0,formal_policy_hard_gate,0,0,,,True,E26_LATE_PROOF_PARTIAL_EXCEPTION,30,1,DETERMINISTIC_SELECT,False,CAND_002,30,True
test,E26,GENERAL_RULE_EXCEPTION,5,20260824,OPTION_DESCRIPTION,SELECTED,OPTION_C,CAND_002,30,案件事实显示连续保障证明在第18日提交，属于第16日至第30日的逾期补交区间。根据文档DOC_E26_TERMS第三条，此情形下等待期按30天处理；第五条明确排除0天规则适用于逾期情形。因此OPTION_C为唯一适用选项。,OPTION_A=CAND_003|OPTION_B=CAND_001|OPTION_C=CAND_002,4710,json_schema,974,96,stop,"{
  ""abstain"": false,
  ""option_id"": ""OPTION_C"",
  ""reason"": ""案件事实显示连续保障证明在第18日提交，属于第16日至第30日的逾期补交区间。根据文档DOC_E26_TERMS第三条，此情形下等待期按30天处理；第五条明确排除0天规则适用于逾期情形。因此OPTION_C为唯一适用选项。""
}",,,,,,True,CAND_002,30,True
test,E27,GENERAL_RULE_EXCEPTION,5,20260824,DIRECT_FREE,ABSTAIN,,,,文档 DOC_E27_TERMS 第三条明确声明‘正文不重复列示天数’，且规则代码 WAIT-CODE-LATE-PROOF 的具体映射关系需由外部‘候选修复表’维护。当前提供的文档中未包含该映射表或具体天数数值，依据‘证据不足必须ABSTAIN'原则，无法确定等待期天数。,OPTION_A=CAND_003|OPTION_B=CAND_001|OPTION_C=CAND_002,4657,json_schema,602,103,stop,"{
  ""abstain"": true,
  ""value"": """",
  ""reason"": ""文档 DOC_E27_TERMS 第三条明确声明‘正文不重复列示天数’，且规则代码 WAIT-CODE-LATE-PROOF 的具体映射关系需由外部‘候选修复表’维护。当前提供的文档中未包含该映射表或具体天数数值，依据‘证据不足必须ABSTAIN'原则，无法确定等待期天数。""
}",,,,,,True,CAND_002,30,False
test,E27,GENERAL_RULE_EXCEPTION,5,20260824,VALUE_ENUM,ABSTAIN,,,,文档 DOC_E27_TERMS 第三条明确声明‘正文不重复列示天数’，且规则代码 WAIT-CODE-LATE-PROOF 的具体映射关系由外部‘候选修复表’维护。当前提供的文档内容中未包含该映射表或具体天数数值，依据‘证据不足必须 ABSTAIN'原则，无法确定等待期天数。,OPTION_A=CAND_003|OPTION_B=CAND_001|OPTION_C=CAND_002,4781,json_schema,606,106,stop,"{
  ""abstain"": true,
  ""value"": ""ABSTAIN"",
  ""reason"": ""文档 DOC_E27_TERMS 第三条明确声明‘正文不重复列示天数’，且规则代码 WAIT-CODE-LATE-PROOF 的具体映射关系由外部‘候选修复表’维护。当前提供的文档内容中未包含该映射表或具体天数数值，依据‘证据不足必须 ABSTAIN'原则，无法确定等待期天数。""
}",,,,,,True,CAND_002,30,False
test,E27,GENERAL_RULE_EXCEPTION,5,20260824,OPTION_VALUE_ONLY,ABSTAIN,,,,文档 DOC_E27_TERMS 第三条规定‘本体更新只采用等待期规则代码对应的候选修复’，但文中未提供‘WAIT-CODE-LATE-PROOF'到具体天数（如 90、0 或 30）的映射表。虽然第一条提到‘原保障未中断’且证明标记为 D_PLUS_18，暗示可能适用豁免（对应 OPTION_B），但文档正文明确说明‘正文不重复列示天数’且依赖外部候选修复,OPTION_A=CAND_003|OPTION_B=CAND_001|OPTION_C=CAND_002,6083,json_schema,697,135,stop,"{
  ""abstain"": true,
  ""option_id"": ""ABSTAIN"",
  ""reason"": ""文档 DOC_E27_TERMS 第三条规定‘本体更新只采用等待期规则代码对应的候选修复’，但文中未提供‘WAIT-CODE-LATE-PROOF'到具体天数（如 90、0 或 30）的映射表。虽然第一条提到‘原保障未中断’且证明标记为 D_PLUS_18，暗示可能适用豁免（对应 OPTION_B），但文档正文明确说明‘正文不重复列示天数’且依赖外部候选修复""
}",,,,,,True,CAND_002,30,False
test,E27,GENERAL_RULE_EXCEPTION,5,20260824,OPTION_FORMAL_OPERATION,SELECTED,OPTION_B,CAND_001,0,文档 DOC_E27_TERMS 第三条规定‘本体更新只采用等待期规则代码对应的候选修复’，且第二条指出 WAIT-CODE-LATE-PROOF 适用于需证明但非准时提交的情况（区别于 WAIT-CODE-WAIVER）。结合案件上下文‘原保障未中断’及‘连续保障证明提交标记为 D_PLUS_18'，虽文档未明示具体天数映射表，但根据规则引擎输出 WAIT,OPTION_A=CAND_003|OPTION_B=CAND_001|OPTION_C=CAND_002,6021,json_schema,1170,123,stop,"{
  ""abstain"": false,
  ""option_id"": ""OPTION_B"",
  ""reason"": ""文档 DOC_E27_TERMS 第三条规定‘本体更新只采用等待期规则代码对应的候选修复’，且第二条指出 WAIT-CODE-LATE-PROOF 适用于需证明但非准时提交的情况（区别于 WAIT-CODE-WAIVER）。结合案件上下文‘原保障未中断’及‘连续保障证明提交标记为 D_PLUS_18'，虽文档未明示具体天数映射表，但根据规则引擎输出 WAIT""
}",,,,,,True,CAND_002,30,False
test,E27,GENERAL_RULE_EXCEPTION,5,20260824,OPTION_FORMAL_POLICY,SELECTED,OPTION_C,CAND_002,30,根据 formal_policy 规则 E27_WAIT_LATE_PROOF（优先级 250），当 waiting_code 为 WAIT-CODE-LATE-PROOF 且 proof_confirmed_valid 为 true 时，适用 allowed_values [,OPTION_A=CAND_003|OPTION_B=CAND_001|OPTION_C=CAND_002,4388,json_schema,1530,79,stop,"{
  ""abstain"": false,
  ""option_id"": ""OPTION_C"",
  ""reason"": ""根据 formal_policy 规则 E27_WAIT_LATE_PROOF（优先级 250），当 waiting_code 为 WAIT-CODE-LATE-PROOF 且 proof_confirmed_valid 为 true 时，适用 allowed_values ["" }",,,,,,True,CAND_002,30,True
test,E27,GENERAL_RULE_EXCEPTION,5,20260824,OPTION_FORMAL_POLICY_HARD_GATE,SELECTED,OPTION_C,CAND_002,30,硬门禁：规则E27_WAIT_LATE_PROOF唯一允许值=['30']，唯一存活候选直接选择,OPTION_A=CAND_003|OPTION_B=CAND_001|OPTION_C=CAND_002,0,formal_policy_hard_gate,0,0,,,True,E27_WAIT_LATE_PROOF,30,1,DETERMINISTIC_SELECT,False,CAND_002,30,True
test,E27,GENERAL_RULE_EXCEPTION,5,20260824,OPTION_DESCRIPTION,SELECTED,OPTION_C,CAND_002,30,案件上下文显示规则引擎返回 WAIT-CODE-LATE-PROOF。文档 DOC_E27_TERMS 第二条明确定义 WAIT-CODE-LATE-PROOF 为当前适用场景（非 WAIVER，非 GENERAL）。候选选项 OPTION_C 描述为按 WAIT-CODE-LATE-PROOF 映射为 30 天，与规则代码匹配且数值在允许范围内。,OPTION_A=CAND_003|OPTION_B=CAND_001|OPTION_C=CAND_002,5238,json_schema,911,113,stop,"{
  ""abstain"": false,
  ""option_id"": ""OPTION_C"",
  ""reason"": ""案件上下文显示规则引擎返回 WAIT-CODE-LATE-PROOF。文档 DOC_E27_TERMS 第二条明确定义 WAIT-CODE-LATE-PROOF 为当前适用场景（非 WAIVER，非 GENERAL）。候选选项 OPTION_C 描述为按 WAIT-CODE-LATE-PROOF 映射为 30 天，与规则代码匹配且数值在允许范围内。""
}",,,,,,True,CAND_002,30,True
test,E34,CROSS_SENTENCE_SCOPE,5,20260824,DIRECT_FREE,SELECTED,OPTION_C,CAND_003,24,DOC_E34_TERMS 生效日期为 2026-08-01，满足适用条件；投保记录勾选长期照护附加责任（触发第三条调整为 24 个月），核保确认未选择费用垫付责任（不触发第四条例外限制），综合判定保险期限为 24 个月。,OPTION_A=CAND_001|OPTION_B=CAND_002|OPTION_C=CAND_003,4657,json_schema,671,98,stop,"{
  ""abstain"": false,
  ""value"": ""24"",
  ""reason"": ""DOC_E34_TERMS 生效日期为 2026-08-01，满足适用条件；投保记录勾选长期照护附加责任（触发第三条调整为 24 个月），核保确认未选择费用垫付责任（不触发第四条例外限制），综合判定保险期限为 24 个月。""
}",,,,,,True,CAND_003,24,True
test,E34,CROSS_SENTENCE_SCOPE,5,20260824,VALUE_ENUM,SELECTED,OPTION_C,CAND_003,24,DOC_E34_TERMS 生效且权威。投保记录满足‘选择长期照护附加责任’（第三条），核保确认满足‘未选择费用垫付责任’（第四条）。根据例外限制，不触发18个月规则；根据一般规则与第三条，适用24个月。,OPTION_A=CAND_001|OPTION_B=CAND_002|OPTION_C=CAND_003,4234,json_schema,675,90,stop,"{
  ""abstain"": false,
  ""value"": ""24"",
  ""reason"": ""DOC_E34_TERMS 生效且权威。投保记录满足‘选择长期照护附加责任’（第三条），核保确认满足‘未选择费用垫付责任’（第四条）。根据例外限制，不触发18个月规则；根据一般规则与第三条，适用24个月。""
}",,,,,,True,CAND_003,24,True
test,E34,CROSS_SENTENCE_SCOPE,5,20260824,OPTION_VALUE_ONLY,SELECTED,OPTION_C,CAND_003,24,根据DOC_E34_TERMS条款：1. 投保记录显示选择长期照护附加责任（触发第三条，期限调整为24个月）；2. 核保确认未选择费用垫付责任（满足第四条例外限制中的否定条件，不执行18个月规则）。综合跨句指代与优先级判断，适用结果为24个月。,OPTION_A=CAND_001|OPTION_B=CAND_002|OPTION_C=CAND_003,4923,json_schema,767,103,stop,"{
  ""abstain"": false,
  ""option_id"": ""OPTION_C"",
  ""reason"": ""根据DOC_E34_TERMS条款：1. 投保记录显示选择长期照护附加责任（触发第三条，期限调整为24个月）；2. 核保确认未选择费用垫付责任（满足第四条例外限制中的否定条件，不执行18个月规则）。综合跨句指代与优先级判断，适用结果为24个月。""
}",,,,,,True,CAND_003,24,True
test,E34,CROSS_SENTENCE_SCOPE,5,20260824,OPTION_FORMAL_OPERATION,SELECTED,OPTION_B,CAND_002,18,文档DOC_E34_TERMS生效日期为2026-08-01，适用于本案。根据第二条一般规则，基础保障期限为12个月。第三条例外规则规定选择长期照护附加责任时调整为24个月。第四条例外限制明确规定：同时选择费用垫付责任的方案不适用第三条调整，按18个月处理。案件上下文中投保记录显示选择了长期照护附加责任，核保确认未选择费用垫付责任。由于未选择费用垫付责任，不,OPTION_A=CAND_001|OPTION_B=CAND_002|OPTION_C=CAND_003,6243,json_schema,1243,131,stop,"{
  ""abstain"": false,
  ""option_id"": ""OPTION_B"",
  ""reason"": ""文档DOC_E34_TERMS生效日期为2026-08-01，适用于本案。根据第二条一般规则，基础保障期限为12个月。第三条例外规则规定选择长期照护附加责任时调整为24个月。第四条例外限制明确规定：同时选择费用垫付责任的方案不适用第三条调整，按18个月处理。案件上下文中投保记录显示选择了长期照护附加责任，核保确认未选择费用垫付责任。由于未选择费用垫付责任，不""
}",,,,,,True,CAND_003,24,False
test,E34,CROSS_SENTENCE_SCOPE,5,20260824,OPTION_FORMAL_POLICY,SELECTED,OPTION_C,CAND_003,24,根据formal_policy，事实为long_term_care_addon_selected=true且expense_advance_selected=false。规则E34_LONG_TERM_CARE_EXTENSION（优先级250）条件满足，允许值为24。文档DOC_E34_TERMS第三条确认选择长期照护附加责任时调整为24个月，第四条明确该,OPTION_A=CAND_001|OPTION_B=CAND_002|OPTION_C=CAND_003,5225,json_schema,1649,99,stop,"{
  ""abstain"": false,
  ""option_id"": ""OPTION_C"",
  ""reason"": ""根据formal_policy，事实为long_term_care_addon_selected=true且expense_advance_selected=false。规则E34_LONG_TERM_CARE_EXTENSION（优先级250）条件满足，允许值为24。文档DOC_E34_TERMS第三条确认选择长期照护附加责任时调整为24个月，第四条明确该""
  }",,,,,,True,CAND_003,24,True
test,E34,CROSS_SENTENCE_SCOPE,5,20260824,OPTION_FORMAL_POLICY_HARD_GATE,SELECTED,OPTION_C,CAND_003,24,硬门禁：规则E34_LONG_TERM_CARE_EXTENSION唯一允许值=['24']，唯一存活候选直接选择,OPTION_A=CAND_001|OPTION_B=CAND_002|OPTION_C=CAND_003,0,formal_policy_hard_gate,0,0,,,True,E34_LONG_TERM_CARE_EXTENSION,24,1,DETERMINISTIC_SELECT,False,CAND_003,24,True
test,E34,CROSS_SENTENCE_SCOPE,5,20260824,OPTION_DESCRIPTION,SELECTED,OPTION_C,CAND_003,24,根据文档DOC_E34_TERMS，投保记录显示选择了长期照护附加责任（第五条），核保确认未选择费用垫付责任（第六条）。依据第三条例外规则，选择长期照护附加责任时保险期限调整为24个月。第四条例外限制指出该调整不适用于同时选择费用垫付责任的方案，本案不满足此条件。第七条要求综合读取附加责任选择和否定确认，故适用OPTION_C的24个月。,OPTION_A=CAND_001|OPTION_B=CAND_002|OPTION_C=CAND_003,5461,json_schema,969,119,stop,"{
  ""abstain"": false,
  ""option_id"": ""OPTION_C"",
  ""reason"": ""根据文档DOC_E34_TERMS，投保记录显示选择了长期照护附加责任（第五条），核保确认未选择费用垫付责任（第六条）。依据第三条例外规则，选择长期照护附加责任时保险期限调整为24个月。第四条例外限制指出该调整不适用于同时选择费用垫付责任的方案，本案不满足此条件。第七条要求综合读取附加责任选择和否定确认，故适用OPTION_C的24个月。""
}",,,,,,True,CAND_003,24,True
test,E35,CROSS_SENTENCE_SCOPE,5,20260824,DIRECT_FREE,SELECTED,OPTION_C,CAND_001,18,根据文档DOC_E35_TERMS，被保险人选择癌症门诊扩展责任（第三条），未选择境外就医责任（第七条），且年龄58周岁不超过60周岁限制（第五条）。适用一般规则下的例外调整：基础12个月 + 癌症门诊延长6个月 = 18个月。,OPTION_A=CAND_003|OPTION_B=CAND_002|OPTION_C=CAND_001,4488,json_schema,703,93,stop,"{
  ""abstain"": false,
  ""value"": ""18"",
  ""reason"": ""根据文档DOC_E35_TERMS，被保险人选择癌症门诊扩展责任（第三条），未选择境外就医责任（第七条），且年龄58周岁不超过60周岁限制（第五条）。适用一般规则下的例外调整：基础12个月 + 癌症门诊延长6个月 = 18个月。""
}",,,,,,True,CAND_001,18,True
test,E35,CROSS_SENTENCE_SCOPE,5,20260824,VALUE_ENUM,SELECTED,OPTION_C,CAND_001,18,DOC_E35_TERMS 生效日期为 2026-08-01，满足时间要求；被保险人年龄 58 周岁（<=60），满足第五条例外规则适用条件；勾选癌症门诊扩展责任且未选境外就医责任，满足第三条一般规则及第四条组合规则前提，故取第三条规定的 18 个月。,OPTION_A=CAND_003|OPTION_B=CAND_002|OPTION_C=CAND_001,4826,json_schema,707,107,stop,"{
  ""abstain"": false,
  ""value"": ""18"",
  ""reason"": ""DOC_E35_TERMS 生效日期为 2026-08-01，满足时间要求；被保险人年龄 58 周岁（<=60），满足第五条例外规则适用条件；勾选癌症门诊扩展责任且未选境外就医责任，满足第三条一般规则及第四条组合规则前提，故取第三条规定的 18 个月。""
}",,,,,,True,CAND_001,18,True
test,E35,CROSS_SENTENCE_SCOPE,5,20260824,OPTION_VALUE_ONLY,SELECTED,OPTION_C,CAND_001,18,根据文档DOC_E35_TERMS，第三条规定选择癌症门诊扩展责任时保险期限为18个月；第五条规定该延长期限仅在被保险人年龄不超过60周岁时适用。案件上下文中被保险人58周岁且未选择境外就医责任（不触发第四条24个月规则），满足第三条和第五条条件，故适用18个月。,OPTION_A=CAND_003|OPTION_B=CAND_002|OPTION_C=CAND_001,5108,json_schema,799,104,stop,"{
  ""abstain"": false,
  ""option_id"": ""OPTION_C"",
  ""reason"": ""根据文档DOC_E35_TERMS，第三条规定选择癌症门诊扩展责任时保险期限为18个月；第五条规定该延长期限仅在被保险人年龄不超过60周岁时适用。案件上下文中被保险人58周岁且未选择境外就医责任（不触发第四条24个月规则），满足第三条和第五条条件，故适用18个月。""
}",,,,,,True,CAND_001,18,True
test,E35,CROSS_SENTENCE_SCOPE,5,20260824,OPTION_FORMAL_OPERATION,SELECTED,OPTION_C,CAND_001,18,根据文档DOC_E35_TERMS：1. 被保险人勾选癌症门诊扩展责任（满足第三条），基础期限调整为18个月；2. 未选择境外就医责任（不满足第四条组合规则）；3. 被保险人年龄58周岁，不超过60周岁（满足第五条延长期限适用条件）。综合判定保险期限为18个月。,OPTION_A=CAND_003|OPTION_B=CAND_002|OPTION_C=CAND_001,5251,json_schema,1275,105,stop,"{
  ""abstain"": false,
  ""option_id"": ""OPTION_C"",
  ""reason"": ""根据文档DOC_E35_TERMS：1. 被保险人勾选癌症门诊扩展责任（满足第三条），基础期限调整为18个月；2. 未选择境外就医责任（不满足第四条组合规则）；3. 被保险人年龄58周岁，不超过60周岁（满足第五条延长期限适用条件）。综合判定保险期限为18个月。""
}",,,,,,True,CAND_001,18,True
test,E35,CROSS_SENTENCE_SCOPE,5,20260824,OPTION_FORMAL_POLICY,SELECTED,OPTION_C,CAND_001,18,根据文档DOC_E35_TERMS及formal_policy：事实为选择癌症门诊扩展责任(cancer_outpatient_extension_selected=true)、未选择境外就医(overseas_medical_selected=false)、年龄58周岁(insured_age=58)。规则E35_CANCER_OUTPATIENT_EXP,OPTION_A=CAND_003|OPTION_B=CAND_002|OPTION_C=CAND_001,5198,json_schema,1857,94,stop,"{
  ""abstain"": false,
  ""option_id"": ""OPTION_C"",
  ""reason"": ""根据文档DOC_E35_TERMS及formal_policy：事实为选择癌症门诊扩展责任(cancer_outpatient_extension_selected=true)、未选择境外就医(overseas_medical_selected=false)、年龄58周岁(insured_age=58)。规则E35_CANCER_OUTPATIENT_EXP""
}",,,,,,True,CAND_001,18,True
test,E35,CROSS_SENTENCE_SCOPE,5,20260824,OPTION_FORMAL_POLICY_HARD_GATE,SELECTED,OPTION_C,CAND_001,18,硬门禁：规则E35_CANCER_OUTPATIENT_EXTENSION唯一允许值=['18']，唯一存活候选直接选择,OPTION_A=CAND_003|OPTION_B=CAND_002|OPTION_C=CAND_001,0,formal_policy_hard_gate,0,0,,,True,E35_CANCER_OUTPATIENT_EXTENSION,18,1,DETERMINISTIC_SELECT,False,CAND_001,18,True
test,E35,CROSS_SENTENCE_SCOPE,5,20260824,OPTION_DESCRIPTION,SELECTED,OPTION_C,CAND_001,18,依据文档DOC_E35_TERMS：1) 被保险人年龄58周岁（<=60），满足第五条延长期限适用条件；2) 选择癌症门诊扩展责任，触发第三条将期限调整为18个月；3) 未选择境外就医责任，不触发第四条组合规则。综上，保险期限应为18个月。,OPTION_A=CAND_003|OPTION_B=CAND_002|OPTION_C=CAND_001,4887,json_schema,1001,102,stop,"{
  ""abstain"": false,
  ""option_id"": ""OPTION_C"",
  ""reason"": ""依据文档DOC_E35_TERMS：1) 被保险人年龄58周岁（<=60），满足第五条延长期限适用条件；2) 选择癌症门诊扩展责任，触发第三条将期限调整为18个月；3) 未选择境外就医责任，不触发第四条组合规则。综上，保险期限应为18个月。""
}",,,,,,True,CAND_001,18,True
test,E36,CROSS_SENTENCE_SCOPE,5,20260824,DIRECT_FREE,SELECTED,OPTION_A,CAND_002,18,根据DOC_E36_TERMS第五条，慢病管理已在承保前取消；第六条规定被取消的附加责任不参与计算。因此仅按第二条远程问诊责任（18个月）执行。,OPTION_A=CAND_002|OPTION_B=CAND_001|OPTION_C=CAND_003,3709,json_schema,663,71,stop,"{
  ""abstain"": false,
  ""value"": ""18"",
  ""reason"": ""根据DOC_E36_TERMS第五条，慢病管理已在承保前取消；第六条规定被取消的附加责任不参与计算。因此仅按第二条远程问诊责任（18个月）执行。""
}",,,,,,True,CAND_002,18,True
test,E36,CROSS_SENTENCE_SCOPE,5,20260824,VALUE_ENUM,SELECTED,OPTION_A,CAND_002,18,根据DOC_E36_TERMS第五条和第六条，慢病管理附加责任已在承保前取消，不参与期限计算；远程问诊附加责任有效且未取消。依据第二条，选择远程问诊附加责任时保险期限为18个月。,OPTION_A=CAND_002|OPTION_B=CAND_001|OPTION_C=CAND_003,3887,json_schema,667,79,stop,"{
  ""abstain"": false,
  ""value"": ""18"",
  ""reason"": ""根据DOC_E36_TERMS第五条和第六条，慢病管理附加责任已在承保前取消，不参与期限计算；远程问诊附加责任有效且未取消。依据第二条，选择远程问诊附加责任时保险期限为18个月。""
}",,,,,,True,CAND_002,18,True
test,E36,CROSS_SENTENCE_SCOPE,5,20260824,OPTION_VALUE_ONLY,SELECTED,OPTION_A,CAND_002,18,依据DOC_E36_TERMS第五条，慢病管理已在承保前取消，第六条规定被取消的附加责任不参与计算；第四条确认远程问诊有效。根据第二条，选择远程问诊时期限为18个月。,OPTION_A=CAND_002|OPTION_B=CAND_001|OPTION_C=CAND_003,3953,json_schema,759,75,stop,"{
  ""abstain"": false,
  ""option_id"": ""OPTION_A"",
  ""reason"": ""依据DOC_E36_TERMS第五条，慢病管理已在承保前取消，第六条规定被取消的附加责任不参与计算；第四条确认远程问诊有效。根据第二条，选择远程问诊时期限为18个月。""
}",,,,,,True,CAND_002,18,True
test,E36,CROSS_SENTENCE_SCOPE,5,20260824,OPTION_FORMAL_OPERATION,SELECTED,OPTION_A,CAND_002,18,文档DOC_E36_TERMS第五条确认慢病管理附加责任已在承保前取消，第六条规定被取消的附加责任不参与计算。投保申请勾选了远程问诊附加责任且该责任有效（第五条），根据第二条，选择远程问诊附加责任时保险期限调整为18个月。因此应执行OPTION_A将值替换为18。,OPTION_A=CAND_002|OPTION_B=CAND_001|OPTION_C=CAND_003,5262,json_schema,1235,103,stop,"{
  ""abstain"": false,
  ""option_id"": ""OPTION_A"",
  ""reason"": ""文档DOC_E36_TERMS第五条确认慢病管理附加责任已在承保前取消，第六条规定被取消的附加责任不参与计算。投保申请勾选了远程问诊附加责任且该责任有效（第五条），根据第二条，选择远程问诊附加责任时保险期限调整为18个月。因此应执行OPTION_A将值替换为18。""
}",,,,,,True,CAND_002,18,True
test,E36,CROSS_SENTENCE_SCOPE,5,20260824,OPTION_FORMAL_POLICY,SELECTED,OPTION_A,CAND_002,18,根据formal_policy规则优先级：E36_CHRONIC_MANAGEMENT_ACTIVE要求chronic_management_cancelled_before_underwriting为false，但本案事实为true，故不匹配。E36_TELEMEDICINE_ACTIVE仅要求telemedicine_addon_selected为真（本,OPTION_A=CAND_002|OPTION_B=CAND_001|OPTION_C=CAND_003,4947,json_schema,1593,89,stop,"{
  ""abstain"": false,
  ""option_id"": ""OPTION_A"",
  ""reason"": ""根据formal_policy规则优先级：E36_CHRONIC_MANAGEMENT_ACTIVE要求chronic_management_cancelled_before_underwriting为false，但本案事实为true，故不匹配。E36_TELEMEDICINE_ACTIVE仅要求telemedicine_addon_selected为真（本""
}",,,,,,True,CAND_002,18,True
test,E36,CROSS_SENTENCE_SCOPE,5,20260824,OPTION_FORMAL_POLICY_HARD_GATE,SELECTED,OPTION_A,CAND_002,18,硬门禁：规则E36_TELEMEDICINE_ACTIVE唯一允许值=['18']，唯一存活候选直接选择,OPTION_A=CAND_002|OPTION_B=CAND_001|OPTION_C=CAND_003,0,formal_policy_hard_gate,0,0,,,True,E36_TELEMEDICINE_ACTIVE,18,1,DETERMINISTIC_SELECT,False,CAND_002,18,True
test,E36,CROSS_SENTENCE_SCOPE,5,20260824,OPTION_DESCRIPTION,SELECTED,OPTION_A,CAND_002,18,根据文档DOC_E36_TERMS第五条，慢病管理附加责任已在承保前取消；第六条规定被取消的附加责任不参与计算。因此排除OPTION_C（24个月）。第四条确认投保申请勾选了远程问诊附加责任且第五条确认其有效。第二条规定选择远程问诊时期限调整为18个月。基础期限为12个月（OPTION_B），但因选择了有效的远程问诊附加责任，适用调整后的18个月。,OPTION_A=CAND_002|OPTION_B=CAND_001|OPTION_C=CAND_003,5484,json_schema,963,121,stop,"{
  ""abstain"": false,
  ""option_id"": ""OPTION_A"",
  ""reason"": ""根据文档DOC_E36_TERMS第五条，慢病管理附加责任已在承保前取消；第六条规定被取消的附加责任不参与计算。因此排除OPTION_C（24个月）。第四条确认投保申请勾选了远程问诊附加责任且第五条确认其有效。第二条规定选择远程问诊时期限调整为18个月。基础期限为12个月（OPTION_B），但因选择了有效的远程问诊附加责任，适用调整后的18个月。""
}",,,,,,True,CAND_002,18,True
test,E37,CROSS_SENTENCE_SCOPE,5,20260824,DIRECT_FREE,ABSTAIN,,,,文档 DOC_E37_TERMS 明确声明正文不列示月数，映射由候选修复表维护。当前输入未提供候选修复表或具体代码到月数的映射数据，无法依据给定文档确定产品 A 本次方案的保险期限月数。,OPTION_A=CAND_001|OPTION_B=CAND_002|OPTION_C=CAND_003,4000,json_schema,603,82,stop,"{
  ""abstain"": true,
  ""value"": """",
  ""reason"": ""文档 DOC_E37_TERMS 明确声明正文不列示月数，映射由候选修复表维护。当前输入未提供候选修复表或具体代码到月数的映射数据，无法依据给定文档确定产品 A 本次方案的保险期限月数。""
}",,,,,,True,CAND_002,18,False
test,E37,CROSS_SENTENCE_SCOPE,5,20260824,VALUE_ENUM,ABSTAIN,,,,文档 DOC_E37_TERMS 仅声明规则代码 DURATION-CODE-REMOTE 对应月数的映射由候选修复表维护，正文未直接列示该代码对应的具体月数数值。依据指令‘证据不足则 ABSTAIN'及禁止外部常识原则，无法从给定文档中确定产品 A 本次方案的保险期限月数。,OPTION_A=CAND_001|OPTION_B=CAND_002|OPTION_C=CAND_003,4721,json_schema,607,104,stop,"{
  ""abstain"": true,
  ""value"": ""ABSTAIN"",
  ""reason"": ""文档 DOC_E37_TERMS 仅声明规则代码 DURATION-CODE-REMOTE 对应月数的映射由候选修复表维护，正文未直接列示该代码对应的具体月数数值。依据指令‘证据不足则 ABSTAIN'及禁止外部常识原则，无法从给定文档中确定产品 A 本次方案的保险期限月数。""
}",,,,,,True,CAND_002,18,False
test,E37,CROSS_SENTENCE_SCOPE,5,20260824,OPTION_VALUE_ONLY,SELECTED,OPTION_A,CAND_001,12,文档DOC_E37_TERMS生效时间2026-08-20早于或等于案件上下文隐含的当前时间（基于发布日期），且文件类型为核保代码记录，权威性最高。文中明确规则引擎输出DURATION-CODE-REMOTE，该代码对应保留远程问诊附加责任的情形。根据第三条执行口径，月数由候选修复表维护，结合选项列表，OPTION_A (12) 为符合逻辑的映射结果（假设1,OPTION_A=CAND_001|OPTION_B=CAND_002|OPTION_C=CAND_003,5905,json_schema,699,129,stop,"{
  ""abstain"": false,
  ""option_id"": ""OPTION_A"",
  ""reason"": ""文档DOC_E37_TERMS生效时间2026-08-20早于或等于案件上下文隐含的当前时间（基于发布日期），且文件类型为核保代码记录，权威性最高。文中明确规则引擎输出DURATION-CODE-REMOTE，该代码对应保留远程问诊附加责任的情形。根据第三条执行口径，月数由候选修复表维护，结合选项列表，OPTION_A (12) 为符合逻辑的映射结果（假设1""
}",,,,,,True,CAND_002,18,False
test,E37,CROSS_SENTENCE_SCOPE,5,20260824,OPTION_FORMAL_OPERATION,SELECTED,OPTION_A,CAND_001,12,"文档 DOC_E37_TERMS 明确指示规则引擎输出 DURATION-CODE-REMOTE，且慢病管理附加责任已取消（非 CHRONIC 情形），故排除 DURATION-CODE-CHRONIC。选项 A、B、C 的 new_value (12, 18, 24) 均在允许范围 [1, 120] 内。由于文档正文未提供从代码到具体月数的映射表，仅凭现有",OPTION_A=CAND_001|OPTION_B=CAND_002|OPTION_C=CAND_003,6335,json_schema,1175,132,stop,"{
  ""abstain"": false,
  ""option_id"": ""OPTION_A"",
  ""reason"": ""文档 DOC_E37_TERMS 明确指示规则引擎输出 DURATION-CODE-REMOTE，且慢病管理附加责任已取消（非 CHRONIC 情形），故排除 DURATION-CODE-CHRONIC。选项 A、B、C 的 new_value (12, 18, 24) 均在允许范围 [1, 120] 内。由于文档正文未提供从代码到具体月数的映射表，仅凭现有""
  }",,,,,,True,CAND_002,18,False
test,E37,CROSS_SENTENCE_SCOPE,5,20260824,OPTION_FORMAL_POLICY,SELECTED,OPTION_B,CAND_002,18,根据formal_policy事实，duration_code为DURATION-CODE-REMOTE且remote_consultation_active为true。规则E37_DURATION_REMOTE（优先级200）匹配该条件，其allowed_values为[,OPTION_A=CAND_001|OPTION_B=CAND_002|OPTION_C=CAND_003,4275,json_schema,1562,75,stop,"{
  ""abstain"": false,
  ""option_id"": ""OPTION_B"",
  ""reason"": ""根据formal_policy事实，duration_code为DURATION-CODE-REMOTE且remote_consultation_active为true。规则E37_DURATION_REMOTE（优先级200）匹配该条件，其allowed_values为["" }",,,,,,True,CAND_002,18,True
test,E37,CROSS_SENTENCE_SCOPE,5,20260824,OPTION_FORMAL_POLICY_HARD_GATE,SELECTED,OPTION_B,CAND_002,18,硬门禁：规则E37_DURATION_REMOTE唯一允许值=['18']，唯一存活候选直接选择,OPTION_A=CAND_001|OPTION_B=CAND_002|OPTION_C=CAND_003,0,formal_policy_hard_gate,0,0,,,True,E37_DURATION_REMOTE,18,1,DETERMINISTIC_SELECT,False,CAND_002,18,True
test,E37,CROSS_SENTENCE_SCOPE,5,20260824,OPTION_DESCRIPTION,SELECTED,OPTION_B,CAND_002,18,文档DOC_E37_TERMS第二条明确判定：规则引擎输出DURATION-CODE-REMOTE，且DURATION-CODE-CHRONIC仅适用于慢病管理附加责任有效的情形（本案已取消），DURATION-CODE-BASE仅适用于无有效附加责任情形（本案保留远程问诊）。因此必须采用DURATION-CODE-REMOTE映射，对应OPTION_B。,OPTION_A=CAND_001|OPTION_B=CAND_002|OPTION_C=CAND_003,5106,json_schema,915,109,stop,"{
  ""abstain"": false,
  ""option_id"": ""OPTION_B"",
  ""reason"": ""文档DOC_E37_TERMS第二条明确判定：规则引擎输出DURATION-CODE-REMOTE，且DURATION-CODE-CHRONIC仅适用于慢病管理附加责任有效的情形（本案已取消），DURATION-CODE-BASE仅适用于无有效附加责任情形（本案保留远程问诊）。因此必须采用DURATION-CODE-REMOTE映射，对应OPTION_B。""
}",,,,,,True,CAND_002,18,True
