role,event_id,privacy,path,sha256,bytes,mtime_utc,row_index
oracle_row,EXT_E001,private,,042c14277ae503d9fabae31c80941f0f585cc3926b58eee2b51fa4657258794a,,,2
oracle_row,EXT_E002,private,,a0e5207c12324a91398133c7d0ab4d437f6642e3074a717797079c389631864f,,,3
oracle_row,EXT_E003,private,,d65e712f10446641c60e9d62f30d0c6dd7efd5445c67419622c3c0f843cf67a2,,,4
oracle_row,EXT_E004,private,,e3cc0d8e2eb65ab42dfaaadda8fa7905c563bbc6c7929df573ae6ab78ca6adda,,,5
oracle_row,EXT_E005,private,,4336b03fd653d12003b7d2c94d6cfa13ada3099b5ee01f1666cb874fc3470209,,,6
oracle_row,EXT_E006,private,,14a85c42b7e6b82832ec2a88b9b9e4015772b89fa9c98e63381abf5f3ce84335,,,7
oracle_row,EXT_E007,private,,60dac02430d628741e723aa2d4a31f0cc875869a62cb95185ef029ed6400ec79,,,8
oracle_row,EXT_E008,private,,62ae35de8182932d8febf629916aee7ec2acf1b23ed0c994798d5f1770289214,,,9
oracle_row,EXT_E009,private,,5ab6caf717b82f480278587e28498ee844832c73cff3f8409ce29e6f3a885689,,,10
oracle_row,EXT_E010,private,,1ab6e3b68be820f03cebc3cb58fa0eb723a4ee5801651782cac2048f14d81871,,,11
oracle_row,EXT_E011,private,,2a08442602c680ca8d2bb1be0a82645039d147f4a156a58ae1d5168786015d5b,,,12
oracle_row,EXT_E012,private,,254de1d5c8803919aff1d934b43907b3137e63fbd685d2ee7914f5e2c589e4b7,,,13
oracle_row,EXT_E013,private,,6251516227a5fd6f5fe264a5b18a84b4d5651d42272bb4ac4620384ecc2ec7db,,,14
oracle_row,EXT_E014,private,,415908655638f041a27fca05da53ef89c065a9de1d20eae5e5f6ba0647e9041a,,,15
oracle_row,EXT_E015,private,,2c86895311882b03c8c0cecd925ecc0d208fef19492e6a10382332da4618ba0e,,,16
oracle_row,EXT_E016,private,,c24c4f5eb46bcd564cc94a30c12a96484e8d127f3340c8aee73b4842348c22e6,,,17
oracle_row,EXT_E017,private,,f07b723d8690996008bb479ff1588a87fd57496f7bd8649235158b95fe23b8c7,,,18
oracle_row,EXT_E018,private,,128e3bbc9307d32d7f1e65abc603de5c48aa8266e2d527daa68a0a007ca250e8,,,19
oracle_row,EXT_E019,private,,dd8f60bbed39acc299ba80a0a8dcc8bdfe8029b76671f4e675b9a37fc64df7b1,,,20
oracle_row,EXT_E020,private,,1e98dc85e64c9ee48a9477d08c676bdb39097972bab89ffce9f5a7000439e7fd,,,21
oracle_row,EXT_E021,private,,5bfc85fe717869631c5ec2dc7cc54f985acf4f0647b9ea38784f852ca4b11a1f,,,22
oracle_row,EXT_E022,private,,b2c00e49c0e17bcfc7682a12027009125e6f5c1edb1f04e9d463a2c9ad04bdd7,,,23
oracle_row,EXT_E023,private,,9fde81fdc3320915055a234f0b70d1ace6bda59fea687160e60c13292fa1944c,,,24
oracle_row,EXT_E024,private,,b8d6d76744ac3451f2a64c26e47a0711718e3a632e31cf744790c6a13c24c1bc,,,25
oracle_row,EXT_E025,private,,0fd7bfd1b0504b315b55eb9027f9afa6e2ec95b9009ba20d839890531764d5a9,,,26
oracle_row,EXT_E026,private,,f6c904ea87a33ec7e60d8c7ce6a2789f22f7916db61ddc6623928bc16d207a22,,,27
oracle_row,EXT_E027,private,,f324320dd62dce32147ad5d45cd0a37e781eab73694ecf0f40bbe1232609b91d,,,28
oracle_row,EXT_E028,private,,d6f94878ecbfc1fa414b7570f7f4de4a052c1cd531da7d24cd639403c2e15f00,,,29
oracle_row,EXT_E029,private,,87571568270eee64cfe1bd25094b5e1e98d26e4da38a10694964ac7271ab1288,,,30
oracle_row,EXT_E030,private,,02773909c096b2aaf09db6185d64cc5599e649777c35bc115a7c8c06e045bfbb,,,31
oracle_row,EXT_E031,private,,89f9db4749694728d5998388ac75cfd3d07c0320b0ffe7a86e5672f0b54a9d83,,,32
oracle_row,EXT_E032,private,,d04143747fea936a17a983ccc1426f92c24d31e14ed1fe6caf004eddae850c94,,,33
oracle_row,EXT_E033,private,,7db8bc513a7a745ba165e9b966d3a5756b5fe29a61274a17d5c9b14a23bfcc38,,,34
oracle_row,EXT_E034,private,,a15e254e65bd46f9f3d52a9696efcb4392f220102526d98923fce1d7d6e8dbec,,,35
oracle_row,EXT_E035,private,,83987802c9ce0b872d83ec31b53967cbb52755b158352b090bc61a751b86530a,,,36
oracle_row,EXT_E036,private,,cc58df7989a111c21ab75a08eb736f1db9028133765d87d4f23eaa4482a7896d,,,37
oracle_row,EXT_E037,private,,ab4a5db20786834353fbd3057f98dfcd41ead72cfa94a3c195cc6ded27fa50ef,,,38
oracle_row,EXT_E038,private,,4d8f818fbad889a748805d44f7ff935ca300c49b7e64eb81103c2bbdec18eca4,,,39
oracle_row,EXT_E039,private,,f8e1daf2675b7dce9236060ab66c6b574b9193c699490a20b178a9f1ea08a106,,,40
oracle_row,EXT_E040,private,,052a1a11af582fe02ec872f5ed0729bf0b6fa59299cede7ff9d7925ffc41aeca,,,41
oracle_row,EXT_E041,private,,1212e86df7d5cb1e4d9d2b4c3cf336d9a0759b2df1d1208cf631774ba5a49c04,,,42
oracle_row,EXT_E042,private,,5234c8a82f6b20f91a6a8e7989a14ed7190d52781e06a27c0bd284d3b3b91e2a,,,43
oracle_row,EXT_E043,private,,05755d88364cb33629172ab1255258cb1107b3145b0b13087cb64fba67cd5b29,,,44
oracle_row,EXT_E044,private,,cedabe3015ef09f239ba4e2a21acd3bc0191a4322ac6898c2cc744c8255e4fba,,,45
oracle_row,EXT_E045,private,,0c2b0f2d57b62e6972d72279f27c6cef32ee76553aecfea95d226d3fdc0c3579,,,46
oracle_row,EXT_E046,private,,a0e55edc506970513d581291fc6fa8c06f63f7176e9fbe45bb3187f6bf6074a9,,,47
oracle_row,EXT_E047,private,,81ec405b24a57ea8caf3cc33af5c4fda5cbf6b14f155a694ed68fe4a92aa7c29,,,48
oracle_row,EXT_E048,private,,20f96ab98c35d20f81f50c49e43871db6f5b8384e7496f0c192cb6eea7efc86c,,,49
oracle_row,EXT_E050,private,,569510d27eb80b95ed23d8b6e57dce334d04c3f88d7aba382c6f79ffb26187bc,,,50
oracle_row,EXT_E051,private,,4326e186aab48b1ef0dfdb8babfbe3674fad887fd150f196252107a7d7d2187c,,,51
oracle_row,EXT_E052,private,,00b2fdcd80c0f8557baa1c7c75bab278f9d1b39a4b54557fc28152f3598c3446,,,52
oracle_row,EXT_E053,private,,4be1e1cad9c2f9d128e4724f2c5a7a97c626cac5a64d04e534f56945c18776a8,,,53
oracle_row,EXT_E054,private,,b8c91ef838929eb38a814f768fab5712ca726b5ef2ea736f0ef95ebf830f404c,,,54
oracle_row,EXT_E055,private,,7a429dfd780d3ea7a9635621016bd211f217961c2ebf9d1231a8d2884a833a21,,,55
oracle_row,EXT_E057,private,,633eb7229e3d0825578a46eb34c50cdf794dc84daf734a48f83746c895db6c29,,,56
oracle_row,EXT_E058,private,,8b21a433f0a9b75de05aed22d9f48448fab4fface3279cd7710c07de899154e0,,,57
oracle_row,EXT_E059,private,,7e6abe74b2835d630782b1fcf04c3ac0f7b555c4c6cb72169664e063664c47be,,,58
oracle_row,EXT_E060,private,,3cc653df29a5e6f11efb8161feec7c99ac49e16093d924363592fbff4723bb89,,,59
oracle_row,EXT_E061,private,,4d653932e99cc17a7510d82d5a873482c3ff59dca32385c54c26a1c4c3886654,,,60
oracle_row,EXT_E062,private,,de34d9b6be901bce9b5169662d6aada2891e90009b8d3c05a915491bbe6cd5e4,,,61
oracle_row,EXT_E063,private,,94093276aff5dcb6d00d0472563b6ec8a7aab1c3f96c546f22f7d6ea5d712439,,,62
oracle_row,EXT_E064,private,,6cf70fb638486afc7b27a70d0805767b26f6556d319761619a3cfb7a482bf6eb,,,63
oracle_row,EXT_E065,private,,b77f08ec22b3231f14b06fba30129bc2d2aa6f9a5f90b27d89cc7e390110413a,,,64
oracle_row,EXT_E066,private,,689b76097d414600c0ccc139fadb2c056e1545feed9bc1eb4d04018d21b62a27,,,65
oracle_row,EXT_E067,private,,70f679807ff1c7642460210d4b633dc520f4b934d94a602ef4708ba9bb2e701d,,,66
oracle_row,EXT_E068,private,,fbdf23fc831a3e2d57c9daca1134513f87a45b1843b2af41974dc96d96ac8654,,,67
oracle_row,EXT_E069,private,,8289a2ec7b5caf473cb2d72f37f74cf5d5d356e470224b55fb100fbd8e2018d2,,,68
oracle_row,EXT_E070,private,,53d3744f0a45574929876ed990791e45aedaa7fd0da7dbdb2edbeb475f3687f0,,,69
oracle_row,EXT_E071,private,,1c635994f5d3674ce7740f4423ea6c3223457c8516d1165c492122302fa56969,,,70
oracle_row,EXT_E072,private,,cb4e8359bd63fde4de6c34c9280387abedfaf3f965effd93ba00ec4451302956,,,71
oracle_row,EXT_E073,private,,30258a77ecda74d5fc095055b42f9301ffbd7f3c74e05fec782a9955834812e8,,,72
oracle_row,EXT_E074,private,,40ea792cfdec2fd78da2753abd3150fe67155e5c1a41dab02ca22c4c82a13cc1,,,73
oracle_row,EXT_E075,private,,5fccb4140a1b5e225f6b77369328c1e68a73745c0cae025b286e11b58db74f65,,,74
oracle_row,EXT_E076,private,,2bd2e7f1d322e81b534cbdf58bcc339b034512ca5f4478e242b80354533edec3,,,75
oracle_row,EXT_E077,private,,1a69e2cf23fb10bcf11b689a088c3cd8d585389f3dd8e88a14889851f9f46f26,,,76
oracle_row,EXT_E078,private,,45aa0187ccbf8822f07a39703acf60061469ac02fc1b3ff508586457dc5bb324,,,77
oracle_row,EXT_E079,private,,c90d8f48c12473a2d7f155fd7b06937ff03552c8d9c7dc24b1b630b3b1c3924f,,,78
oracle_row,EXT_E080,private,,540b775ed94a86c8cfddf5a2bc9009bc9c3f35d119693dac61dda57def8ad841,,,79
oracle_row,EXT_E081,private,,c2dae1296e82032e4f6949cdf969af4529d361bdbc3e57486e3c40a8c0c6721f,,,80
oracle_row,EXT_E082,private,,c7c694910db1622d455c53b79a8ec970feb48d154c451e713e0dd14bf0d43291,,,81
oracle_row,EXT_E083,private,,1c8c780dcecf088a301658d0985d078430b70e4cc27d74d7767e8d396559556b,,,82
oracle_row,EXT_E084,private,,b81fa2194620914c56651529273f035171e6ac78071eba79ab9b8d8eebece3ac,,,83
oracle_row,EXT_E085,private,,ee363a7335131f6d27fa5f5bb3401ff6b061c736e12c51cf4203a3116892a960,,,84
oracle_row,EXT_E086,private,,9e422242c16c8755106ba6787078018e5a840d619e66b96074b313309105674c,,,85
oracle_row,EXT_E087,private,,507414cb38cdda9341a2c5288a849c09cd892538543f6ba090fe7ab9747a0f31,,,86
oracle_row,EXT_E088,private,,b63e8e44f4a0156bc99d921209faafc77b3f250808519fa05c94f614d4ba4e7e,,,87
oracle_row,EXT_E089,private,,718bc2bad1c03f3b51dfd838e3a4bb8a474ee252d5d288794eec50cca2e1bee7,,,88
oracle_row,EXT_E090,private,,fa9930dc671fbcf4a28dfd4647f65a45eae649c0acb51a5b7b7c8dc977e31d72,,,89
oracle_row,EXT_E091,private,,176df5c81c7bc9480a2691c3d1f11983d6f495d32988e96dd87e04c5e6a4e0c9,,,90
oracle_row,EXT_E092,private,,c8ff1972eb1b57c258326199902bf91a3db281223e6379dc8777a5af465ebdf1,,,91
oracle_row,EXT_E093,private,,384360c81def6220cd1a2b845787f5a40491a42013397467b991ce25c7ea2619,,,92
oracle_row,EXT_E094,private,,a9139bdea9181601e0dc4c7f2d85fbd254b3fd82c446633390ffe1a5c0c74cc9,,,93
oracle_row,EXT_E095,private,,feec2ac9908a6242658b06e9b4cd5c01c8db1dc16ad002d337e970502c3a341c,,,94
oracle_row,EXT_E096,private,,fb2d28f0bc7d758740b0e5284641677f1395b8a3da51087e14a7b0d7f15276cf,,,95
oracle_row,EXT_E097,private,,8ce36de50871131dd3ab0e39be01f9ae0d47bf05bd9db0050b38765e4d38d03d,,,96
oracle_row,EXT_E098,private,,25d32a2829feb7be3c6a3e57f82bd581b16318f971267b62fb0c89edca509701,,,97
oracle_row,EXT_E099,private,,28301a0073eb48e7e11c910b177c33d290b1384f9841f45124fb1e76de23e0e0,,,98
oracle_row,EXT_E100,private,,e73a72e47ce5b7739317922b44faf1cdadc46221ec35ee04fa4b21bb871a5c7b,,,99
oracle_row,EXT_E101,private,,0a7c4d4701110fc647b8c03ffcb09763cb0fc24fe646d31f093e910f856322d2,,,100
oracle_row,EXT_E102,private,,2a01abfe1b49af488850f8ead628010c87128708be8fef22d7b9a38f71ef4d7e,,,101
oracle_row,EXT_E103,private,,64ac64c0a0c375879cdabac62180ee7ce28b7aa1e90cef253e1abd1156c1dba3,,,102
oracle_row,EXT_E104,private,,f5fbfa12ebe2e68f79bb47b359a7a19a92f1082ae77aed0ab93c73fad851319d,,,103
oracle_row,EXT_E105,private,,bd2678ad7608a45a8a9bed2689936dd55a564c08082bbe9b2f23908056a30f00,,,104
oracle_row,EXT_E106,private,,561e9296f362a9808167629ea09365d4c85861964c6ebfd5139d8f50a0ed36ee,,,105
oracle_row,EXT_E107,private,,d44f6d03a5938abc757050cde4a52cf3fe9680122bbf09b4821f1e645642651b,,,106
oracle_row,EXT_E108,private,,d185e20f0be34b51bc422315eba572a95e7b5667a6bae8252ee53466385cedb4,,,107
oracle_row,EXT_E109,private,,bfd4a2d354601478e2741d3cf6d6f1c2203b0e126d76ca951a832974f2797a6c,,,108
oracle_row,EXT_E110,private,,80c187a00dadd972823f6a9c25938157c30d5ff8cf3de132bba5c0d1a0293405,,,109
oracle_row,EXT_E111,private,,3bfb16aea708298cdca25c18111a936c7fe6c17a0ab000e3c6be02702e5b7eb7,,,110
oracle_row,EXT_E112,private,,b89ee276daa20b09541bef99a82fc32c70af21bc063ccd4630f49f856975ebe9,,,111
oracle_row,EXT_E113,private,,3a83c0585ccd3fd1c4c9a520bd45b3607d46f9fb61dab8541e903aef17889d8b,,,112
oracle_row,EXT_E114,private,,71d3fc0fd37ed0cf4b95096dd7f90bd28c6e90bd9c283e82c4e4bc820acd2bdb,,,113
oracle_row,EXT_E115,private,,660c189817b066a2466da8324f1a756a25153b98ccdd3830f5ca93fa7f998d6a,,,114
oracle_row,EXT_E116,private,,a2b69946f34f08ae94ae75e08aec976083f3c0532722f0f994772561f5462b8d,,,115
oracle_row,EXT_E117,private,,6d618d339de3f141f6c925a8987f573e5a51519040efd3e5a0697c936c2c3eab,,,116
oracle_row,EXT_E118,private,,31669c09687201474c69ce7d524e48232257ac66ba922536113850e1731f7bda,,,117
oracle_row,EXT_E119,private,,d1ea44fc4698a9af660b3d65f4be095fe7eba4f2eaea6d52513ab1db68fd9086,,,118
oracle_row,EXT_E120,private,,2e1d8b6039f7fcaa2630fbededd44fbfee3c9f0bad9e4b77640de52454ad2eeb,,,119
oracle_row,EXT_E121,private,,006541efa646226d0db8708624384c75590af35f2bf8ef1059de5707aa124189,,,120
oracle_row,EXT_E122,private,,7392149d2d619827ef522718b4209145d4647081db119170786af678349106f3,,,121
oracle_row,EXT_E123,private,,8cac9a7c9babae02c663532c01162bf67c623f9157fad5b60febf1d606e6e6bf,,,122
oracle_row,EXT_E124,private,,3cad595173b4553f90a4bdf70212fe282d458c9de62fef207671f436501a50a8,,,123
oracle_row,EXT_E125,private,,49b0bdb8fb1af01212bce86af19907ccfdb95069e9b892d10aa1305e3fd636a0,,,124
oracle_row,EXT_E126,private,,2589f98f026948a4fb7c7c98bc9988546eaa498eeca43c3c82013e47f55ea8f0,,,125
oracle_row,EXT_E127,private,,2726b60289561aa50cfe86c11862a7b80632503e7f101d3289d1d01f380b0df8,,,126
oracle_row,EXT_E128,private,,e0a9cffcb4fe882694672244b1dca9a87486bc21dcaf2ca7100fc6de36da195c,,,127
oracle_row,EXT_E129,private,,bbe3317602128605c8027bf86cb0f16b083c3bdac6d4dcc62125d5d46ef25112,,,128
oracle_row,EXT_E130,private,,378c5ce8fc3e7041cf8625eb776df1e01ecc00bdc33a28a0471bfc5cb4a98bab,,,129
oracle_row,EXT_E131,private,,1e5c5e6e55d7afca38b1814d85a1e3259fdc5965becde97afe79f176be3d6d17,,,130
oracle_row,EXT_E132,private,,e9bf4a8cc0c2028aa37fd2d4747adfa3556492f7eb44faf2fb2cd624efbd6f6b,,,131
oracle_row,EXT_E133,private,,c4cf6979306a0d6cf9c10bc42ea1590c3212449ef95966b6e7754d3d6c0251da,,,132
oracle_row,EXT_E134,private,,6f5f29896f837bafc8925b8a79096d95b425bf63b11c1f0fee6d2fc9b40ad0b3,,,133
oracle_row,EXT_E136,private,,8dd6d70f71bcbe5a7db44882253b14de41a9ef68eae741d56641090d71d6011e,,,134
oracle_row,EXT_E137,private,,41302da9af35a8636d828761c7a47c573a9c1f09d0637c1540634966eb9871ee,,,135
oracle_row,EXT_E139,private,,d82bffae49fbaa2228b472d9a0f3253ca8064a756edf1edaf0911768bd381629,,,136
oracle_row,EXT_E140,private,,4dba51c20613b46a7d614b5235da30cadac73c7982f733aac9e1993b6aeb5d13,,,137
oracle_row,EXT_E141,private,,b65bdac7f737737c21d2bc6903c712abb59127eddd83092bb611fae742aafb7d,,,138
oracle_row,EXT_E142,private,,68bb63698009ae1d330c2ae074f550983fed1bb5e0191bec04fea7ff8e8b1fa1,,,139
oracle_row,EXT_E144,private,,6bf106b44919769af5a89c6c2f9481e7c38844ffcbfa441c551db6c89cbee420,,,140
oracle_row,EXT_E145,private,,41f57c69b2f1689f06023a465eb4d33d2b23e111cae3fd30c0c1be67ba7d05a3,,,141
oracle_row,EXT_E146,private,,0bb0c1f386a0a2ae2bfb5be0104515fb252600ad1c20c2f5e78bbe8586f443ff,,,142
oracle_row,EXT_E147,private,,49b77cd6641e37fd1e41e55f2920e3350f87d4be94be7d5f2dc573e5a5dd9187,,,143
oracle_row,EXT_E148,private,,6e2860e673d2037c9914874850ac822c88f0862962f88cf70949ee79a0b89410,,,144
oracle_row,EXT_E149,private,,adffa6fb2e5590fafdf576fcce6268c46f81bb6731f3e18263a48171b6a7ade8,,,145
oracle_row,EXT_E153,private,,8c34dcb093f3f3cf62a59922cfddb34b4db6fc71639a71d4a5e47750e7c2f79d,,,146
oracle_row,EXT_E154,private,,0377db4e6e8a1be2d2aa30adb9050ad5c8fc1e96b2f1c30263b2794df3d6e550,,,147
oracle_row,EXT_E155,private,,4428cbc8c10aeb74ff023ee084263bbcec6ae3f39a76028f4d84cf36b7ca6369,,,148
oracle_row,EXT_E156,private,,d70f6ef85d0b10ad4592f3a1cbce0afb6f15b08f28947f398be8ef9c1136c04f,,,149
oracle_row,EXT_E157,private,,19ad3f13eaa3e50809e1a7300c92640ce438730c93cfb16d52c18c5a4dce0c5c,,,150
oracle_row,EXT_E160,private,,ef684fee9d84f0a47405aabec7a245a1aa5630e7d2564d33b70449d9860941d2,,,151
oracle_row,EXT_E161,private,,b56d79343ac3d92906db40785902c1873bcafb56b65a63683c46546468b5f14c,,,152
oracle_row,EXT_E162,private,,cd0c943b67f6b1f5f07cb849cdac535f0b510c6487104a87cea53764f5e909bc,,,153
oracle_row,EXT_E163,private,,34cd0d92774f6f582c27979f79179aaaf1e453b11b5aff48c0d7abf76210110e,,,154
oracle_row,EXT_E164,private,,da7808e300e5c023a3c56cf2e33dfffa3726b9e5c35f94237e23564436cbd3d7,,,155
oracle_row,EXT_E165,private,,5b05ea5339837c76f8791c2e0ff1ba6d3cced76881b912e82c0e854d75874199,,,156
oracle_row,EXT_E166,private,,3e6d9117409a873d4ccf7d0acb9db640dae0c21f3bee57560b6ea5b7e807d3ca,,,157
oracle_row,EXT_E167,private,,e70d1c9bd806895b797b0ff55197d97c59437a627b238d1e49a2baf15c7bff10,,,158
oracle_row,EXT_E168,private,,fc24d9b32b1e4012b8fe63ca6a3f203b8c909046b9b645c2b02968fc58f97167,,,159
oracle_row,EXT_E169,private,,303f8cebc55e14c27059b56f25577c5267ccdd1d53a3855edb47e0b37c7e4a6e,,,160
oracle_row,EXT_E170,private,,e0f1ef0573be0dcf89338f4639d67cfedaacd7952b0faf570b906ae097c7a0bb,,,161
oracle_row,EXT_E171,private,,b8c2952246b48190e374510c1e9fb627f555100d8a029ee1a313a8eb33a352b5,,,162
oracle_row,EXT_E172,private,,df771c0aea525f5562ba8da0b150356f4e26c159622bcd4cd82ad262a8f90d58,,,163
oracle_row,EXT_E173,private,,923421b5f9cccfa799025207c960df176dc7498a70e00c0286047634f555e1a4,,,164
oracle_row,EXT_E174,private,,4dcd0e81b81f931c4dc47ede953654e51f20155bfd4cfb1d772aa3dd1d318130,,,165
oracle_row,EXT_E175,private,,c903e19e243706c6fa5f1f4755072fca038b334225f5ab879c01647c73cf7214,,,166
oracle_row,EXT_E176,private,,cb5313382f9cf53de9ce19ea48e35cbf9dd6887702f99efcf5f1eff89cfe766e,,,167
oracle_row,EXT_E177,private,,2696cdad3e6866aaf4b641377f0205c615699cb74adf6ac2be50b5b650bdba82,,,168
oracle_row,EXT_E178,private,,b86a61b2ad410902a44590e519dea95f126e8d8c7c2e676432b97a673abc85c8,,,169
oracle_row,EXT_E179,private,,8fcec867f2f9f3da25c26a712e4bc9cf11552ce17de2806cb39fc0f813ca05ba,,,170
oracle_row,EXT_E180,private,,eeecfcac75c97518864105339642a60d026b4ae1b01bdadaf193e36a6fe13421,,,171
oracle_row,EXT_E181,private,,7a67466195a560f96281cfb447d214348f2a8c57cc1e4813299e1370c621f32a,,,172
oracle_row,EXT_E183,private,,60384fff7512854661b77f32096c9585c11b5b7bef4f71aca45477cf4bc54a9e,,,173
oracle_row,EXT_E184,private,,d919704e3a62bff2618f0175d49e6a9a7c36fef42be671f9a58e3951f0d93478,,,174
oracle_row,EXT_E185,private,,2c6f23627ce867c84a81eeb04465a5df54cef0246009ae5481d863eb6006aa54,,,175
oracle_row,EXT_E186,private,,225502c79164f5d6febcaa79b8257fa3e3a18eb269ab96593036617e47e85b3c,,,176
oracle_row,EXT_E187,private,,8eb2c70fe48cbf942f18203796a6fd3087d1e6cd3b9acfa4c9302dfdddbd9e63,,,177
oracle_row,EXT_E188,private,,d394faf4c385af3683e6cf38984ed9a32202314e82ca05c9407b09de10df9cfd,,,178
oracle_row,EXT_E189,private,,5b3670b7a3eb3aa7d9d6e3fa47a8e747a04badce1b142e7240c45aff73121bd2,,,179
oracle_row,EXT_E190,private,,88d4678f5ff0ad8ff08471f32dde87a0fc8653df62cd9782228623b6c33374c8,,,180
oracle_row,EXT_E191,private,,5ae564297162d7290235845ca62e9cd420de25f18a9eb981e3f0cd7c1206cdaf,,,181
oracle_row,EXT_E192,private,,eda6e646f989c4ac6f40d8ae66a463e71cf07fb29e207e37fdcd9a40e29b0ef9,,,182
oracle_row,EXT_E193,private,,54420ca2b19bc3351fbfeff8d74f7a818379c562635e82cd46cba00b7f472bc6,,,183
oracle_row,EXT_E195,private,,f9ec911d2609e1c41ecc2f6618447d02b6d56a6ff0063c997dae8b5f2d1f786c,,,184
oracle_row,EXT_E196,private,,a5486295042c7379dccec24e1eac61c9324427455c3a1b42de9ace59f24ddd26,,,185
oracle_row,EXT_E197,private,,39efe0e6e733a921468f13356a7f53c23e660d8c266abaa40afb96d323200ff1,,,186
oracle_row,EXT_E198,private,,dcb361a423202d22015cfc0c0849597d8db51301115899d81ea52cfcce25d985,,,187
oracle_row,EXT_E199,private,,319dfb2ab8c474c8522f9ba88419a5310722cb7fec14f38f51b89fc560458f2c,,,188
oracle_row,EXT_E200,private,,e93a2491cf2d168c58ef30917a05824ff4a152b456ea6063e6e25a3006ea5ff2,,,189
oracle_row,EXT_E201,private,,1f98e3e11f7b490ed73bd87221d9b9dec4f772eaaca6420d25a506bf719a17c4,,,190
oracle_row,EXT_E202,private,,b7f98d9d20f447b976d19babcaaeeeaed711f09161c7179b0ac78e5730024fdc,,,191
oracle_row,EXT_E203,private,,8730a013de2110f5b5407598c53d6c45b2ed62b9cece7607022f9390e9b50de1,,,192
oracle_row,EXT_E205,private,,3120f59442258d34596a15cd8ff2a84ddedb9f56e51c060ad1e94d997da7f1fc,,,193
oracle_row,EXT_E206,private,,ca6dd95210b3a453ca263decab3a6862b1f92b02bc16a67d841c820be06baa2a,,,194
oracle_row,EXT_E207,private,,9e5e9231510daab5554210bf1b2d7d951528d2214d66943813cdf282a0bfdc37,,,195
oracle_row,EXT_E208,private,,a1c898c67d393b5149e162fbfa70303b71b97f70271bdc2b13b31d95ff0a46fa,,,196
oracle_row,EXT_E209,private,,1e588d26509dbec3e66efcddf9972bc8803ed9766e65c8c3c94c767b1c66d49f,,,197
oracle_row,EXT_E210,private,,5b83484501e34420b1b42ba6571102c45e31f558be6a38774b68bcc7f5fb38da,,,198
oracle_row,EXT_E211,private,,343e2ae8e6e9ffb031955eca6b7f8af0e955def455c58923b92dac90c2c31646,,,199
oracle_row,EXT_E212,private,,8716a1e0f9a324cc2b83f45a70714c9a046f6a102c1ccebe029518bb1d0db70d,,,200
oracle_row,EXT_E213,private,,f997c1728a04a28c5a2403792dc1221424bc3bb587a34478cb497c28666a2847,,,201
private_file,,private,benchmark\external-real-v8-grounded\private\README.md,982dcc74b25afc96069db701418f8e99dc5723ef2f83790f87cd6f5f0fb62d8a,140,2026-08-27T14:29:40.653467+00:00,
private_file,,private,benchmark\external-real-v8-grounded\private\oracle\external-real-oracle-template.csv,c0ed483921c893f19f58c86801a81fca5efac6a9ded344b7f93fe85766fc17bc,97478,2026-08-27T14:29:40.413371+00:00,
benchmark_readme,,public,benchmark\external-real-v8-grounded\README.md,ae289917e8a95652ecaaa688e37d55cccf6e262b238b0756dc3438aee6b99d92,602,2026-08-27T14:01:07.296978+00:00,
collection_protocol,,public,benchmark\external-real-v8-grounded\protocol.md,bbd0f3a1fd88b68fcecab3d6fc944ee8a47892c0c506e682d23aad3a6e872690,640,2026-08-27T13:59:25.070091+00:00,
document_row,EXT_E001,public,,89933aade9946baa554817c602f20b3916bf010b692fd7716c9d3cac8b5e459e,,,2
document_row,EXT_E001,public,,1357d30a5a91d7aff9c45913a23ab9e4aeea3cd5c27965a5930f1b807090a8e8,,,3
document_row,EXT_E002,public,,065473080601d830d4e43456144756f107d47bd9bda95e60bb774d19fa76079a,,,4
document_row,EXT_E002,public,,af397e50e4c21255df6f300c4fec89ac068dc820fbcf7e24e1c076657e27512a,,,5
document_row,EXT_E003,public,,a0f68379e5b0c9ad5356f8ec6c678d5898c70013f1f4425160684407f48ad46f,,,6
document_row,EXT_E003,public,,a1fecf46e712b8d08bc22a8fc41b3837e7de632c4a7e749dd5341291662b24da,,,7
document_row,EXT_E004,public,,52c522fea17f343d5aaef04ad10cff46db7121fb430efc5aa8d6d5640a7bc438,,,8
document_row,EXT_E004,public,,f1ad64ae6bb8075cd3c1e979554f65c163ae04bd5015e748385ed4913f48f91b,,,9
document_row,EXT_E005,public,,eaae2602c5d67787c4ce0cc9cfb8d966a287a624cfe55bab4feaaf8f46043e60,,,10
document_row,EXT_E005,public,,0b680a64ca9eff4acc86a9521e9190cf15f09490d7d05a0372f17e6c0962b6cc,,,11
document_row,EXT_E006,public,,6aebf4d8dbddbeaeb2547d0191f32b021bb38b88ed97ea7d6b8246f502312457,,,12
document_row,EXT_E006,public,,901a642f24946128d7c77a092614cbfe23a4ef6a2bc992935afd3479b1713673,,,13
document_row,EXT_E007,public,,ec83b624add63a928f8c6476719bd06433b990e81379064fd39d8737aec9c7f5,,,14
document_row,EXT_E007,public,,6b59001d9ced3afca4d1362315dc608f037c933287964870858ed1d3d95a60fe,,,15
document_row,EXT_E008,public,,dba8d0aec935b3ca08eaf8695649dc1354bb4263ea579a9df0dc039eae9f0db8,,,16
document_row,EXT_E008,public,,7243bf8c56afe4f7ecd4e2a4f4fe2d97ac52d75250771a3225bdf15069663928,,,17
document_row,EXT_E009,public,,3c41278a82d68459bc21ff84abba54c5898255b60e5c5e7f0c3232124d44deb9,,,18
document_row,EXT_E009,public,,9203b2a9d475aa0dea90739e04f8635590b0c7b8ffcee438398b16ee4a12e4ae,,,19
document_row,EXT_E010,public,,1293cb08292ed3217faa715ea14e0a346d7639aec3d4a750c7cad05a8f7be3b6,,,20
document_row,EXT_E010,public,,a9f06540b2e2bfc4d7876b893b0e2a388e22f2c72f82558c3f23991a90b13302,,,21
document_row,EXT_E011,public,,215b5edec622f4197484720daff8362005d75eac6f6449fccc5a175560975b99,,,22
document_row,EXT_E011,public,,98c603ce96f59560b2beacb34a8e39cddb26d8262393ff414b90db70e46907f6,,,23
document_row,EXT_E012,public,,bb0b9091696eea988653d5ec3266fe3e26624956366fbe93f80adbdfb95fde93,,,24
document_row,EXT_E012,public,,3ebf2992bdf7594de38cd42530d20b002c4e4cabc57a9e0f45288d5f1e891ca0,,,25
document_row,EXT_E013,public,,759829d8714445858937b27f9a6f08e3cce9d0f3e290fd6896daa3987e56286c,,,26
document_row,EXT_E013,public,,ae081980ed14df1db15054c1985715bbe0df20527fb5ca33aa4cdd9e88c0031d,,,27
document_row,EXT_E014,public,,2dc8a6020b1420400141520e2cd54a747d0ed5bbf1c7fe49818735cff8da4634,,,28
document_row,EXT_E014,public,,2fea7ac0e590423548f8f21e19cb38f93f56609ccba4defd8dea4b4a87f4f9a2,,,29
document_row,EXT_E015,public,,01303040c82e84b13dc052424b3e5cbdcf878150047342e3ecfbf684a02dc443,,,30
document_row,EXT_E015,public,,b6a30d26a9eddd25ef9f99df6c282ae7dcd905f2630af17399e0da28e8cf40f1,,,31
document_row,EXT_E016,public,,9b6bafba86eaca53aec58002d9510817548350af9a46058030c15343436da400,,,32
document_row,EXT_E016,public,,b1724f7839483ae6505a054b428559c146dcae93c7f113af81848b666de33ba7,,,33
document_row,EXT_E017,public,,3ea700946b2a4c347bcdd80071864aee6e2e4eebb72dbda56c007f512b72f825,,,34
document_row,EXT_E017,public,,ceaa9ade38555abde7a521f480a27e5cc1eeadcff3378897bf512f82c779e49c,,,35
document_row,EXT_E018,public,,76df17b39339d1be4bcb8c8c0f68ce3027fd0f4969f0721aeaecb3a5e889d81d,,,36
document_row,EXT_E018,public,,02d9ee8c0f9955542aa4d8b107ec614cf20ca801278288cb24a715dccc33b4b5,,,37
document_row,EXT_E019,public,,6779d6cdcf21ff521a77ed2f7dfd02cfcc3016f3a7b2f1b71601d20bb76d3b82,,,38
document_row,EXT_E019,public,,6e91c6ddd8861f081c0c687702f6a325044e6135360fae7f3f47c616f46d3093,,,39
document_row,EXT_E020,public,,2e11afed90516e8a934f1104d78e949deb267192d89beac440dc1d59ce94cd74,,,40
document_row,EXT_E020,public,,7c76e784e20cd4e87b493c79e9d04a3bcae53da7f39cb18fc1dec73cdab2603c,,,41
document_row,EXT_E021,public,,f6211e27a373b6450c2723655f57c3dd8774577e87482032b02ae8296c79e5ee,,,42
document_row,EXT_E021,public,,0d71ef81e12a172fedb6bf55af765ae51a6a0ebeee8c6236e07de96043398305,,,43
document_row,EXT_E022,public,,169d2a2e298a1e9d0234db35f525249e1d412287481fe97fd9fdeabacbcff4cf,,,44
document_row,EXT_E022,public,,3e2195a70f7020cb07d85b10f9f1e17908fce4105933d294391dbfec8a3121a8,,,45
document_row,EXT_E023,public,,2bc588c1be842d028dcc4777c753122d41932ae8b2f65019577747d138fc94d0,,,46
document_row,EXT_E023,public,,4ecca93be9782a3e147b68a250ee79c0d73f0116b34f64071fa923af990ef140,,,47
document_row,EXT_E024,public,,132b6b6adab7478cb2c6b83deb3e1045da04db899b018331b4aa65b63446c107,,,48
document_row,EXT_E024,public,,d416df6c5ba1feff4bf7c0b72f49d9ca31f9dc4d2bb5df20569651bed6099839,,,49
document_row,EXT_E025,public,,b89632e80fca3ccfabacc9037a41bf1f0bb5abc04fe14a84ce99eabfea81407b,,,50
document_row,EXT_E025,public,,fbe928d2a92dbad071012bdfd9aa55cc0641884bcc0b040ffb817f62bd949efc,,,51
document_row,EXT_E026,public,,84dd7b0071b7b431d16cc087176d4a90d202f9d4d9b98669ef73aeb28bddfb69,,,52
document_row,EXT_E026,public,,0c4e0940f5e480d0449d68cc2377f703f8c38ed0cf38d8fa96e051cecc05a643,,,53
document_row,EXT_E027,public,,ba8c63ebe05435965e0681143a0cd40160792868c89b9498c4df7770a3c0d178,,,54
document_row,EXT_E027,public,,d7d12567db185d8d739c5fe6f50da172e8b64af2be9ec2b117a035c80d730c6f,,,55
document_row,EXT_E028,public,,3cc39ac2b82d8ec9667f154e1b9768a9af8c3c5801f395651ab65f71f8552d7c,,,56
document_row,EXT_E028,public,,d95be65e70f88fb2c84bed47ed234940184a455947d607470ff218d827f1de86,,,57
document_row,EXT_E029,public,,6dc88c4530f9f4338a516554b86960d21029fae312c52931f0d22aaedafdb79f,,,58
document_row,EXT_E029,public,,8c2c955f353ba1308073e0e366c8762f56753d2dbad4c9f4e5bd3b2d95e223e9,,,59
document_row,EXT_E030,public,,820e5f4dcede8c4f44025be523ba90a1e589553d1eaf151e4fcec179404d9d91,,,60
document_row,EXT_E030,public,,fe1e8dae3c7282082e5b96ba6acbd2955359df0648b5928a288a11928ae4c4a5,,,61
document_row,EXT_E031,public,,a2369d1085c6e1f2aa83c3019d85571127aa77d2aa5810447eaf6fa144df3b11,,,62
document_row,EXT_E031,public,,84e2c9ed6bf3bbd8c546848f3e5b05b57e884c117268a50294ff1f491e9c6f76,,,63
document_row,EXT_E032,public,,0340020162a6b7da741c317577cb07996632372029324f0f429b083ba4024b13,,,64
document_row,EXT_E032,public,,49aa6d690b66f4426a2c7bf5c8eaebdf742b2dc918e56d9517ab6028682429e9,,,65
document_row,EXT_E033,public,,79db358f839fab066da11f709e8dfd8885c4034bedd42f1b08e020044798cb5f,,,66
document_row,EXT_E033,public,,a3f9b34b15866b77e1cbdcd8d276419ce7e1040e36135f3814974aade206f469,,,67
document_row,EXT_E034,public,,d9e1681e270c3c798ab338a8dd61ad9841165414be8046cac4f600d6b05b6198,,,68
document_row,EXT_E034,public,,fbcbd65752e874e889a98500493615c5781eb3aa7a1ae1528f3365a39adcce43,,,69
document_row,EXT_E035,public,,068835e8c4e9d17fac8033a29cfc2af977ac3991a5d26ceb8fa6bf917cfef7e0,,,70
document_row,EXT_E035,public,,97822d07493986d349cae5f87cb4f4dad07b371e07bb8848ac87b5bb6e852e57,,,71
document_row,EXT_E036,public,,8b7d9eba00cc375e34b0e60e36e6d8a4aa8a6a9a585eba1c0cfc886a449c3f21,,,72
document_row,EXT_E036,public,,72b4d625189db2e58b18f96c9f32d236b44ce46984ff52cdaa56486b5e8c22a4,,,73
document_row,EXT_E037,public,,032ddf82c74104b80c8bc0244f9db7ee36a195f674742949ad63d5ad0e3743e1,,,74
document_row,EXT_E037,public,,6938719ecadeaa8efd86b2b02667c8b8e60877e4f886845350ce1053e4125da7,,,75
document_row,EXT_E038,public,,bd604cea67cd1cf79dd0dc5e785c4c6c2ee6e41d1d439e4653b1cb6bee01733f,,,76
document_row,EXT_E038,public,,b9803dbdf436bb1022a06f07c428034e99327536d6bbb5a9e6a916c59960b69b,,,77
document_row,EXT_E039,public,,05ef78c0995051b166686a0f495718c9e51b939fdddbfa7ec40f83f7ab050f22,,,78
document_row,EXT_E039,public,,2883370150843db5e1b06ea7467bb30453880ab7c021e19bee1b25392d9725f0,,,79
document_row,EXT_E040,public,,063db75e9712189868c25fb23903f0bd857b2da2e89422f41224e99f92ddc71d,,,80
document_row,EXT_E040,public,,06aba8a2c96050acb4233790f31326693049778d88bea254bf083d2917ccb85a,,,81
document_row,EXT_E041,public,,21dcd3eb126b400d50fed32dd5dbac48da06d561c8c47eefb1a23b5b0af84d99,,,82
document_row,EXT_E041,public,,1f740b209192da26e7ebc6f9198eaf47cb4fb01c7778fe8ee88edbba03098ccf,,,83
document_row,EXT_E042,public,,5f06f70d27080067c087fec54b96adc4d6298431208ecab23efbd64b4bde8d36,,,84
document_row,EXT_E042,public,,f62ee820d735dc9f01e325a42be35224778361869113f4ea8af71141513bd8a7,,,85
document_row,EXT_E043,public,,f2ad392b18d53501de6ab2a695b10f5155841fe6fe494e56bb7ecdcf82d0dc59,,,86
document_row,EXT_E043,public,,c76857d96a8d3a4f214d1d514127d93b5ab4a9a615490044a630b1386b55d877,,,87
document_row,EXT_E044,public,,530b6c089dfe47a651613b8f0b33e99de01b0f987ade8569de2e9a82bb6ddd23,,,88
document_row,EXT_E044,public,,265c54c59214148ea1e24507443dbeddd76e7dff6664a8965ae165f843b954c8,,,89
document_row,EXT_E045,public,,36767ee8ca5a429cca513172d7d8888e61a7eab3d516630a17bfc2a9c170fbfc,,,90
document_row,EXT_E045,public,,4c8c4824ab11a71ac94bd8899656ed64030f0c496cceefb8d5ce00d4445f4862,,,91
document_row,EXT_E046,public,,a66ed5a152afb587373dbf911bc9345b36dfed6f2f37ab2a3d8560422b04bc1f,,,92
document_row,EXT_E046,public,,0e548a6fd1e418c26549c0259380c74401761aecb114e927bd11f38acbcd53e8,,,93
document_row,EXT_E047,public,,72cef1e0366bc9c7618f75dbfb53bf3f15f5f61d6d3646e8825a6456ee6137e3,,,94
document_row,EXT_E047,public,,5cdba34599370ec8e9627ff0dcba97adbf14d2b8bdaa6321758df24f8728787f,,,95
document_row,EXT_E048,public,,a3f3bdaa6ad218f64ded534a883bca3b415cf9377549e13469190866fbc8b658,,,96
document_row,EXT_E048,public,,b0b2b3c9a44abbb17e171f24cc516f6a2d602bec136c7d887d0d3ef292fa58ce,,,97
document_row,EXT_E050,public,,d72d0e58ee209d6a409179579dbec87632eb3aac59d15c910525dcc2a44f4e7a,,,98
document_row,EXT_E050,public,,13658b1b447fc3fffb7a73826cd731858caa699220ccfc6c4290d5f29dd8e3e4,,,99
document_row,EXT_E051,public,,4a858ea1aa5d32619dc0a74460ee2009aa6ad4f720967ab2358a13c88aa60c08,,,100
document_row,EXT_E051,public,,455bf72b0a81b843afadd0ab6d24305ca7c490cedd358371a9700657e25c92cb,,,101
document_row,EXT_E052,public,,1ab921d70f7917ef029cab7fb122eab7a9ada97872e29b43f91352585ee062b8,,,102
document_row,EXT_E052,public,,0bbbbbaef77605650f4621ae72479582c17221a325b719fb5696e15ae9e013cd,,,103
document_row,EXT_E053,public,,b1d04284c5ec884197eda3d240f200cbafdd7710103e24a1abdf0989ebe360ac,,,104
document_row,EXT_E053,public,,9f9737faa27974b66303f4a64825d137e43df244d8b600a9e774f5772c807751,,,105
document_row,EXT_E054,public,,b55a9e0ad11f1089768cc3e674a7d14a807138033f324eb27140af9c73819fab,,,106
document_row,EXT_E054,public,,02c481550fb103ab014f32144e683e2a06625baf7388f048ccf827845d3f095d,,,107
document_row,EXT_E055,public,,2546c577f990ff3ed06ddcda0201d1af578f6d5d1dbd5dc1e4fa6b314dfee9c3,,,108
document_row,EXT_E055,public,,a013be597c7f06009cbdf6e924764fd8cacfafd4ebd8d17266ae20845baa0104,,,109
document_row,EXT_E057,public,,935c0ec7fde474818a04ca391c9ca23c3436cebf060f08c3b10d7a620f92729a,,,110
document_row,EXT_E057,public,,4b7ca0420655e72f071a73683d5281200905a46712fa3abcfb7c7f268c26115b,,,111
document_row,EXT_E058,public,,e1c7f008645bd2aa25cd74523b753879c50577e7c18eb099726d506544fe6b6e,,,112
document_row,EXT_E058,public,,f35abc96017e4e800d1fc9ff4e120e1b3c501a0de12789a114073480ce5ac836,,,113
document_row,EXT_E059,public,,af2ede3bb18990444c5c83cbb67fc3a9aaec87e179669ea2f8f03edbdf61e3f1,,,114
document_row,EXT_E059,public,,73654198b3554f20b81d5b9a10d0b693242ccbd044bef5a69c6197aff356ca59,,,115
document_row,EXT_E060,public,,216ba66f37eff32873d2cd5a4f8d220765c506beb9ca73919c14a874c9824a45,,,116
document_row,EXT_E060,public,,e548e509225302af757209f314d8d93c486e1838ec5fceab823a4f4a664fa522,,,117
document_row,EXT_E061,public,,f1b986f36bfaa32c8f7a0caf5427f781ace124d74287146d60f536af37bf839a,,,118
document_row,EXT_E061,public,,e7125fa3cf03c3fcbe984d2226e069dc4eab4dcb8544026f7ff2dd20774d1729,,,119
document_row,EXT_E062,public,,bd11465d447e3d3f862d06bd8239523c64d80c5a972e9e000c6801b63c786870,,,120
document_row,EXT_E062,public,,00374739537da70c1071fdc87cc1ed680000dfc531e452107625eae8cb1627f1,,,121
document_row,EXT_E063,public,,faa601fa39941f81747fcadc838e4cd7570cd5c82f6be204300ea9662d98ed74,,,122
document_row,EXT_E063,public,,0d5d9697745b9164b148143211506352bef782e0cb949ea91d4a21364a14640e,,,123
document_row,EXT_E064,public,,9b54c901c444ecbc64d12479849ad2ac7ee5983a2445847185c5c61081a63b38,,,124
document_row,EXT_E064,public,,61b8ada2c97b42d9f038494503e3b9cf148846c1e6bf1c3a829c0196b30a9f45,,,125
document_row,EXT_E065,public,,00237f3ceed1e38d9e145a202a3d2ac8210762cc701d89d5b5d5121852e6ad59,,,126
document_row,EXT_E065,public,,2b1bb21aa5056abf62f8412444e83373e563dcd8559c25228cf200eaa0554c52,,,127
document_row,EXT_E066,public,,2e68c4f5a6ed98a1a865c05150ce64212e6964e603ba4d632de9391600ceb341,,,128
document_row,EXT_E066,public,,cde93d8285c7f56eefd9d114e0b4fc7a6fb3be039d935727fa0b359259d84db7,,,129
document_row,EXT_E067,public,,45f566b8252d9027b0a7bf2292acaa0a87d2a355f4c84998c33ab6e557fc4b86,,,130
document_row,EXT_E067,public,,59cebe9cf05064fdc18525afb2f34c7352bdbce70eaa99f8d6a4e47b44c0e1bd,,,131
document_row,EXT_E068,public,,73c039e3e0d3f74b5a74fe03ad8ccb7009fa7cd4a814d94ce8bd8ba6bf92fc67,,,132
document_row,EXT_E068,public,,908085df5c5fcab4df8969c2cc8821affa9110cffe3b91ba86d9382adb444027,,,133
document_row,EXT_E069,public,,f2d4cb88eb047370b66544dea4467949c735e6c5e120472166942177134fcced,,,134
document_row,EXT_E069,public,,b3c0821ad01ab92f8ca427ddf619a3735e5641e37f5a7bd16160764e58579d77,,,135
document_row,EXT_E070,public,,4e2b21136a0800b7d621b0926f5fa2a938821886f1852097ddcb7fc7bbef79fd,,,136
document_row,EXT_E070,public,,f2aa405621c7f771b22ee42d6017997e89f0f356ed99565a3f5458cf2e20301a,,,137
document_row,EXT_E071,public,,9937d912bb5968b1828962285eebc15ac117f177e06f040fd6f4bf1bdf37220d,,,138
document_row,EXT_E071,public,,69faeec27250c7d2bff33ac2727e2d9d2fc6283158aa6bda8e4f1907ca901106,,,139
document_row,EXT_E072,public,,f4fc390e313b678bf848bcc556cc11f1fd76646747c095a06d966a9bc643c802,,,140
document_row,EXT_E072,public,,3718d7e9ef63abb76719fb4dcc7f00201c238cd71cefcd2ff404f24fd1a9267a,,,141
document_row,EXT_E073,public,,feb7d8a36e31f20708898f536a5b9909e6624e227b9467cb65004863b4b36986,,,142
document_row,EXT_E073,public,,a65519c455b8fbaba30d965ce379ee81bbf59994c100a72c37e8a6914af031c5,,,143
document_row,EXT_E074,public,,b083f73c4718849313010203ab68166f49f1670f67f72651cb57d075600fbdb5,,,144
document_row,EXT_E074,public,,5305919c76a9e2b962937b6a0e1ddfcafd300e9ff882abe1f2d87aed332cfd39,,,145
document_row,EXT_E075,public,,a8586aaac9481d6c0b9db285e8f36940dda60f450ce9dc0824b52c380e158f9b,,,146
document_row,EXT_E075,public,,35ecd5a51c5aa425fa68e0c67bd8c168b658b442113cd3a18d8e2dc6d8bcebb5,,,147
document_row,EXT_E076,public,,ebe4f08b29bf09b961144e4f278b42670ba4c73573d073dbeb27c3f3247a8236,,,148
document_row,EXT_E076,public,,61b0592803c309d90512d0cbc6016fca75ed03b22c7e212317bd6eb2127f1cd2,,,149
document_row,EXT_E077,public,,8da4a67ece2f1360067bee34309c4f3713a92e8a1b3f1c6fa19af0c2107e9f0f,,,150
document_row,EXT_E077,public,,26d33a4d573faa3630d4a05acabee541780127810da36de5ce54fac12ec1192a,,,151
document_row,EXT_E078,public,,32846d4a72fb2c93b9763b31c487ec64d021ecd76149924a54a3d17d576ecf9f,,,152
document_row,EXT_E078,public,,ef13a88fd87b2d2b3fa9a4270dd70bfdf6b8d3b7852066aaa3ea61f88fdad55e,,,153
document_row,EXT_E079,public,,7853463fdc6fd60d9b6bd9d80df0d188a00390709ffc6f0a3b0a41027bff7c1c,,,154
document_row,EXT_E079,public,,275915ff50d2f69c9d6046a0f20e484e368e3284b31a4c14f888280a01145e15,,,155
document_row,EXT_E080,public,,6796258d298cc214223df051cd8abe7e7866919bf970d041fbf75c42ad046506,,,156
document_row,EXT_E080,public,,ece6c2a281b812f9d34889ceddefd0f55d516a7ca7392468946051231bbe3a3b,,,157
document_row,EXT_E081,public,,c1ca6145d75aaafb0063fd17da253e5f898fae9ee4139798683a1c4d2982eca9,,,158
document_row,EXT_E081,public,,1018102852852c6b599441120d795cd841923e339fd941a102c4cbf0329f4e49,,,159
document_row,EXT_E082,public,,d92008adcc118f632ff6218dd251e80329ca720544af1e59f2380621bee024de,,,160
document_row,EXT_E082,public,,8168e315dda8d8717b07b81bd7115300057969224f473d41e6e41cee1b8f9c0d,,,161
document_row,EXT_E083,public,,207e44735087bd539755c4b410e84ea34832c46f3b7dd2cba98ce284a36a07e9,,,162
document_row,EXT_E083,public,,45c1e3fb800d9eab0a62605910d9065c5f92e8d0b1bfd41cdd1232d56b9b878e,,,163
document_row,EXT_E084,public,,fbdd79e72c28dcaaa7984c229c4ef3975c7058ba4180c98cce10b1fc434458ac,,,164
document_row,EXT_E084,public,,86c55a37c8f8562690331da20d033c6c944a508a9ce7470fa0667ae4794bec34,,,165
document_row,EXT_E085,public,,bf0495e2e018b51f2b5e56761858e2bac0872fe76c389193e5df8085a308d72c,,,166
document_row,EXT_E085,public,,d2c4370b37c56f64dbb3836536ff00369e9743cce3fed814adda538f960949d0,,,167
document_row,EXT_E086,public,,1c7ba37ef24acfe73f5f72891ee91a26b8f6b358af9bb75a32e7aa8feef97aca,,,168
document_row,EXT_E086,public,,c885055243cc5d78b689f6ec28fee9937b902225de85f8f8f11ca340c43f7345,,,169
document_row,EXT_E087,public,,fdb2e726bbf47116f5a523e3c710eea39581af6f4319df25bbff1ec472933f5d,,,170
document_row,EXT_E087,public,,39b98afc4fb33d2184a677f2f1e88dca5dac2e5df9c2897973dfedd36a219f7e,,,171
document_row,EXT_E088,public,,8581cb63f46290d892f0229034332d0c0ec5223eb920d49c93a0bd3ca6a77a30,,,172
document_row,EXT_E088,public,,207d2303be52c32aa84640b117dd8937ad65dd2771bc586a76793d961f89a411,,,173
document_row,EXT_E089,public,,3b72e5ef256b0762014d4189184ac27798486f4e59c08492cc4da01a9edf0ced,,,174
document_row,EXT_E089,public,,be65a11c78bd715aa39c4a9a9c8b810220ddbc7684b420b814f91fc5da0aba8b,,,175
document_row,EXT_E090,public,,1529720c892934bc2de7b92fb8dbfcfb7d81430d43cf42573a008bc108e01005,,,176
document_row,EXT_E090,public,,da9b2036cbc970702a7db46ba86d284e6158a8b46f7f499b48199f544db63b21,,,177
document_row,EXT_E091,public,,400ef33fb10f38a93be57b9e49c8e078c16d622809efdb4a83313cc1453c08a7,,,178
document_row,EXT_E091,public,,e47b08bd96de0f2b91a3d3ae2aa89d2950d711084a0afc1d5d0d837f2a694fff,,,179
document_row,EXT_E092,public,,e2f505e4d1f736d3341a297476989318bf53703491167e8305a9b6b75e464be3,,,180
document_row,EXT_E092,public,,49b5040138587d9570f1705642035c75a388444d165ef14f5fbbb2c9a2f66839,,,181
document_row,EXT_E093,public,,01efc590060b822c492b46d8422b5415a5c3f483d7cdf26f809028434c5f2f97,,,182
document_row,EXT_E093,public,,5bd6812b688416a412efdf174a81f83977d3a8d9d6953f6d61dc643d8bc278ed,,,183
document_row,EXT_E094,public,,5f76e6d203b3560150ba97fad4d61833664e052306e1e8f09fde7e4110198a32,,,184
document_row,EXT_E094,public,,7701902ce2323de1fd7c65bceb6b35018f85afd5f43c371d9700d5619e1d317a,,,185
document_row,EXT_E095,public,,60dad2b013f0a9b657d4f7293f0458e4e3affec63272b8ec4b2fcb1fb2c3aa75,,,186
document_row,EXT_E095,public,,cfe3e84b35d29cb6197774227f28511cc3448042cf72eb22d4a855818a7f35fd,,,187
document_row,EXT_E096,public,,ba0a8123a4b9c76f9d209acff95fac8c4acee6d2f7672c7acefad5bce404438f,,,188
document_row,EXT_E096,public,,0dc8532ee0345d9916b7fc2baea66a0451bbe88c8afff0b439c1196dda756437,,,189
document_row,EXT_E097,public,,3647e3fa5957fca210b96dd0924b68bd4c480dea54f2659ae942d66ebc19f687,,,190
document_row,EXT_E097,public,,d8d7bb57948011f8a2ca167a5a1562484c50f5f7eeaedef5a918c23fab145975,,,191
document_row,EXT_E098,public,,65fdc4c82625d6366c09a7e841930e851d8faf495a0ae0a08336a313139a251e,,,192
document_row,EXT_E098,public,,8dab0935a22bef9c9f11d1b920750e8366b38ba074f941ec5b0305ff77bbe36b,,,193
document_row,EXT_E099,public,,a2fed878e41aaf4bea41f3d6f383d93df4a3d04a6c36a30ddf1023afb8b0c2fc,,,194
document_row,EXT_E099,public,,ee3a6bcfe0f031db0e7775d4b4e16673207c78d3376b55e5ac2bff1a7c6164d2,,,195
document_row,EXT_E100,public,,2e9eb93e7eaf9caaffb39a12d70d18e207cf09c8d46fc33abdaa2a5e0e1c687c,,,196
document_row,EXT_E100,public,,287a30f45581aace9e8070202eb749d3c1a66766df38e8f68644b2a72d0dae53,,,197
document_row,EXT_E101,public,,3876bbc808d1f65644f1dd7ab07a4a2d08155e20806e6eeb667532b355700bcb,,,198
document_row,EXT_E101,public,,27a87cbaf1cfae96a59de4f103973cbc2b538216ae779928846ff2e863652299,,,199
document_row,EXT_E102,public,,5350363db4cf5b9c707b2f7728cdca9beb4fa37a4f0636f18a5892c08218c981,,,200
document_row,EXT_E102,public,,247eaa781021bab992c5142f585aaabc0b3fda9067890a109f4fc65c3df4e071,,,201
document_row,EXT_E103,public,,c25c2d97e215f91eb398630e2f3d6a9a3adbe3f8f9f7dbe9d748f2e71e2d02ec,,,202
document_row,EXT_E103,public,,870da018b328bdb8eede68d57b1901923fdfcd09cc80661b3eb808b2fe40b147,,,203
document_row,EXT_E104,public,,9adf97d97f2ab787aad985af9b6b0f77e1f68fdab28e1f236aca511085236922,,,204
document_row,EXT_E104,public,,61ac479e605e88a157b0158c7cf2c26e0392ffb07ed55a8a9e4def03663b3235,,,205
document_row,EXT_E105,public,,422d288911a85a7c85f604316a2f465e027f40ef9e66e25bc502704effd0d483,,,206
document_row,EXT_E105,public,,c6ab2041846b37314f6650625a694dca4edabd56b36800ba0e401e25c06784a8,,,207
document_row,EXT_E106,public,,083623dc0f7367e1f85ba37525bbb84ff1b01fb7fc232bd8f64403f39b132b7c,,,208
document_row,EXT_E106,public,,a64c5f52ac96d855ac98f8af4cc995fca8591ec24044b438c1f24e0202fb6e4d,,,209
document_row,EXT_E107,public,,376d41ba15499bb49b549d82f856403816f54a0ee470fe75331e7036542ce84a,,,210
document_row,EXT_E107,public,,83383dc08af877757c54ce08e8c793157fae80132f885b542728fddb276f2220,,,211
document_row,EXT_E108,public,,965153cfc0d63ba0b1bedbf4dda93dcc37ad788becb48dc5e65774b5b124e4ab,,,212
document_row,EXT_E108,public,,99aeffe2cbd604130cef0abe17a7978c7b97e9c449457d56e912c3556a7bab08,,,213
document_row,EXT_E109,public,,19974f84f38f6d014311c07891b4db209aa258464e3ac27533df9a767415d4a8,,,214
document_row,EXT_E109,public,,2a928b26367ef4598570406c3500789eee0feca0ccb7629ae286af942b821e34,,,215
document_row,EXT_E110,public,,ac56c94130d93d082f456d322aad485e30dcc606541f20f224782316cf4012b0,,,216
document_row,EXT_E110,public,,78906eaa17f557356258cfc51c4bc641d8fc41f92c0b6aeab650cf46f50e4cb0,,,217
document_row,EXT_E111,public,,2cd7a523b696e12330ed3cb4534d5f835ad0f62908a9a5b771b1266c60c61009,,,218
document_row,EXT_E111,public,,8cea5d47d393242d19436b47adead832e8a8cbe2223c24a7c25f80066add973a,,,219
document_row,EXT_E112,public,,a560ff9e5c832de4eb93da7b736b8103804c9f6ebd9e30b0ed4c18bece7a0f33,,,220
document_row,EXT_E112,public,,a0d60c20f43f2fc717fb4291ebfa73615e368f4e38ddcf67288796e05ae3829f,,,221
document_row,EXT_E113,public,,32fba90556424c8a7c328ec4397b6fbd9df3b70f751707ede3075fbd65d3a569,,,222
document_row,EXT_E113,public,,3c9a984d654b8664f2bf13b9fb01a95322673e4b9947c75b77ee6ef776b893ae,,,223
document_row,EXT_E114,public,,2f435bab4cca1f83d684a2207f6f5bd4d5ed32ac3bfcc045b9b0ab928242abd2,,,224
document_row,EXT_E114,public,,541db9f9dc0384d4ab51a67795bc4b6d2b5b23ec9b4c1838035172786ed9ada1,,,225
document_row,EXT_E115,public,,40dfe38c2ca1bbccef2df5e322884fd6e148f8b83daf599ca8861ba9ffaacea0,,,226
document_row,EXT_E115,public,,f43f10571ca0eb2a9e18f90a314659b41e41e2b45b14373d3e1be9fe8a272a5a,,,227
document_row,EXT_E116,public,,878bbc0bcb7f9e3dd9e0d8bf42b42948143808d6f83e31c53c4afe1246e2fe10,,,228
document_row,EXT_E116,public,,efbb2b923a2838cf7d5f6aebf23551c98093622ea83a0ad6ef64ae8bedc114cb,,,229
document_row,EXT_E117,public,,8adbc7733f656bc6ed6bc45db7962711968ab16b2706b0f5c57f77f3fc466d86,,,230
document_row,EXT_E117,public,,c9bce4c5732fcc87039f8b77915d88d1310fcf93ce8d69d9f30a298f3ac10482,,,231
document_row,EXT_E118,public,,549172a190d61153ed24e773f07e3896b7d2fc5234891090ba0feb02a1a85f9a,,,232
document_row,EXT_E118,public,,c7ce5af58eab5a2541c9288d7d4adb2a9222f1e7ab5036209d4c5127f51f23d3,,,233
document_row,EXT_E119,public,,9dba5365e0022692340d022b24f76159f842375af6d5a8fa23c8c407973a9a7f,,,234
document_row,EXT_E119,public,,1a99df925ee24b6bd268c5e9488060d93dbf8c8c5c4d57734426a6ded5acbbee,,,235
document_row,EXT_E120,public,,879733b49de943c77a16befbd8707131df257529c00f838bb7f7d73d8b739ace,,,236
document_row,EXT_E120,public,,382d970ecbbee9b0830ba898f1c24e1bcc4a9e16123aa4f45ae23a3681f1048a,,,237
document_row,EXT_E121,public,,98c8f5582ce92d934ffbea86e89241832e0ed5a28b45bc36326488c664a8d1d3,,,238
document_row,EXT_E121,public,,9e1ecb475d0cc1fe97eb0ed75a2e0e0b5ac7ed670b472732bf6e97d978728053,,,239
document_row,EXT_E122,public,,7caa88426f2ac08023afb9f37a870c07a2ded4d5a1933eaaa63682b498f0500d,,,240
document_row,EXT_E122,public,,3eb9d2817def1c089219d30bfbe9045638c23080aa13d9f7c7dc394b627dd55b,,,241
document_row,EXT_E123,public,,ebdd032c739152b7539a944545fab5d670d0c767e73908ac716c20d950eb64bd,,,242
document_row,EXT_E123,public,,6126a0479e13de4d38969d10fc305dce3c571202c8cc6bc6478e885598a90247,,,243
document_row,EXT_E124,public,,2dcf839f9cdbcbde381d158138b618fd95ba813f16f3d88ee1e07f300aba4acc,,,244
document_row,EXT_E124,public,,540a04d8fa16efbb9f4f1daf01216ec00cd4f082f8e5ae8829d01c3bb4babe9a,,,245
document_row,EXT_E125,public,,6277250ff1cb1dcc40b2288b4a925791328d9d2f009884babe0759c296618672,,,246
document_row,EXT_E125,public,,5821340c51fff9b1db1706480615c71e2f1cb857d5738ed5538548c0af20d169,,,247
document_row,EXT_E126,public,,b5f65b57fad0211306d1d8abd990f5e221c4b4999f68ab1df43cbfa9e347a34e,,,248
document_row,EXT_E126,public,,5e4584e01882a841e9d6f286b37998d7b071aef01233934e6b5edb49ae5247c0,,,249
document_row,EXT_E127,public,,854a3634170ae023ae0cc5d003adacbcd8d082fa85f5160de3af63da904c19f1,,,250
document_row,EXT_E127,public,,ea538a6e882990eb94e24456e97d5c59edd04627c3c51076ffa956422e06e740,,,251
document_row,EXT_E128,public,,aa690c89a12947358c8bec61db5cc06c33f305aadcf3551f02346cbc755d260d,,,252
document_row,EXT_E128,public,,19cc238d1a71f96e35f280177c6ee70840e9d3d6137a451c8d74cc3be57ca495,,,253
document_row,EXT_E129,public,,d3b36b4a75a7d089b5eddc3e5c070c3dc47027920f63f6325bdb1a72bd2467dc,,,254
document_row,EXT_E129,public,,82b5aa1b5f5f9f202293195c22201950ed1140c99d3f71fff1787bf760572ba3,,,255
document_row,EXT_E130,public,,048c9fcb42216300c14dc522231da2e8d48470e995baa14d83bf590bee6ff5f6,,,256
document_row,EXT_E130,public,,0c937b1b66fc27b927000334cb91689588021ca05ed7bc0399e1c766669fc896,,,257
document_row,EXT_E131,public,,b8fb34d7ee72a99a900fbcb19023493e33b31de1f1b43364ca3bda28b6cb5365,,,258
document_row,EXT_E131,public,,79db9dd565a157eae5ff0a0d9a7faed219b364ff263b60e8aa83dc96b28180d8,,,259
document_row,EXT_E132,public,,1556052fa9f876f9bbed0386f37e865e6a5aa4a796a34310c94e24bed9e03633,,,260
document_row,EXT_E132,public,,786460917d4aab877ac994b798ac8ba8e3f16612cdc5c38c8f64ce2fd4c4f594,,,261
document_row,EXT_E133,public,,c6a28fb839b31102e15a23b6a715db973b61651a791b4d5eebbdfbee342e474f,,,262
document_row,EXT_E133,public,,566cd19df762858c8d6ea5125bda5576f6b4a2761cc29350483c901485d64b8b,,,263
document_row,EXT_E134,public,,ebdb4702955a3c785ec8a32f58ac9801b0db43992ca4e5173f22bc3fc4b4a511,,,264
document_row,EXT_E134,public,,c121e51b8411c2705fdde366ed92a745d36a15f343a85f6931b30e6a3ba85542,,,265
document_row,EXT_E136,public,,0a120b9b9b73cab1a69614640b2e0bc5a318944603a284505601cece8e9bd11d,,,266
document_row,EXT_E136,public,,a23392bba5a57bb38743ae64217d9037031cfe140052b926c98c99fa7b8d2f7d,,,267
document_row,EXT_E137,public,,bd813b31ac920f9ac39e1af6fccff7f1266b64a2c6a98b1d6fa4af263370fa3f,,,268
document_row,EXT_E137,public,,d8fdde0030ff0c502e1a9035f568f78913bad04fc6f256d68852dd9bc28232f5,,,269
document_row,EXT_E139,public,,b33d9123ac0b12491ee43217efcc0da6b07618bb645efd30796d8c4c0f5bf304,,,270
document_row,EXT_E139,public,,b994b66390d13039dd9a6580843944681afdbffe901c40d29826f1c25bb70673,,,271
document_row,EXT_E140,public,,cb668035a01ecab7813fc8f159f52a240f5b61b0c283c2a70a827f3faf1a92f5,,,272
document_row,EXT_E140,public,,ee00520dd4af98014a59c4aeac0d19ec1ae0f9465a5c4ec56587c92a63904edd,,,273
document_row,EXT_E141,public,,76e1d79829ba99b4c7ce7126f2bcdcc5f6ada17c616fd6e3f077eca0ede2d629,,,274
document_row,EXT_E141,public,,cc0711bf7b130185f263c3330397eac9ad36a253073f48ebca25c7327b632909,,,275
document_row,EXT_E142,public,,610f7e3552327b6e9af39b7ac61e2d8422b967c59fff2ac1b7b65f4ab888b301,,,276
document_row,EXT_E142,public,,a20ac89b56a099959fd81bb947920d0bad6adb4d09a5ad1071a0a4cb2c3532b5,,,277
document_row,EXT_E144,public,,3d2f2120e5a24e5e716aecce02e825acb6412386d964600a0ff21817e2164747,,,278
document_row,EXT_E144,public,,1a83f0c7b2f19f55ed4485d54dfe0b1b91a12841d99e6324f0751a38f2e179b5,,,279
document_row,EXT_E145,public,,261dd8c7dbe5fe99ca9b6465fe67b6475ff744944fff7acc62c6be6abe59947d,,,280
document_row,EXT_E145,public,,2a6ca8728bcff08058a620a823d427a15e25adca3855964d6d7efd19e4a38fda,,,281
document_row,EXT_E146,public,,e983d98354111ec90b1d623ee714487f7a0d024d574c663b4a427e4337de97d9,,,282
document_row,EXT_E146,public,,93e9e200292e75c3fbb81baacc81f24dc5af9e6d4ebf7de936ed7838c7804ff9,,,283
document_row,EXT_E147,public,,74b3bb0a1ecc4745c31965043ad2514b2aaa9c01f2ae2ca25eae62bd2feb3e56,,,284
document_row,EXT_E147,public,,c43dc63d6d46b07d1c20f8d425584aed14e7301299d0906c3a7bbaf634dd6243,,,285
document_row,EXT_E148,public,,6df65c7a4dda2715b92add698029287660862c4d657e4cf5dfae122b1338e0ec,,,286
document_row,EXT_E148,public,,c745d51a07fb4e9835ac91ed14b950ce64f36ebfd418fb3c6cebc4573bc8e9cd,,,287
document_row,EXT_E149,public,,ca38696789c7aac1595be2a4326a1c835891394f3d105bd3fc2ad5a822ec4e87,,,288
document_row,EXT_E149,public,,4878474f1d9b5bd8beee7ac15121b741152014dc52cca7eaaac656ff2591c40d,,,289
document_row,EXT_E153,public,,a4399a704cede653eea72ff921e0b439f924abfdc6c37428657ca024e4a6f892,,,290
document_row,EXT_E153,public,,e04de5b63b3db78f78e74264b72d5c9afdb9def99412b9f5156061da384f24c5,,,291
document_row,EXT_E154,public,,14e4679e3ecff3d36920b08641857ccec3f5f246664afcd2558fe85481614ddd,,,292
document_row,EXT_E154,public,,d988eb57ec9a691a0e2baf5b501dc8bb9f86621309e36786add159c7cc630d7e,,,293
document_row,EXT_E155,public,,b04d3b5f353fe4c2c4f4a1d8ccd4e8f083831bdf79e642c4a559561005cdd9a3,,,294
document_row,EXT_E155,public,,fa4b6eab66e28f714f2c8689e4805699b26a9f51b436a9ac5e4e33cb3240f267,,,295
document_row,EXT_E156,public,,1d5b23c6e785c41b7b1a08255a88ae3fac15e7e5e8d28f9fef605c93d12fa678,,,296
document_row,EXT_E156,public,,cc3aa591b46294807cd29dee73c37db0172bc3b7fd03b23122f809f6d0673352,,,297
document_row,EXT_E157,public,,01c538f62896d11ab66dbb2f7a94f1aadf41c899fc2c0e059ccf61e3dc5bf78a,,,298
document_row,EXT_E157,public,,7402cea5fff7cf463f6c3bb7b0f633282f8c773afccf7a9ea52d6eb583ce718d,,,299
document_row,EXT_E160,public,,8c3065ba76251b386a7b01447da067ebbc7570fd8b7638190b77f3ac1860be1e,,,300
document_row,EXT_E160,public,,2c1a22c6e127176b4f3da4cd492317a1975c1ef204a70ca840f61f2bba86c36b,,,301
document_row,EXT_E161,public,,8e5732c69a38b2fd7fda8a28941e1298efb638f28a9b140362fe2ea4b89e5140,,,302
document_row,EXT_E161,public,,07d875744e82916df05968819b1d99daf195cc25d5b61eac8be9e4d5b54d20a5,,,303
document_row,EXT_E162,public,,f8c746410f36fea8a0c881cc771298783f1f24d690b062cb864545aa33c7423b,,,304
document_row,EXT_E162,public,,fdbc0c13472437ec91759e00de0e3521b3e2d73430c21269402d6632d484d781,,,305
document_row,EXT_E163,public,,3e517c16f30c3e0104b7e7903e32336b24bad27a63d343c6018635e65589e127,,,306
document_row,EXT_E163,public,,26ae84262344a5bddc7dcd22eff9898151fb00e76705c32e36b3850e75384f3e,,,307
document_row,EXT_E164,public,,27e990ea4178878fd91e5591e71c244b50bb7675e1ded89563f8c1f42698a830,,,308
document_row,EXT_E164,public,,38af29b748b85134de6b83f93758df7769b5294df5ca526e5cabf4172e33ad89,,,309
document_row,EXT_E165,public,,e45b637c7a8adedc6b5d17fbdc6fb535523734d93d8d800b4237ceca8aafd56f,,,310
document_row,EXT_E165,public,,4cf4c550b2b6e9a9c30cae817cd7273331714faa3fd6a8d63f65f8f941e774af,,,311
document_row,EXT_E166,public,,a680ec51084aef07ce159612bd059e921dbb8890d1a420a57a71eff771f00e06,,,312
document_row,EXT_E166,public,,8899d8483ad9dd9a7430195d59dbb526417f0aa45246a34bc2762d6d1f9d7d45,,,313
document_row,EXT_E167,public,,7eeb0ffca138bf5a82ab09e9a8a93412e3951e8a722deea2a3ddc5077c3771b4,,,314
document_row,EXT_E167,public,,152cab58a0511106b8c1ebfa3851ad46588b8219c4384e344f87f76771be6726,,,315
document_row,EXT_E168,public,,e9a5a91c2ec8ce904911bddcec6543204f2cd49999fb85cac7d0f3292aeb2fd9,,,316
document_row,EXT_E168,public,,faf4a7af0e8dbd6711c57b4fc2ca0856c2a001674fada508deb54816bdf7202b,,,317
document_row,EXT_E169,public,,5f0bae9f522d73056bc091c0420fc60b43f95d4b46e84d775bff52f09a65b5ca,,,318
document_row,EXT_E169,public,,7fed3ad52c869acf8f252d22b2c4c8df472d12731a72385f426593a2222e0c56,,,319
document_row,EXT_E170,public,,4281703256c51b66e57fa03f020bb4b9c2b030124dcfb5c005b6567ae3be0af1,,,320
document_row,EXT_E170,public,,83a93cee15eb4ee245e88ed6bc1e45102cd1d976712021fc1e4dd3ac4ca9e3d8,,,321
document_row,EXT_E171,public,,fcdc086059b866901769811f0b9c0e27fdc608c3edba8c81182607774fd8fcb1,,,322
document_row,EXT_E171,public,,85f72eecedbac97d57480b4dd9558caaaad7a2518c9ac6f58121d6795fbe3e05,,,323
document_row,EXT_E172,public,,737262d7477895b32adc5a6261915328702c2b15215d1db79fd395b3a26fc883,,,324
document_row,EXT_E172,public,,b7d6aa9e698ffa216797ad30e041ab7cce83a2b150d60793d9804fe8f2a90737,,,325
document_row,EXT_E173,public,,0daf2c0f9c1f598ffd8a18a1efba692ab0b41e835f054545564df0f45871b27c,,,326
document_row,EXT_E173,public,,9b3ac33cc739a89a47894e8aa32347fc8124127ac793b7fe8d19370972cba0db,,,327
document_row,EXT_E174,public,,f33566137868e8216a29927ea6cf43fd56420824cf78f1b0c672f20090200f40,,,328
document_row,EXT_E174,public,,6a86b43604b7384f7e2e51b8c901513edf7b32b736e7d8ea68134c79f632abac,,,329
document_row,EXT_E175,public,,f1c29300a4be493d458b1ed4d7a1c96848ce55a0f49b4066173f94b976084461,,,330
document_row,EXT_E175,public,,d354d46c3ae63caf9775ea5b46420c9146d9331d6a196c4e39843269acd6f9b7,,,331
document_row,EXT_E176,public,,814102b12c9d0efed7d67941c2b08e235797e1de81e7b5ddaf627a53e13610d1,,,332
document_row,EXT_E176,public,,13c92829dca8266d6bb52f90c1e6f6c87e90f3d030adda09e6594871d6950088,,,333
document_row,EXT_E177,public,,0e6e4b9ebb02f72b1707c00cadb24f7c831b1754b43894d9e467885bfee3df25,,,334
document_row,EXT_E177,public,,656803a9d524930c7464995b68f980dd0ab873fb3b1b195737e03f64e90c686a,,,335
document_row,EXT_E178,public,,a0d6f989225448e6635b0a482325f80f2fec34386d4039bdb786c780558294eb,,,336
document_row,EXT_E178,public,,a462eaf1936eefef53e15bbfe5ef561d36da186c2543a29736ec14586db3bc18,,,337
document_row,EXT_E179,public,,df6eca855cd7555b0e39870b0d0fabd54002740a67b931729ddb192d105fb269,,,338
document_row,EXT_E179,public,,f7f1d928b4d8956103c9fdc792d2c6c9c15660fbb70a360b02152e738ea70484,,,339
document_row,EXT_E180,public,,c94766a829d63122d366c0ad596d7c1dcd9d76dc549d35f7cfddde5db56c00e4,,,340
document_row,EXT_E180,public,,1e4246e0ee8f29b559e7f5c7efacc22571d307beca0d30b561dd0de48c84e5c4,,,341
document_row,EXT_E181,public,,7c92029c792980b4351eee8ea4eac234e42dcbd6da2a700dd7b85cc4ce3a6eca,,,342
document_row,EXT_E181,public,,fedb2eeded5ab9783f42f7aa7dbca114f6140749804a0aeee5ef3765b0a6019a,,,343
document_row,EXT_E183,public,,e461bde32f3b940029b32b066e38487c07c8a2663d6b3207618e4b1613cb5738,,,344
document_row,EXT_E183,public,,2396a6214a619fc17075f6beaa2c6dad8041c97006fe28d3c4a394189cc4a5c9,,,345
document_row,EXT_E184,public,,8b55cc15c38e872bef15b9baf2753eaec723ce544418d486583c6d522e2326c6,,,346
document_row,EXT_E184,public,,6a528150377d1bdc19eb4142ccd0202f71a7b3cb0a9e836a1e481427502139c1,,,347
document_row,EXT_E185,public,,822eef4441c228767bbab38802676ab79611884939b0f476418c7c67951f656c,,,348
document_row,EXT_E185,public,,425e6cc17df00469f63c4f687d78fd1cc00bc4a3c21e8239a1997bd1454301ad,,,349
document_row,EXT_E186,public,,c7aa0343085d624df792f8c3b7813609b5d1160806579dda4c654053359b0243,,,350
document_row,EXT_E186,public,,7d310882d43464536b3706c49e8c4e95a819e4cf0bd2ba03f1b942032d01f192,,,351
document_row,EXT_E187,public,,24d2d744381cbcd9cf4683e597a4d2470a10b81c142b4ec9c9e0fe4a72438b4e,,,352
document_row,EXT_E187,public,,aa4e695234fcc2a7467ea93b7ac150625ac74497cb273ce9c2c7b45c8e0f5666,,,353
document_row,EXT_E188,public,,44ec4e83694030d4a6003c49ad37231bd2bc55818d34ce6df2ae0a8b13372cd6,,,354
document_row,EXT_E188,public,,220b8fc79bbf376b13c5245a050bbcd42c776bcbf700cb9694f041ebb19bc7df,,,355
document_row,EXT_E189,public,,07ffb83aa0625a9c3766a23084349b55bacc206dfa1abfa8c00c597fe9e63865,,,356
document_row,EXT_E189,public,,a322b09d4b2915c7bfad4ac02e9b0fc6685cc40657088b0c411f378ecc8022d8,,,357
document_row,EXT_E190,public,,4fdd3b7c4313f35f5cda41f1273620470b424c23c369ff4625f919d7f22883e9,,,358
document_row,EXT_E190,public,,6f22a186df62672059360d4f395a21e39410af9ba5b63e350e47bd793a3d07a2,,,359
document_row,EXT_E191,public,,3a27b3425aa4dcf178cf68827a3a66c4cd42605d4f1cd337921aca760316c0d9,,,360
document_row,EXT_E191,public,,dc499c6b7ea59c59dde9a1eadcd32487e8924ec230bedc94d673f96945dd4ef3,,,361
document_row,EXT_E192,public,,de9f9a1b22ce2405e0021de9cf3055a7c642c290bd5288deb30b55b14bbb7f39,,,362
document_row,EXT_E192,public,,67ba64ffdbc606a0442aad74184f9ae999338fb1d5311a9edf23896409bec7da,,,363
document_row,EXT_E193,public,,32f797cf5d7dfdc76ce5d344e0606d729ad77e8e32fb601f8762543b09047fa5,,,364
document_row,EXT_E193,public,,2a8b02d44b31961907e14167f2e86ca1e357c1be84f8f37f556aa6c584609e93,,,365
document_row,EXT_E195,public,,fc035688e4c7ea86ece6cc97ce14eefd458bf8cf497933c82cbb14bb0de219a8,,,366
document_row,EXT_E195,public,,f01d705d346e88bc55fe84aeea8a4d19d3a7fa4909a6fdf837954bc84de488bb,,,367
document_row,EXT_E196,public,,bcd995c751231979a3f6a474720ed245612327c69b80e0c66a0e3f4b7901c096,,,368
document_row,EXT_E196,public,,35c08a6d5842a568cf3e577dfc0566470fe28e7d049eb0627eafca5807a798ae,,,369
document_row,EXT_E197,public,,b7dc3cb9683ef09e84c13f53a6611c80c11286732a8ffa9a35d8c9709b15e2fc,,,370
document_row,EXT_E197,public,,f5f55d6790830d76abb2a0cf3180b5b86ec1739be46274d85db49377fe1e540a,,,371
document_row,EXT_E198,public,,c2722803592dfa28298d9bec8720c9ab708aec244d9ddf96c888c6b73b83d16f,,,372
document_row,EXT_E198,public,,6850df946b4b04ba016f39938defe22c885791ab3b5f1b30372a1ef97a0db256,,,373
document_row,EXT_E199,public,,ac21d96f761aefd38144771ef3e85796eb2deb68a96513b54ff122b2d860814f,,,374
document_row,EXT_E199,public,,accd840de1f2f811d87dc602436f13106a5f17471dc2114983dfa2e2bfa44ee1,,,375
document_row,EXT_E200,public,,1be9c77ef8a78a85790e3ecd03df738a2c8d4521833c1a61380d35292223e4cf,,,376
document_row,EXT_E200,public,,1873ae82959c95ad5510452ff696ddf32ef325b58ed00d532f2e244baace3442,,,377
document_row,EXT_E201,public,,325eac45b2b9fdb1d73a2265eea5fe45de3d884b3f60a165db35818a179a3c4e,,,378
document_row,EXT_E201,public,,af9a8a0e336dfec100bb312422ac6796af109f5cc376542ac7c4b0161a8a7c13,,,379
document_row,EXT_E202,public,,0144d16bc4bb0900233b33f4d7157be075a92853eaeda773e82c5406730836cd,,,380
document_row,EXT_E202,public,,e20c30006139c294f9b170bd8387df261220ff8ce183312239067d632bffcb38,,,381
document_row,EXT_E203,public,,9af64d46a645e3ef4451e2e943c8d8ce634be00df39f361798bcacb3a4f2f870,,,382
document_row,EXT_E203,public,,f7e930031c7c1b9d1fd82c6a4e3d0e7d6357f0244e984ae59afc8796ca842fd8,,,383
document_row,EXT_E205,public,,3187e443724eb96553c7685461cdec80e35b34d14359181453b93facb0f53532,,,384
document_row,EXT_E205,public,,a556c4f895c770645b95eae5da3dd31e32ea1c47992a378d8a4d5b1e988e15af,,,385
document_row,EXT_E206,public,,c3a544c69aa073107ea425df532a8fa4cebe064db4c355442ce0736d9fd4a13f,,,386
document_row,EXT_E206,public,,c6b112a383cbf9635df90a2a7046b360759ccd991d32f038f25b31e67cfaae72,,,387
document_row,EXT_E207,public,,29ba3a80d0bbbf694a19f9c46c46a337cde7e28bd60fdaa842bcd22774608161,,,388
document_row,EXT_E207,public,,fb8f49fe660e2699106e62025238051217d6c33d99647d9ec8d4f63d9e5e6a38,,,389
document_row,EXT_E208,public,,7b34f869690d8873509b5f8d968b9227fcad3bc404762da5a810491451ec4cbb,,,390
document_row,EXT_E208,public,,0ce97a3392aef95da83a2d4da32566ce8dea93649d5b1389014a3bc542698d4c,,,391
document_row,EXT_E209,public,,ce7f7a5ba09e6cf680194c14f2ef8f1634a57a09bd24680544086d12b49d161a,,,392
document_row,EXT_E209,public,,b995631aad815a1445d7ab105b0eff6fc671e4fd2e1f5be25ad9e8b1c932842b,,,393
document_row,EXT_E210,public,,a866ff890f6642bcf2991d360f9e09b056d09d61d6e3f888b450a0d838ebc843,,,394
document_row,EXT_E210,public,,ea1bf6be3f1c9540cd7c7165f93475252c578b7fb843f22800c0f5a6cf68c704,,,395
document_row,EXT_E211,public,,df37471af35c4f769b87694ad71ef5b453fea7b5a21979409944234b66ffa873,,,396
document_row,EXT_E211,public,,987313ab89bda447b5500252195cf10a6aa1c7c75449031005f38d4294e3f7e1,,,397
document_row,EXT_E212,public,,a6635079a364cbe07143e8679eef8f9e3657ea972da564cdd5c8261f115ebf85,,,398
document_row,EXT_E212,public,,50603da27ccb1b87a42d9b82d7f2186b2ae943b4d91209d8273d2cebbed6a0cd,,,399
document_row,EXT_E213,public,,f4bf55238bd7225bca181183057a809966e609f4dd5d93a78e80eec1ea615eee,,,400
document_row,EXT_E213,public,,170ed52f41b78e63a3cf936724cb0fc883dedc098f834387956d696d2e3f1310,,,401
event_row,EXT_E001,public,,db5b2b03ed687b97238c705b8870d3c61228b5d491fdb8a42122fa7e75a51df0,,,2
event_row,EXT_E002,public,,8b2f269a37b4bb4ac7720a7a588cad05d51607b7a4f45e4d0d5db67d79e9d797,,,3
event_row,EXT_E003,public,,77487e04e340a33983cb996eda32bcd99a0e9fb600768644c4118272e6a34d4f,,,4
event_row,EXT_E004,public,,ccbb566f40cbb02718f0e4bf91c5bb52812867867628e9009b6cca984cc463f5,,,5
event_row,EXT_E005,public,,0ac9904f9c1ee7f92627fae33d033f7250d9dd9789ef7db72c621a52242957d3,,,6
event_row,EXT_E006,public,,7a48c398e9b4d384e2049f3d03e8b0332577e3cd8af6dc38271ed3b0dc59b184,,,7
event_row,EXT_E007,public,,8deee0e338fe773aaa87463237e3c2754499f00707bc1ccda69126bb5cb238c4,,,8
event_row,EXT_E008,public,,4fe16ca9651b1ac5842b0212a37c6a2d704e109fdffc8ae84975ef8d59aff498,,,9
event_row,EXT_E009,public,,1c61116411b3f8b0987c6fdd06c957ee6b11e2053427058d18ac2959691bd543,,,10
event_row,EXT_E010,public,,bea720c235784d3012985277d8f7ad7b8c55d2f410c4df8acd2a4fa26cc1b813,,,11
event_row,EXT_E011,public,,620de83127a5a96004c265efcb4bf64307ddf7cef6c829682d483769f20cb048,,,12
event_row,EXT_E012,public,,1e69672539857a6f17c6838185ac6e2eb27c3a4de038591c67aacafc4f4a6b8a,,,13
event_row,EXT_E013,public,,d2689765583824716e86a6dd33c0f2ecd6c37973bf56b6d7de4c966a5aad87a1,,,14
event_row,EXT_E014,public,,f4629d58e830b6b023204414b6d75f7f98bab431ad2a8a5cbd782fe68e2d7bbb,,,15
event_row,EXT_E015,public,,6c3765adf9aaf3d582cd3fa3be82f179c0f144a6481d1660659ae3aba49b6bc1,,,16
event_row,EXT_E016,public,,e988b8fde77a2e0e30e3de7c031e8ccb0f73b9edde52a39a2b55a0f34387b270,,,17
event_row,EXT_E017,public,,269df0a0351f0abfd7b89e67770faaf01931b6a1f7cfb4ea75850be95befe5c2,,,18
event_row,EXT_E018,public,,fe83fd741883201867d3946425bfb792d10f39986866519b1783fe424ed13c67,,,19
event_row,EXT_E019,public,,1ceeb782741ca56e2c22b0af9e2631ceb2b2d924a3d7f18dcb10c66ae1e84930,,,20
event_row,EXT_E020,public,,29b56fd7d479ca580019ac3cf10cd1641af24cafdc26bef7079153218047f51a,,,21
event_row,EXT_E021,public,,0eff26171bc51c15c81ec476957797e70118d915e1a9837a662732697f2f1a1c,,,22
event_row,EXT_E022,public,,8354768fe231703c95a8cfb44267b509dcb2d9e27b1a53f092d3a5aad87bb4fc,,,23
event_row,EXT_E023,public,,f2904546eb2e8b8f258ae509172296720a1d65b009899848f91ff88de72499cd,,,24
event_row,EXT_E024,public,,4ff39813814992d8e39dfabbb5c6fae2ac5737a0a10a09d8e638356c674f09ca,,,25
event_row,EXT_E025,public,,dec0d785622ef278b8ae74eb961dee82e6b25a9bb2dac3c2af439a23ad6e1dd0,,,26
event_row,EXT_E026,public,,320ddd7ae989acc35b613813ccd1f5220586b59af050ea450a9f4c823bccc4fa,,,27
event_row,EXT_E027,public,,bee8c48477e1aea81e775468a402f892284d5e9a713a88df855902f60f9b43dc,,,28
event_row,EXT_E028,public,,901b332623b44dde9c173701c637e59c1344bfb974236bce826e7b6f0031f238,,,29
event_row,EXT_E029,public,,c6906cdcea063e4f597be009247dc94cc7fe755994e4512f31c8488da2481787,,,30
event_row,EXT_E030,public,,51d3146d9195eb6fbd4849e42ebfd2e2b46debc1ef3553687ff9c15c810f9581,,,31
event_row,EXT_E031,public,,52094591ccedfbc90621b5a173584b862a5ef9135452588825589da8d3afa988,,,32
event_row,EXT_E032,public,,f0854398bd6315b133830414e841064c402ba3c98cfda4f9d83dc6cd55f9b550,,,33
event_row,EXT_E033,public,,c5763d417d411ab0528d54b9e67962988034f194782bb52093c91380e24ae4a2,,,34
event_row,EXT_E034,public,,e3296747d9989e9a863f89b14c9f3cb04e736bdb5d13a88c5d1d209be4dfe287,,,35
event_row,EXT_E035,public,,d03b53875f1c20277b2866556596979038519ce6a2e90e965976f5cae87f9c3e,,,36
event_row,EXT_E036,public,,6ed209958184d8e2aabfcd666aad76fe387d4803d9dbc6789bb155fb788d04d1,,,37
event_row,EXT_E037,public,,c87db15b4cfed701532fafaa8b31299847f204b616a14d2398d0f0cf38ae2e18,,,38
event_row,EXT_E038,public,,55ee61d43b36265f32db4911c67a8989b6f6044a3efc7ca778c699987f4e7362,,,39
event_row,EXT_E039,public,,190ef2810fb0b999d809a748b6cd20e6b11c8a9ea2a57fce05e0240f34d8893f,,,40
event_row,EXT_E040,public,,46c5d762140d5ebccad30dc946a8296d1d6ddad777a2cb2433933b2910ec01d2,,,41
event_row,EXT_E041,public,,be10b4c9cd510b215256dcaf94737d0f3667fd1d756aa26a0ab6045a1136c8c6,,,42
event_row,EXT_E042,public,,4f330e82427e3569bfa3d15b55640bf75f99a76d8911f5f93ca27c44296b7a5b,,,43
event_row,EXT_E043,public,,0c65762e6b5b368ecdb88b16b567d1d55d45ad3a345d20baee962749bc611564,,,44
event_row,EXT_E044,public,,ff3c50a1016e05fcaf8ede2edeb88bbf80a7b4b4e87c1b7aa6fa9a1edc5e1a04,,,45
event_row,EXT_E045,public,,0790c5247c22c7ae9dd8bcaf0b8328600837e5eb50ca0ba1ec22cbd526c58ebc,,,46
event_row,EXT_E046,public,,c9c7d2690f28512e98e9f2383146c2ea7369fd3b802e5cd030c5fa7e1d1dbf10,,,47
event_row,EXT_E047,public,,7d0fedeff53435d27885a12cb320425960ef16ad1bef8716ac4464a994615657,,,48
event_row,EXT_E048,public,,706b5e2321bc2c1e1eaa932bf0c5436f9a1da906336d1acc11e3dac200d7d682,,,49
event_row,EXT_E050,public,,630936768cebf0bb1cab2e2cbb042c6557193b0b76b464821f7c71632ccc8721,,,50
event_row,EXT_E051,public,,c92f87d8c29d171fee194fe97a345c3fea67672e8eef3062ec3fd7707ab02e04,,,51
event_row,EXT_E052,public,,949d8aa5cc8d1d917536206a81d71915c2b6e379094da330c0e22d0328555dd5,,,52
event_row,EXT_E053,public,,c66544f57b4f8d7f3ba3b29f1f437be2a0c55a794475a1cb8b8ad99fbe737af3,,,53
event_row,EXT_E054,public,,45d3bb6faf8e3868b154c38f789d57119be5965111338ecec42b0f518d009089,,,54
event_row,EXT_E055,public,,ea4dc15a68fc058aa114b213608ebce00da476224499bba07c565afb7bb12fff,,,55
event_row,EXT_E057,public,,55400be3b3a8a36a514ca94b6fc71e4d2b16053b967e1494cc19dcc613d294da,,,56
event_row,EXT_E058,public,,909c94c4c47e523e2856972923868f298ae58391e2448c55c7fb6a766dbda322,,,57
event_row,EXT_E059,public,,25da21c658819c0c847f3add57221106f621bd487a198a974355ffd643ad46c9,,,58
event_row,EXT_E060,public,,5e3a8e86186d7b383720b75ee9030ae0a24036b938dbe22c95ba880d7b3eb6e7,,,59
event_row,EXT_E061,public,,8fd3fc484c8c17e71baab6a42c8db05d4847b0a4e6b6e0a1f6dcd4941931fc6f,,,60
event_row,EXT_E062,public,,09dc5b79a1192bbf12b71dfadeb60f97f4afc47ae8607fcf0240075783e02564,,,61
event_row,EXT_E063,public,,19d8a82a5b23db73f679ffb5c3fcba90602d543031b30b8134e9d6333dd91a03,,,62
event_row,EXT_E064,public,,29b106d92cd2c3c589f585c88a6376e892ca2798751451c17e76321757e08dd1,,,63
event_row,EXT_E065,public,,8a5d7a553f1ee25cf93d5bd65dcaa16f3d65ab9b708e6eb428771d0a5ee9d833,,,64
event_row,EXT_E066,public,,a56edbd3c6aa58b330029634e102872039faca7ce48eb15496be65fde763f942,,,65
event_row,EXT_E067,public,,7ebb67dbfb09e1952a410845d3d2fb22dbb119dd9df0ab9d827004bfc191b717,,,66
event_row,EXT_E068,public,,949a0907862627e59847b4faf065ba4548a4de408ea2a9e36c610de707595b75,,,67
event_row,EXT_E069,public,,e6c4ad3570d74a5e54c0f4f407a8073b39ad45b308206fb6b34dd661fb4c710a,,,68
event_row,EXT_E070,public,,d079fd2c9c1386c5c7f6178fc096b8061e91379ef6831e3e69d5b2f3207387a0,,,69
event_row,EXT_E071,public,,8e9bcfe88883b14ac6683c19d10287b8a05052cbb643416c0dc6a3900b2b4a5b,,,70
event_row,EXT_E072,public,,21c1fb44c773268d23d8c54dadc5e280a92909cf665c1873947e3624f063f726,,,71
event_row,EXT_E073,public,,f810939daa83f7ac9b5e501515defd35da7fa9c164d9e4043a60d7e93645af55,,,72
event_row,EXT_E074,public,,31b18aa3707ec859337edaa83d21b00f661b238a8c65db08d5c952be8d29d946,,,73
event_row,EXT_E075,public,,f287f7bd7b8801ab18e63cb52a72b74f34d2e1495fe400d4c28537cb76438b80,,,74
event_row,EXT_E076,public,,e92dbefeab7ec074cadd1a02798161c1b2dad8ea411a1d1087f8e471464cd0fd,,,75
event_row,EXT_E077,public,,33b073b760e91a8d473b5c31c298ec04e1f1836920db7f59af6db114886cdcfa,,,76
event_row,EXT_E078,public,,3f4055246ab09c47a77a82fd561efc313dd5f3515a6d02ed2472d2267f9f0b14,,,77
event_row,EXT_E079,public,,fa39b9f2a4811d4e1680b18512959fee82f05e5478ec5f3bb8e648e91e25b70b,,,78
event_row,EXT_E080,public,,6422189ea06e1f2942ae123e930d474a455d3934900c9aa6aa93eaa91861f704,,,79
event_row,EXT_E081,public,,f64392a9633991c284cd2f11035688b7b91e1099f5e938f2e2baf9c431bf08d0,,,80
event_row,EXT_E082,public,,19b48c59f831f26406c2f1bdb08b9a9a4efe9f4faca85f346713002856e010d2,,,81
event_row,EXT_E083,public,,babd8e7c07f034036036f5d26e5cb27bcf83837bb77968199fa3f5a6af34fc86,,,82
event_row,EXT_E084,public,,52e943c25ee70e83f36a056b5326a77e6fd7ff02e86d519efe73aaf1ebc9bb95,,,83
event_row,EXT_E085,public,,93503e30ae72bfcbef83ff4bb46a997734f750582c23d75cf03c78c834534129,,,84
event_row,EXT_E086,public,,410dfb873f388555a55e7fd07504199c0db14347c2d4d39736b86c10569cee3c,,,85
event_row,EXT_E087,public,,3f676a74854e94daccc647e990f8c0a3965f91a4df42fb2e9cb684be856f2d18,,,86
event_row,EXT_E088,public,,a82554a44a9fb7a43d2d69eb34f60ce96c2ef2d2754a036b31c3b750a0dc9a78,,,87
event_row,EXT_E089,public,,76c9a62fc1eaa09e478648e30ec9c4fead7657628c13230034453a157a2abe3c,,,88
event_row,EXT_E090,public,,530508eda5f7034be99eb99770244c68bcf5b0fedf620751f73612752fa9b04f,,,89
event_row,EXT_E091,public,,acafb229f55846b922beb44fb3e1485da63595c364021b8bcf94fd1d4f8e7af8,,,90
event_row,EXT_E092,public,,b8cea08207a7da5d6acc91e8bacb264bb3fe568d253b83d7d602048a3bac9940,,,91
event_row,EXT_E093,public,,d764fa91c23341ee92599236013c288d9fc7a208198d6b6d9f33790215d9d4e0,,,92
event_row,EXT_E094,public,,1307d262a68dbc2b8726a8b3a52bb52218465166bd0f1a57b9e1569d0b83e922,,,93
event_row,EXT_E095,public,,aeb1b54ccc7df3f6fc6f28de4a0a06c374f7ec456e070085ad2d48975e75427b,,,94
event_row,EXT_E096,public,,1ae1d74d1683970560103d0b2425b7bac907d54e06924492e291f590b8432682,,,95
event_row,EXT_E097,public,,7649ea730078d3390bf598f57fb7e6b204cbe74082a37436f905e3899c6b4ed9,,,96
event_row,EXT_E098,public,,1c9779f2a1f7d8bd9d5ad03060e99863da049c696f9b74fade12aa302a32a4f2,,,97
event_row,EXT_E099,public,,f439eb3958b58acb134b30d7fa341675c50dbfaf846357cccf95b3efa5d3d9e3,,,98
event_row,EXT_E100,public,,aaf3098a8790fa18eb6ee6710814c3d1c6fb75286283042631b3f3eb7595490d,,,99
event_row,EXT_E101,public,,7944a3711a1b6019fc0f97defcc9d47d2f4603355afd6dcc9a1087932ac14b40,,,100
event_row,EXT_E102,public,,d4629d50ec48b835c40b59959451d6f0fb67eb883d2aae532a2dd25c66a11279,,,101
event_row,EXT_E103,public,,6f0a603d15a765f0c7f16a5be84531a23ef40275ab3d0bd65743501c68e48305,,,102
event_row,EXT_E104,public,,86ef51eb7da8d120019dc5164b631342ba6538ec9baae2959e49fccc77c1b83b,,,103
event_row,EXT_E105,public,,9932d2e660203a08355330e9668d687ed22a69e202c9fdce12760de95e143f2f,,,104
event_row,EXT_E106,public,,663ab8c172444ae34547535652333a0533c357a51f60066f70e8d06f37056504,,,105
event_row,EXT_E107,public,,0d2171fefe77ade4af54b9b02c5f45ddd6c83f46dc0746d1003dffaa4176c38f,,,106
event_row,EXT_E108,public,,1e67d40990f984b11f113e221822265ada25bea42f6f569d91ee57303f83d264,,,107
event_row,EXT_E109,public,,328604a8fd90dbc925700258cf3cd734e09a77dedea0eb81e130dfce16e6ab38,,,108
event_row,EXT_E110,public,,e4a7809befadc96598e80dad49eca2176139d99c80763a49c165c18ca7492ba8,,,109
event_row,EXT_E111,public,,541a1fa4a66a05dfa9db268050292d90e198d501262d131eea8a9d4941447bfa,,,110
event_row,EXT_E112,public,,05add57d077112776ea83878344e521f0710d26c858ace14ff8b0970fd65f00d,,,111
event_row,EXT_E113,public,,d2a1a8e23712a7d891d25bf0eed4e3b119f73f8ece51b12efcddc2f5b18a5e13,,,112
event_row,EXT_E114,public,,27301bf9ecd8bb3738fe8cfe4dd3f437a8de42ce148f4a82bbd211549e53acc9,,,113
event_row,EXT_E115,public,,77ecd16912e82880f03cdd31bc59c8bfda3b400eedf99302dceab64cb09db8e3,,,114
event_row,EXT_E116,public,,1076d0149d1a13ea8421bac53e5800415557a8b12a97d5fc2dd7fa4603f196eb,,,115
event_row,EXT_E117,public,,a1118214c9132c01f75ecbabf77291ac3fe2e747ffc5c9862ae894d307ecfaa7,,,116
event_row,EXT_E118,public,,5dbeaaa7882627db5a40b9f3a47dc82fa2b7287c32713a7841769914919ee7a9,,,117
event_row,EXT_E119,public,,c70b3fa8dbbf806374d256a1f10efee3cdad4fb6405f8864d1978a88d69d5c48,,,118
event_row,EXT_E120,public,,67ec27b51bd380f67088e8556fbe8d6ee46858b490b9d7e002178e3031905656,,,119
event_row,EXT_E121,public,,b75b61a82daee1950ec0cf74b0e938f6fc9f69d2495009d6d07f7a05e8f95b92,,,120
event_row,EXT_E122,public,,a1ab301fc1240a3cbade87a97dd5fd14a8739b8ecb02b6a34e1dac343b6456d1,,,121
event_row,EXT_E123,public,,f99f5f8533528738e73add085965395eb50ad37de653a3d2acfe2f9a4bdeb263,,,122
event_row,EXT_E124,public,,8b25846ffc9a514d4da6a637d2ccda864f68e804407f3e3605cc41ec59f96a81,,,123
event_row,EXT_E125,public,,0f950d3437518a611dc2b1634eb11d5146ac03d3f9ff4ec21418959369b6e798,,,124
event_row,EXT_E126,public,,6f30f9f6107c87a91d723df34e0bf3a6dd5ebbcece06c6c7d94f0d7db1be60c6,,,125
event_row,EXT_E127,public,,0580c32663455366abb79bc4a6337d02ffbd87e3b7d55dd23bdd5878b2a53fbe,,,126
event_row,EXT_E128,public,,7c104625b999c33e4976c0acbee564f979bc9d9870f268eb6eabeb6372c663a9,,,127
event_row,EXT_E129,public,,11bb686cfdfef4278e7b6d0740ad5462946f31cdceed54484152ee98109757d5,,,128
event_row,EXT_E130,public,,bbe7f6b5801526bb7708909b8b5e3e7053877c227cf0d057eeb04320ebe7dbd7,,,129
event_row,EXT_E131,public,,0d870b535d8747470426a6e1430bb3a4e9f8e10ca1f576981126a4fb2f0c3373,,,130
event_row,EXT_E132,public,,5d6ccc4eeb8e4ce911227925488a3bafef9922c0b2fd1fefa05fdd725950f7f6,,,131
event_row,EXT_E133,public,,8d13d49f0e8cfb82c08d5fbcfebf43aec4753b55439eda4fb0277d4f12319bfd,,,132
event_row,EXT_E134,public,,4878aa7623ed0db56b2df7fc94bdcdf34ea451453561d73a90933d27d03c75d8,,,133
event_row,EXT_E136,public,,c539ca5bb472eb2e05cc7df9cd984a7e888db3a05a9bee272b39bb28810b476f,,,134
event_row,EXT_E137,public,,c00b6686bd2e7ea045b18c1956154cfc64c11edf7d5de540ea326e2c4b460f68,,,135
event_row,EXT_E139,public,,de5ee548db561ec253fc5508c9842f4bbec92a3df8fa2af0c6864a8a0c7ac1af,,,136
event_row,EXT_E140,public,,7db7995950f7c16b16819780534a9d60dd4e20430fa4844e1fc1ef50c0814255,,,137
event_row,EXT_E141,public,,26195ea696afaa1b73b94f6725e117ef233e247db83ba2f0fc3f392a2842a6e2,,,138
event_row,EXT_E142,public,,da7357f22f2fbfcdbb3e44e31e46613d8772b21881c6e3f07f2b3e7764d45339,,,139
event_row,EXT_E144,public,,50edf2c9aa0258c9d7dac875f99f23cfc2080c07be7a8712ca73dec9ac499f7f,,,140
event_row,EXT_E145,public,,baae232b217618aef768e57c5132a6d64b5b5164791ba3dc9e83adb203cfcc3d,,,141
event_row,EXT_E146,public,,7fc4801e384ae18fddc8a5eb4d5886a0394840c14bf3d11f3abe9296c0e5d7a2,,,142
event_row,EXT_E147,public,,6f3a3d8f18e7dbb12f72dafb6c5a73b86f34b7e5ebd91a622db08d615654c49d,,,143
event_row,EXT_E148,public,,5510c207b3ddac628a6ee46472e2d99ac0dc9cd92ce19b5fb8486c644b8a6386,,,144
event_row,EXT_E149,public,,ee14efb3f0065cce912f9b1b18f264520999edc820ef8e273a6bb8bd2ef20893,,,145
event_row,EXT_E153,public,,815738f88ced5e78bc94036cd472d7177c8da9575c065e31681398c354d05770,,,146
event_row,EXT_E154,public,,4befb6bd92550d189bc80e99e63722891335bb5b870a076511b6fb40ad5f9c41,,,147
event_row,EXT_E155,public,,13952da10becfa38cf353f3fe1ecb8dd64540356b6bdd255ad362c98f816fce0,,,148
event_row,EXT_E156,public,,0726c1c9bc3f9d4312fea669c579feb23e01a7cae11c55acac770140141162b0,,,149
event_row,EXT_E157,public,,ef0a647fbc75601bca7712e57ba4cce851b20b5f97312239135e1b4420a2a19b,,,150
event_row,EXT_E160,public,,5f715253b8a2c1c6861d811fc029594f09879e2160c2c18280ee28a4e2f1eaaf,,,151
event_row,EXT_E161,public,,53d7f6d9344843d425cf522f5ffb34aadbfb98f503557a155fe08df8dc3fc3d2,,,152
event_row,EXT_E162,public,,57c092219253a7472d708a9c2d9bc0af923babc337275b26c1fe115276f4ce46,,,153
event_row,EXT_E163,public,,64332cd4f56ff04d0d1b235bee834b1e36163894805ad341f4060061de0ee670,,,154
event_row,EXT_E164,public,,3024e8fe87effdbe0dc2bd46bed04668dc15b9b03e6f870e9be54b393d3d3632,,,155
event_row,EXT_E165,public,,9721bf265c76389b9820665860018bee91e2c22408122dab3ec3e8ebb0157f6c,,,156
event_row,EXT_E166,public,,64cb0626fb2b37e5226ec6a62f9ecc5c68903dffcf2cba69eb102bbc5209a8a5,,,157
event_row,EXT_E167,public,,1be4462097cca590a019ed22a73c72ef38bf238f24735d91922ad371f62daf40,,,158
event_row,EXT_E168,public,,60548917445d4c1f1a477f773bf9e7f29aa3e91c9ceca38992d743eb5fe2179b,,,159
event_row,EXT_E169,public,,5a5b078c2509a7d334879b56d31c6eddaf049d89956626195701f1360f6d8b4f,,,160
event_row,EXT_E170,public,,6df8badeb99e9744c8981672f490d3336d33994008457ab316460da72d4a976f,,,161
event_row,EXT_E171,public,,7f99395a72ae9e1b2cc34919cbd69ac09e029166428dce8b81f253c9591bce59,,,162
event_row,EXT_E172,public,,668dd654bbff689f23ec8352c1760fa70ff9c2035d4c8067445262b63711987d,,,163
event_row,EXT_E173,public,,0e3bd0019d64b002263160f344ed250fce140632bf97fabcd0ab251c85722a05,,,164
event_row,EXT_E174,public,,7705c4e5048e23ddca3dee01ba18c2372a9d371a04c043af52bd7d7f1a9f4136,,,165
event_row,EXT_E175,public,,087394e84ea30aef561705061006c5371166b4299254018f2c4164da613e07d4,,,166
event_row,EXT_E176,public,,16c30ac94ed17be39ca143f38dce429a7408e54ee17f2c9fb0a9ba099cfe45f0,,,167
event_row,EXT_E177,public,,defc64e7e4af43e39f4dd8b0e75c5a35ba0070edacfe779cb28148ad8d6da718,,,168
event_row,EXT_E178,public,,1845c77148b9e7098677975e3ad489f6caacfdf08b695e86b615020789c41d74,,,169
event_row,EXT_E179,public,,3fe22d7ecc72ad45cb3214f59114e3d812276c142f39470a2f4deb474e9560b5,,,170
event_row,EXT_E180,public,,135de4fb52faf9f40e98a4668a4d1a147f9731644f79c2f02e90e272ca47da64,,,171
event_row,EXT_E181,public,,369a330ae4588197c9e4267f17470722dfceb9697aab8993af7070bf41693adb,,,172
event_row,EXT_E183,public,,d6a8e2c6ff05d50bba1aa155ec750d70ba33a7a29b168a58acc426af9e6aa019,,,173
event_row,EXT_E184,public,,d866d2632355b0bbaad20393909a901e0fea9ffbc74910644d487d3b88e0136c,,,174
event_row,EXT_E185,public,,ab4fcde0ebb9e058bf19070e7fd109993d80b530db6e37cce0c4bb22fc6ba683,,,175
event_row,EXT_E186,public,,50eb4a3ada2f6f015cfb89384c58dcb71b76c8ceac456221933a11aa4d8ba077,,,176
event_row,EXT_E187,public,,b61065add7eda35b00fbfc631e42e39b9db6405c0d96e66f164b38be51c6287d,,,177
event_row,EXT_E188,public,,dbd3896ddbd49d1c1ba5f5aca5c40876c8085e5b68cc000fffacd7d47615f9df,,,178
event_row,EXT_E189,public,,726498a70b283a8f153ab3ec73a9bb960fd72effe3f9e5608304b5dee38c25da,,,179
event_row,EXT_E190,public,,b7a5161b8d60f9fa78aa46092a20e81d3db960951c4236b4efea56bf9b07a727,,,180
event_row,EXT_E191,public,,350bd357a26865d52f2bef2413b7e42c4d4342de0fcc0fcde7eaf26a2ea1927f,,,181
event_row,EXT_E192,public,,028173c7a350af3ebbf5d0a1ab4fb51460ce64e7123c54c68ccfea92fcc0fd0c,,,182
event_row,EXT_E193,public,,5de059d91b86c3eeffa19eab3c84afd7164ee5ea2d95c2bbdfd709a94cca58d1,,,183
event_row,EXT_E195,public,,1a758ec1d59df280130d878706ce26c945af8f4eae7729beb86d6f9d233c5f12,,,184
event_row,EXT_E196,public,,f472f07c58dd024f391035a943389606d52186b6af0f74693b5dd831b1462b58,,,185
event_row,EXT_E197,public,,70172b9e5c38cb2db4c0dd98964c1447cdd7ed1e605bdce07bc1a6de2b65a8ae,,,186
event_row,EXT_E198,public,,22632bd5db3dfd2438bd5d6a1ebfcd07400ad4c9e25257f9aff2b70def565b34,,,187
event_row,EXT_E199,public,,2ec9616600da7552bf41694c49f65173d451fea8740a5d7dd2b1ee61aa0b26a9,,,188
event_row,EXT_E200,public,,067cf948b61532885f71f3dc6e1b5de1186342766653c4d3de1620dbefd18c6b,,,189
event_row,EXT_E201,public,,45bdabd20c22b53e7a9d77035fa998ea80a50fa146e9ecbca98f584252be79d8,,,190
event_row,EXT_E202,public,,bd030f447a0d838103ef37aca0ee6b22251fdeef022e9f9634f3056356fe3308,,,191
event_row,EXT_E203,public,,665b39507a0c7d5ce32029ff80b8eea9b9f045ea5cd48b2b4a7335b10cfc8dfc,,,192
event_row,EXT_E205,public,,2fca32f2151ea15d75970b8041d771195586bb4e2ca262bf3f258f98df95bd1b,,,193
event_row,EXT_E206,public,,53b80ed02735856d92d155f3b47af6e9753e83ffb3280f3f4d2e79b31808c66d,,,194
event_row,EXT_E207,public,,611b14f1d923d411397323f2d69d2f5a8d0b71b1632713577aa196781c83b9ba,,,195
event_row,EXT_E208,public,,a5eebf61438b4d1178c93f8703f2d4ea6e1f711911a2c99e1612d9fea085991e,,,196
event_row,EXT_E209,public,,13299458a87b0db51a39ab4147810a53a31f1a8cd5d37553a06964eda9b1e172,,,197
event_row,EXT_E210,public,,7a30e3bc09925023d1ca550078d7e42eff200ff0bd527e48edfcac6db8aff297,,,198
event_row,EXT_E211,public,,9d01fd24dbff0c42ea39d6db3060c46fa6be5485049aa3d928a324384b5f3fa1,,,199
event_row,EXT_E212,public,,c8faf42342482a01760e741d458fb79a2c0be03c6a25c10af008aa8d1daf6993,,,200
event_row,EXT_E213,public,,1b711bb83e276bb5b253906f5b7df0627bd216cc92c5a260b04befc5c1ddc340,,,201
input_documents_csv,,public,benchmark\external-real-v8-grounded\public\documents\external-real-document-template.csv,8114b1047eeb5f91ff6dded8d39174a899855ed800214182752da654d5f9e396,297705,2026-08-27T14:29:43.496303+00:00,
input_events_csv,,public,benchmark\external-real-v8-grounded\public\events\external-real-event-template.csv,8ed93e02df475c6ebd31a7c2d40792063723804c004292e620209ad0b01014c8,120064,2026-08-27T14:29:43.490761+00:00,
public_file,,public,benchmark\external-real-v8-grounded\public\documents\EXT3_DOC_069_NEW.txt,647996b639d80dae4d46be540c85f126a4f6e153b8242ad0615ba2d874ffe464,4881,2026-08-27T14:24:34.472625+00:00,
public_file,,public,benchmark\external-real-v8-grounded\public\documents\EXT3_DOC_069_OLD.txt,2931a7fdd23112f4e07a3bacbfd4de75c9d72e9889b9d2cbef934fb43ed8f6b5,195,2026-08-27T14:24:34.475137+00:00,
public_file,,public,benchmark\external-real-v8-grounded\public\documents\EXT3_DOC_070_NEW.txt,647996b639d80dae4d46be540c85f126a4f6e153b8242ad0615ba2d874ffe464,4881,2026-08-27T14:24:34.484936+00:00,
public_file,,public,benchmark\external-real-v8-grounded\public\documents\EXT3_DOC_070_OLD.txt,2931a7fdd23112f4e07a3bacbfd4de75c9d72e9889b9d2cbef934fb43ed8f6b5,195,2026-08-27T14:24:34.486945+00:00,
public_file,,public,benchmark\external-real-v8-grounded\public\documents\EXT3_DOC_071_NEW.txt,647996b639d80dae4d46be540c85f126a4f6e153b8242ad0615ba2d874ffe464,4881,2026-08-27T13:59:27.515611+00:00,
public_file,,public,benchmark\external-real-v8-grounded\public\documents\EXT3_DOC_071_OLD.txt,2931a7fdd23112f4e07a3bacbfd4de75c9d72e9889b9d2cbef934fb43ed8f6b5,195,2026-08-27T13:59:27.514062+00:00,
public_file,,public,benchmark\external-real-v8-grounded\public\documents\EXT3_DOC_072_NEW.txt,647996b639d80dae4d46be540c85f126a4f6e153b8242ad0615ba2d874ffe464,4881,2026-08-27T14:24:34.499020+00:00,
public_file,,public,benchmark\external-real-v8-grounded\public\documents\EXT3_DOC_072_OLD.txt,2931a7fdd23112f4e07a3bacbfd4de75c9d72e9889b9d2cbef934fb43ed8f6b5,195,2026-08-27T14:24:34.501022+00:00,
public_file,,public,benchmark\external-real-v8-grounded\public\documents\EXT3_DOC_073_NEW.txt,647996b639d80dae4d46be540c85f126a4f6e153b8242ad0615ba2d874ffe464,4881,2026-08-27T14:24:34.512630+00:00,
public_file,,public,benchmark\external-real-v8-grounded\public\documents\EXT3_DOC_073_OLD.txt,2931a7fdd23112f4e07a3bacbfd4de75c9d72e9889b9d2cbef934fb43ed8f6b5,195,2026-08-27T14:24:34.514790+00:00,
public_file,,public,benchmark\external-real-v8-grounded\public\documents\EXT3_DOC_074_NEW.txt,647996b639d80dae4d46be540c85f126a4f6e153b8242ad0615ba2d874ffe464,4881,2026-08-27T14:24:34.526630+00:00,
public_file,,public,benchmark\external-real-v8-grounded\public\documents\EXT3_DOC_074_OLD.txt,2931a7fdd23112f4e07a3bacbfd4de75c9d72e9889b9d2cbef934fb43ed8f6b5,195,2026-08-27T14:24:34.528154+00:00,
public_file,,public,benchmark\external-real-v8-grounded\public\documents\EXT3_DOC_075_NEW.txt,647996b639d80dae4d46be540c85f126a4f6e153b8242ad0615ba2d874ffe464,4881,2026-08-27T14:24:34.538488+00:00,
public_file,,public,benchmark\external-real-v8-grounded\public\documents\EXT3_DOC_075_OLD.txt,2931a7fdd23112f4e07a3bacbfd4de75c9d72e9889b9d2cbef934fb43ed8f6b5,195,2026-08-27T14:24:34.541081+00:00,
public_file,,public,benchmark\external-real-v8-grounded\public\documents\EXT3_DOC_076_NEW.txt,647996b639d80dae4d46be540c85f126a4f6e153b8242ad0615ba2d874ffe464,4881,2026-08-27T13:59:27.582030+00:00,
public_file,,public,benchmark\external-real-v8-grounded\public\documents\EXT3_DOC_076_OLD.txt,2931a7fdd23112f4e07a3bacbfd4de75c9d72e9889b9d2cbef934fb43ed8f6b5,195,2026-08-27T13:59:27.578763+00:00,
public_file,,public,benchmark\external-real-v8-grounded\public\documents\EXT3_DOC_077_NEW.txt,647996b639d80dae4d46be540c85f126a4f6e153b8242ad0615ba2d874ffe464,4881,2026-08-27T14:24:34.552084+00:00,
public_file,,public,benchmark\external-real-v8-grounded\public\documents\EXT3_DOC_077_OLD.txt,2931a7fdd23112f4e07a3bacbfd4de75c9d72e9889b9d2cbef934fb43ed8f6b5,195,2026-08-27T14:24:34.555135+00:00,
public_file,,public,benchmark\external-real-v8-grounded\public\documents\EXT3_DOC_078_NEW.txt,647996b639d80dae4d46be540c85f126a4f6e153b8242ad0615ba2d874ffe464,4881,2026-08-27T14:24:34.565801+00:00,
public_file,,public,benchmark\external-real-v8-grounded\public\documents\EXT3_DOC_078_OLD.txt,2931a7fdd23112f4e07a3bacbfd4de75c9d72e9889b9d2cbef934fb43ed8f6b5,195,2026-08-27T14:24:34.566798+00:00,
public_file,,public,benchmark\external-real-v8-grounded\public\documents\EXT3_DOC_079_NEW.txt,647996b639d80dae4d46be540c85f126a4f6e153b8242ad0615ba2d874ffe464,4881,2026-08-27T14:24:34.578864+00:00,
public_file,,public,benchmark\external-real-v8-grounded\public\documents\EXT3_DOC_079_OLD.txt,2931a7fdd23112f4e07a3bacbfd4de75c9d72e9889b9d2cbef934fb43ed8f6b5,195,2026-08-27T14:24:34.580122+00:00,
public_file,,public,benchmark\external-real-v8-grounded\public\documents\EXT3_DOC_080_NEW.txt,647996b639d80dae4d46be540c85f126a4f6e153b8242ad0615ba2d874ffe464,4881,2026-08-27T14:24:34.590760+00:00,
public_file,,public,benchmark\external-real-v8-grounded\public\documents\EXT3_DOC_080_OLD.txt,2931a7fdd23112f4e07a3bacbfd4de75c9d72e9889b9d2cbef934fb43ed8f6b5,195,2026-08-27T14:24:34.592265+00:00,
public_file,,public,benchmark\external-real-v8-grounded\public\documents\EXT3_DOC_081_NEW.txt,647996b639d80dae4d46be540c85f126a4f6e153b8242ad0615ba2d874ffe464,4881,2026-08-27T13:59:27.641495+00:00,
public_file,,public,benchmark\external-real-v8-grounded\public\documents\EXT3_DOC_081_OLD.txt,2931a7fdd23112f4e07a3bacbfd4de75c9d72e9889b9d2cbef934fb43ed8f6b5,195,2026-08-27T13:59:27.640456+00:00,
public_file,,public,benchmark\external-real-v8-grounded\public\documents\EXT3_DOC_082_NEW.txt,647996b639d80dae4d46be540c85f126a4f6e153b8242ad0615ba2d874ffe464,4881,2026-08-27T14:24:34.602341+00:00,
public_file,,public,benchmark\external-real-v8-grounded\public\documents\EXT3_DOC_082_OLD.txt,2931a7fdd23112f4e07a3bacbfd4de75c9d72e9889b9d2cbef934fb43ed8f6b5,195,2026-08-27T14:24:34.604410+00:00,
public_file,,public,benchmark\external-real-v8-grounded\public\documents\EXT3_DOC_083_NEW.txt,647996b639d80dae4d46be540c85f126a4f6e153b8242ad0615ba2d874ffe464,4881,2026-08-27T14:24:34.615263+00:00,
public_file,,public,benchmark\external-real-v8-grounded\public\documents\EXT3_DOC_083_OLD.txt,2931a7fdd23112f4e07a3bacbfd4de75c9d72e9889b9d2cbef934fb43ed8f6b5,195,2026-08-27T14:24:34.616670+00:00,
public_file,,public,benchmark\external-real-v8-grounded\public\documents\EXT3_DOC_084_NEW.txt,647996b639d80dae4d46be540c85f126a4f6e153b8242ad0615ba2d874ffe464,4881,2026-08-27T14:24:34.627621+00:00,
public_file,,public,benchmark\external-real-v8-grounded\public\documents\EXT3_DOC_084_OLD.txt,2931a7fdd23112f4e07a3bacbfd4de75c9d72e9889b9d2cbef934fb43ed8f6b5,195,2026-08-27T14:24:34.629125+00:00,
public_file,,public,benchmark\external-real-v8-grounded\public\documents\EXT3_DOC_085_NEW.txt,647996b639d80dae4d46be540c85f126a4f6e153b8242ad0615ba2d874ffe464,4881,2026-08-27T13:59:27.691517+00:00,
public_file,,public,benchmark\external-real-v8-grounded\public\documents\EXT3_DOC_085_OLD.txt,2931a7fdd23112f4e07a3bacbfd4de75c9d72e9889b9d2cbef934fb43ed8f6b5,195,2026-08-27T13:59:27.689496+00:00,
public_file,,public,benchmark\external-real-v8-grounded\public\documents\EXT3_DOC_086_NEW.txt,e05ad4771a4502ab69a08e76162b59c3c4c3d4c3b859e11be24468cfb13f69f1,6669,2026-08-27T13:59:27.781166+00:00,
public_file,,public,benchmark\external-real-v8-grounded\public\documents\EXT3_DOC_086_OLD.txt,e937a5ad773800092be1cf630d8f209267adf1d3a17746593621ad2a254671d4,8178,2026-08-27T13:59:27.778655+00:00,
public_file,,public,benchmark\external-real-v8-grounded\public\documents\EXT3_DOC_087_NEW.txt,ae870b2c138e1fd853b72c9fe4644bb54a670640f73c7ed0905d2b08866331d7,5709,2026-08-27T14:24:34.676315+00:00,
public_file,,public,benchmark\external-real-v8-grounded\public\documents\EXT3_DOC_087_OLD.txt,2b2cb030989462dc30c89553cffe689fa5a9862d83f967bfdc6f0986f740ed69,8031,2026-08-27T14:24:34.678860+00:00,
public_file,,public,benchmark\external-real-v8-grounded\public\documents\EXT3_DOC_088_NEW.txt,3197d4801c106e95e82123637c109991fbc6d4c23201bf322662fb31a2985432,6079,2026-08-27T14:24:34.726026+00:00,
public_file,,public,benchmark\external-real-v8-grounded\public\documents\EXT3_DOC_088_OLD.txt,a999573172ac16ae4796f2908a8ff32a3f861d52af79308d9497387f6a7c3905,8416,2026-08-27T14:24:34.736498+00:00,
public_file,,public,benchmark\external-real-v8-grounded\public\documents\EXT3_DOC_089_NEW.txt,ae870b2c138e1fd853b72c9fe4644bb54a670640f73c7ed0905d2b08866331d7,5709,2026-08-27T13:59:27.934676+00:00,
public_file,,public,benchmark\external-real-v8-grounded\public\documents\EXT3_DOC_089_OLD.txt,ab4f7ee482b32492361b7867c792a9a88b7a21e73b5177197fe9a883c4d7035a,9250,2026-08-27T13:59:27.926697+00:00,
public_file,,public,benchmark\external-real-v8-grounded\public\documents\EXT3_DOC_090_NEW.txt,ef56b9d643ea888a23a7ad6fdc0665245cf1a2b2c92cee66ae4fccd10edc27c8,6008,2026-08-27T13:59:27.992583+00:00,
public_file,,public,benchmark\external-real-v8-grounded\public\documents\EXT3_DOC_090_OLD.txt,373b12c6f71d749749bc29fa6a7523221c2435728ddbc64666cd9229a4ca12be,8697,2026-08-27T13:59:27.984602+00:00,
public_file,,public,benchmark\external-real-v8-grounded\public\documents\EXT3_DOC_091_NEW.txt,ae870b2c138e1fd853b72c9fe4644bb54a670640f73c7ed0905d2b08866331d7,5709,2026-08-27T14:24:34.786897+00:00,
public_file,,public,benchmark\external-real-v8-grounded\public\documents\EXT3_DOC_091_OLD.txt,4d538c878986ac36f38a51af7c3d7ceaadc59835d80af9d45f2b073297d6164a,8303,2026-08-27T14:24:34.788904+00:00,
public_file,,public,benchmark\external-real-v8-grounded\public\documents\EXT3_DOC_092_NEW.txt,10ed4e40d7f3ac56f317e8f46695bcd56d1c367584acd22a0f06045daa5de1d5,6698,2026-08-27T13:59:28.097440+00:00,
public_file,,public,benchmark\external-real-v8-grounded\public\documents\EXT3_DOC_092_OLD.txt,c0b79e56d83a7b9c14b5c048ed2eca1d0fb1d76146455d96342ff92f5f432fec,7478,2026-08-27T13:59:28.094666+00:00,
public_file,,public,benchmark\external-real-v8-grounded\public\documents\EXT3_DOC_093_NEW.txt,ae870b2c138e1fd853b72c9fe4644bb54a670640f73c7ed0905d2b08866331d7,5709,2026-08-27T13:59:28.151334+00:00,
public_file,,public,benchmark\external-real-v8-grounded\public\documents\EXT3_DOC_093_OLD.txt,db92e838a14fcfe4c6b7af0c0770dc162a1feced1031e31d589793781c8526a0,8343,2026-08-27T13:59:28.141232+00:00,
public_file,,public,benchmark\external-real-v8-grounded\public\documents\EXT3_DOC_094_NEW.txt,abcdcaefc6a0a49db5df2a7ce923271a76aaa804b605c824fca7eefaf1d79656,6959,2026-08-27T13:59:28.211476+00:00,
public_file,,public,benchmark\external-real-v8-grounded\public\documents\EXT3_DOC_094_OLD.txt,53ab421276b3a19d4f9ca9db064563d5772ed3fcf7e4b591679bbbaa572dedc8,8712,2026-08-27T13:59:28.203184+00:00,
public_file,,public,benchmark\external-real-v8-grounded\public\documents\EXT3_DOC_095_NEW.txt,1e2a0ed4c83a1f55d66c11fe987631a4cdbf4083d7295aeaef852ec6789d6780,6309,2026-08-27T14:24:34.843452+00:00,
public_file,,public,benchmark\external-real-v8-grounded\public\documents\EXT3_DOC_095_OLD.txt,04ce6f276bad131fbfbcf2d40d8018b95ca2397b1b3754766428bdef4bfe7407,9045,2026-08-27T14:24:34.847276+00:00,
public_file,,public,benchmark\external-real-v8-grounded\public\documents\EXT3_DOC_096_NEW.txt,ae870b2c138e1fd853b72c9fe4644bb54a670640f73c7ed0905d2b08866331d7,5709,2026-08-27T14:24:34.898956+00:00,
public_file,,public,benchmark\external-real-v8-grounded\public\documents\EXT3_DOC_096_OLD.txt,acba0220833ed8ebe2c944f01318a32acb98d0349c893a6734839985fa5fa561,8095,2026-08-27T14:24:34.900615+00:00,
public_file,,public,benchmark\external-real-v8-grounded\public\documents\EXT3_DOC_097_NEW.txt,2c13ec086110a5d4e49487c1b241809717fd7072c963418f31f52811b1684c8c,6857,2026-08-27T13:59:28.377935+00:00,
public_file,,public,benchmark\external-real-v8-grounded\public\documents\EXT3_DOC_097_OLD.txt,a999573172ac16ae4796f2908a8ff32a3f861d52af79308d9497387f6a7c3905,8416,2026-08-27T13:59:28.369330+00:00,
public_file,,public,benchmark\external-real-v8-grounded\public\documents\EXT3_DOC_098_NEW.txt,2c13ec086110a5d4e49487c1b241809717fd7072c963418f31f52811b1684c8c,6857,2026-08-27T13:59:28.432883+00:00,
public_file,,public,benchmark\external-real-v8-grounded\public\documents\EXT3_DOC_098_OLD.txt,a999573172ac16ae4796f2908a8ff32a3f861d52af79308d9497387f6a7c3905,8416,2026-08-27T13:59:28.424151+00:00,
public_file,,public,benchmark\external-real-v8-grounded\public\documents\EXT3_DOC_099_NEW.txt,e7bfcd10b79a46cfe9026bae2eb29d3dd142ddcb281c98c554a0b42e32c7c59a,6712,2026-08-27T14:24:34.945775+00:00,
public_file,,public,benchmark\external-real-v8-grounded\public\documents\EXT3_DOC_099_OLD.txt,04ce6f276bad131fbfbcf2d40d8018b95ca2397b1b3754766428bdef4bfe7407,9045,2026-08-27T14:24:34.955913+00:00,
public_file,,public,benchmark\external-real-v8-grounded\public\documents\EXT3_DOC_100_NEW.txt,2a04f55f0df5d4a0a72725c90ab3e87c9d39aec36eb77ed332aaf4fcae9de0f5,23964,2026-08-27T13:59:28.518533+00:00,
public_file,,public,benchmark\external-real-v8-grounded\public\documents\EXT3_DOC_100_OLD.txt,6952625158fe80e5ee590c53b4005aec3e0a14d49d11d6baa2c3fef025572f74,22118,2026-08-27T13:59:28.510004+00:00,
public_file,,public,benchmark\external-real-v8-grounded\public\documents\EXT3_DOC_101_NEW.txt,9efe86e444d207bf14e139c53d4cf1c93201daadfc73e1090c841d023a67dbc9,21439,2026-08-27T14:24:35.127095+00:00,
public_file,,public,benchmark\external-real-v8-grounded\public\documents\EXT3_DOC_101_OLD.txt,b09431b6da4745dc96449f360311046d80e076aa1d3c2d1385c6977957d706e1,20013,2026-08-27T14:24:35.137178+00:00,
public_file,,public,benchmark\external-real-v8-grounded\public\documents\EXT3_DOC_102_NEW.txt,21d7b2ec4dfe5c024b520eea9e6134735911eb6c8aa3fd30dd99df5892d0a28b,21488,2026-08-27T13:59:28.591473+00:00,
public_file,,public,benchmark\external-real-v8-grounded\public\documents\EXT3_DOC_102_OLD.txt,1ef4dbd46e517ee5f21f5d8eefebfd7477bdd759105f0018a41df49a9ad907cf,22338,2026-08-27T13:59:28.581698+00:00,
public_file,,public,benchmark\external-real-v8-grounded\public\documents\EXT3_DOC_103_NEW.txt,684224700a94053fea1a56dfcd76f7cb3182b21840b7b716e390a0ce72fc3db1,19556,2026-08-27T13:59:28.631141+00:00,
public_file,,public,benchmark\external-real-v8-grounded\public\documents\EXT3_DOC_103_OLD.txt,75a16f492800bf0c6d84f5a6fe20c5735c3364b9ec24d73ad6371cf36d865191,22999,2026-08-27T13:59:28.619767+00:00,
public_file,,public,benchmark\external-real-v8-grounded\public\documents\EXT3_DOC_104_NEW.txt,c739de07a843ccbc73424608d3688dbf941bbdc8775f56ab098dabe9190356c0,19259,2026-08-27T13:59:28.665683+00:00,
public_file,,public,benchmark\external-real-v8-grounded\public\documents\EXT3_DOC_104_OLD.txt,479c7c756ece20d6146ae18c47cbcb730ec637070b2e6992b4804634763160eb,19710,2026-08-27T13:59:28.656872+00:00,
public_file,,public,benchmark\external-real-v8-grounded\public\documents\EXT3_DOC_105_NEW.txt,5d5a10d9c9886bface4af3d59745cb61e24855cdc846da58471f2ced8f0503fc,19450,2026-08-27T13:59:28.700206+00:00,
public_file,,public,benchmark\external-real-v8-grounded\public\documents\EXT3_DOC_105_OLD.txt,dca1a669be7bdee1555630c03157ea45c9d3697cc47ce88e33240a61f6f5f6c9,21210,2026-08-27T13:59:28.691444+00:00,
public_file,,public,benchmark\external-real-v8-grounded\public\documents\EXT3_DOC_106_NEW.txt,9fa9c00b8e05118878497b85f42436d5afe32f848af800e50ee4c4b44ec457f2,7695,2026-08-27T13:59:28.818524+00:00,
public_file,,public,benchmark\external-real-v8-grounded\public\documents\EXT3_DOC_106_OLD.txt,ff4e1a2051d6fe2a28842164d7b65795153b4d1e6dcbfb1c5e2965448c9aee88,7685,2026-08-27T13:59:28.816439+00:00,
public_file,,public,benchmark\external-real-v8-grounded\public\documents\EXT3_DOC_107_NEW.txt,9fa9c00b8e05118878497b85f42436d5afe32f848af800e50ee4c4b44ec457f2,7695,2026-08-27T13:59:28.843559+00:00,
public_file,,public,benchmark\external-real-v8-grounded\public\documents\EXT3_DOC_107_OLD.txt,ff4e1a2051d6fe2a28842164d7b65795153b4d1e6dcbfb1c5e2965448c9aee88,7685,2026-08-27T13:59:28.840313+00:00,
public_file,,public,benchmark\external-real-v8-grounded\public\documents\EXT3_DOC_108_NEW.txt,dec83be424be10164c39a04e514bf262ad3c2d85ff6516feee6c90da4b877ea9,7696,2026-08-27T13:59:28.867332+00:00,
public_file,,public,benchmark\external-real-v8-grounded\public\documents\EXT3_DOC_108_OLD.txt,b53d72d98fe1e2285893c9a7e6880e159156803cd10f2f33c94c7928ae17a1b5,7528,2026-08-27T13:59:28.864870+00:00,
public_file,,public,benchmark\external-real-v8-grounded\public\documents\EXT3_DOC_109_NEW.txt,3a5d2329946d9a49c40503f95b5d8b5533fea8240ae166274ffc593bb45bd9c9,7686,2026-08-27T13:59:28.889216+00:00,
public_file,,public,benchmark\external-real-v8-grounded\public\documents\EXT3_DOC_109_OLD.txt,fb02a0eb48914ec8b9824f9fe644cfdd028120ffc633d4b069e24fbd9863c940,7324,2026-08-27T13:59:28.886227+00:00,
public_file,,public,benchmark\external-real-v8-grounded\public\documents\EXT3_DOC_110_NEW.txt,3a5d2329946d9a49c40503f95b5d8b5533fea8240ae166274ffc593bb45bd9c9,7686,2026-08-27T14:24:35.161851+00:00,
public_file,,public,benchmark\external-real-v8-grounded\public\documents\EXT3_DOC_110_OLD.txt,fb02a0eb48914ec8b9824f9fe644cfdd028120ffc633d4b069e24fbd9863c940,7324,2026-08-27T14:24:35.164906+00:00,
public_file,,public,benchmark\external-real-v8-grounded\public\documents\EXT3_DOC_111_NEW.txt,c058564de1a186c0fabf82e709b618dde4cb24c8ae611d4a0a25f95de6a48a25,7401,2026-08-27T13:59:28.932162+00:00,
public_file,,public,benchmark\external-real-v8-grounded\public\documents\EXT3_DOC_111_OLD.txt,c489223d045093e56ab246e021f8fecb66d23fc54e9045f6e8e4ddba694d1772,6891,2026-08-27T13:59:28.930013+00:00,
public_file,,public,benchmark\external-real-v8-grounded\public\documents\EXT3_DOC_112_NEW.txt,6d8516323e7dac242f184f53cca31f90f5bbe2a2685af55e2604530a1b7b6472,8197,2026-08-27T14:24:35.187173+00:00,
public_file,,public,benchmark\external-real-v8-grounded\public\documents\EXT3_DOC_112_OLD.txt,b2fdb310e42490b78119c72f493834eacc71814d254c7596540d47d82f2cb869,7325,2026-08-27T14:24:35.195634+00:00,
public_file,,public,benchmark\external-real-v8-grounded\public\documents\EXT3_DOC_113_NEW.txt,dd54f019a3851ef4341dcb17a9a398708a60ad5e7560da5e73d262ec48b458c5,7534,2026-08-27T13:59:28.993313+00:00,
public_file,,public,benchmark\external-real-v8-grounded\public\documents\EXT3_DOC_113_OLD.txt,97b2ab52498eec82ae96b6fc14cf97f366aea859a1a646befba05e619f71e179,7340,2026-08-27T13:59:28.985006+00:00,
public_file,,public,benchmark\external-real-v8-grounded\public\documents\EXT3_DOC_114_NEW.txt,d6771bf827396658eb1487d26a01e83314dd33b1666ace8f99f769c6d3884c0e,8041,2026-08-27T13:59:29.031312+00:00,
public_file,,public,benchmark\external-real-v8-grounded\public\documents\EXT3_DOC_114_OLD.txt,ad152c3eb77b95484b7e0ed85a8f0ff5553920db34e8011e2f609a5ed01a8283,8636,2026-08-27T13:59:29.021065+00:00,
public_file,,public,benchmark\external-real-v8-grounded\public\documents\EXT3_DOC_115_NEW.txt,9e68da5cff5ce2adfe16151b6242c5c5662882f57c04b059418c177102e429e8,7524,2026-08-27T13:59:29.041122+00:00,
public_file,,public,benchmark\external-real-v8-grounded\public\documents\EXT3_DOC_115_OLD.txt,b741a374700c366c59f872f6c5119917e0175c0f4e8c113b276206653cf4f8bb,6902,2026-08-27T13:59:29.039155+00:00,
public_file,,public,benchmark\external-real-v8-grounded\public\documents\EXT3_DOC_116_NEW.txt,3204ac64e96fb8a3805df4609edf189832ed12a9fb5805702ce44e92b77dc11a,8001,2026-08-27T13:59:29.051339+00:00,
public_file,,public,benchmark\external-real-v8-grounded\public\documents\EXT3_DOC_116_OLD.txt,5a4369c236536db800c68dc90cc3b250bf4dece86e3e7a8b4352b8a3dc097bc0,7858,2026-08-27T13:59:29.048722+00:00,
public_file,,public,benchmark\external-real-v8-grounded\public\documents\EXT3_DOC_117_NEW.txt,77957eb0646ccdd572f270708ff391a695f7d11fb581d5f23c2dc8bf5e0aa3bc,7043,2026-08-27T13:59:29.068616+00:00,
public_file,,public,benchmark\external-real-v8-grounded\public\documents\EXT3_DOC_117_OLD.txt,85c3bcfa41f8e150c943f60e133e045adcbbf7f52a59d2cad7acef7bd09f5334,8400,2026-08-27T13:59:29.059084+00:00,
public_file,,public,benchmark\external-real-v8-grounded\public\documents\EXT3_DOC_118_NEW.txt,96fd5ed5a7cb24bc9e161b63c0cb6dda933f637a6a9e1fa499c8ca57da8c44ad,7351,2026-08-27T13:59:29.084277+00:00,
public_file,,public,benchmark\external-real-v8-grounded\public\documents\EXT3_DOC_118_OLD.txt,db3d731a315c6516d5c2b9875d02b40e81ed8cd67f244648ae186d145595efab,6994,2026-08-27T13:59:29.081351+00:00,
public_file,,public,benchmark\external-real-v8-grounded\public\documents\EXT3_DOC_119_NEW.txt,2526a961e43bac63a98ebea6b4cba87beac353b9611cb5e9ef5f1f2d737b6226,6522,2026-08-27T14:27:22.107872+00:00,
public_file,,public,benchmark\external-real-v8-grounded\public\documents\EXT3_DOC_119_OLD.txt,bb15ef541f0ea0477ca7a1476ea73903865c0d538ceddbabfd14055bc2d9ba1b,8436,2026-08-27T14:27:22.119799+00:00,
public_file,,public,benchmark\external-real-v8-grounded\public\documents\EXT3_DOC_120_NEW.txt,f0c581f09a49eaa326d4e74b28aaf49437ce428f8741ec5177bc4c91eda565f7,6493,2026-08-27T13:59:29.113494+00:00,
public_file,,public,benchmark\external-real-v8-grounded\public\documents\EXT3_DOC_120_OLD.txt,9dcaf1334c265aa09c480bbc275ae63ddc25b5e769dc712e46fb77b4a54aa574,6932,2026-08-27T13:59:29.112334+00:00,
public_file,,public,benchmark\external-real-v8-grounded\public\documents\EXT3_DOC_121_NEW.txt,ba47e6671bb45b57558c18936645944bba4f897e4c05c725040581a92ff1fdc9,7485,2026-08-27T13:59:29.123291+00:00,
public_file,,public,benchmark\external-real-v8-grounded\public\documents\EXT3_DOC_121_OLD.txt,4d383fc0c7dff501062d907d79cd6581265a09e52cd8ee43ee1555f69c4d4c60,6958,2026-08-27T13:59:29.121283+00:00,
public_file,,public,benchmark\external-real-v8-grounded\public\documents\EXT3_DOC_122_NEW.txt,4acf5396906ecf820543e0e10aa350d1feb4e05ab6299b00e3e46173a26823e1,7765,2026-08-27T13:59:29.134303+00:00,
public_file,,public,benchmark\external-real-v8-grounded\public\documents\EXT3_DOC_122_OLD.txt,958af0cbd2a194bce4d6204c78fd66d382c93816d41436321e47f5887002aa73,7626,2026-08-27T13:59:29.132486+00:00,
public_file,,public,benchmark\external-real-v8-grounded\public\documents\EXT3_DOC_123_NEW.txt,3d9f6bc1d10e7d162297b489478bcb77a0e1acddc6ff409967afc94157fdc7d9,7190,2026-08-27T13:59:29.143496+00:00,
public_file,,public,benchmark\external-real-v8-grounded\public\documents\EXT3_DOC_123_OLD.txt,0c78a1f5abbf44307164fa8dd24df8e888d9855799b8d278df4710a05d29eaeb,7581,2026-08-27T13:59:29.142075+00:00,
public_file,,public,benchmark\external-real-v8-grounded\public\documents\EXT3_DOC_124_NEW.txt,094c0394c7acce2260e529cd31b398381f26e06c5b59253e63461723a04717c6,7682,2026-08-27T13:59:29.153745+00:00,
public_file,,public,benchmark\external-real-v8-grounded\public\documents\EXT3_DOC_124_OLD.txt,f9b3dd47ace28be29b19cc3c5ae6477369f1b7ffede4bde446521a2712f5025c,8078,2026-08-27T13:59:29.151738+00:00,
public_file,,public,benchmark\external-real-v8-grounded\public\documents\EXT3_DOC_125_NEW.txt,495d74286423d08c2fb05cbcdd3cc0692ccff4ac06eaaba0bfb98794144ff808,7754,2026-08-27T13:59:29.163522+00:00,
public_file,,public,benchmark\external-real-v8-grounded\public\documents\EXT3_DOC_125_OLD.txt,4a1dd6365095e3aff3990fa6c65ef61909bcd2ff3cacb75415fd3dc529997644,7617,2026-08-27T13:59:29.162070+00:00,
public_file,,public,benchmark\external-real-v8-grounded\public\documents\EXT3_DOC_126_NEW.txt,889b2666a71400eb096d8d15efb5d241f6b43ed5e04e10a0ab35aeb929b09f11,7000,2026-08-27T14:24:35.247775+00:00,
public_file,,public,benchmark\external-real-v8-grounded\public\documents\EXT3_DOC_126_OLD.txt,db3d731a315c6516d5c2b9875d02b40e81ed8cd67f244648ae186d145595efab,6994,2026-08-27T14:24:35.249882+00:00,
public_file,,public,benchmark\external-real-v8-grounded\public\documents\EXT3_DOC_127_NEW.txt,85c680d8da3f2a2c8b340c1828fed90e64d0c745d2a40d50c1936766d3ad2298,7437,2026-08-27T14:24:35.258061+00:00,
public_file,,public,benchmark\external-real-v8-grounded\public\documents\EXT3_DOC_127_OLD.txt,0e8a9e5b49cb758fbdc564446f73f8301088ce2ec22c1e4685ca5852767691e0,7111,2026-08-27T14:24:35.260244+00:00,
public_file,,public,benchmark\external-real-v8-grounded\public\documents\EXT3_DOC_128_NEW.txt,4d1a86e0d687c47015b55ae247863ef34ef328904e55fd581f3bae0612d64b45,6500,2026-08-27T13:59:29.201965+00:00,
public_file,,public,benchmark\external-real-v8-grounded\public\documents\EXT3_DOC_128_OLD.txt,3ca4ed5c280f4b88ede99a302aaf1df8b29dad48b029808a845856a436f49709,8326,2026-08-27T13:59:29.190461+00:00,
public_file,,public,benchmark\external-real-v8-grounded\public\documents\EXT3_DOC_129_NEW.txt,20b8347625b407e1129509a10479eb3a63187d940af7f2190bea6e921b09cfb7,7186,2026-08-27T13:59:29.212196+00:00,
public_file,,public,benchmark\external-real-v8-grounded\public\documents\EXT3_DOC_129_OLD.txt,ffc166c52493a40eedd3b59231397ded0a06512c33d770a40e916f0131c6d661,7160,2026-08-27T13:59:29.210653+00:00,
public_file,,public,benchmark\external-real-v8-grounded\public\documents\EXT3_DOC_130_NEW.txt,27167d0560d3a7c7a2bfac0faf9062382aeb323bb2ddf2a01424b709febc9916,7449,2026-08-27T13:59:29.226948+00:00,
public_file,,public,benchmark\external-real-v8-grounded\public\documents\EXT3_DOC_130_OLD.txt,53c472dff94cd74b717c158255772a5bd750ca37eaae35f13e6713d01ea6f6db,6983,2026-08-27T13:59:29.225471+00:00,
public_file,,public,benchmark\external-real-v8-grounded\public\documents\EXT3_DOC_131_NEW.txt,43993791b5b16d1945987dc007e6ae685147361806e35bfa5c1034e7ded1284a,7440,2026-08-27T13:59:29.238350+00:00,
public_file,,public,benchmark\external-real-v8-grounded\public\documents\EXT3_DOC_131_OLD.txt,b463661f504675c69261a4e124b6c31bf8bfe686125693c249ef963aa3674da8,6354,2026-08-27T13:59:29.235093+00:00,
public_file,,public,benchmark\external-real-v8-grounded\public\documents\EXT3_DOC_132_NEW.txt,adbf880a903f17f7b5321dea12a634f2a91d26066c098c28e5d78459942f2e5e,7878,2026-08-27T13:59:29.257134+00:00,
public_file,,public,benchmark\external-real-v8-grounded\public\documents\EXT3_DOC_132_OLD.txt,5a4369c236536db800c68dc90cc3b250bf4dece86e3e7a8b4352b8a3dc097bc0,7858,2026-08-27T13:59:29.254582+00:00,
public_file,,public,benchmark\external-real-v8-grounded\public\documents\EXT3_DOC_133_NEW.txt,bc19a3c0103fca923f6dee882251f971eb5cb33e9b232d58991334c098f38ace,8110,2026-08-27T14:29:12.303050+00:00,
public_file,,public,benchmark\external-real-v8-grounded\public\documents\EXT3_DOC_133_OLD.txt,f243b260d22556262e6163c109696b186a6faa1b00feb5d6957c134932c03d4b,7719,2026-08-27T14:29:12.313435+00:00,
public_file,,public,benchmark\external-real-v8-grounded\public\documents\EXT3_DOC_134_NEW.txt,d7d85dbb4698c28267d17dbbfc3c81ed8e293f0530093933212629bce3dfcafb,7413,2026-08-27T13:59:29.304427+00:00,
public_file,,public,benchmark\external-real-v8-grounded\public\documents\EXT3_DOC_134_OLD.txt,3028721e9f54f5e908014940f9c1eec3573f91ed453428b298bbe305a927257f,5747,2026-08-27T13:59:29.301579+00:00,
public_file,,public,benchmark\external-real-v8-grounded\public\documents\EXT3_DOC_136_NEW.txt,ffec6cd3f8e26cf355e59746934721dc1b85b13d7ea1dcdfc3cac8243113e072,7329,2026-08-27T13:59:29.334101+00:00,
public_file,,public,benchmark\external-real-v8-grounded\public\documents\EXT3_DOC_136_OLD.txt,ad996dd1b784db59df8eeb01c10e236aa27d6241f82e6521612e483d8380d97b,6155,2026-08-27T13:59:29.331498+00:00,
public_file,,public,benchmark\external-real-v8-grounded\public\documents\EXT3_DOC_137_NEW.txt,75f8af90d8b61e93736a16e5223d850d2ce7ecea959151691c3013bb70232a57,7912,2026-08-27T14:29:12.377975+00:00,
public_file,,public,benchmark\external-real-v8-grounded\public\documents\EXT3_DOC_137_OLD.txt,a15628f2ebe9c98aa2d1c53a721862b0c670643c1dc103aef345d2a4b16ca547,7319,2026-08-27T14:29:12.387523+00:00,
public_file,,public,benchmark\external-real-v8-grounded\public\documents\EXT3_DOC_139_NEW.txt,3980350d8af90942d8a836b84ba761f2189e9f946f41d27818a51b0f5529c736,7412,2026-08-27T13:59:29.367143+00:00,
public_file,,public,benchmark\external-real-v8-grounded\public\documents\EXT3_DOC_139_OLD.txt,dd88b14bcbd564c67348c4c6b40b8a2418d682d055f59ce72a9963eab294ada4,6237,2026-08-27T13:59:29.364956+00:00,
public_file,,public,benchmark\external-real-v8-grounded\public\documents\EXT3_DOC_140_NEW.txt,805327a18a6c27256a45b79c9afea5b6cfd52474d6f7ba0fa11432ceffd4ee6f,7468,2026-08-27T13:59:29.378415+00:00,
public_file,,public,benchmark\external-real-v8-grounded\public\documents\EXT3_DOC_140_OLD.txt,e80d9c5a61fbbe862b1f49f29ebd00477ec6d293d8444f04abb66cecc1f3d69d,7676,2026-08-27T13:59:29.375889+00:00,
public_file,,public,benchmark\external-real-v8-grounded\public\documents\EXT3_DOC_141_NEW.txt,d7d85dbb4698c28267d17dbbfc3c81ed8e293f0530093933212629bce3dfcafb,7413,2026-08-27T13:59:29.389945+00:00,
public_file,,public,benchmark\external-real-v8-grounded\public\documents\EXT3_DOC_141_OLD.txt,228ddbcd795eee83f5d0802743538e77c076bd5ad834625d382443d105efb613,6312,2026-08-27T13:59:29.387940+00:00,
public_file,,public,benchmark\external-real-v8-grounded\public\documents\EXT3_DOC_142_NEW.txt,0ac09658f14cd2260c55800e14bd8945d9accae6f750bae089810a2d6521f52e,7719,2026-08-27T13:59:29.401220+00:00,
public_file,,public,benchmark\external-real-v8-grounded\public\documents\EXT3_DOC_142_OLD.txt,c66953d2bd6f1827ce86cb4f45cdea41aa9025ddd180049c332facae2dbe9455,6863,2026-08-27T13:59:29.398105+00:00,
public_file,,public,benchmark\external-real-v8-grounded\public\documents\EXT3_DOC_144_NEW.txt,20b7dc784eaf25c75f588ef8cc5b17e1247f6ffae914e27308068f318a100507,7413,2026-08-27T14:29:12.438729+00:00,
public_file,,public,benchmark\external-real-v8-grounded\public\documents\EXT3_DOC_144_OLD.txt,14e9093d25cc2abccc071e23ee366823728f05a6b305db6a22fa785cf313aeca,6186,2026-08-27T14:29:12.446693+00:00,
public_file,,public,benchmark\external-real-v8-grounded\public\documents\EXT3_DOC_145_NEW.txt,d7d85dbb4698c28267d17dbbfc3c81ed8e293f0530093933212629bce3dfcafb,7413,2026-08-27T13:59:29.433367+00:00,
public_file,,public,benchmark\external-real-v8-grounded\public\documents\EXT3_DOC_145_OLD.txt,77c66f1bebb39be0bdf875c8252c7408d48e9d90383f42ddbae1d1ffda756af2,6958,2026-08-27T13:59:29.431323+00:00,
public_file,,public,benchmark\external-real-v8-grounded\public\documents\EXT3_DOC_146_NEW.txt,d7d85dbb4698c28267d17dbbfc3c81ed8e293f0530093933212629bce3dfcafb,7413,2026-08-27T13:59:29.444458+00:00,
public_file,,public,benchmark\external-real-v8-grounded\public\documents\EXT3_DOC_146_OLD.txt,3028721e9f54f5e908014940f9c1eec3573f91ed453428b298bbe305a927257f,5747,2026-08-27T13:59:29.441904+00:00,
public_file,,public,benchmark\external-real-v8-grounded\public\documents\EXT3_DOC_147_NEW.txt,b71d4da2119e4e139e000c56e051fffb95a0d9ee31fe02445f94ffc637f2dfea,7340,2026-08-27T13:59:29.455777+00:00,
public_file,,public,benchmark\external-real-v8-grounded\public\documents\EXT3_DOC_147_OLD.txt,d033ea78994b43cd707ecf2475275c0a8d607b3d7d15ac166b2013ed5786f2f3,6198,2026-08-27T13:59:29.452386+00:00,
public_file,,public,benchmark\external-real-v8-grounded\public\documents\EXT3_DOC_148_NEW.txt,d7d85dbb4698c28267d17dbbfc3c81ed8e293f0530093933212629bce3dfcafb,7413,2026-08-27T13:59:29.468780+00:00,
public_file,,public,benchmark\external-real-v8-grounded\public\documents\EXT3_DOC_148_OLD.txt,d94ffca1577b37e56bc0586e4b535210d1bcc11822eb5e62ddfac45c0d7489c7,7694,2026-08-27T13:59:29.465747+00:00,
public_file,,public,benchmark\external-real-v8-grounded\public\documents\EXT3_DOC_149_NEW.txt,3194bca476cfb5e1dbc6f90a460a8688682b3373ab9b3aaab93d2c31b1696185,7326,2026-08-27T13:59:29.478393+00:00,
public_file,,public,benchmark\external-real-v8-grounded\public\documents\EXT3_DOC_149_OLD.txt,46bf140de01e7be69fc309db155e9e4f6527ea388919d2aa737c1347aeb4c0b8,6349,2026-08-27T13:59:29.477228+00:00,
public_file,,public,benchmark\external-real-v8-grounded\public\documents\EXT3_DOC_153_NEW.txt,51983e3f815b2bb545e9361a796d4d2ce3ab321b1067a50fda5fbf449d1fecb0,7162,2026-08-27T14:29:12.515354+00:00,
public_file,,public,benchmark\external-real-v8-grounded\public\documents\EXT3_DOC_153_OLD.txt,949f63b41eda412bebb3ae55f2e6d0e18bbe0c3e2415824819e77bdfee5e1e06,6167,2026-08-27T14:29:12.522740+00:00,
public_file,,public,benchmark\external-real-v8-grounded\public\documents\EXT3_DOC_154_NEW.txt,073372e1953c34df3d2d890eba4d38759e9312dd4c0ad5c88814c2ab6f186594,7449,2026-08-27T13:59:29.660286+00:00,
public_file,,public,benchmark\external-real-v8-grounded\public\documents\EXT3_DOC_154_OLD.txt,375f2b175a41bb6f97c281d171d64a3ef26d4604190327ed5c4cc97c689d8cea,8328,2026-08-27T13:59:29.651437+00:00,
public_file,,public,benchmark\external-real-v8-grounded\public\documents\EXT3_DOC_155_NEW.txt,da1db8c4056ec565d6eb72e124628f3ff119ec06b87a51a3934713e974bd2d31,7393,2026-08-27T13:59:29.692804+00:00,
public_file,,public,benchmark\external-real-v8-grounded\public\documents\EXT3_DOC_155_OLD.txt,660f96664534fc27a288a6c06bd4d3196e8e1005971ee68515799fe271223917,8794,2026-08-27T13:59:29.683743+00:00,
public_file,,public,benchmark\external-real-v8-grounded\public\documents\EXT3_DOC_156_NEW.txt,c30e1e3d0e725f86840bd979a90ccb03154c7a960e10c013c147822fcbcb50de,7433,2026-08-27T13:59:29.726930+00:00,
public_file,,public,benchmark\external-real-v8-grounded\public\documents\EXT3_DOC_156_OLD.txt,19275f6a6922d0f6d4edae4a6f65b23f3672ef399ad929a95b90ba3a24268b00,10101,2026-08-27T13:59:29.717333+00:00,
public_file,,public,benchmark\external-real-v8-grounded\public\documents\EXT3_DOC_157_NEW.txt,f93ad523dc04864e3e9a8492c99304eefc7764f3e7c0f28f560c91d168bfd9e5,7467,2026-08-27T13:59:29.759021+00:00,
public_file,,public,benchmark\external-real-v8-grounded\public\documents\EXT3_DOC_157_OLD.txt,474d3ca60eec09bd32758fb661a045dc3f180921e5f95da67730fbb89b1ea5ea,8519,2026-08-27T13:59:29.749768+00:00,
public_file,,public,benchmark\external-real-v8-grounded\public\documents\EXT3_DOC_160_NEW.txt,3e2fb675841ea0f7ae9b3c35f4beaeba431e6f79ef2fb2c92838de03ef674af1,7382,2026-08-27T13:59:29.838943+00:00,
public_file,,public,benchmark\external-real-v8-grounded\public\documents\EXT3_DOC_160_OLD.txt,625b5fc30d3e8e8faf20639074db89e096981134364c92c5e6ab668ce44a80f3,9761,2026-08-27T13:59:29.831253+00:00,
public_file,,public,benchmark\external-real-v8-grounded\public\documents\EXT3_DOC_161_NEW.txt,5dc773d873faa0b1b7beafd2c4496722099d98f8471c325b11b03138ec825c5b,7636,2026-08-27T13:59:29.869402+00:00,
public_file,,public,benchmark\external-real-v8-grounded\public\documents\EXT3_DOC_161_OLD.txt,866aea9fbe378b8efabd974a339b1b668d7200be3ccf629755f0145a1c7d3398,8788,2026-08-27T13:59:29.861327+00:00,
public_file,,public,benchmark\external-real-v8-grounded\public\documents\EXT3_DOC_162_NEW.txt,aa25de2ce2c2b1b7afe915ec1d4be444df35cd163fadd4c1ddb6906f2b052147,7318,2026-08-27T13:59:29.899502+00:00,
public_file,,public,benchmark\external-real-v8-grounded\public\documents\EXT3_DOC_162_OLD.txt,ff87d1d8106dbbd704712f4bdf5dbe7ab0ff709af643613c1caf69241f16331c,9657,2026-08-27T13:59:29.889972+00:00,
public_file,,public,benchmark\external-real-v8-grounded\public\documents\EXT3_DOC_163_NEW.txt,4d66de453fbcddf7aeda53b326ab159822c6644c9c3169fddf77a79668e114d1,7384,2026-08-27T13:59:29.923452+00:00,
public_file,,public,benchmark\external-real-v8-grounded\public\documents\EXT3_DOC_163_OLD.txt,c7f3dc80b1be721eddf4897fde114463f3dc4093d9309f9dd0da163e1caec88d,8144,2026-08-27T13:59:29.921063+00:00,
public_file,,public,benchmark\external-real-v8-grounded\public\documents\EXT3_DOC_164_NEW.txt,19ae79e5e3ae88ac3f273e442a4229bee6ecf0eff297cc5f0bdf1c9c36128157,7465,2026-08-27T13:59:29.945776+00:00,
public_file,,public,benchmark\external-real-v8-grounded\public\documents\EXT3_DOC_164_OLD.txt,d5e63300e96ee5777a84f36a8a064d592a4c29b9514f0f51d7f18bb9817c3947,8070,2026-08-27T13:59:29.944215+00:00,
public_file,,public,benchmark\external-real-v8-grounded\public\documents\EXT3_DOC_165_NEW.txt,073372e1953c34df3d2d890eba4d38759e9312dd4c0ad5c88814c2ab6f186594,7449,2026-08-27T13:59:29.975762+00:00,
public_file,,public,benchmark\external-real-v8-grounded\public\documents\EXT3_DOC_165_OLD.txt,8dd6d4e5388f3d6594d47a9cf2e5ae42f770f200fd8f44ebf412a59b06ad64a1,8194,2026-08-27T13:59:29.967795+00:00,
public_file,,public,benchmark\external-real-v8-grounded\public\documents\EXT3_DOC_166_NEW.txt,92c6d4a6c524fd9e1df4e311e0fa754c3784b3049432348f4eefc04765c40adf,7449,2026-08-27T14:24:35.598862+00:00,
public_file,,public,benchmark\external-real-v8-grounded\public\documents\EXT3_DOC_166_OLD.txt,c7f3dc80b1be721eddf4897fde114463f3dc4093d9309f9dd0da163e1caec88d,8144,2026-08-27T14:24:35.601543+00:00,
public_file,,public,benchmark\external-real-v8-grounded\public\documents\EXT3_DOC_167_NEW.txt,fa3413044ad339bc97f9395c1852297b4d577fb19d2d6e8bbaa85fca1a2824fb,7509,2026-08-27T13:59:30.029907+00:00,
public_file,,public,benchmark\external-real-v8-grounded\public\documents\EXT3_DOC_167_OLD.txt,8919840a07129a526652d1f87f0d6e976977f503bf3c100d0a2650f0cb0577f1,8908,2026-08-27T13:59:30.022412+00:00,
public_file,,public,benchmark\external-real-v8-grounded\public\documents\EXT3_DOC_168_NEW.txt,79e8c1651ad246534f2f3a1272301614fb31883f9f3c4fbafaa65f9aef1932b0,7282,2026-08-27T13:59:30.062086+00:00,
public_file,,public,benchmark\external-real-v8-grounded\public\documents\EXT3_DOC_168_OLD.txt,88ecbf35e610d0b4ea7063941078fab580cd94d1250ae3dd67ead780aad65ff7,8593,2026-08-27T13:59:30.051532+00:00,
public_file,,public,benchmark\external-real-v8-grounded\public\documents\EXT3_DOC_169_NEW.txt,ab0080bd041180c67bbc2b0560ccc03f65128fa00a4ff40ecd39dbe49fb951b5,7465,2026-08-27T14:24:35.624741+00:00,
public_file,,public,benchmark\external-real-v8-grounded\public\documents\EXT3_DOC_169_OLD.txt,6e6c92d9ce28b0ba291979b1f479a28347bc4e908c0c44140fd1348bf1c414a3,8083,2026-08-27T14:24:35.627243+00:00,
public_file,,public,benchmark\external-real-v8-grounded\public\documents\EXT3_DOC_170_NEW.txt,0b822a938ad36c260e444b71cc28b870c0a6c11d016c178299aa0f63b2a4152b,7495,2026-08-27T13:59:30.118724+00:00,
public_file,,public,benchmark\external-real-v8-grounded\public\documents\EXT3_DOC_170_OLD.txt,f938aab39db8fe3ce17bef2ad03ae4a1fcca9d88394af3b5811d63d22eeee4be,8662,2026-08-27T13:59:30.109170+00:00,
public_file,,public,benchmark\external-real-v8-grounded\public\documents\EXT3_DOC_171_NEW.txt,d5411c0b2533bdd7e92e99a148a70c83148676c62be86a56ebce5035a6c58b63,7522,2026-08-27T13:59:30.147941+00:00,
public_file,,public,benchmark\external-real-v8-grounded\public\documents\EXT3_DOC_171_OLD.txt,fbbe8d8612f1f7e6f8baaaffa57a33f88ddea7f478a165c0459cae72ca4efa0e,9549,2026-08-27T13:59:30.139723+00:00,
public_file,,public,benchmark\external-real-v8-grounded\public\documents\EXT3_DOC_172_NEW.txt,073372e1953c34df3d2d890eba4d38759e9312dd4c0ad5c88814c2ab6f186594,7449,2026-08-27T14:24:35.660378+00:00,
public_file,,public,benchmark\external-real-v8-grounded\public\documents\EXT3_DOC_172_OLD.txt,c7f3dc80b1be721eddf4897fde114463f3dc4093d9309f9dd0da163e1caec88d,8144,2026-08-27T14:24:35.662890+00:00,
public_file,,public,benchmark\external-real-v8-grounded\public\documents\EXT3_DOC_173_NEW.txt,073372e1953c34df3d2d890eba4d38759e9312dd4c0ad5c88814c2ab6f186594,7449,2026-08-27T14:24:35.691643+00:00,
public_file,,public,benchmark\external-real-v8-grounded\public\documents\EXT3_DOC_173_OLD.txt,c7f3dc80b1be721eddf4897fde114463f3dc4093d9309f9dd0da163e1caec88d,8144,2026-08-27T14:24:35.694701+00:00,
public_file,,public,benchmark\external-real-v8-grounded\public\documents\EXT3_DOC_174_NEW.txt,66b85bcf24a66bddc1ee7d321d1f48c49ed83667ea9098ec65b92b0fa9a197c7,10296,2026-08-27T13:59:30.216522+00:00,
public_file,,public,benchmark\external-real-v8-grounded\public\documents\EXT3_DOC_174_OLD.txt,9a6280bc482e4b58b9dfb45d8747e78a417307b8360f508a91ed00723e1a8854,10042,2026-08-27T13:59:30.204015+00:00,
public_file,,public,benchmark\external-real-v8-grounded\public\documents\EXT3_DOC_175_NEW.txt,c85211e1bff5cf527783ab2979d4aa6b04547a829b9ae5e2528afe8e49124291,12142,2026-08-27T13:59:30.239532+00:00,
public_file,,public,benchmark\external-real-v8-grounded\public\documents\EXT3_DOC_175_OLD.txt,7092a8c663b40f91328074d80e42aeddb12096fa5430f8ac1030ec5050ff11bc,8733,2026-08-27T13:59:30.229499+00:00,
public_file,,public,benchmark\external-real-v8-grounded\public\documents\EXT3_DOC_176_NEW.txt,5d4c9836218ea61e2f3ba699022a1a85294d61df5c0578adaf16d67e7e2465fc,10071,2026-08-27T13:59:30.261306+00:00,
public_file,,public,benchmark\external-real-v8-grounded\public\documents\EXT3_DOC_176_OLD.txt,3e21236d38bb6959a780e711a3e2a5354957011e988ef77ca5a31920733fa66d,8565,2026-08-27T13:59:30.252902+00:00,
public_file,,public,benchmark\external-real-v8-grounded\public\documents\EXT3_DOC_177_NEW.txt,6e0a7fffef0dd007d76ab8b01ddad5b9dcc2bcecf7f8a2d7eaad850e04eda313,11826,2026-08-27T13:59:30.276760+00:00,
public_file,,public,benchmark\external-real-v8-grounded\public\documents\EXT3_DOC_177_OLD.txt,f8d8ab979eb214f0fbf91d97ba6478636ffff23c2776f4cdae0561feacd44b5d,8054,2026-08-27T13:59:30.275194+00:00,
public_file,,public,benchmark\external-real-v8-grounded\public\documents\EXT3_DOC_178_NEW.txt,66b85bcf24a66bddc1ee7d321d1f48c49ed83667ea9098ec65b92b0fa9a197c7,10296,2026-08-27T13:59:30.292372+00:00,
public_file,,public,benchmark\external-real-v8-grounded\public\documents\EXT3_DOC_178_OLD.txt,f8d8ab979eb214f0fbf91d97ba6478636ffff23c2776f4cdae0561feacd44b5d,8054,2026-08-27T13:59:30.289738+00:00,
public_file,,public,benchmark\external-real-v8-grounded\public\documents\EXT3_DOC_179_NEW.txt,178d552db373ce6a48a6ef5717e835d24a34f52f5c55c7d0742f78a4d29d0542,10296,2026-08-27T13:59:30.307700+00:00,
public_file,,public,benchmark\external-real-v8-grounded\public\documents\EXT3_DOC_179_OLD.txt,f8d8ab979eb214f0fbf91d97ba6478636ffff23c2776f4cdae0561feacd44b5d,8054,2026-08-27T13:59:30.306555+00:00,
public_file,,public,benchmark\external-real-v8-grounded\public\documents\EXT3_DOC_180_NEW.txt,cdc72fe87be61afde49faeb4bcf378c242340e30fa10fec94c0a302a5c63bc01,12575,2026-08-27T13:59:30.323498+00:00,
public_file,,public,benchmark\external-real-v8-grounded\public\documents\EXT3_DOC_180_OLD.txt,f8d8ab979eb214f0fbf91d97ba6478636ffff23c2776f4cdae0561feacd44b5d,8054,2026-08-27T13:59:30.321558+00:00,
public_file,,public,benchmark\external-real-v8-grounded\public\documents\EXT3_DOC_181_NEW.txt,f2ad8565bb0b462d3d4db118f56b2bc5475d14ca205efc58fd6180dd114345cd,5940,2026-08-27T13:59:35.094290+00:00,
public_file,,public,benchmark\external-real-v8-grounded\public\documents\EXT3_DOC_181_OLD.txt,4e76e82092347c025825c653e5962bb96dea7b7ea0d1c6ac732b4676d7e8723b,6598,2026-08-27T13:59:35.092290+00:00,
public_file,,public,benchmark\external-real-v8-grounded\public\documents\EXT3_DOC_183_NEW.txt,30d4d09908f883ecff9c75120a242294e670a6bd87e980ffcbdb01882382b3fc,10912,2026-08-27T13:59:30.378085+00:00,
public_file,,public,benchmark\external-real-v8-grounded\public\documents\EXT3_DOC_183_OLD.txt,f8d8ab979eb214f0fbf91d97ba6478636ffff23c2776f4cdae0561feacd44b5d,8054,2026-08-27T13:59:30.375722+00:00,
public_file,,public,benchmark\external-real-v8-grounded\public\documents\EXT3_DOC_184_NEW.txt,9844eda9da029e4e34a491ae84dc5998fd6c1ec5178901b5abe270bfdf30c976,10296,2026-08-27T14:24:35.732042+00:00,
public_file,,public,benchmark\external-real-v8-grounded\public\documents\EXT3_DOC_184_OLD.txt,f8d8ab979eb214f0fbf91d97ba6478636ffff23c2776f4cdae0561feacd44b5d,8054,2026-08-27T14:24:35.744901+00:00,
public_file,,public,benchmark\external-real-v8-grounded\public\documents\EXT3_DOC_185_NEW.txt,3f45f9284f82ac33d309bfa962cba53eba91c9bafd64542d953bcc18b1d88010,10296,2026-08-27T13:59:30.408224+00:00,
public_file,,public,benchmark\external-real-v8-grounded\public\documents\EXT3_DOC_185_OLD.txt,fceba16923a1e904fd01b3c4cfe7e18545cc3d4a8b95edf1302364ea4dd019a4,8054,2026-08-27T13:59:30.405896+00:00,
public_file,,public,benchmark\external-real-v8-grounded\public\documents\EXT3_DOC_186_NEW.txt,91f86709655f3631b30b4154eeca348e22d8cbdcc3682d90b8a6cafb4887567b,10296,2026-08-27T13:59:30.423005+00:00,
public_file,,public,benchmark\external-real-v8-grounded\public\documents\EXT3_DOC_186_OLD.txt,f8d8ab979eb214f0fbf91d97ba6478636ffff23c2776f4cdae0561feacd44b5d,8054,2026-08-27T13:59:30.421490+00:00,
public_file,,public,benchmark\external-real-v8-grounded\public\documents\EXT3_DOC_187_NEW.txt,5a8f5ed31e5018b4c04b737c7adba592a442efc3402cfac1fb4f5072cb3757f9,5816,2026-08-27T13:59:35.231635+00:00,
public_file,,public,benchmark\external-real-v8-grounded\public\documents\EXT3_DOC_187_OLD.txt,40b229ed073d2a45dc9e895d91916264b0aa1cb6a59bb840712a6b14e217c169,6444,2026-08-27T13:59:35.224122+00:00,
public_file,,public,benchmark\external-real-v8-grounded\public\documents\EXT3_DOC_188_NEW.txt,69b836466ccd005fb7369513a08569cd3401b477c79aa9149c5bf003149e3b21,6010,2026-08-27T13:59:35.272620+00:00,
public_file,,public,benchmark\external-real-v8-grounded\public\documents\EXT3_DOC_188_OLD.txt,e95bda8274f91eeb28adf4c6d3184c8039a03c9fdca356b76d273d2fa473375d,6538,2026-08-27T13:59:35.270111+00:00,
public_file,,public,benchmark\external-real-v8-grounded\public\documents\EXT3_DOC_189_NEW.txt,c0b49a1db8871139a32acb19de1ce3b472182102468f58ced6525dad956c8e45,6341,2026-08-27T13:59:35.303197+00:00,
public_file,,public,benchmark\external-real-v8-grounded\public\documents\EXT3_DOC_189_OLD.txt,ecb83f574560bdcd156a133352d69e5e58f3256a2f12fee8d3b8b922ee5e8cd0,6303,2026-08-27T13:59:35.301689+00:00,
public_file,,public,benchmark\external-real-v8-grounded\public\documents\EXT3_DOC_190_NEW.txt,3c3edd7db52e942519a0d5a60282e9f784e5c5bcba2a3dd680096e52d799ef46,6012,2026-08-27T14:26:54.896684+00:00,
public_file,,public,benchmark\external-real-v8-grounded\public\documents\EXT3_DOC_190_OLD.txt,25f73c8546664e8d55c1893ccb808c33665e928682cf63a3fc4d7334e07c1a3e,6257,2026-08-27T14:26:54.898690+00:00,
public_file,,public,benchmark\external-real-v8-grounded\public\documents\EXT3_DOC_191_NEW.txt,f34e6daeb5ecbc6a71c3d5065afcc5767e81852c1c6608d184ec05a6f346a021,10296,2026-08-27T14:24:35.769500+00:00,
public_file,,public,benchmark\external-real-v8-grounded\public\documents\EXT3_DOC_191_OLD.txt,f8d8ab979eb214f0fbf91d97ba6478636ffff23c2776f4cdae0561feacd44b5d,8054,2026-08-27T14:24:35.781910+00:00,
public_file,,public,benchmark\external-real-v8-grounded\public\documents\EXT3_DOC_192_NEW.txt,a5fdecf0ae7b802bbde7325acdb1cf2ca290edf5fe6d578c667eef22efda36f6,6208,2026-08-27T13:59:35.412305+00:00,
public_file,,public,benchmark\external-real-v8-grounded\public\documents\EXT3_DOC_192_OLD.txt,06410d7f480f986efb663b07df5df4475946fe72d5ff2a7ce211a9cc1682168a,6531,2026-08-27T13:59:35.410292+00:00,
public_file,,public,benchmark\external-real-v8-grounded\public\documents\EXT3_DOC_193_NEW.txt,becfccca0d22baadc7ebd9de8184f1d51823b21e730285e6f6b176d515116da2,10071,2026-08-27T14:24:35.789969+00:00,
public_file,,public,benchmark\external-real-v8-grounded\public\documents\EXT3_DOC_193_OLD.txt,ff1ad0583b469fa9b70bada6cef60c6bcb8e439809953094b0ff06b3085cb329,9555,2026-08-27T14:24:35.803093+00:00,
public_file,,public,benchmark\external-real-v8-grounded\public\documents\EXT3_DOC_195_NEW.txt,3b2af910df76bec7c9ba97327ca2431af11c7da3a38bb7d86fbf8d9f5e2faee9,8078,2026-08-27T13:59:35.571382+00:00,
public_file,,public,benchmark\external-real-v8-grounded\public\documents\EXT3_DOC_195_OLD.txt,c3608cfc2f8eb371309f1969484111f36982f92730584e51c6cbd568abc784f0,6931,2026-08-27T13:59:35.568872+00:00,
public_file,,public,benchmark\external-real-v8-grounded\public\documents\EXT3_DOC_196_NEW.txt,340ed0554c2c15dcec3855164edf848cc98e05d96ca3dcbc7a3d7052112af4ca,7732,2026-08-27T13:59:30.626164+00:00,
public_file,,public,benchmark\external-real-v8-grounded\public\documents\EXT3_DOC_196_OLD.txt,ad0ddeafd373e7ffb1f257f1652ceeeb5d678c6f2026060f2e19450fcd2ecad1,7020,2026-08-27T13:59:30.625038+00:00,
public_file,,public,benchmark\external-real-v8-grounded\public\documents\EXT3_DOC_197_NEW.txt,1d5b3ba2f44f9fd356266a9b5b291ae2f4f9a2c7bf1d15f3cac0bf53f6d661c2,7944,2026-08-27T13:59:30.646628+00:00,
public_file,,public,benchmark\external-real-v8-grounded\public\documents\EXT3_DOC_197_OLD.txt,c9546249eeb931007c0060852a497f65bc5f4716e3d286f0db8a0ac05bb84736,7133,2026-08-27T13:59:30.644363+00:00,
public_file,,public,benchmark\external-real-v8-grounded\public\documents\EXT3_DOC_198_NEW.txt,3770a15b23a4a49f784e1164df1eca30ad03e3e75ae24c455462a4f86027224d,5955,2026-08-27T13:59:35.626528+00:00,
public_file,,public,benchmark\external-real-v8-grounded\public\documents\EXT3_DOC_198_OLD.txt,9ce39f2538f50044e9f1404eaea0b2b6ccd42af51c13f4ba14eafc89f320e87d,7519,2026-08-27T13:59:35.624434+00:00,
public_file,,public,benchmark\external-real-v8-grounded\public\documents\EXT3_DOC_199_NEW.txt,0e0a3a00162868c6d3e3b2bf112922631a91523e130a985f814c8faa80732490,8624,2026-08-27T13:59:30.686785+00:00,
public_file,,public,benchmark\external-real-v8-grounded\public\documents\EXT3_DOC_199_OLD.txt,445f5f3f5e4b1172e089cf83842a9a60b5c6fd925345ee231fb609d498725917,7476,2026-08-27T13:59:30.684276+00:00,
public_file,,public,benchmark\external-real-v8-grounded\public\documents\EXT3_DOC_200_NEW.txt,4c6f35b19e2ef04593b82c8dbc7756679a9312718eb75c26202a49a7ed6f0396,8527,2026-08-27T13:59:30.707649+00:00,
public_file,,public,benchmark\external-real-v8-grounded\public\documents\EXT3_DOC_200_OLD.txt,3fa8ae2893dee3baf6845e1a2feb5a8e71fb262b565db999b6ec355836fd52c6,7196,2026-08-27T13:59:30.705142+00:00,
public_file,,public,benchmark\external-real-v8-grounded\public\documents\EXT3_DOC_201_NEW.txt,eb54b87c41459949f899eb70095d964b7c2dae569a401063403366ab645877cc,8446,2026-08-27T13:59:30.725293+00:00,
public_file,,public,benchmark\external-real-v8-grounded\public\documents\EXT3_DOC_201_OLD.txt,a998e2b59638aaf8b7f5b39d4f033bced6462ee34c132b41da5ed1c9673134d7,7476,2026-08-27T13:59:30.723808+00:00,
public_file,,public,benchmark\external-real-v8-grounded\public\documents\EXT3_DOC_202_NEW.txt,fcc82f13c8acfe94d8568e7a9bf9b5d59aaa2b6fcd1646db0bf238e3b12fe59f,8199,2026-08-27T13:59:30.746092+00:00,
public_file,,public,benchmark\external-real-v8-grounded\public\documents\EXT3_DOC_202_OLD.txt,57b4f4dcd0a5cbbc28cefb4f7558976ccdda9537027dc337702d254b4c028061,7476,2026-08-27T13:59:30.744693+00:00,
public_file,,public,benchmark\external-real-v8-grounded\public\documents\EXT3_DOC_203_NEW.txt,f9b8fecc9727a5a717c3a9c44ac721fbb281c213e7d18e85d18ff4607dadfdc1,7479,2026-08-27T13:59:30.766241+00:00,
public_file,,public,benchmark\external-real-v8-grounded\public\documents\EXT3_DOC_203_OLD.txt,9ec8d1642db53b594be366d2945b7917ebe0a73ec7d8b17e9b6e67dd03aee034,6397,2026-08-27T13:59:30.764236+00:00,
public_file,,public,benchmark\external-real-v8-grounded\public\documents\EXT3_DOC_205_NEW.txt,c5e674f5b28d6ab8ab7e28e46675661cd7e0ca6577a0b41b3462daa4a7e19054,8174,2026-08-27T13:59:30.804779+00:00,
public_file,,public,benchmark\external-real-v8-grounded\public\documents\EXT3_DOC_205_OLD.txt,ba1b00d1cd405b2711612e7b1adf7aacbac010a396f44a3156bc3067d24fad6b,7274,2026-08-27T13:59:30.795758+00:00,
public_file,,public,benchmark\external-real-v8-grounded\public\documents\EXT3_DOC_206_NEW.txt,f945db85519a15810e17f9a75ba411dfe787ac7414477729269ff54201518e4b,7660,2026-08-27T13:59:30.812749+00:00,
public_file,,public,benchmark\external-real-v8-grounded\public\documents\EXT3_DOC_206_OLD.txt,9281cde8b6c7fe2a5257cbf4360340aaa111dae6bba9d3e1462e5b841d9834d5,7529,2026-08-27T13:59:30.811206+00:00,
public_file,,public,benchmark\external-real-v8-grounded\public\documents\EXT3_DOC_207_NEW.txt,ba456ac997db47aa07d9b78db685ceff75ec5511bb346150c19c02122255ce06,7671,2026-08-27T14:24:35.900946+00:00,
public_file,,public,benchmark\external-real-v8-grounded\public\documents\EXT3_DOC_207_OLD.txt,6727128e4fc2f4c186490e99977f644bd8374a65154c0ba24d444c38f3a804e9,7408,2026-08-27T14:24:35.903962+00:00,
public_file,,public,benchmark\external-real-v8-grounded\public\documents\EXT3_DOC_208_NEW.txt,ad04d81245a2fc17b3ebedb4cf57382e207aab3783612cba45f55b4ba248fb00,7670,2026-08-27T13:59:30.856585+00:00,
public_file,,public,benchmark\external-real-v8-grounded\public\documents\EXT3_DOC_208_OLD.txt,2bf21ba1b4a2e72117cb32289a320cab80a0896d1c76080a0a3fc5c4bb9745ac,7464,2026-08-27T13:59:30.846416+00:00,
public_file,,public,benchmark\external-real-v8-grounded\public\documents\EXT3_DOC_209_NEW.txt,e7b7b139695becf4698285b4b234ae462885140a4a5ea4c70f22e47423eb3047,8373,2026-08-27T13:59:30.869720+00:00,
public_file,,public,benchmark\external-real-v8-grounded\public\documents\EXT3_DOC_209_OLD.txt,3b5432d509d2c532a8a352fe6998c09f5a7384cd9cd278539dceffd1b34fafaf,7090,2026-08-27T13:59:30.868719+00:00,
public_file,,public,benchmark\external-real-v8-grounded\public\documents\EXT3_DOC_210_NEW.txt,e48fb93b81420db5c06d7dda31d137e2f4445a20b2fc4d2c097b87be19ab2623,7486,2026-08-27T13:59:30.893330+00:00,
public_file,,public,benchmark\external-real-v8-grounded\public\documents\EXT3_DOC_210_OLD.txt,5039ad6acb258009330bdcfd31f6745b6fcccb6ed08ced00af9e5ec1fdf5c0d8,7398,2026-08-27T13:59:30.885322+00:00,
public_file,,public,benchmark\external-real-v8-grounded\public\documents\EXT3_DOC_211_NEW.txt,ba1ae5b3feac2598eb70727369fa91dc3c604869ace8ed52c61577544602fcd4,7433,2026-08-27T13:59:30.902298+00:00,
public_file,,public,benchmark\external-real-v8-grounded\public\documents\EXT3_DOC_211_OLD.txt,dcc4d0758852745da590ff40bc963c3fbaef31a47eac99e2bdd53c59512e5af7,7354,2026-08-27T13:59:30.901292+00:00,
public_file,,public,benchmark\external-real-v8-grounded\public\documents\EXT3_DOC_212_NEW.txt,c80eb31130138939194c65f1bd398d6659405047a1053dcea34b716fe02d8cfa,7343,2026-08-27T13:59:30.927417+00:00,
public_file,,public,benchmark\external-real-v8-grounded\public\documents\EXT3_DOC_212_OLD.txt,be9a796325cf483ecb593d447675bcdbf22a0561446f970fb13812b21960d3b3,7394,2026-08-27T13:59:30.919949+00:00,
public_file,,public,benchmark\external-real-v8-grounded\public\documents\EXT3_DOC_213_NEW.txt,cf180363f401b228c2edf4a3310a67c3677dd8d016cfa91b76256a315aff5733,7027,2026-08-27T13:59:30.936645+00:00,
public_file,,public,benchmark\external-real-v8-grounded\public\documents\EXT3_DOC_213_OLD.txt,2709dd9e89ede8b7a79e0b13a2dd463a4ccd3777642bf4f0216b2d7ea41c8e3d,7357,2026-08-27T13:59:30.934526+00:00,
public_file,,public,benchmark\external-real-v8-grounded\public\documents\EXT3_SRC_071_NEW.txt,647996b639d80dae4d46be540c85f126a4f6e153b8242ad0615ba2d874ffe464,4881,2026-08-27T13:57:19.748428+00:00,
public_file,,public,benchmark\external-real-v8-grounded\public\documents\EXT3_SRC_071_OLD.txt,2931a7fdd23112f4e07a3bacbfd4de75c9d72e9889b9d2cbef934fb43ed8f6b5,195,2026-08-27T13:57:19.746741+00:00,
public_file,,public,benchmark\external-real-v8-grounded\public\documents\EXT3_SRC_076_NEW.txt,647996b639d80dae4d46be540c85f126a4f6e153b8242ad0615ba2d874ffe464,4881,2026-08-27T13:57:19.815333+00:00,
public_file,,public,benchmark\external-real-v8-grounded\public\documents\EXT3_SRC_076_OLD.txt,2931a7fdd23112f4e07a3bacbfd4de75c9d72e9889b9d2cbef934fb43ed8f6b5,195,2026-08-27T13:57:19.812299+00:00,
public_file,,public,benchmark\external-real-v8-grounded\public\documents\EXT3_SRC_081_NEW.txt,647996b639d80dae4d46be540c85f126a4f6e153b8242ad0615ba2d874ffe464,4881,2026-08-27T13:57:19.878130+00:00,
public_file,,public,benchmark\external-real-v8-grounded\public\documents\EXT3_SRC_081_OLD.txt,2931a7fdd23112f4e07a3bacbfd4de75c9d72e9889b9d2cbef934fb43ed8f6b5,195,2026-08-27T13:57:19.876624+00:00,
public_file,,public,benchmark\external-real-v8-grounded\public\documents\EXT3_SRC_085_NEW.txt,647996b639d80dae4d46be540c85f126a4f6e153b8242ad0615ba2d874ffe464,4881,2026-08-27T13:57:19.925411+00:00,
public_file,,public,benchmark\external-real-v8-grounded\public\documents\EXT3_SRC_085_OLD.txt,2931a7fdd23112f4e07a3bacbfd4de75c9d72e9889b9d2cbef934fb43ed8f6b5,195,2026-08-27T13:57:19.923357+00:00,
public_file,,public,benchmark\external-real-v8-grounded\public\documents\EXT3_SRC_086_NEW.txt,e05ad4771a4502ab69a08e76162b59c3c4c3d4c3b859e11be24468cfb13f69f1,6669,2026-08-27T13:57:20.022778+00:00,
public_file,,public,benchmark\external-real-v8-grounded\public\documents\EXT3_SRC_086_OLD.txt,e937a5ad773800092be1cf630d8f209267adf1d3a17746593621ad2a254671d4,8178,2026-08-27T13:57:20.020718+00:00,
public_file,,public,benchmark\external-real-v8-grounded\public\documents\EXT3_SRC_089_NEW.txt,ae870b2c138e1fd853b72c9fe4644bb54a670640f73c7ed0905d2b08866331d7,5709,2026-08-27T13:57:20.242171+00:00,
public_file,,public,benchmark\external-real-v8-grounded\public\documents\EXT3_SRC_089_OLD.txt,ab4f7ee482b32492361b7867c792a9a88b7a21e73b5177197fe9a883c4d7035a,9250,2026-08-27T13:57:20.231575+00:00,
public_file,,public,benchmark\external-real-v8-grounded\public\documents\EXT3_SRC_090_NEW.txt,ef56b9d643ea888a23a7ad6fdc0665245cf1a2b2c92cee66ae4fccd10edc27c8,6008,2026-08-27T13:57:20.324127+00:00,
public_file,,public,benchmark\external-real-v8-grounded\public\documents\EXT3_SRC_090_OLD.txt,373b12c6f71d749749bc29fa6a7523221c2435728ddbc64666cd9229a4ca12be,8697,2026-08-27T13:57:20.316371+00:00,
public_file,,public,benchmark\external-real-v8-grounded\public\documents\EXT3_SRC_092_NEW.txt,10ed4e40d7f3ac56f317e8f46695bcd56d1c367584acd22a0f06045daa5de1d5,6698,2026-08-27T13:57:20.461790+00:00,
public_file,,public,benchmark\external-real-v8-grounded\public\documents\EXT3_SRC_092_OLD.txt,c0b79e56d83a7b9c14b5c048ed2eca1d0fb1d76146455d96342ff92f5f432fec,7478,2026-08-27T13:57:20.460306+00:00,
public_file,,public,benchmark\external-real-v8-grounded\public\documents\EXT3_SRC_093_NEW.txt,ae870b2c138e1fd853b72c9fe4644bb54a670640f73c7ed0905d2b08866331d7,5709,2026-08-27T13:57:20.537496+00:00,
public_file,,public,benchmark\external-real-v8-grounded\public\documents\EXT3_SRC_093_OLD.txt,db92e838a14fcfe4c6b7af0c0770dc162a1feced1031e31d589793781c8526a0,8343,2026-08-27T13:57:20.528632+00:00,
public_file,,public,benchmark\external-real-v8-grounded\public\documents\EXT3_SRC_094_NEW.txt,abcdcaefc6a0a49db5df2a7ce923271a76aaa804b605c824fca7eefaf1d79656,6959,2026-08-27T13:57:20.615824+00:00,
public_file,,public,benchmark\external-real-v8-grounded\public\documents\EXT3_SRC_094_OLD.txt,53ab421276b3a19d4f9ca9db064563d5772ed3fcf7e4b591679bbbaa572dedc8,8712,2026-08-27T13:57:20.606772+00:00,
public_file,,public,benchmark\external-real-v8-grounded\public\documents\EXT3_SRC_097_NEW.txt,2c13ec086110a5d4e49487c1b241809717fd7072c963418f31f52811b1684c8c,6857,2026-08-27T13:57:20.831020+00:00,
public_file,,public,benchmark\external-real-v8-grounded\public\documents\EXT3_SRC_097_OLD.txt,a999573172ac16ae4796f2908a8ff32a3f861d52af79308d9497387f6a7c3905,8416,2026-08-27T13:57:20.822685+00:00,
public_file,,public,benchmark\external-real-v8-grounded\public\documents\EXT3_SRC_098_NEW.txt,2c13ec086110a5d4e49487c1b241809717fd7072c963418f31f52811b1684c8c,6857,2026-08-27T13:57:20.919140+00:00,
public_file,,public,benchmark\external-real-v8-grounded\public\documents\EXT3_SRC_098_OLD.txt,a999573172ac16ae4796f2908a8ff32a3f861d52af79308d9497387f6a7c3905,8416,2026-08-27T13:57:20.906561+00:00,
public_file,,public,benchmark\external-real-v8-grounded\public\documents\EXT3_SRC_100_NEW.txt,2a04f55f0df5d4a0a72725c90ab3e87c9d39aec36eb77ed332aaf4fcae9de0f5,23964,2026-08-27T13:57:21.031026+00:00,
public_file,,public,benchmark\external-real-v8-grounded\public\documents\EXT3_SRC_100_OLD.txt,6952625158fe80e5ee590c53b4005aec3e0a14d49d11d6baa2c3fef025572f74,22118,2026-08-27T13:57:21.021272+00:00,
public_file,,public,benchmark\external-real-v8-grounded\public\documents\EXT3_SRC_102_NEW.txt,21d7b2ec4dfe5c024b520eea9e6134735911eb6c8aa3fd30dd99df5892d0a28b,21488,2026-08-27T13:57:21.112207+00:00,
public_file,,public,benchmark\external-real-v8-grounded\public\documents\EXT3_SRC_102_OLD.txt,1ef4dbd46e517ee5f21f5d8eefebfd7477bdd759105f0018a41df49a9ad907cf,22338,2026-08-27T13:57:21.104100+00:00,
public_file,,public,benchmark\external-real-v8-grounded\public\documents\EXT3_SRC_103_NEW.txt,684224700a94053fea1a56dfcd76f7cb3182b21840b7b716e390a0ce72fc3db1,19556,2026-08-27T13:57:21.150345+00:00,
public_file,,public,benchmark\external-real-v8-grounded\public\documents\EXT3_SRC_103_OLD.txt,75a16f492800bf0c6d84f5a6fe20c5735c3364b9ec24d73ad6371cf36d865191,22999,2026-08-27T13:57:21.142281+00:00,
public_file,,public,benchmark\external-real-v8-grounded\public\documents\EXT3_SRC_104_NEW.txt,c739de07a843ccbc73424608d3688dbf941bbdc8775f56ab098dabe9190356c0,19259,2026-08-27T13:57:21.191518+00:00,
public_file,,public,benchmark\external-real-v8-grounded\public\documents\EXT3_SRC_104_OLD.txt,479c7c756ece20d6146ae18c47cbcb730ec637070b2e6992b4804634763160eb,19710,2026-08-27T13:57:21.181960+00:00,
public_file,,public,benchmark\external-real-v8-grounded\public\documents\EXT3_SRC_105_NEW.txt,5d5a10d9c9886bface4af3d59745cb61e24855cdc846da58471f2ced8f0503fc,19450,2026-08-27T13:57:21.229570+00:00,
public_file,,public,benchmark\external-real-v8-grounded\public\documents\EXT3_SRC_105_OLD.txt,dca1a669be7bdee1555630c03157ea45c9d3697cc47ce88e33240a61f6f5f6c9,21210,2026-08-27T13:57:21.221092+00:00,
public_file,,public,benchmark\external-real-v8-grounded\public\documents\EXT3_SRC_106_NEW.txt,9fa9c00b8e05118878497b85f42436d5afe32f848af800e50ee4c4b44ec457f2,7695,2026-08-27T13:57:21.386045+00:00,
public_file,,public,benchmark\external-real-v8-grounded\public\documents\EXT3_SRC_106_OLD.txt,ff4e1a2051d6fe2a28842164d7b65795153b4d1e6dcbfb1c5e2965448c9aee88,7685,2026-08-27T13:57:21.384049+00:00,
public_file,,public,benchmark\external-real-v8-grounded\public\documents\EXT3_SRC_107_NEW.txt,9fa9c00b8e05118878497b85f42436d5afe32f848af800e50ee4c4b44ec457f2,7695,2026-08-27T13:57:21.414732+00:00,
public_file,,public,benchmark\external-real-v8-grounded\public\documents\EXT3_SRC_107_OLD.txt,ff4e1a2051d6fe2a28842164d7b65795153b4d1e6dcbfb1c5e2965448c9aee88,7685,2026-08-27T13:57:21.412426+00:00,
public_file,,public,benchmark\external-real-v8-grounded\public\documents\EXT3_SRC_108_NEW.txt,dec83be424be10164c39a04e514bf262ad3c2d85ff6516feee6c90da4b877ea9,7696,2026-08-27T13:57:21.442172+00:00,
public_file,,public,benchmark\external-real-v8-grounded\public\documents\EXT3_SRC_108_OLD.txt,b53d72d98fe1e2285893c9a7e6880e159156803cd10f2f33c94c7928ae17a1b5,7528,2026-08-27T13:57:21.441151+00:00,
public_file,,public,benchmark\external-real-v8-grounded\public\documents\EXT3_SRC_109_NEW.txt,3a5d2329946d9a49c40503f95b5d8b5533fea8240ae166274ffc593bb45bd9c9,7686,2026-08-27T13:57:21.477825+00:00,
public_file,,public,benchmark\external-real-v8-grounded\public\documents\EXT3_SRC_109_OLD.txt,fb02a0eb48914ec8b9824f9fe644cfdd028120ffc633d4b069e24fbd9863c940,7324,2026-08-27T13:57:21.469229+00:00,
public_file,,public,benchmark\external-real-v8-grounded\public\documents\EXT3_SRC_111_NEW.txt,c058564de1a186c0fabf82e709b618dde4cb24c8ae611d4a0a25f95de6a48a25,7401,2026-08-27T13:57:21.536105+00:00,
public_file,,public,benchmark\external-real-v8-grounded\public\documents\EXT3_SRC_111_OLD.txt,c489223d045093e56ab246e021f8fecb66d23fc54e9045f6e8e4ddba694d1772,6891,2026-08-27T13:57:21.534098+00:00,
public_file,,public,benchmark\external-real-v8-grounded\public\documents\EXT3_SRC_113_NEW.txt,dd54f019a3851ef4341dcb17a9a398708a60ad5e7560da5e73d262ec48b458c5,7534,2026-08-27T13:57:21.615438+00:00,
public_file,,public,benchmark\external-real-v8-grounded\public\documents\EXT3_SRC_113_OLD.txt,87f98c900875f5cd7c6925f75c2ebcf677501f2a7288092a5b08d42a58a3da68,7325,2026-08-27T13:57:21.603877+00:00,
public_file,,public,benchmark\external-real-v8-grounded\public\documents\EXT3_SRC_114_NEW.txt,d6771bf827396658eb1487d26a01e83314dd33b1666ace8f99f769c6d3884c0e,8041,2026-08-27T13:57:21.673217+00:00,
public_file,,public,benchmark\external-real-v8-grounded\public\documents\EXT3_SRC_114_OLD.txt,ad152c3eb77b95484b7e0ed85a8f0ff5553920db34e8011e2f609a5ed01a8283,8636,2026-08-27T13:57:21.659348+00:00,
public_file,,public,benchmark\external-real-v8-grounded\public\documents\EXT3_SRC_115_NEW.txt,9e68da5cff5ce2adfe16151b6242c5c5662882f57c04b059418c177102e429e8,7524,2026-08-27T13:57:21.687257+00:00,
public_file,,public,benchmark\external-real-v8-grounded\public\documents\EXT3_SRC_115_OLD.txt,b741a374700c366c59f872f6c5119917e0175c0f4e8c113b276206653cf4f8bb,6902,2026-08-27T13:57:21.685130+00:00,
public_file,,public,benchmark\external-real-v8-grounded\public\documents\EXT3_SRC_116_NEW.txt,3204ac64e96fb8a3805df4609edf189832ed12a9fb5805702ce44e92b77dc11a,8001,2026-08-27T13:57:21.702559+00:00,
public_file,,public,benchmark\external-real-v8-grounded\public\documents\EXT3_SRC_116_OLD.txt,5a4369c236536db800c68dc90cc3b250bf4dece86e3e7a8b4352b8a3dc097bc0,7858,2026-08-27T13:57:21.700088+00:00,
public_file,,public,benchmark\external-real-v8-grounded\public\documents\EXT3_SRC_117_NEW.txt,a37eb5d36cefb1c9db899712e2b459bc407643d404a23a2e9b135b21d8f05489,7043,2026-08-27T13:57:21.725387+00:00,
public_file,,public,benchmark\external-real-v8-grounded\public\documents\EXT3_SRC_117_OLD.txt,85c3bcfa41f8e150c943f60e133e045adcbbf7f52a59d2cad7acef7bd09f5334,8400,2026-08-27T13:57:21.714538+00:00,
public_file,,public,benchmark\external-real-v8-grounded\public\documents\EXT3_SRC_118_NEW.txt,96fd5ed5a7cb24bc9e161b63c0cb6dda933f637a6a9e1fa499c8ca57da8c44ad,7351,2026-08-27T13:57:21.739252+00:00,
public_file,,public,benchmark\external-real-v8-grounded\public\documents\EXT3_SRC_118_OLD.txt,db3d731a315c6516d5c2b9875d02b40e81ed8cd67f244648ae186d145595efab,6994,2026-08-27T13:57:21.736737+00:00,
public_file,,public,benchmark\external-real-v8-grounded\public\documents\EXT3_SRC_120_NEW.txt,f0c581f09a49eaa326d4e74b28aaf49437ce428f8741ec5177bc4c91eda565f7,6493,2026-08-27T13:57:21.775463+00:00,
public_file,,public,benchmark\external-real-v8-grounded\public\documents\EXT3_SRC_120_OLD.txt,9dcaf1334c265aa09c480bbc275ae63ddc25b5e769dc712e46fb77b4a54aa574,6932,2026-08-27T13:57:21.774172+00:00,
public_file,,public,benchmark\external-real-v8-grounded\public\documents\EXT3_SRC_121_NEW.txt,ba47e6671bb45b57558c18936645944bba4f897e4c05c725040581a92ff1fdc9,7485,2026-08-27T13:57:21.787675+00:00,
public_file,,public,benchmark\external-real-v8-grounded\public\documents\EXT3_SRC_121_OLD.txt,4d383fc0c7dff501062d907d79cd6581265a09e52cd8ee43ee1555f69c4d4c60,6958,2026-08-27T13:57:21.785677+00:00,
public_file,,public,benchmark\external-real-v8-grounded\public\documents\EXT3_SRC_122_NEW.txt,4acf5396906ecf820543e0e10aa350d1feb4e05ab6299b00e3e46173a26823e1,7765,2026-08-27T13:57:21.799577+00:00,
public_file,,public,benchmark\external-real-v8-grounded\public\documents\EXT3_SRC_122_OLD.txt,958af0cbd2a194bce4d6204c78fd66d382c93816d41436321e47f5887002aa73,7626,2026-08-27T13:57:21.797548+00:00,
public_file,,public,benchmark\external-real-v8-grounded\public\documents\EXT3_SRC_123_NEW.txt,3d9f6bc1d10e7d162297b489478bcb77a0e1acddc6ff409967afc94157fdc7d9,7190,2026-08-27T13:57:21.813197+00:00,
public_file,,public,benchmark\external-real-v8-grounded\public\documents\EXT3_SRC_123_OLD.txt,0c78a1f5abbf44307164fa8dd24df8e888d9855799b8d278df4710a05d29eaeb,7581,2026-08-27T13:57:21.810695+00:00,
public_file,,public,benchmark\external-real-v8-grounded\public\documents\EXT3_SRC_124_NEW.txt,094c0394c7acce2260e529cd31b398381f26e06c5b59253e63461723a04717c6,7682,2026-08-27T13:57:21.826522+00:00,
public_file,,public,benchmark\external-real-v8-grounded\public\documents\EXT3_SRC_124_OLD.txt,f9b3dd47ace28be29b19cc3c5ae6477369f1b7ffede4bde446521a2712f5025c,8078,2026-08-27T13:57:21.823489+00:00,
public_file,,public,benchmark\external-real-v8-grounded\public\documents\EXT3_SRC_125_NEW.txt,495d74286423d08c2fb05cbcdd3cc0692ccff4ac06eaaba0bfb98794144ff808,7754,2026-08-27T13:57:21.839636+00:00,
public_file,,public,benchmark\external-real-v8-grounded\public\documents\EXT3_SRC_125_OLD.txt,4a1dd6365095e3aff3990fa6c65ef61909bcd2ff3cacb75415fd3dc529997644,7617,2026-08-27T13:57:21.836695+00:00,
public_file,,public,benchmark\external-real-v8-grounded\public\documents\EXT3_SRC_128_NEW.txt,4d1a86e0d687c47015b55ae247863ef34ef328904e55fd581f3bae0612d64b45,6500,2026-08-27T13:57:21.887532+00:00,
public_file,,public,benchmark\external-real-v8-grounded\public\documents\EXT3_SRC_128_OLD.txt,3ca4ed5c280f4b88ede99a302aaf1df8b29dad48b029808a845856a436f49709,8326,2026-08-27T13:57:21.874008+00:00,
public_file,,public,benchmark\external-real-v8-grounded\public\documents\EXT3_SRC_129_NEW.txt,de94c926da20486ceaf7d45f7ce7e77bb0f0f4a4c803adfbf088185dbfd6865a,7186,2026-08-27T13:57:21.901098+00:00,
public_file,,public,benchmark\external-real-v8-grounded\public\documents\EXT3_SRC_129_OLD.txt,ffc166c52493a40eedd3b59231397ded0a06512c33d770a40e916f0131c6d661,7160,2026-08-27T13:57:21.898830+00:00,
public_file,,public,benchmark\external-real-v8-grounded\public\documents\EXT3_SRC_130_NEW.txt,27167d0560d3a7c7a2bfac0faf9062382aeb323bb2ddf2a01424b709febc9916,7449,2026-08-27T13:57:21.913883+00:00,
public_file,,public,benchmark\external-real-v8-grounded\public\documents\EXT3_SRC_130_OLD.txt,53c472dff94cd74b717c158255772a5bd750ca37eaae35f13e6713d01ea6f6db,6983,2026-08-27T13:57:21.912472+00:00,
public_file,,public,benchmark\external-real-v8-grounded\public\documents\EXT3_SRC_131_NEW.txt,43993791b5b16d1945987dc007e6ae685147361806e35bfa5c1034e7ded1284a,7440,2026-08-27T13:57:21.927888+00:00,
public_file,,public,benchmark\external-real-v8-grounded\public\documents\EXT3_SRC_131_OLD.txt,b463661f504675c69261a4e124b6c31bf8bfe686125693c249ef963aa3674da8,6354,2026-08-27T13:57:21.925864+00:00,
public_file,,public,benchmark\external-real-v8-grounded\public\documents\EXT3_SRC_132_NEW.txt,adbf880a903f17f7b5321dea12a634f2a91d26066c098c28e5d78459942f2e5e,7878,2026-08-27T13:57:21.948482+00:00,
public_file,,public,benchmark\external-real-v8-grounded\public\documents\EXT3_SRC_132_OLD.txt,5a4369c236536db800c68dc90cc3b250bf4dece86e3e7a8b4352b8a3dc097bc0,7858,2026-08-27T13:57:21.945953+00:00,
public_file,,public,benchmark\external-real-v8-grounded\public\documents\EXT3_SRC_134_NEW.txt,d7d85dbb4698c28267d17dbbfc3c81ed8e293f0530093933212629bce3dfcafb,7413,2026-08-27T13:57:22.011396+00:00,
public_file,,public,benchmark\external-real-v8-grounded\public\documents\EXT3_SRC_134_OLD.txt,3028721e9f54f5e908014940f9c1eec3573f91ed453428b298bbe305a927257f,5747,2026-08-27T13:57:22.009894+00:00,
public_file,,public,benchmark\external-real-v8-grounded\public\documents\EXT3_SRC_136_NEW.txt,ffec6cd3f8e26cf355e59746934721dc1b85b13d7ea1dcdfc3cac8243113e072,7329,2026-08-27T13:57:22.039457+00:00,
public_file,,public,benchmark\external-real-v8-grounded\public\documents\EXT3_SRC_136_OLD.txt,ad996dd1b784db59df8eeb01c10e236aa27d6241f82e6521612e483d8380d97b,6155,2026-08-27T13:57:22.037945+00:00,
public_file,,public,benchmark\external-real-v8-grounded\public\documents\EXT3_SRC_139_NEW.txt,78836b8062771067016e2d1cac5e23e81e1dec3120fb2f7e44960eba319127be,7455,2026-08-27T13:57:22.076207+00:00,
public_file,,public,benchmark\external-real-v8-grounded\public\documents\EXT3_SRC_139_OLD.txt,dd88b14bcbd564c67348c4c6b40b8a2418d682d055f59ce72a9963eab294ada4,6237,2026-08-27T13:57:22.074698+00:00,
public_file,,public,benchmark\external-real-v8-grounded\public\documents\EXT3_SRC_140_NEW.txt,805327a18a6c27256a45b79c9afea5b6cfd52474d6f7ba0fa11432ceffd4ee6f,7468,2026-08-27T13:57:22.093498+00:00,
public_file,,public,benchmark\external-real-v8-grounded\public\documents\EXT3_SRC_140_OLD.txt,e80d9c5a61fbbe862b1f49f29ebd00477ec6d293d8444f04abb66cecc1f3d69d,7676,2026-08-27T13:57:22.091729+00:00,
public_file,,public,benchmark\external-real-v8-grounded\public\documents\EXT3_SRC_141_NEW.txt,d7d85dbb4698c28267d17dbbfc3c81ed8e293f0530093933212629bce3dfcafb,7413,2026-08-27T13:57:22.107504+00:00,
public_file,,public,benchmark\external-real-v8-grounded\public\documents\EXT3_SRC_141_OLD.txt,228ddbcd795eee83f5d0802743538e77c076bd5ad834625d382443d105efb613,6312,2026-08-27T13:57:22.105390+00:00,
public_file,,public,benchmark\external-real-v8-grounded\public\documents\EXT3_SRC_142_NEW.txt,0ac09658f14cd2260c55800e14bd8945d9accae6f750bae089810a2d6521f52e,7719,2026-08-27T13:57:22.122003+00:00,
public_file,,public,benchmark\external-real-v8-grounded\public\documents\EXT3_SRC_142_OLD.txt,c66953d2bd6f1827ce86cb4f45cdea41aa9025ddd180049c332facae2dbe9455,6863,2026-08-27T13:57:22.121006+00:00,
public_file,,public,benchmark\external-real-v8-grounded\public\documents\EXT3_SRC_145_NEW.txt,d7d85dbb4698c28267d17dbbfc3c81ed8e293f0530093933212629bce3dfcafb,7413,2026-08-27T13:57:22.164524+00:00,
public_file,,public,benchmark\external-real-v8-grounded\public\documents\EXT3_SRC_145_OLD.txt,77c66f1bebb39be0bdf875c8252c7408d48e9d90383f42ddbae1d1ffda756af2,6958,2026-08-27T13:57:22.162237+00:00,
public_file,,public,benchmark\external-real-v8-grounded\public\documents\EXT3_SRC_146_NEW.txt,d7d85dbb4698c28267d17dbbfc3c81ed8e293f0530093933212629bce3dfcafb,7413,2026-08-27T13:57:22.178596+00:00,
public_file,,public,benchmark\external-real-v8-grounded\public\documents\EXT3_SRC_146_OLD.txt,3028721e9f54f5e908014940f9c1eec3573f91ed453428b298bbe305a927257f,5747,2026-08-27T13:57:22.176323+00:00,
public_file,,public,benchmark\external-real-v8-grounded\public\documents\EXT3_SRC_147_NEW.txt,b71d4da2119e4e139e000c56e051fffb95a0d9ee31fe02445f94ffc637f2dfea,7340,2026-08-27T13:57:22.192041+00:00,
public_file,,public,benchmark\external-real-v8-grounded\public\documents\EXT3_SRC_147_OLD.txt,d033ea78994b43cd707ecf2475275c0a8d607b3d7d15ac166b2013ed5786f2f3,6198,2026-08-27T13:57:22.190016+00:00,
public_file,,public,benchmark\external-real-v8-grounded\public\documents\EXT3_SRC_148_NEW.txt,d7d85dbb4698c28267d17dbbfc3c81ed8e293f0530093933212629bce3dfcafb,7413,2026-08-27T13:57:22.207294+00:00,
public_file,,public,benchmark\external-real-v8-grounded\public\documents\EXT3_SRC_148_OLD.txt,d94ffca1577b37e56bc0586e4b535210d1bcc11822eb5e62ddfac45c0d7489c7,7694,2026-08-27T13:57:22.204288+00:00,
public_file,,public,benchmark\external-real-v8-grounded\public\documents\EXT3_SRC_149_NEW.txt,3194bca476cfb5e1dbc6f90a460a8688682b3373ab9b3aaab93d2c31b1696185,7326,2026-08-27T13:57:22.219872+00:00,
public_file,,public,benchmark\external-real-v8-grounded\public\documents\EXT3_SRC_149_OLD.txt,46bf140de01e7be69fc309db155e9e4f6527ea388919d2aa737c1347aeb4c0b8,6349,2026-08-27T13:57:22.217866+00:00,
public_file,,public,benchmark\external-real-v8-grounded\public\documents\EXT3_SRC_154_NEW.txt,073372e1953c34df3d2d890eba4d38759e9312dd4c0ad5c88814c2ab6f186594,7449,2026-08-27T13:57:22.464417+00:00,
public_file,,public,benchmark\external-real-v8-grounded\public\documents\EXT3_SRC_154_OLD.txt,375f2b175a41bb6f97c281d171d64a3ef26d4604190327ed5c4cc97c689d8cea,8328,2026-08-27T13:57:22.454264+00:00,
public_file,,public,benchmark\external-real-v8-grounded\public\documents\EXT3_SRC_155_NEW.txt,da1db8c4056ec565d6eb72e124628f3ff119ec06b87a51a3934713e974bd2d31,7393,2026-08-27T13:57:22.501714+00:00,
public_file,,public,benchmark\external-real-v8-grounded\public\documents\EXT3_SRC_155_OLD.txt,660f96664534fc27a288a6c06bd4d3196e8e1005971ee68515799fe271223917,8794,2026-08-27T13:57:22.493124+00:00,
public_file,,public,benchmark\external-real-v8-grounded\public\documents\EXT3_SRC_156_NEW.txt,c30e1e3d0e725f86840bd979a90ccb03154c7a960e10c013c147822fcbcb50de,7433,2026-08-27T13:57:22.550764+00:00,
public_file,,public,benchmark\external-real-v8-grounded\public\documents\EXT3_SRC_156_OLD.txt,19275f6a6922d0f6d4edae4a6f65b23f3672ef399ad929a95b90ba3a24268b00,10101,2026-08-27T13:57:22.537536+00:00,
public_file,,public,benchmark\external-real-v8-grounded\public\documents\EXT3_SRC_157_NEW.txt,f93ad523dc04864e3e9a8492c99304eefc7764f3e7c0f28f560c91d168bfd9e5,7467,2026-08-27T13:57:22.589124+00:00,
public_file,,public,benchmark\external-real-v8-grounded\public\documents\EXT3_SRC_157_OLD.txt,474d3ca60eec09bd32758fb661a045dc3f180921e5f95da67730fbb89b1ea5ea,8519,2026-08-27T13:57:22.579050+00:00,
public_file,,public,benchmark\external-real-v8-grounded\public\documents\EXT3_SRC_160_NEW.txt,3e2fb675841ea0f7ae9b3c35f4beaeba431e6f79ef2fb2c92838de03ef674af1,7382,2026-08-27T13:57:22.684610+00:00,
public_file,,public,benchmark\external-real-v8-grounded\public\documents\EXT3_SRC_160_OLD.txt,625b5fc30d3e8e8faf20639074db89e096981134364c92c5e6ab668ce44a80f3,9761,2026-08-27T13:57:22.673923+00:00,
public_file,,public,benchmark\external-real-v8-grounded\public\documents\EXT3_SRC_161_NEW.txt,5dc773d873faa0b1b7beafd2c4496722099d98f8471c325b11b03138ec825c5b,7636,2026-08-27T13:57:22.724924+00:00,
public_file,,public,benchmark\external-real-v8-grounded\public\documents\EXT3_SRC_161_OLD.txt,866aea9fbe378b8efabd974a339b1b668d7200be3ccf629755f0145a1c7d3398,8788,2026-08-27T13:57:22.716286+00:00,
public_file,,public,benchmark\external-real-v8-grounded\public\documents\EXT3_SRC_162_NEW.txt,aa25de2ce2c2b1b7afe915ec1d4be444df35cd163fadd4c1ddb6906f2b052147,7318,2026-08-27T13:57:22.761484+00:00,
public_file,,public,benchmark\external-real-v8-grounded\public\documents\EXT3_SRC_162_OLD.txt,ff87d1d8106dbbd704712f4bdf5dbe7ab0ff709af643613c1caf69241f16331c,9657,2026-08-27T13:57:22.750900+00:00,
public_file,,public,benchmark\external-real-v8-grounded\public\documents\EXT3_SRC_163_NEW.txt,4d66de453fbcddf7aeda53b326ab159822c6644c9c3169fddf77a79668e114d1,7384,2026-08-27T13:57:22.792960+00:00,
public_file,,public,benchmark\external-real-v8-grounded\public\documents\EXT3_SRC_163_OLD.txt,c7f3dc80b1be721eddf4897fde114463f3dc4093d9309f9dd0da163e1caec88d,8144,2026-08-27T13:57:22.791455+00:00,
public_file,,public,benchmark\external-real-v8-grounded\public\documents\EXT3_SRC_164_NEW.txt,19ae79e5e3ae88ac3f273e442a4229bee6ecf0eff297cc5f0bdf1c9c36128157,7465,2026-08-27T13:57:22.823153+00:00,
public_file,,public,benchmark\external-real-v8-grounded\public\documents\EXT3_SRC_164_OLD.txt,d5e63300e96ee5777a84f36a8a064d592a4c29b9514f0f51d7f18bb9817c3947,8070,2026-08-27T13:57:22.820750+00:00,
public_file,,public,benchmark\external-real-v8-grounded\public\documents\EXT3_SRC_165_NEW.txt,073372e1953c34df3d2d890eba4d38759e9312dd4c0ad5c88814c2ab6f186594,7449,2026-08-27T13:57:22.864609+00:00,
public_file,,public,benchmark\external-real-v8-grounded\public\documents\EXT3_SRC_165_OLD.txt,8dd6d4e5388f3d6594d47a9cf2e5ae42f770f200fd8f44ebf412a59b06ad64a1,8194,2026-08-27T13:57:22.855573+00:00,
public_file,,public,benchmark\external-real-v8-grounded\public\documents\EXT3_SRC_167_NEW.txt,fa3413044ad339bc97f9395c1852297b4d577fb19d2d6e8bbaa85fca1a2824fb,7509,2026-08-27T13:57:22.938476+00:00,
public_file,,public,benchmark\external-real-v8-grounded\public\documents\EXT3_SRC_167_OLD.txt,8919840a07129a526652d1f87f0d6e976977f503bf3c100d0a2650f0cb0577f1,8908,2026-08-27T13:57:22.928647+00:00,
public_file,,public,benchmark\external-real-v8-grounded\public\documents\EXT3_SRC_168_NEW.txt,79e8c1651ad246534f2f3a1272301614fb31883f9f3c4fbafaa65f9aef1932b0,7282,2026-08-27T13:57:22.984008+00:00,
public_file,,public,benchmark\external-real-v8-grounded\public\documents\EXT3_SRC_168_OLD.txt,88ecbf35e610d0b4ea7063941078fab580cd94d1250ae3dd67ead780aad65ff7,8593,2026-08-27T13:57:22.973477+00:00,
public_file,,public,benchmark\external-real-v8-grounded\public\documents\EXT3_SRC_170_NEW.txt,0b822a938ad36c260e444b71cc28b870c0a6c11d016c178299aa0f63b2a4152b,7495,2026-08-27T13:57:23.064928+00:00,
public_file,,public,benchmark\external-real-v8-grounded\public\documents\EXT3_SRC_170_OLD.txt,f938aab39db8fe3ce17bef2ad03ae4a1fcca9d88394af3b5811d63d22eeee4be,8662,2026-08-27T13:57:23.054390+00:00,
public_file,,public,benchmark\external-real-v8-grounded\public\documents\EXT3_SRC_171_NEW.txt,d5411c0b2533bdd7e92e99a148a70c83148676c62be86a56ebce5035a6c58b63,7522,2026-08-27T13:57:23.109129+00:00,
public_file,,public,benchmark\external-real-v8-grounded\public\documents\EXT3_SRC_171_OLD.txt,fbbe8d8612f1f7e6f8baaaffa57a33f88ddea7f478a165c0459cae72ca4efa0e,9549,2026-08-27T13:57:23.098659+00:00,
public_file,,public,benchmark\external-real-v8-grounded\public\documents\EXT3_SRC_174_NEW.txt,66b85bcf24a66bddc1ee7d321d1f48c49ed83667ea9098ec65b92b0fa9a197c7,10296,2026-08-27T13:57:23.195641+00:00,
public_file,,public,benchmark\external-real-v8-grounded\public\documents\EXT3_SRC_174_OLD.txt,9a6280bc482e4b58b9dfb45d8747e78a417307b8360f508a91ed00723e1a8854,10042,2026-08-27T13:57:23.183739+00:00,
public_file,,public,benchmark\external-real-v8-grounded\public\documents\EXT3_SRC_175_NEW.txt,c85211e1bff5cf527783ab2979d4aa6b04547a829b9ae5e2528afe8e49124291,12142,2026-08-27T13:57:23.221405+00:00,
public_file,,public,benchmark\external-real-v8-grounded\public\documents\EXT3_SRC_175_OLD.txt,7092a8c663b40f91328074d80e42aeddb12096fa5430f8ac1030ec5050ff11bc,8733,2026-08-27T13:57:23.209857+00:00,
public_file,,public,benchmark\external-real-v8-grounded\public\documents\EXT3_SRC_176_NEW.txt,5d4c9836218ea61e2f3ba699022a1a85294d61df5c0578adaf16d67e7e2465fc,10071,2026-08-27T13:57:23.249914+00:00,
public_file,,public,benchmark\external-real-v8-grounded\public\documents\EXT3_SRC_176_OLD.txt,3e21236d38bb6959a780e711a3e2a5354957011e988ef77ca5a31920733fa66d,8565,2026-08-27T13:57:23.238237+00:00,
public_file,,public,benchmark\external-real-v8-grounded\public\documents\EXT3_SRC_177_NEW.txt,6e0a7fffef0dd007d76ab8b01ddad5b9dcc2bcecf7f8a2d7eaad850e04eda313,11826,2026-08-27T13:57:23.268504+00:00,
public_file,,public,benchmark\external-real-v8-grounded\public\documents\EXT3_SRC_177_OLD.txt,f8d8ab979eb214f0fbf91d97ba6478636ffff23c2776f4cdae0561feacd44b5d,8054,2026-08-27T13:57:23.266482+00:00,
public_file,,public,benchmark\external-real-v8-grounded\public\documents\EXT3_SRC_178_NEW.txt,66b85bcf24a66bddc1ee7d321d1f48c49ed83667ea9098ec65b92b0fa9a197c7,10296,2026-08-27T13:57:23.286449+00:00,
public_file,,public,benchmark\external-real-v8-grounded\public\documents\EXT3_SRC_178_OLD.txt,f8d8ab979eb214f0fbf91d97ba6478636ffff23c2776f4cdae0561feacd44b5d,8054,2026-08-27T13:57:23.284448+00:00,
public_file,,public,benchmark\external-real-v8-grounded\public\documents\EXT3_SRC_179_NEW.txt,178d552db373ce6a48a6ef5717e835d24a34f52f5c55c7d0742f78a4d29d0542,10296,2026-08-27T13:57:23.303947+00:00,
public_file,,public,benchmark\external-real-v8-grounded\public\documents\EXT3_SRC_179_OLD.txt,f8d8ab979eb214f0fbf91d97ba6478636ffff23c2776f4cdae0561feacd44b5d,8054,2026-08-27T13:57:23.302441+00:00,
public_file,,public,benchmark\external-real-v8-grounded\public\documents\EXT3_SRC_180_NEW.txt,cdc72fe87be61afde49faeb4bcf378c242340e30fa10fec94c0a302a5c63bc01,12575,2026-08-27T13:57:23.322845+00:00,
public_file,,public,benchmark\external-real-v8-grounded\public\documents\EXT3_SRC_180_OLD.txt,f8d8ab979eb214f0fbf91d97ba6478636ffff23c2776f4cdae0561feacd44b5d,8054,2026-08-27T13:57:23.320806+00:00,
public_file,,public,benchmark\external-real-v8-grounded\public\documents\EXT3_SRC_181_NEW.txt,f2ad8565bb0b462d3d4db118f56b2bc5475d14ca205efc58fd6180dd114345cd,5940,2026-08-27T13:57:28.728140+00:00,
public_file,,public,benchmark\external-real-v8-grounded\public\documents\EXT3_SRC_181_OLD.txt,4e76e82092347c025825c653e5962bb96dea7b7ea0d1c6ac732b4676d7e8723b,6598,2026-08-27T13:57:28.725104+00:00,
public_file,,public,benchmark\external-real-v8-grounded\public\documents\EXT3_SRC_183_NEW.txt,30d4d09908f883ecff9c75120a242294e670a6bd87e980ffcbdb01882382b3fc,10912,2026-08-27T13:57:23.390535+00:00,
public_file,,public,benchmark\external-real-v8-grounded\public\documents\EXT3_SRC_183_OLD.txt,f8d8ab979eb214f0fbf91d97ba6478636ffff23c2776f4cdae0561feacd44b5d,8054,2026-08-27T13:57:23.388536+00:00,
public_file,,public,benchmark\external-real-v8-grounded\public\documents\EXT3_SRC_185_NEW.txt,3f45f9284f82ac33d309bfa962cba53eba91c9bafd64542d953bcc18b1d88010,10296,2026-08-27T13:57:23.428665+00:00,
public_file,,public,benchmark\external-real-v8-grounded\public\documents\EXT3_SRC_185_OLD.txt,fceba16923a1e904fd01b3c4cfe7e18545cc3d4a8b95edf1302364ea4dd019a4,8054,2026-08-27T13:57:23.427652+00:00,
public_file,,public,benchmark\external-real-v8-grounded\public\documents\EXT3_SRC_186_NEW.txt,91f86709655f3631b30b4154eeca348e22d8cbdcc3682d90b8a6cafb4887567b,10296,2026-08-27T13:57:23.446737+00:00,
public_file,,public,benchmark\external-real-v8-grounded\public\documents\EXT3_SRC_186_OLD.txt,f8d8ab979eb214f0fbf91d97ba6478636ffff23c2776f4cdae0561feacd44b5d,8054,2026-08-27T13:57:23.444726+00:00,
public_file,,public,benchmark\external-real-v8-grounded\public\documents\EXT3_SRC_187_NEW.txt,3bf2bd1b66ef2c26940664e9a258f1f6fb3c82d6dc08f5ff82dd8971e1d14ee0,5816,2026-08-27T13:57:28.966187+00:00,
public_file,,public,benchmark\external-real-v8-grounded\public\documents\EXT3_SRC_187_OLD.txt,237b3b394da5cf8a5e577fe400f0c458162a48b56a9c0f126bf641a3fd23072f,6444,2026-08-27T13:57:28.955045+00:00,
public_file,,public,benchmark\external-real-v8-grounded\public\documents\EXT3_SRC_188_NEW.txt,69b836466ccd005fb7369513a08569cd3401b477c79aa9149c5bf003149e3b21,6010,2026-08-27T13:57:29.013011+00:00,
public_file,,public,benchmark\external-real-v8-grounded\public\documents\EXT3_SRC_188_OLD.txt,e95bda8274f91eeb28adf4c6d3184c8039a03c9fdca356b76d273d2fa473375d,6538,2026-08-27T13:57:29.011506+00:00,
public_file,,public,benchmark\external-real-v8-grounded\public\documents\EXT3_SRC_189_NEW.txt,c0b49a1db8871139a32acb19de1ce3b472182102468f58ced6525dad956c8e45,6341,2026-08-27T13:57:29.062076+00:00,
public_file,,public,benchmark\external-real-v8-grounded\public\documents\EXT3_SRC_189_OLD.txt,ecb83f574560bdcd156a133352d69e5e58f3256a2f12fee8d3b8b922ee5e8cd0,6303,2026-08-27T13:57:29.059756+00:00,
public_file,,public,benchmark\external-real-v8-grounded\public\documents\EXT3_SRC_192_NEW.txt,a5fdecf0ae7b802bbde7325acdb1cf2ca290edf5fe6d578c667eef22efda36f6,6208,2026-08-27T13:57:29.240154+00:00,
public_file,,public,benchmark\external-real-v8-grounded\public\documents\EXT3_SRC_192_OLD.txt,06410d7f480f986efb663b07df5df4475946fe72d5ff2a7ce211a9cc1682168a,6531,2026-08-27T13:57:29.236634+00:00,
public_file,,public,benchmark\external-real-v8-grounded\public\documents\EXT3_SRC_195_NEW.txt,d19763e1583aaf56580ab48c7fa016398ff55295c49ccf75416f200f7e15ee9a,8078,2026-08-27T13:57:29.456921+00:00,
public_file,,public,benchmark\external-real-v8-grounded\public\documents\EXT3_SRC_195_OLD.txt,c3608cfc2f8eb371309f1969484111f36982f92730584e51c6cbd568abc784f0,6931,2026-08-27T13:57:29.454705+00:00,
public_file,,public,benchmark\external-real-v8-grounded\public\documents\EXT3_SRC_196_NEW.txt,6ff8b859ffb0501fb1e0dbc14097049b284194d2427aff290ada4711410a364d,7466,2026-08-27T13:57:23.688046+00:00,
public_file,,public,benchmark\external-real-v8-grounded\public\documents\EXT3_SRC_196_OLD.txt,ad0ddeafd373e7ffb1f257f1652ceeeb5d678c6f2026060f2e19450fcd2ecad1,7020,2026-08-27T13:57:23.686004+00:00,
public_file,,public,benchmark\external-real-v8-grounded\public\documents\EXT3_SRC_197_NEW.txt,75b44894899a7b225e7cc90814853160992c87033a8e44bfc7fe6e64ab887838,7944,2026-08-27T13:57:23.712173+00:00,
public_file,,public,benchmark\external-real-v8-grounded\public\documents\EXT3_SRC_197_OLD.txt,c9546249eeb931007c0060852a497f65bc5f4716e3d286f0db8a0ac05bb84736,7133,2026-08-27T13:57:23.710893+00:00,
public_file,,public,benchmark\external-real-v8-grounded\public\documents\EXT3_SRC_198_NEW.txt,3770a15b23a4a49f784e1164df1eca30ad03e3e75ae24c455462a4f86027224d,5955,2026-08-27T13:57:29.555741+00:00,
public_file,,public,benchmark\external-real-v8-grounded\public\documents\EXT3_SRC_198_OLD.txt,9ce39f2538f50044e9f1404eaea0b2b6ccd42af51c13f4ba14eafc89f320e87d,7519,2026-08-27T13:57:29.553733+00:00,
public_file,,public,benchmark\external-real-v8-grounded\public\documents\EXT3_SRC_199_NEW.txt,77a65a21537da65a5b952515e6704bc8fcdd0bc6237bd1cb18e4a39c63a91eee,8051,2026-08-27T13:57:23.756256+00:00,
public_file,,public,benchmark\external-real-v8-grounded\public\documents\EXT3_SRC_199_OLD.txt,445f5f3f5e4b1172e089cf83842a9a60b5c6fd925345ee231fb609d498725917,7476,2026-08-27T13:57:23.753227+00:00,
public_file,,public,benchmark\external-real-v8-grounded\public\documents\EXT3_SRC_200_NEW.txt,599af24f7af700cca761d0ea130bfbe7d2721c361e15c1456510e0ad770a1fd2,8141,2026-08-27T13:57:23.779040+00:00,
public_file,,public,benchmark\external-real-v8-grounded\public\documents\EXT3_SRC_200_OLD.txt,3fa8ae2893dee3baf6845e1a2feb5a8e71fb262b565db999b6ec355836fd52c6,7196,2026-08-27T13:57:23.777835+00:00,
public_file,,public,benchmark\external-real-v8-grounded\public\documents\EXT3_SRC_201_NEW.txt,599af24f7af700cca761d0ea130bfbe7d2721c361e15c1456510e0ad770a1fd2,8141,2026-08-27T13:57:23.801678+00:00,
public_file,,public,benchmark\external-real-v8-grounded\public\documents\EXT3_SRC_201_OLD.txt,a998e2b59638aaf8b7f5b39d4f033bced6462ee34c132b41da5ed1c9673134d7,7476,2026-08-27T13:57:23.800171+00:00,
public_file,,public,benchmark\external-real-v8-grounded\public\documents\EXT3_SRC_202_NEW.txt,1bcbb7b39d72e57b8148deaa993a58a6f9220bd6ddb0b7926154b7d74740e3d6,7598,2026-08-27T13:57:23.816758+00:00,
public_file,,public,benchmark\external-real-v8-grounded\public\documents\EXT3_SRC_202_OLD.txt,57b4f4dcd0a5cbbc28cefb4f7558976ccdda9537027dc337702d254b4c028061,7476,2026-08-27T13:57:23.814455+00:00,
public_file,,public,benchmark\external-real-v8-grounded\public\documents\EXT3_SRC_203_NEW.txt,f9b8fecc9727a5a717c3a9c44ac721fbb281c213e7d18e85d18ff4607dadfdc1,7479,2026-08-27T13:57:23.840239+00:00,
public_file,,public,benchmark\external-real-v8-grounded\public\documents\EXT3_SRC_203_OLD.txt,9ec8d1642db53b594be366d2945b7917ebe0a73ec7d8b17e9b6e67dd03aee034,6397,2026-08-27T13:57:23.838078+00:00,
public_file,,public,benchmark\external-real-v8-grounded\public\documents\EXT3_SRC_205_NEW.txt,c5e674f5b28d6ab8ab7e28e46675661cd7e0ca6577a0b41b3462daa4a7e19054,8174,2026-08-27T13:57:23.870259+00:00,
public_file,,public,benchmark\external-real-v8-grounded\public\documents\EXT3_SRC_205_OLD.txt,029706168f9a99bcbecc6cac9047ae6aeb46701f61739c4deceabce054955282,7274,2026-08-27T13:57:23.868870+00:00,
public_file,,public,benchmark\external-real-v8-grounded\public\documents\EXT3_SRC_206_NEW.txt,a5f1a69ec4a442714bc05ab3bea62f566cda3e01e22c64cf6a6a230c1001ce98,7660,2026-08-27T13:57:23.879996+00:00,
public_file,,public,benchmark\external-real-v8-grounded\public\documents\EXT3_SRC_206_OLD.txt,9281cde8b6c7fe2a5257cbf4360340aaa111dae6bba9d3e1462e5b841d9834d5,7529,2026-08-27T13:57:23.877554+00:00,
public_file,,public,benchmark\external-real-v8-grounded\public\documents\EXT3_SRC_208_NEW.txt,ad04d81245a2fc17b3ebedb4cf57382e207aab3783612cba45f55b4ba248fb00,7670,2026-08-27T13:57:23.902707+00:00,
public_file,,public,benchmark\external-real-v8-grounded\public\documents\EXT3_SRC_208_OLD.txt,f940ca3f1508ad41bfe8e9329ebea6a25bac485bd636f2168425cc7317a20243,7464,2026-08-27T13:57:23.900120+00:00,
public_file,,public,benchmark\external-real-v8-grounded\public\documents\EXT3_SRC_209_NEW.txt,e7b7b139695becf4698285b4b234ae462885140a4a5ea4c70f22e47423eb3047,8373,2026-08-27T13:57:23.920192+00:00,
public_file,,public,benchmark\external-real-v8-grounded\public\documents\EXT3_SRC_209_OLD.txt,3b5432d509d2c532a8a352fe6998c09f5a7384cd9cd278539dceffd1b34fafaf,7090,2026-08-27T13:57:23.918008+00:00,
public_file,,public,benchmark\external-real-v8-grounded\public\documents\EXT3_SRC_210_NEW.txt,e48fb93b81420db5c06d7dda31d137e2f4445a20b2fc4d2c097b87be19ab2623,7486,2026-08-27T13:57:23.941708+00:00,
public_file,,public,benchmark\external-real-v8-grounded\public\documents\EXT3_SRC_210_OLD.txt,f9c875c5050c04c4af405c7e16b840f9f3977edc8815e494a7a5ce0f14b1632e,7398,2026-08-27T13:57:23.940183+00:00,
public_file,,public,benchmark\external-real-v8-grounded\public\documents\EXT3_SRC_211_NEW.txt,56e0451ba5199caf35e6b0666781026db478548b8e68906f99c34be03c711053,7433,2026-08-27T13:57:23.953315+00:00,
public_file,,public,benchmark\external-real-v8-grounded\public\documents\EXT3_SRC_211_OLD.txt,dcc4d0758852745da590ff40bc963c3fbaef31a47eac99e2bdd53c59512e5af7,7354,2026-08-27T13:57:23.950801+00:00,
public_file,,public,benchmark\external-real-v8-grounded\public\documents\EXT3_SRC_212_NEW.txt,c80eb31130138939194c65f1bd398d6659405047a1053dcea34b716fe02d8cfa,7343,2026-08-27T13:57:23.964950+00:00,
public_file,,public,benchmark\external-real-v8-grounded\public\documents\EXT3_SRC_212_OLD.txt,595baef473d4c9f0575adcdca7c66b84bac57a119a86cf54f6298650639bdcca,7394,2026-08-27T13:57:23.962949+00:00,
public_file,,public,benchmark\external-real-v8-grounded\public\documents\EXT3_SRC_213_NEW.txt,cf180363f401b228c2edf4a3310a67c3677dd8d016cfa91b76256a315aff5733,7027,2026-08-27T13:57:23.975561+00:00,
public_file,,public,benchmark\external-real-v8-grounded\public\documents\EXT3_SRC_213_OLD.txt,2709dd9e89ede8b7a79e0b13a2dd463a4ccd3777642bf4f0216b2d7ea41c8e3d,7357,2026-08-27T13:57:23.973273+00:00,
public_file,,public,benchmark\external-real-v8-grounded\public\documents\EXT_DOC_001_2025.txt,273a07608cf41b9f772af19d157cf3274151d19e4245e319150ba5b11212ee74,16734,2026-08-27T13:59:25.209525+00:00,
public_file,,public,benchmark\external-real-v8-grounded\public\documents\EXT_DOC_001_2026.txt,8e1e84941853b2084298e55fc5d417625f7fd0b393773e2bcd9104a40a6dcfe0,16591,2026-08-27T13:59:25.217987+00:00,
public_file,,public,benchmark\external-real-v8-grounded\public\documents\EXT_DOC_002_2025.txt,17ab49f20bb7e027746788e30f698b0953fe97e317e23a7775cfa8bd00e5d71d,18834,2026-08-27T13:59:25.237316+00:00,
public_file,,public,benchmark\external-real-v8-grounded\public\documents\EXT_DOC_002_2026.txt,06d0cab19b726788f8b4a4e9bb8bc91203598bbd571230de675258455980cb8e,20831,2026-08-27T13:59:25.258201+00:00,
public_file,,public,benchmark\external-real-v8-grounded\public\documents\EXT_DOC_003_2025.txt,7622f6dd4455cdf00eaaf350787e9e72bac7d5559c796d1b4d40ee556b996091,20163,2026-08-27T13:59:25.277982+00:00,
public_file,,public,benchmark\external-real-v8-grounded\public\documents\EXT_DOC_003_2026.txt,114149b81f5a32262b3da9d9cdfbced5e688e1848c2b575207bbd494c2dab196,20886,2026-08-27T13:59:25.283698+00:00,
public_file,,public,benchmark\external-real-v8-grounded\public\documents\EXT_DOC_004_NEW.txt,13c91a5dfb35ea5cbd822f430253ab5865d525b27d4e14af339afad8ced22772,14026,2026-08-27T13:59:25.339756+00:00,
public_file,,public,benchmark\external-real-v8-grounded\public\documents\EXT_DOC_004_OLD.txt,1fe23525b6021377b7e202323e0af03134604e24c070c6725d189701f31bbc2f,14773,2026-08-27T13:59:25.330124+00:00,
public_file,,public,benchmark\external-real-v8-grounded\public\documents\EXT_DOC_005_NEW.txt,e509a0b99183f2f2bbd6c620078dd3578813dba9345071c8aecb5b458f383eff,13517,2026-08-27T13:59:25.363074+00:00,
public_file,,public,benchmark\external-real-v8-grounded\public\documents\EXT_DOC_005_OLD.txt,b5af89fed5b8f040632bd7da14976f69112a3bcc72c77ab27e9416f8274ae0a4,14748,2026-08-27T13:59:25.357097+00:00,
public_file,,public,benchmark\external-real-v8-grounded\public\documents\EXT_DOC_006_NEW.txt,19c454f2ac952a5de2c960b20709780b42303625838cc3c246aabed18ca18c58,13430,2026-08-27T13:59:25.391359+00:00,
public_file,,public,benchmark\external-real-v8-grounded\public\documents\EXT_DOC_006_OLD.txt,a49bc4b1cf5fff6ffc1f09e43160640f2012f3645173cf9adc813ed47527b3f2,6587,2026-08-27T13:59:25.388435+00:00,
public_file,,public,benchmark\external-real-v8-grounded\public\documents\EXT_DOC_007_NEW.txt,9e53ea9aa41d6f0623bb740c9359d802de92383ee0193f93164bb5981f146d9c,15695,2026-08-27T13:59:25.416750+00:00,
public_file,,public,benchmark\external-real-v8-grounded\public\documents\EXT_DOC_007_OLD.txt,2b98fbd6eaffccae8d7a51762b29706640bc9cdda44eb6c543ce4fe1869b3e5a,15231,2026-08-27T13:59:25.409381+00:00,
public_file,,public,benchmark\external-real-v8-grounded\public\documents\EXT_DOC_008_NEW.txt,16607ef076598d1549b26f68fe75aad37ecbaa293fddf6e4fd8687a2fe6a5137,15490,2026-08-27T13:59:25.441398+00:00,
public_file,,public,benchmark\external-real-v8-grounded\public\documents\EXT_DOC_008_OLD.txt,bb9a4de34781fba3c00d40fb303f2826e7d033d3b8a31f9943236b5d9a938b8f,15227,2026-08-27T13:59:25.433836+00:00,
public_file,,public,benchmark\external-real-v8-grounded\public\documents\EXT_DOC_009_NEW.txt,600446c7cabb293aea571102bb353f031a66c0813abf837561f2a8d4b518dced,13130,2026-08-27T13:59:25.456894+00:00,
public_file,,public,benchmark\external-real-v8-grounded\public\documents\EXT_DOC_009_OLD.txt,ca353747896c6612567d069349026975276b2f9490cd54b5c76f1bd153abc711,6587,2026-08-27T13:59:25.454652+00:00,
public_file,,public,benchmark\external-real-v8-grounded\public\documents\EXT_DOC_010_NEW.txt,28eacd9923e28b9773dcd2f66d30047a770dc31d670c7a6aa52488350e420c89,15191,2026-08-27T13:59:25.482071+00:00,
public_file,,public,benchmark\external-real-v8-grounded\public\documents\EXT_DOC_010_OLD.txt,2b98fbd6eaffccae8d7a51762b29706640bc9cdda44eb6c543ce4fe1869b3e5a,15231,2026-08-27T13:59:25.474410+00:00,
public_file,,public,benchmark\external-real-v8-grounded\public\documents\EXT_DOC_011_NEW.txt,cebdbf9d25e68e67cf761f9782865a94a1f01ab7b3df933a5df097164b76bd79,14835,2026-08-27T13:59:25.506002+00:00,
public_file,,public,benchmark\external-real-v8-grounded\public\documents\EXT_DOC_011_OLD.txt,4b3fcd299376d19d483c520f4d10e3387039a02598a10b1f3d8c673566828b8e,14525,2026-08-27T13:59:25.497875+00:00,
public_file,,public,benchmark\external-real-v8-grounded\public\documents\EXT_DOC_012_NEW.txt,a0d9c9872e7e7ced9c215856f17c4fc1880b133be9a527351c1c3b11013275cd,12694,2026-08-27T13:59:25.520272+00:00,
public_file,,public,benchmark\external-real-v8-grounded\public\documents\EXT_DOC_012_OLD.txt,683f20e96747bd33bbb23be79c458f45290c98cda8089a14dff764d0c54d61f9,6517,2026-08-27T13:59:25.518241+00:00,
public_file,,public,benchmark\external-real-v8-grounded\public\documents\EXT_DOC_013_NEW.txt,2ddfdd3f2d3b779dce3ce4accabc8811d1f45d59b3ad37c5be0923c89acad197,15029,2026-08-27T13:59:25.546830+00:00,
public_file,,public,benchmark\external-real-v8-grounded\public\documents\EXT_DOC_013_OLD.txt,687e3f4d79ea8a172351f1f1b1c4daa8f4c1ccb83eac72ab58ffe12ee7bb59a0,14573,2026-08-27T13:59:25.538097+00:00,
public_file,,public,benchmark\external-real-v8-grounded\public\documents\EXT_DOC_014_NEW.txt,c80f7f429bdaff3cd7e9c9a0bcd69ac7c0e4e103d21af9981b89a713afb57a54,13038,2026-08-27T13:59:25.572854+00:00,
public_file,,public,benchmark\external-real-v8-grounded\public\documents\EXT_DOC_014_OLD.txt,b3bb9664c4a0c2f2eb49d30c48c9b7686a37f882176c82df7321e934143dd686,12501,2026-08-27T13:59:25.565864+00:00,
public_file,,public,benchmark\external-real-v8-grounded\public\documents\EXT_DOC_015_NEW.txt,acfb0cb2fbc00d65626cb2ca329bd66733dc37fc62276f78815fc566a8ce00ba,11259,2026-08-27T13:59:25.587558+00:00,
public_file,,public,benchmark\external-real-v8-grounded\public\documents\EXT_DOC_015_OLD.txt,1ce3aefa0aa5ae0c80fc50c23ae7bf20bce33ca63be354b536faff877aafe6b6,6587,2026-08-27T13:59:25.586474+00:00,
public_file,,public,benchmark\external-real-v8-grounded\public\documents\EXT_DOC_016_NEW.txt,22f4324b9b629a7a85b43407a7e4e601ec6c8bc06351fd3e766ef8e9bcb48ebd,13444,2026-08-27T13:59:25.614183+00:00,
public_file,,public,benchmark\external-real-v8-grounded\public\documents\EXT_DOC_016_OLD.txt,17f50c448a02ee2e6a1919810aff9180e0f8e5df7e3bc711b374fa50da76f20c,12801,2026-08-27T13:59:25.604980+00:00,
public_file,,public,benchmark\external-real-v8-grounded\public\documents\EXT_DOC_017_NEW.txt,87a2de3184e3002233cc27f6fa77b6757494cbc6610e9b780a7b7fd4a0a4d4e0,13394,2026-08-27T13:59:25.640768+00:00,
public_file,,public,benchmark\external-real-v8-grounded\public\documents\EXT_DOC_017_OLD.txt,51823a765ff3fa6870dc6e67d6d673f656e76d50f67b629398d9fe91d8766083,13544,2026-08-27T13:59:25.632241+00:00,
public_file,,public,benchmark\external-real-v8-grounded\public\documents\EXT_DOC_018_NEW.txt,4c454194fcc7db5c51623a7cd9e3702aa322aa2e869b8e7016f0b5c350cec829,12080,2026-08-27T13:59:25.656306+00:00,
public_file,,public,benchmark\external-real-v8-grounded\public\documents\EXT_DOC_018_OLD.txt,f0b5ffaa7f96c2d6fc328d83485fe1caf8f578c50d1d7300d57d651a832be86a,6587,2026-08-27T13:59:25.655204+00:00,
public_file,,public,benchmark\external-real-v8-grounded\public\documents\EXT_DOC_019_NEW.txt,8ead0e268aa99cc927345873a12513abcceaf11db17fbebd3fde61ee76dffcaf,15075,2026-08-27T13:59:25.685905+00:00,
public_file,,public,benchmark\external-real-v8-grounded\public\documents\EXT_DOC_019_OLD.txt,e6640ef4d3dcccb530d4f27036b7ceb06fb745b53337bbf4f49a40f10f584c90,15076,2026-08-27T13:59:25.677761+00:00,
public_file,,public,benchmark\external-real-v8-grounded\public\documents\EXT_DOC_020_NEW.txt,8964d94b469d3e55bb685622c5d1d4957966398a0730f18b960293a429a613e5,14628,2026-08-27T13:59:25.712255+00:00,
public_file,,public,benchmark\external-real-v8-grounded\public\documents\EXT_DOC_020_OLD.txt,92f51e8c374660d238312e34d629ada2aba83ea77c9981b78dcd128d8ba1888b,13466,2026-08-27T13:59:25.702241+00:00,
public_file,,public,benchmark\external-real-v8-grounded\public\documents\EXT_DOC_021_NEW.txt,02178fd66c046e45f18bd32b3edd795bfd11fa1a26a720c8c20420d0b9cc735d,12240,2026-08-27T13:59:25.728191+00:00,
public_file,,public,benchmark\external-real-v8-grounded\public\documents\EXT_DOC_021_OLD.txt,1ce3aefa0aa5ae0c80fc50c23ae7bf20bce33ca63be354b536faff877aafe6b6,6587,2026-08-27T13:59:25.725935+00:00,
public_file,,public,benchmark\external-real-v8-grounded\public\documents\EXT_DOC_022_NEW.txt,e918d8cad8b432fce2556ba431c16274825d842283b99f9274b610090d777e1f,16311,2026-08-27T13:59:25.758305+00:00,
public_file,,public,benchmark\external-real-v8-grounded\public\documents\EXT_DOC_022_OLD.txt,21c5b664fcf5904bf93475ca6c764a1228c6aa163c3c6f450de2123d61f0fe8a,15895,2026-08-27T13:59:25.749707+00:00,
public_file,,public,benchmark\external-real-v8-grounded\public\documents\EXT_DOC_023_NEW.txt,687066c21f36ac02f0ad9c8303e21246d457b5c66873f5e6ec5fcf9034c0061d,16222,2026-08-27T13:59:25.787583+00:00,
public_file,,public,benchmark\external-real-v8-grounded\public\documents\EXT_DOC_023_OLD.txt,3b7ea39e5f8bb367de531b7d3b02b2ab483c179e3887bf57a85e9ef04c732811,15799,2026-08-27T13:59:25.776577+00:00,
public_file,,public,benchmark\external-real-v8-grounded\public\documents\EXT_DOC_024_NEW.txt,0a9a211317d4aae06e5cf2ba7020ea69c82b4908d966d40634d01cb8d81ae9af,14424,2026-08-27T13:59:25.805215+00:00,
public_file,,public,benchmark\external-real-v8-grounded\public\documents\EXT_DOC_024_OLD.txt,b3159a7a4fe267131409f2c862a409df4505cc278cdfc2822f885cab4613a781,6417,2026-08-27T13:59:25.803070+00:00,
public_file,,public,benchmark\external-real-v8-grounded\public\documents\EXT_DOC_025_NEW.txt,3e27501061a91177807450172bfd28ce869296b874a4d05a7e010771d255a20f,2593,2026-08-27T13:59:25.816716+00:00,
public_file,,public,benchmark\external-real-v8-grounded\public\documents\EXT_DOC_025_OLD.txt,5b7bb5db626cfc58f2aaad16ff4b483c82921f53db7ac38d08febddac6f0572e,1468,2026-08-27T13:59:25.815603+00:00,
public_file,,public,benchmark\external-real-v8-grounded\public\documents\EXT_DOC_026_NEW.txt,976d72f72420edeb591311503a5a49becda25ee27f34c91d6dffd6cf0e74b865,14751,2026-08-27T13:59:25.864235+00:00,
public_file,,public,benchmark\external-real-v8-grounded\public\documents\EXT_DOC_026_OLD.txt,5d35611ee711c68a51c77af6c4d02ac167600f56b435b503e8679a2d43ca2b6b,12013,2026-08-27T13:59:25.855744+00:00,
public_file,,public,benchmark\external-real-v8-grounded\public\documents\EXT_DOC_027_NEW.txt,b74b927826671619a760058387431bee626b60200a75d626373a31567bcab7b1,17737,2026-08-27T14:24:33.439018+00:00,
public_file,,public,benchmark\external-real-v8-grounded\public\documents\EXT_DOC_027_OLD.txt,dcb09a1aa1fe6d661e53dbd92b57ee31a9b0593284ef3dd6b497885adc3945c9,15562,2026-08-27T14:24:33.447685+00:00,
public_file,,public,benchmark\external-real-v8-grounded\public\documents\EXT_DOC_028_NEW.txt,a768c7a966910623141cd6b9a3f5f005355484cc8498b2b4f95d2f8bd4b3ce64,2593,2026-08-27T13:59:25.943820+00:00,
public_file,,public,benchmark\external-real-v8-grounded\public\documents\EXT_DOC_028_OLD.txt,5b7bb5db626cfc58f2aaad16ff4b483c82921f53db7ac38d08febddac6f0572e,1468,2026-08-27T13:59:25.941260+00:00,
public_file,,public,benchmark\external-real-v8-grounded\public\documents\EXT_DOC_029_NEW.txt,306c13ad5699d7c8a043aaab929d7f5b8d4da8b0deda4f381d22c3f37d9aafd1,16056,2026-08-27T13:59:25.961341+00:00,
public_file,,public,benchmark\external-real-v8-grounded\public\documents\EXT_DOC_029_OLD.txt,f93baf2dcf362494013a6bf751fd5633e66976709a912bb8fa5b4d317bbb932e,12013,2026-08-27T13:59:25.952800+00:00,
public_file,,public,benchmark\external-real-v8-grounded\public\documents\EXT_DOC_030_NEW.txt,bdf53bd3b54bd3a9d4af1ac2f61ef3d741808c71c1e4a35b9ef1a6538425fcff,14026,2026-08-27T13:59:25.989093+00:00,
public_file,,public,benchmark\external-real-v8-grounded\public\documents\EXT_DOC_030_OLD.txt,772fa827f0e37cb21af830bff591cce4aff021e82c989a818a3ff06927cfd06d,16126,2026-08-27T13:59:25.979195+00:00,
public_file,,public,benchmark\external-real-v8-grounded\public\documents\EXT_DOC_031_NEW.txt,522ce31e74d25407d0f4f8ed3cfce39c3fa95aabd580a6707b203f26b02e72a3,14417,2026-08-27T13:59:26.018614+00:00,
public_file,,public,benchmark\external-real-v8-grounded\public\documents\EXT_DOC_031_OLD.txt,0b50fa264980e48b3704235b064beb41b3fc49dc60786af06557e600f0c131d2,14731,2026-08-27T13:59:26.006330+00:00,
public_file,,public,benchmark\external-real-v8-grounded\public\documents\EXT_DOC_032_NEW.txt,c82c27ae132311dbd8a8beae655a50302c7730b2c070358b23cb153538975b94,13834,2026-08-27T13:59:26.042825+00:00,
public_file,,public,benchmark\external-real-v8-grounded\public\documents\EXT_DOC_032_OLD.txt,4dbade047222607b979c22aafaf10bf8bfca3da9d564c209d981fc918c6e83e8,14246,2026-08-27T13:59:26.034273+00:00,
public_file,,public,benchmark\external-real-v8-grounded\public\documents\EXT_DOC_033_NEW.txt,14cecc00637f392012d53cf21e781d35de6a5dc8e4d9fe8195b4dcaf9e3dc1f8,15050,2026-08-27T13:59:32.104425+00:00,
public_file,,public,benchmark\external-real-v8-grounded\public\documents\EXT_DOC_033_OLD.txt,0a31c788f273702231ef34caf9aa6a7b3b20ea43aa14a08e67c165fdc3332439,15472,2026-08-27T13:59:32.094356+00:00,
public_file,,public,benchmark\external-real-v8-grounded\public\documents\EXT_DOC_034_NEW.txt,02cc5bf0a231c89684ec081f3f7eeecac215055d1a5e3b6d071ea4fa779116d3,14969,2026-08-27T13:59:26.086868+00:00,
public_file,,public,benchmark\external-real-v8-grounded\public\documents\EXT_DOC_034_OLD.txt,f23ba160da432b7125a1c98567f7c1974cd573ff171c301cb152638c0c48f0b5,15795,2026-08-27T13:59:26.075999+00:00,
public_file,,public,benchmark\external-real-v8-grounded\public\documents\EXT_DOC_035_NEW.txt,c2a43ca1c19715a1f02b4532c41c9147beb918f682bdcf318691297582faebf4,14638,2026-08-27T13:59:26.116097+00:00,
public_file,,public,benchmark\external-real-v8-grounded\public\documents\EXT_DOC_035_OLD.txt,2fa8402b22e5541996e1a370bfbd4a9c10ccd46995390183f489f03522b08c46,14922,2026-08-27T13:59:26.104422+00:00,
public_file,,public,benchmark\external-real-v8-grounded\public\documents\EXT_DOC_036_NEW.txt,fbc600a5ad2a90106e299899e60f37d4c39d78ce90a52a5cc6bbb20f7f8c3319,12006,2026-08-27T13:59:26.130094+00:00,
public_file,,public,benchmark\external-real-v8-grounded\public\documents\EXT_DOC_036_OLD.txt,56997db2de113e0898367c6718706aa1014ac92121c35cc08bcae9ad98e7d2c9,6619,2026-08-27T13:59:26.128580+00:00,
public_file,,public,benchmark\external-real-v8-grounded\public\documents\EXT_DOC_037_NEW.txt,d6f0ec01913597da195d1cc537ab1e1d5f7e800c62473f5563ff93c2d0eb1dff,14608,2026-08-27T13:59:26.159231+00:00,
public_file,,public,benchmark\external-real-v8-grounded\public\documents\EXT_DOC_037_OLD.txt,72a1f4e640314f4da80fb94503241b991b34def181caa30a0c08fb229cb599a6,14731,2026-08-27T13:59:26.148895+00:00,
public_file,,public,benchmark\external-real-v8-grounded\public\documents\EXT_DOC_038_NEW.txt,dcfa6f4f73b11d71f3dc31c9c52029ce82d1b872e84ce8d4f0e5e3e066532f40,14417,2026-08-27T13:59:26.186494+00:00,
public_file,,public,benchmark\external-real-v8-grounded\public\documents\EXT_DOC_038_OLD.txt,f9f58db892b67cda89295e7ad9235d6d4e6ec5cd3eb2ed9f588d9fbd5004fca3,14873,2026-08-27T13:59:26.176876+00:00,
public_file,,public,benchmark\external-real-v8-grounded\public\documents\EXT_DOC_039_NEW.txt,ace7e998161f62867ea9284f13f27afde3c75b7925a2bbabca42cb9f072b5b2f,11100,2026-08-27T13:59:26.200689+00:00,
public_file,,public,benchmark\external-real-v8-grounded\public\documents\EXT_DOC_039_OLD.txt,57302567b9ec2d3a71b4d8aca80486487d1fdda2365c44805cea2578448dabcc,5262,2026-08-27T13:59:26.199185+00:00,
public_file,,public,benchmark\external-real-v8-grounded\public\documents\EXT_DOC_040_NEW.txt,4bac334a5faaae8202aea8edf93d37584aca8766fa217bfe55e17f421cc36b33,14753,2026-08-27T13:59:26.228700+00:00,
public_file,,public,benchmark\external-real-v8-grounded\public\documents\EXT_DOC_040_OLD.txt,4e79f811b557bc5c7f0bb8872dffcbe8c0685f990e788b84e46a7ced6602ccc0,14719,2026-08-27T13:59:26.219517+00:00,
public_file,,public,benchmark\external-real-v8-grounded\public\documents\EXT_DOC_041_NEW.txt,4bac334a5faaae8202aea8edf93d37584aca8766fa217bfe55e17f421cc36b33,14753,2026-08-27T13:59:26.256198+00:00,
public_file,,public,benchmark\external-real-v8-grounded\public\documents\EXT_DOC_041_OLD.txt,4e79f811b557bc5c7f0bb8872dffcbe8c0685f990e788b84e46a7ced6602ccc0,14719,2026-08-27T13:59:26.247217+00:00,
public_file,,public,benchmark\external-real-v8-grounded\public\documents\EXT_DOC_042_NEW.txt,5f75fa00cf8540daaa2138792e44fad2b2c6478c1e9a3ee7e53410126030d42b,11100,2026-08-27T13:59:26.271056+00:00,
public_file,,public,benchmark\external-real-v8-grounded\public\documents\EXT_DOC_042_OLD.txt,57302567b9ec2d3a71b4d8aca80486487d1fdda2365c44805cea2578448dabcc,5262,2026-08-27T13:59:26.268566+00:00,
public_file,,public,benchmark\external-real-v8-grounded\public\documents\EXT_DOC_043_NEW.txt,c71d6bc87df073584d6fb57ff3a9c885308596eab628f6a83501b1f115229ea0,12553,2026-08-27T14:24:33.469247+00:00,
public_file,,public,benchmark\external-real-v8-grounded\public\documents\EXT_DOC_043_OLD.txt,5f3ecd11df25de771292f60291da727742781b481878d70ee18ee8cafb9b9392,13719,2026-08-27T14:24:33.482181+00:00,
public_file,,public,benchmark\external-real-v8-grounded\public\documents\EXT_DOC_044_NEW.txt,c71d6bc87df073584d6fb57ff3a9c885308596eab628f6a83501b1f115229ea0,12553,2026-08-27T14:24:33.501510+00:00,
public_file,,public,benchmark\external-real-v8-grounded\public\documents\EXT_DOC_044_OLD.txt,5f3ecd11df25de771292f60291da727742781b481878d70ee18ee8cafb9b9392,13719,2026-08-27T14:24:33.511672+00:00,
public_file,,public,benchmark\external-real-v8-grounded\public\documents\EXT_DOC_045_NEW.txt,c6be7e7064fdc71d6fd410233b2675520b580aa4b1cb9ba0a3ea1bebedcaf752,13764,2026-08-27T14:24:33.557940+00:00,
public_file,,public,benchmark\external-real-v8-grounded\public\documents\EXT_DOC_045_OLD.txt,099103a2c053797ea10631630eea29bcce82b83491ebc8a92168609a53ec3fa3,11619,2026-08-27T14:24:33.570144+00:00,
public_file,,public,benchmark\external-real-v8-grounded\public\documents\EXT_DOC_046_NEW.txt,86d6b3aa1e6eb8b179a43d549ba600d3c6b68a9dc93df3ae39a85cf04621ff12,2593,2026-08-27T13:59:26.341553+00:00,
public_file,,public,benchmark\external-real-v8-grounded\public\documents\EXT_DOC_046_OLD.txt,5b7bb5db626cfc58f2aaad16ff4b483c82921f53db7ac38d08febddac6f0572e,1468,2026-08-27T13:59:26.340501+00:00,
public_file,,public,benchmark\external-real-v8-grounded\public\documents\EXT_DOC_047_NEW.txt,a0cc012529609b312811254864bce4cfeb5f970eadfb0dabe51e177080704d20,13764,2026-08-27T13:59:26.362524+00:00,
public_file,,public,benchmark\external-real-v8-grounded\public\documents\EXT_DOC_047_OLD.txt,9e0a3fc3610bac83913d989845cbf7a1faa4b316edb4880b32670fd1b343eba3,11619,2026-08-27T13:59:26.352519+00:00,
public_file,,public,benchmark\external-real-v8-grounded\public\documents\EXT_DOC_048_NEW.txt,86d6b3aa1e6eb8b179a43d549ba600d3c6b68a9dc93df3ae39a85cf04621ff12,2593,2026-08-27T13:59:32.672153+00:00,
public_file,,public,benchmark\external-real-v8-grounded\public\documents\EXT_DOC_048_OLD.txt,5b7bb5db626cfc58f2aaad16ff4b483c82921f53db7ac38d08febddac6f0572e,1468,2026-08-27T13:59:32.670627+00:00,
public_file,,public,benchmark\external-real-v8-grounded\public\documents\EXT_DOC_050_NEW.txt,86d6b3aa1e6eb8b179a43d549ba600d3c6b68a9dc93df3ae39a85cf04621ff12,2593,2026-08-27T13:59:32.805160+00:00,
public_file,,public,benchmark\external-real-v8-grounded\public\documents\EXT_DOC_050_OLD.txt,5b7bb5db626cfc58f2aaad16ff4b483c82921f53db7ac38d08febddac6f0572e,1468,2026-08-27T13:59:32.803653+00:00,
public_file,,public,benchmark\external-real-v8-grounded\public\documents\EXT_DOC_051_NEW.txt,30914bcabd3d1f33a4730925a0104baee4306eba450855fc7518b1bf7fea1047,11610,2026-08-27T13:59:26.454340+00:00,
public_file,,public,benchmark\external-real-v8-grounded\public\documents\EXT_DOC_051_OLD.txt,d7c75ccfed9109ddab2f7948299b60e992fa7802ed1be16cd577a5cfed6b6c89,12502,2026-08-27T13:59:26.444574+00:00,
public_file,,public,benchmark\external-real-v8-grounded\public\documents\EXT_DOC_052_NEW.txt,f7542c4752eb890a52e1e8d7fa86228c86753789d299cbf8d53475c2c57ed002,2593,2026-08-27T13:59:26.468097+00:00,
public_file,,public,benchmark\external-real-v8-grounded\public\documents\EXT_DOC_052_OLD.txt,7afbeb3e87dbfe881c332bce579e756cfde596efeacc452eb8cf7ba9ad2209db,1468,2026-08-27T13:59:26.466628+00:00,
public_file,,public,benchmark\external-real-v8-grounded\public\documents\EXT_DOC_053_NEW.txt,278a70d48e4297c494544de70bf115169c0984038280e2ef949383995ad77591,13500,2026-08-27T13:59:26.486838+00:00,
public_file,,public,benchmark\external-real-v8-grounded\public\documents\EXT_DOC_053_OLD.txt,422d474ffbe4042a60a73ccba1ccd0067e78f0c7cafcc14ed79effe62a544a9e,11725,2026-08-27T13:59:26.478688+00:00,
public_file,,public,benchmark\external-real-v8-grounded\public\documents\EXT_DOC_054_NEW.txt,30914bcabd3d1f33a4730925a0104baee4306eba450855fc7518b1bf7fea1047,11610,2026-08-27T13:59:26.510120+00:00,
public_file,,public,benchmark\external-real-v8-grounded\public\documents\EXT_DOC_054_OLD.txt,cfad30f0bb5aa8fd45a944f19fbd06f539318ff232d6551f38a891462e629dfb,13690,2026-08-27T13:59:26.501965+00:00,
public_file,,public,benchmark\external-real-v8-grounded\public\documents\EXT_DOC_055_NEW.txt,278a70d48e4297c494544de70bf115169c0984038280e2ef949383995ad77591,13500,2026-08-27T13:59:32.902850+00:00,
public_file,,public,benchmark\external-real-v8-grounded\public\documents\EXT_DOC_055_OLD.txt,422d474ffbe4042a60a73ccba1ccd0067e78f0c7cafcc14ed79effe62a544a9e,11725,2026-08-27T13:59:32.894535+00:00,
public_file,,public,benchmark\external-real-v8-grounded\public\documents\EXT_DOC_057_NEW.txt,3de403161c1c50af43c229918f662b97cbfae7a9da2ae34a688bbef9d13fc527,4406,2026-08-27T13:59:26.944369+00:00,
public_file,,public,benchmark\external-real-v8-grounded\public\documents\EXT_DOC_057_OLD.txt,7c6d1988b831e637aed66bd7d30d9f5d86423b1a4606b58f13af8e81d34632da,8125,2026-08-27T13:59:26.941949+00:00,
public_file,,public,benchmark\external-real-v8-grounded\public\documents\EXT_DOC_058_NEW.txt,d9265ff7e84283b893533c339846603571f5b3fdc589cb1623e75ab3c6c499b0,4786,2026-08-27T13:59:26.995511+00:00,
public_file,,public,benchmark\external-real-v8-grounded\public\documents\EXT_DOC_058_OLD.txt,f03cfa654ff5a88e5981097e5c58bdc55039ca0bfba12f82cdf2c4c8266e6fc1,8499,2026-08-27T13:59:26.986689+00:00,
public_file,,public,benchmark\external-real-v8-grounded\public\documents\EXT_DOC_059_NEW.txt,3de403161c1c50af43c229918f662b97cbfae7a9da2ae34a688bbef9d13fc527,4406,2026-08-27T14:24:34.078058+00:00,
public_file,,public,benchmark\external-real-v8-grounded\public\documents\EXT_DOC_059_OLD.txt,7c6d1988b831e637aed66bd7d30d9f5d86423b1a4606b58f13af8e81d34632da,8125,2026-08-27T14:24:34.080179+00:00,
public_file,,public,benchmark\external-real-v8-grounded\public\documents\EXT_DOC_060_NEW.txt,d13d84be9ffda3111fbd49b2734796f0db685e3589ac29bacf61943b53b9c66f,4459,2026-08-27T14:29:12.255056+00:00,
public_file,,public,benchmark\external-real-v8-grounded\public\documents\EXT_DOC_060_OLD.txt,f4cb9c32b70d18745b3465423676c554136a848dd0565d843ce1dde38b90c79a,8437,2026-08-27T14:29:12.263587+00:00,
public_file,,public,benchmark\external-real-v8-grounded\public\documents\EXT_DOC_061_NEW.txt,d9265ff7e84283b893533c339846603571f5b3fdc589cb1623e75ab3c6c499b0,4786,2026-08-27T14:24:34.167483+00:00,
public_file,,public,benchmark\external-real-v8-grounded\public\documents\EXT_DOC_061_OLD.txt,f03cfa654ff5a88e5981097e5c58bdc55039ca0bfba12f82cdf2c4c8266e6fc1,8499,2026-08-27T14:24:34.168483+00:00,
public_file,,public,benchmark\external-real-v8-grounded\public\documents\EXT_DOC_062_NEW.txt,3de403161c1c50af43c229918f662b97cbfae7a9da2ae34a688bbef9d13fc527,4406,2026-08-27T14:24:34.213608+00:00,
public_file,,public,benchmark\external-real-v8-grounded\public\documents\EXT_DOC_062_OLD.txt,7c6d1988b831e637aed66bd7d30d9f5d86423b1a4606b58f13af8e81d34632da,8125,2026-08-27T14:24:34.217171+00:00,
public_file,,public,benchmark\external-real-v8-grounded\public\documents\EXT_DOC_063_NEW.txt,e396c6df365f7c00610530327f772aeb48b604b78f8cf5ca6ce1bfabe84748f3,17259,2026-08-27T13:59:27.305759+00:00,
public_file,,public,benchmark\external-real-v8-grounded\public\documents\EXT_DOC_063_OLD.txt,e272014aa6dc1bac095147ee4830a56c12a6497fb424e4aff8927991a1e924f2,16225,2026-08-27T13:59:27.296385+00:00,
public_file,,public,benchmark\external-real-v8-grounded\public\documents\EXT_DOC_064_NEW.txt,e396c6df365f7c00610530327f772aeb48b604b78f8cf5ca6ce1bfabe84748f3,17259,2026-08-27T14:26:53.187494+00:00,
public_file,,public,benchmark\external-real-v8-grounded\public\documents\EXT_DOC_064_OLD.txt,8f7bf88c94be018b47e3449209e19ec529e54f66593717db9d68b213a0a3f930,16225,2026-08-27T14:26:53.199090+00:00,
public_file,,public,benchmark\external-real-v8-grounded\public\documents\EXT_DOC_065_NEW.txt,e396c6df365f7c00610530327f772aeb48b604b78f8cf5ca6ce1bfabe84748f3,17259,2026-08-27T14:26:53.223437+00:00,
public_file,,public,benchmark\external-real-v8-grounded\public\documents\EXT_DOC_065_OLD.txt,e272014aa6dc1bac095147ee4830a56c12a6497fb424e4aff8927991a1e924f2,16225,2026-08-27T14:26:53.233917+00:00,
public_file,,public,benchmark\external-real-v8-grounded\public\documents\EXT_DOC_066_NEW.txt,e396c6df365f7c00610530327f772aeb48b604b78f8cf5ca6ce1bfabe84748f3,17259,2026-08-27T13:59:27.406082+00:00,
public_file,,public,benchmark\external-real-v8-grounded\public\documents\EXT_DOC_066_OLD.txt,e272014aa6dc1bac095147ee4830a56c12a6497fb424e4aff8927991a1e924f2,16225,2026-08-27T13:59:27.397747+00:00,
public_file,,public,benchmark\external-real-v8-grounded\public\documents\EXT_DOC_067_NEW.txt,e396c6df365f7c00610530327f772aeb48b604b78f8cf5ca6ce1bfabe84748f3,17259,2026-08-27T13:59:27.438049+00:00,
public_file,,public,benchmark\external-real-v8-grounded\public\documents\EXT_DOC_067_OLD.txt,8f7bf88c94be018b47e3449209e19ec529e54f66593717db9d68b213a0a3f930,16225,2026-08-27T13:59:27.430028+00:00,
public_file,,public,benchmark\external-real-v8-grounded\public\documents\EXT_DOC_068_NEW.txt,e396c6df365f7c00610530327f772aeb48b604b78f8cf5ca6ce1bfabe84748f3,17259,2026-08-27T14:26:53.259206+00:00,
public_file,,public,benchmark\external-real-v8-grounded\public\documents\EXT_DOC_068_OLD.txt,e272014aa6dc1bac095147ee4830a56c12a6497fb424e4aff8927991a1e924f2,16225,2026-08-27T14:26:53.269983+00:00,
public_file,,public,benchmark\external-real-v8-grounded\public\documents\EXT_SRC_001_BEIJING_AGRI_INSURANCE_2025_TERMS.pdf,7622f6dd4455cdf00eaaf350787e9e72bac7d5559c796d1b4d40ee556b996091,20163,2026-08-27T13:57:17.355903+00:00,
public_file,,public,benchmark\external-real-v8-grounded\public\documents\EXT_SRC_001_BEIJING_AGRI_INSURANCE_2026_TERMS.pdf,114149b81f5a32262b3da9d9cdfbced5e688e1848c2b575207bbd494c2dab196,20886,2026-08-27T13:57:17.362458+00:00,
public_file,,public,benchmark\external-real-v8-grounded\public\documents\EXT_SRC_002_WCAG20_2008.html,b3159a7a4fe267131409f2c862a409df4505cc278cdfc2822f885cab4613a781,6417,2026-08-27T13:57:17.900114+00:00,
public_file,,public,benchmark\external-real-v8-grounded\public\documents\EXT_SRC_002_WCAG21_2018.html,683f20e96747bd33bbb23be79c458f45290c98cda8089a14dff764d0c54d61f9,6517,2026-08-27T13:57:17.614926+00:00,
public_file,,public,benchmark\external-real-v8-grounded\public\documents\EXT_SRC_002_WCAG21_NEW.html,0a9a211317d4aae06e5cf2ba7020ea69c82b4908d966d40634d01cb8d81ae9af,14424,2026-08-27T13:57:17.902121+00:00,
public_file,,public,benchmark\external-real-v8-grounded\public\documents\EXT_SRC_002_WCAG22_NEW.html,d6be4fc069739abc400975b264ac0d5e4fcd9023b2a12bc7302b92beead40297,12694,2026-08-27T13:57:17.615436+00:00,
public_file,,public,benchmark\external-real-v8-grounded\public\documents\V2_SRC_WCAG_001.txt,14cecc00637f392012d53cf21e781d35de6a5dc8e4d9fe8195b4dcaf9e3dc1f8,15050,2026-08-27T13:57:24.944787+00:00,
public_file,,public,benchmark\external-real-v8-grounded\public\documents\V2_SRC_WCAG_002.txt,5f75fa00cf8540daaa2138792e44fad2b2c6478c1e9a3ee7e53410126030d42b,11100,2026-08-27T13:57:18.375962+00:00,
public_file,,public,benchmark\external-real-v8-grounded\public\documents\external-real-document-template.csv,8114b1047eeb5f91ff6dded8d39174a899855ed800214182752da654d5f9e396,297705,2026-08-27T14:29:43.496303+00:00,
public_file,,public,benchmark\external-real-v8-grounded\public\events\external-real-event-template.csv,8ed93e02df475c6ebd31a7c2d40792063723804c004292e620209ad0b01014c8,120064,2026-08-27T14:29:43.490761+00:00,
public_file,,public,benchmark\external-real-v8-grounded\public\excerpts\EXT_E001-evidence.md,14adee78cd8db6977052834290636a54307e4b3f6aa522b74faec3a4a45b9a1c,33372,2026-08-27T13:59:25.225732+00:00,
public_file,,public,benchmark\external-real-v8-grounded\public\excerpts\EXT_E002-evidence.md,357c4f84365f1df80343ac8ff65a6901a934b793c5fd42799189b263edc6cd07,39712,2026-08-27T13:59:25.265329+00:00,
public_file,,public,benchmark\external-real-v8-grounded\public\excerpts\EXT_E003-evidence.md,7fe4d34b6674fdf3c4e370514e4aff0828821fa9af7534f47f6dec1bbae628f0,41096,2026-08-27T13:59:25.289569+00:00,
public_file,,public,benchmark\external-real-v8-grounded\public\excerpts\EXT_E004-evidence.md,ac6b622a6ba6d8071194d0c8f562b211c7022a47e0da27e101192bfa5ee05f76,28846,2026-08-27T13:59:25.347905+00:00,
public_file,,public,benchmark\external-real-v8-grounded\public\excerpts\EXT_E005-evidence.md,5cb277305226a401d8cee287011d02c1825c15553f25c3d478df7e32b495801f,28312,2026-08-27T13:59:25.369766+00:00,
public_file,,public,benchmark\external-real-v8-grounded\public\excerpts\EXT_E006-evidence.md,b4305cf092856d00e51cdd22ba1d83179e143d79ff676f84d27e38d2fbad5037,20064,2026-08-27T13:59:25.399590+00:00,
public_file,,public,benchmark\external-real-v8-grounded\public\excerpts\EXT_E007-evidence.md,7a71dded68023842c3973e411bc679c065cba0ed07626f74b506903152c148d6,30973,2026-08-27T13:59:25.425003+00:00,
public_file,,public,benchmark\external-real-v8-grounded\public\excerpts\EXT_E008-evidence.md,079cfc0b4548ecf8d883011059c82ed06632997ae2ce4cb9d75ca5eaff774aaf,30764,2026-08-27T13:59:25.448041+00:00,
public_file,,public,benchmark\external-real-v8-grounded\public\excerpts\EXT_E009-evidence.md,1d67ea1c52c9cafc9bcf7e1c9f9084c3955512e48668a6fb8cf0f536d7c75bef,19764,2026-08-27T13:59:25.464948+00:00,
public_file,,public,benchmark\external-real-v8-grounded\public\excerpts\EXT_E010-evidence.md,39723b148bb3f1d5920aed7aa3d8570857781d30483acb07dd8e67d4c7862528,30469,2026-08-27T13:59:25.488595+00:00,
public_file,,public,benchmark\external-real-v8-grounded\public\excerpts\EXT_E011-evidence.md,3ffc16d20dc6c11760b05aaaf59257193242227093ecb4b0a0498c079c307f98,29407,2026-08-27T13:59:25.513471+00:00,
public_file,,public,benchmark\external-real-v8-grounded\public\excerpts\EXT_E012-evidence.md,13e55ade940fe04e22db39955e4aef0e4fe143c567a7350af847211452ff7dac,19258,2026-08-27T13:59:25.528330+00:00,
public_file,,public,benchmark\external-real-v8-grounded\public\excerpts\EXT_E013-evidence.md,95ee11924f4c46a84bbe3de0fa6c485d88fa1047092030613f518fec54c35fa7,29649,2026-08-27T13:59:25.555982+00:00,
public_file,,public,benchmark\external-real-v8-grounded\public\excerpts\EXT_E014-evidence.md,2d80e54dd5466608fd152cb425d767aa401344f1192577c585064352ae9d8d0d,25586,2026-08-27T13:59:25.580095+00:00,
public_file,,public,benchmark\external-real-v8-grounded\public\excerpts\EXT_E015-evidence.md,afd5db05ccbca3d6ed3c32a664ad356121a5d8b42839747a4e376f5488fd215e,17893,2026-08-27T13:59:25.596009+00:00,
public_file,,public,benchmark\external-real-v8-grounded\public\excerpts\EXT_E016-evidence.md,0b5daad8254fa027808239db56a5e93f64fd131cd48f58a8c5f21458fbf6ded1,26292,2026-08-27T13:59:25.622381+00:00,
public_file,,public,benchmark\external-real-v8-grounded\public\excerpts\EXT_E017-evidence.md,76e85834c7e8bdaf2f7a597340b762ecf7d514c6dfa5d7ee859fb951b9cafb73,26985,2026-08-27T13:59:25.648381+00:00,
public_file,,public,benchmark\external-real-v8-grounded\public\excerpts\EXT_E018-evidence.md,30b6b92dee961977fb1224e7a33ff6c2676f6e5c84f42cce6fb8af0217c06cd9,18714,2026-08-27T13:59:25.665950+00:00,
public_file,,public,benchmark\external-real-v8-grounded\public\excerpts\EXT_E019-evidence.md,3f1de7ec3cd3ed7b800e32d0a9e73a0e74fabf8aa599c8dabd9e9ab5a37497c5,30198,2026-08-27T13:59:25.693544+00:00,
public_file,,public,benchmark\external-real-v8-grounded\public\excerpts\EXT_E020-evidence.md,c6bc11d547a503dcb9d70735f0e474e0b0100fb25f7f1c70061db50eb8af15a9,28141,2026-08-27T13:59:25.719496+00:00,
public_file,,public,benchmark\external-real-v8-grounded\public\excerpts\EXT_E021-evidence.md,90de6ee79c2f72f7bc413af96b125c75037b17d9731f08e3c98324c22f112798,18874,2026-08-27T13:59:25.737554+00:00,
public_file,,public,benchmark\external-real-v8-grounded\public\excerpts\EXT_E022-evidence.md,3a2e8aa51ce5e7d5a4cab18f9b1744d6c51559a5fd8cbe1591377e9bbeeb235f,32253,2026-08-27T13:59:25.765708+00:00,
public_file,,public,benchmark\external-real-v8-grounded\public\excerpts\EXT_E023-evidence.md,39394307977651028acf1b5cd68b48782b066f2eeac283fbeaad19d241d610a4,32068,2026-08-27T13:59:25.794838+00:00,
public_file,,public,benchmark\external-real-v8-grounded\public\excerpts\EXT_E024-evidence.md,b14b452e899851e9c3c3eb86b13fcd4f31f27a04309f57938f86e90403259fbf,20888,2026-08-27T13:59:25.813545+00:00,
public_file,,public,benchmark\external-real-v8-grounded\public\excerpts\EXT_E025-evidence.md,448fe824055912b4dc885343cd16da5b4ce3f9c9086bd88b91b45befcea0b4b4,4108,2026-08-27T13:59:25.819331+00:00,
public_file,,public,benchmark\external-real-v8-grounded\public\excerpts\EXT_E026-evidence.md,03037d82294defd4e4a68cd3cde384c72a7e854325a8664bfe0e58b82c9ef2a3,26811,2026-08-27T13:59:25.873768+00:00,
public_file,,public,benchmark\external-real-v8-grounded\public\excerpts\EXT_E027-evidence.md,e055de54e42dca009619064258c3a7f23d9a18fad9c2f6aa2168219758e778b5,33346,2026-08-27T14:24:33.460229+00:00,
public_file,,public,benchmark\external-real-v8-grounded\public\excerpts\EXT_E028-evidence.md,241964bffbb7f86bfa5faf35bb6c0f788df40b0d76f82c57411b8472d874aac0,4108,2026-08-27T13:59:25.945263+00:00,
public_file,,public,benchmark\external-real-v8-grounded\public\excerpts\EXT_E029-evidence.md,7e071efbfa878f04b6e784af2320c309f130d264bc1330c981f936d7e3742e86,28116,2026-08-27T13:59:25.969589+00:00,
public_file,,public,benchmark\external-real-v8-grounded\public\excerpts\EXT_E030-evidence.md,0829a0a38f1be48aaea002ab771fee3613478593c0dad9eb2a8bc4a143b716d0,30199,2026-08-27T13:59:25.997384+00:00,
public_file,,public,benchmark\external-real-v8-grounded\public\excerpts\EXT_E031-evidence.md,b6d11e01f7dde319ad7148db80995f90339f602abebc72885057ec30aeb8eea9,29195,2026-08-27T13:59:26.025854+00:00,
public_file,,public,benchmark\external-real-v8-grounded\public\excerpts\EXT_E032-evidence.md,d6a38fc8faa59980797c909ebda755bfa534b23d836e30cd6921ecc1ffc88198,28127,2026-08-27T13:59:26.051261+00:00,
public_file,,public,benchmark\external-real-v8-grounded\public\excerpts\EXT_E033-evidence.md,56987419141ff51ff176ba21be813c910448a400c62093f6a9adf91a4c27cd50,30569,2026-08-27T13:59:32.111271+00:00,
public_file,,public,benchmark\external-real-v8-grounded\public\excerpts\EXT_E034-evidence.md,aabfd1c1237e71b792b9d38da1158971d11b1f948ac485b7452ff4274283c048,30811,2026-08-27T13:59:26.094908+00:00,
public_file,,public,benchmark\external-real-v8-grounded\public\excerpts\EXT_E035-evidence.md,333848b6938c0edf2a38ef7b2f8382e2322ba8b9860f8c8b35c9ea770ef841cd,29607,2026-08-27T13:59:26.122444+00:00,
public_file,,public,benchmark\external-real-v8-grounded\public\excerpts\EXT_E036-evidence.md,01b4c52f298cfbcb8329f961299d46d91ba91846a254489465f1aedc5eba143b,18672,2026-08-27T13:59:26.139131+00:00,
public_file,,public,benchmark\external-real-v8-grounded\public\excerpts\EXT_E037-evidence.md,132ae7b22c4af3f111515529b32276af7bea65a80038549c5620f225c2ab148c,29386,2026-08-27T13:59:26.167332+00:00,
public_file,,public,benchmark\external-real-v8-grounded\public\excerpts\EXT_E038-evidence.md,2f70d88850cf00645487f1acee069caaf2c54929137b852e50cb4a7cddea280a,29337,2026-08-27T13:59:26.193611+00:00,
public_file,,public,benchmark\external-real-v8-grounded\public\excerpts\EXT_E039-evidence.md,1c7b31203f67cc236a7fd8147cdd020d5ade020e08bb9f1a34d4d99a771163fa,16409,2026-08-27T13:59:26.210219+00:00,
public_file,,public,benchmark\external-real-v8-grounded\public\excerpts\EXT_E040-evidence.md,50ddfbdc10d15ff7ff4942b5e0ee6f4739a3f9d6e05504d199ed7f6685e4b473,29519,2026-08-27T13:59:26.237907+00:00,
public_file,,public,benchmark\external-real-v8-grounded\public\excerpts\EXT_E041-evidence.md,6564ca6591e4306aef6beec08445255214ca31afb4d4e2fb4f271c4a474ba5b9,29519,2026-08-27T13:59:26.262916+00:00,
public_file,,public,benchmark\external-real-v8-grounded\public\excerpts\EXT_E042-evidence.md,d1c7f920613806e9b77ed557b0dfaf429a269a3d45967362f949d8ddc96b1324,16409,2026-08-27T13:59:26.280016+00:00,
public_file,,public,benchmark\external-real-v8-grounded\public\excerpts\EXT_E043-evidence.md,2d9e32a34a3ad2c545fd12422bbeee9b209d17b473a59988e608d9deb99d812d,26319,2026-08-27T14:24:33.491976+00:00,
public_file,,public,benchmark\external-real-v8-grounded\public\excerpts\EXT_E044-evidence.md,bb6259fe584c41dd88af3d8a4aa5680cea3ee1f40d2bf8b399ef4d929724a19a,26319,2026-08-27T14:24:33.522829+00:00,
public_file,,public,benchmark\external-real-v8-grounded\public\excerpts\EXT_E045-evidence.md,444e512ae528c55c0b255aec21b38e9b63f344169960328b16a2b23725821b17,25430,2026-08-27T14:24:33.577924+00:00,
public_file,,public,benchmark\external-real-v8-grounded\public\excerpts\EXT_E046-evidence.md,c4e4d9af1b47a2df03fc8ab271b2f3394069dd267602acf43a9d56584d959dbd,4108,2026-08-27T13:59:26.343666+00:00,
public_file,,public,benchmark\external-real-v8-grounded\public\excerpts\EXT_E047-evidence.md,686df1dacd411464e567489e0fb19175b63c073c0b04da63cc018f2ff422e374,25430,2026-08-27T13:59:26.371048+00:00,
public_file,,public,benchmark\external-real-v8-grounded\public\excerpts\EXT_E048-evidence.md,0ac6e39217d1c93f6b9fffbe955b1347660e6c93e300d962ffdbec05fc894f46,4108,2026-08-27T13:59:32.674480+00:00,
public_file,,public,benchmark\external-real-v8-grounded\public\excerpts\EXT_E050-evidence.md,4ace17937de679ae06943cc3f842e86ebc2e820d28f3e28d8e2c0e0927e6d2aa,4108,2026-08-27T13:59:32.808214+00:00,
public_file,,public,benchmark\external-real-v8-grounded\public\excerpts\EXT_E051-evidence.md,d1fd69adbd50043cf782f793092df75ad304ceec9c63153807185e689d3a1c9d,24159,2026-08-27T13:59:26.465278+00:00,
public_file,,public,benchmark\external-real-v8-grounded\public\excerpts\EXT_E052-evidence.md,8c955a3b038d477dae96aab806b6782b6a4fd9d0a6bad5d94394f908df3827a5,4108,2026-08-27T13:59:26.470373+00:00,
public_file,,public,benchmark\external-real-v8-grounded\public\excerpts\EXT_E053-evidence.md,90e5bdca1fb3f7d3a9b4d0719e38bae679c98624900669aee3493bc666cf79c2,25272,2026-08-27T13:59:26.494429+00:00,
public_file,,public,benchmark\external-real-v8-grounded\public\excerpts\EXT_E054-evidence.md,7c5fbd329ed00a330fd7e1dac238dd20e4d4ed84fa08619bc4b3419d7e3e23aa,25347,2026-08-27T13:59:26.519248+00:00,
public_file,,public,benchmark\external-real-v8-grounded\public\excerpts\EXT_E055-evidence.md,a485ca391820d92d638346875a1a3c01450f563865653f43f2bee1391aa7db74,25272,2026-08-27T13:59:32.910945+00:00,
public_file,,public,benchmark\external-real-v8-grounded\public\excerpts\EXT_E057-evidence.md,284e52d47e270b3880a31c5a023a0b965c520464a652b072b076d01cc1a13d37,12578,2026-08-27T13:59:26.945371+00:00,
public_file,,public,benchmark\external-real-v8-grounded\public\excerpts\EXT_E058-evidence.md,612d425e8737f3ca791d33e871ca4a19b418530ba8f38b1e24164778d07d7943,13332,2026-08-27T13:59:26.996973+00:00,
public_file,,public,benchmark\external-real-v8-grounded\public\excerpts\EXT_E059-evidence.md,65e989e830d7dc83d0a0af1f2db9a578acfbe087579748d53e123e6d4b483035,12578,2026-08-27T14:24:34.083127+00:00,
public_file,,public,benchmark\external-real-v8-grounded\public\excerpts\EXT_E060-evidence.md,12a311300bcd189d4c823889e0d3ee1f37bb792a519a8decb9ae23ae1da89ea7,12943,2026-08-27T14:29:12.270850+00:00,
public_file,,public,benchmark\external-real-v8-grounded\public\excerpts\EXT_E061-evidence.md,8f4948b1d4107b9c2b7a01526d79a5e60c275b646eb67b026645dbf5268c94fc,13332,2026-08-27T14:24:34.177648+00:00,
public_file,,public,benchmark\external-real-v8-grounded\public\excerpts\EXT_E062-evidence.md,c6e24de79c54aeb2d8279aec59d379ff25a3dbdaf913e1a343fb08c64575fc37,12578,2026-08-27T14:24:34.219287+00:00,
public_file,,public,benchmark\external-real-v8-grounded\public\excerpts\EXT_E063-evidence.md,85b69adbb7fd9e4bfa58b7d4b6ba76b78a526ba6916921857aab8f56cf4f5c7f,33531,2026-08-27T13:59:27.315962+00:00,
public_file,,public,benchmark\external-real-v8-grounded\public\excerpts\EXT_E064-evidence.md,423b0950d234a102cb031754f899c07c040f546b9705fef80f6b67ff12476dde,33531,2026-08-27T14:26:53.208615+00:00,
public_file,,public,benchmark\external-real-v8-grounded\public\excerpts\EXT_E065-evidence.md,de2832eedfd2fc82d4ab1e8243f8a783860bf4964493186827038c78671df832,33531,2026-08-27T14:26:53.245300+00:00,
public_file,,public,benchmark\external-real-v8-grounded\public\excerpts\EXT_E066-evidence.md,267b851493234ea63b521ab68912db49e1f1a335910d29d7292abdfd965d3f8c,33531,2026-08-27T13:59:27.415211+00:00,
public_file,,public,benchmark\external-real-v8-grounded\public\excerpts\EXT_E067-evidence.md,b5d5b47d39b7787de9ce7103170e5b5c17b2b411cab627cc65f24a2a04236159,33531,2026-08-27T13:59:27.446254+00:00,
public_file,,public,benchmark\external-real-v8-grounded\public\excerpts\EXT_E068-evidence.md,0bc09c5f36dc82b9cd1eadcd4462de42096acbbadebe96c00e5107c374402eed,33531,2026-08-27T14:26:53.279846+00:00,
public_file,,public,benchmark\external-real-v8-grounded\public\excerpts\EXT_E069-evidence.md,a72a9f6fd51a54e554e03224b67b8d4e649ccbeebac7bf4b60af0faa3d58ed57,5123,2026-08-27T14:24:34.476135+00:00,
public_file,,public,benchmark\external-real-v8-grounded\public\excerpts\EXT_E070-evidence.md,2749858019c0ca24781d033e2289db3201b35cf9c65b3edfe10164f1957e6293,5123,2026-08-27T14:24:34.489492+00:00,
public_file,,public,benchmark\external-real-v8-grounded\public\excerpts\EXT_E071-evidence.md,cfc73e887fac9e121d88a20f083fa313b3c523afbd0f8f19485b0b461f6bd91d,5123,2026-08-27T13:59:27.518014+00:00,
public_file,,public,benchmark\external-real-v8-grounded\public\excerpts\EXT_E072-evidence.md,88850cc0df45a6131c3bfff198874ea2614a338579dec3b39784ceffe9e2bbd7,5123,2026-08-27T14:24:34.502024+00:00,
public_file,,public,benchmark\external-real-v8-grounded\public\excerpts\EXT_E073-evidence.md,9a4cf2e74e794069ce62aea40057981fa9caa9ae1d0875286d219e380255e61b,5123,2026-08-27T14:24:34.516295+00:00,
public_file,,public,benchmark\external-real-v8-grounded\public\excerpts\EXT_E074-evidence.md,394dcb534a3197046fe1897cf98caa77b35d6f7846f035b1faaa1b8e8bf66f45,5123,2026-08-27T14:24:34.529666+00:00,
public_file,,public,benchmark\external-real-v8-grounded\public\excerpts\EXT_E075-evidence.md,a23f004938b460369745a513e7c01bc7745fb1da4d384419c18a2f00bdad550d,5123,2026-08-27T14:24:34.543518+00:00,
public_file,,public,benchmark\external-real-v8-grounded\public\excerpts\EXT_E076-evidence.md,dc4fff631f48f3f414b622dc6f811dca497f2bd3ec4a7d1a9e073c95df30fded,5123,2026-08-27T13:59:27.584102+00:00,
public_file,,public,benchmark\external-real-v8-grounded\public\excerpts\EXT_E077-evidence.md,c542926d349153fb9e4f1274f25877da31eb8183906c04d6e2c21ce55383839a,5123,2026-08-27T14:24:34.556657+00:00,
public_file,,public,benchmark\external-real-v8-grounded\public\excerpts\EXT_E078-evidence.md,4ac3e7b7416d79ed0fd7b4f98ea34d23534167671bed8bab9dc81dbfba88bb60,5123,2026-08-27T14:24:34.569196+00:00,
public_file,,public,benchmark\external-real-v8-grounded\public\excerpts\EXT_E079-evidence.md,227b4784ad01125ae558ea5d25ffeb6dfae92708bcf07f1e5df848f04e2d0f2f,5123,2026-08-27T14:24:34.582636+00:00,
public_file,,public,benchmark\external-real-v8-grounded\public\excerpts\EXT_E080-evidence.md,c28ba37d7e8dac902c1c6971837c99dcca5fa43282b2a1daa6e9883bbee519be,5123,2026-08-27T14:24:34.593807+00:00,
public_file,,public,benchmark\external-real-v8-grounded\public\excerpts\EXT_E081-evidence.md,ca258543c00e1985769fd9a5ca5c62020ba609a4013e9141378af4eee9a80514,5123,2026-08-27T13:59:27.644267+00:00,
public_file,,public,benchmark\external-real-v8-grounded\public\excerpts\EXT_E082-evidence.md,94d1ed06358052cd1e675b92d72a83177bf4aa0831724d93978d5658dd12deec,5123,2026-08-27T14:24:34.605428+00:00,
public_file,,public,benchmark\external-real-v8-grounded\public\excerpts\EXT_E083-evidence.md,ee6c6235e59d015cf85980b9402051f75bb3c803facce63677d86fc1b1a4b3a6,5123,2026-08-27T14:24:34.617737+00:00,
public_file,,public,benchmark\external-real-v8-grounded\public\excerpts\EXT_E084-evidence.md,a022c3613f074f53ad0be16b156c090eb77a5bba0dc78b0ca465a2b2b7861992,5123,2026-08-27T14:24:34.631295+00:00,
public_file,,public,benchmark\external-real-v8-grounded\public\excerpts\EXT_E085-evidence.md,aea3029ae66aae54e9a8aaca9bb40bce1f02e33a9b79201f7c28d67cf6088265,5123,2026-08-27T13:59:27.693738+00:00,
public_file,,public,benchmark\external-real-v8-grounded\public\excerpts\EXT_E086-evidence.md,9d8aa4a2f3632f4fa25fe0687657db472493eb8fcff01605df59377652e456b3,14894,2026-08-27T13:59:27.783082+00:00,
public_file,,public,benchmark\external-real-v8-grounded\public\excerpts\EXT_E087-evidence.md,7ed4aa381292a352dd72017cb309069425b03747d40cb20ecab6299bb86c10c3,13787,2026-08-27T14:24:34.680304+00:00,
public_file,,public,benchmark\external-real-v8-grounded\public\excerpts\EXT_E088-evidence.md,339b9466c5a41d10dfc8008945e6f34ed8550a869d1e8d6bbce1f37bd1387be1,14542,2026-08-27T14:24:34.745586+00:00,
public_file,,public,benchmark\external-real-v8-grounded\public\excerpts\EXT_E089-evidence.md,13f26eb3b77a0c45f5440cc0a76fa6774015e1ab2f327a542b72a6c1849dd1ee,15006,2026-08-27T13:59:27.936230+00:00,
public_file,,public,benchmark\external-real-v8-grounded\public\excerpts\EXT_E090-evidence.md,9e71c7539af6fe134edcf18965eda74fcefbb494f3199790b5d56bec51ed1bad,14752,2026-08-27T13:59:27.994615+00:00,
public_file,,public,benchmark\external-real-v8-grounded\public\excerpts\EXT_E091-evidence.md,147625a0585f2547f1641837ed32babef29b778c78ebefb4afb65d844f5454c3,14059,2026-08-27T14:24:34.798972+00:00,
public_file,,public,benchmark\external-real-v8-grounded\public\excerpts\EXT_E092-evidence.md,5e8d1d7dd9bf85a87eed1efb5d8210174043051ef88fb547cfbca39405686d88,14223,2026-08-27T13:59:28.098439+00:00,
public_file,,public,benchmark\external-real-v8-grounded\public\excerpts\EXT_E093-evidence.md,b0ad563964ea9c016bb52dbbff9ec49dd993ef7e768fbd5e38880ce56e276239,14099,2026-08-27T13:59:28.152708+00:00,
public_file,,public,benchmark\external-real-v8-grounded\public\excerpts\EXT_E094-evidence.md,ee644d2a563cba11b7400406b773cacbbe613c610164acbc4b907c6a48e5ed08,15718,2026-08-27T13:59:28.213036+00:00,
public_file,,public,benchmark\external-real-v8-grounded\public\excerpts\EXT_E095-evidence.md,2f05829f3c0553ec8d776da216471637d22952dd62c123604208777687129ac0,15401,2026-08-27T14:24:34.856132+00:00,
public_file,,public,benchmark\external-real-v8-grounded\public\excerpts\EXT_E096-evidence.md,7470e1be6c393bb63e3c917f4c4c585d19728f581beaac1cdb8cee9568b05ece,13851,2026-08-27T14:24:34.902827+00:00,
public_file,,public,benchmark\external-real-v8-grounded\public\excerpts\EXT_E097-evidence.md,7e6158d121d5d9cc810a260912583ba54d098ab90f319fa552d832c21486965e,15320,2026-08-27T13:59:28.379252+00:00,
public_file,,public,benchmark\external-real-v8-grounded\public\excerpts\EXT_E098-evidence.md,6886e9a651a78a5320b77f084e3e170c2013c855615dbebe2a33d1a7f6df0e07,15320,2026-08-27T13:59:28.433895+00:00,
public_file,,public,benchmark\external-real-v8-grounded\public\excerpts\EXT_E099-evidence.md,cd090b2be3262ac4141b8fd52b50082ab212661984b31611ace38a195a1dfeee,15804,2026-08-27T14:24:34.971534+00:00,
public_file,,public,benchmark\external-real-v8-grounded\public\excerpts\EXT_E100-evidence.md,9afb894a7b279d55520c00a7c2a2263ed6f1dd2c737b81e3cae92b504e526437,46129,2026-08-27T13:59:28.526473+00:00,
public_file,,public,benchmark\external-real-v8-grounded\public\excerpts\EXT_E101-evidence.md,0a73eedf4b508d816907a0f68759776e11c98db10f121b9c6624a8fe31aa3e79,41499,2026-08-27T14:24:35.145113+00:00,
public_file,,public,benchmark\external-real-v8-grounded\public\excerpts\EXT_E102-evidence.md,54e73063276a769d366d9c0ce8ce33579074338bf3efff8e759c0665251ec850,43873,2026-08-27T13:59:28.599420+00:00,
public_file,,public,benchmark\external-real-v8-grounded\public\excerpts\EXT_E103-evidence.md,a277deec2579de62408db11f7bd0773e4cf7a4e79848ede32f448d96c4608f85,42602,2026-08-27T13:59:28.638667+00:00,
public_file,,public,benchmark\external-real-v8-grounded\public\excerpts\EXT_E104-evidence.md,627f2b4509fb94c5d525ccb7d26a4f6c09643d168cc4b5db6fb8001c32cc22f6,39016,2026-08-27T13:59:28.672549+00:00,
public_file,,public,benchmark\external-real-v8-grounded\public\excerpts\EXT_E105-evidence.md,e300005224ff104d5a102a7a6c0ee0ff7daad86d6914674925812aed571d4f70,40707,2026-08-27T13:59:28.707357+00:00,
public_file,,public,benchmark\external-real-v8-grounded\public\excerpts\EXT_E106-evidence.md,a41a131febdd044e1e27ac82ad4a11534db9987d61a5118f0547931f81e000c3,15427,2026-08-27T13:59:28.819707+00:00,
public_file,,public,benchmark\external-real-v8-grounded\public\excerpts\EXT_E107-evidence.md,006f11d622808af43d8b7f5cbde7d9ea47de777a8f7e6e9da47f9c509088b0cc,15427,2026-08-27T13:59:28.845063+00:00,
public_file,,public,benchmark\external-real-v8-grounded\public\excerpts\EXT_E108-evidence.md,d5974a982f1df138d80385b2a308ffe500eccebc05250484036d2eebd4407cec,15271,2026-08-27T13:59:28.868836+00:00,
public_file,,public,benchmark\external-real-v8-grounded\public\excerpts\EXT_E109-evidence.md,a273c69a6c9802c996babe9dbf8bdf50a477f2bb0860affe8741e79657b30d2a,15057,2026-08-27T13:59:28.890759+00:00,
public_file,,public,benchmark\external-real-v8-grounded\public\excerpts\EXT_E110-evidence.md,50042e2ad7d8ab103d3313151c6f30cf56180c0679be0ee2c0d56eb1e76a5150,15057,2026-08-27T14:24:35.165440+00:00,
public_file,,public,benchmark\external-real-v8-grounded\public\excerpts\EXT_E111-evidence.md,18efa2334a06ff8e5658817ca67fbfcff40d4eeb6a2c235d13b422b04331aa59,14339,2026-08-27T13:59:28.933680+00:00,
public_file,,public,benchmark\external-real-v8-grounded\public\excerpts\EXT_E112-evidence.md,4d96e415a488915e2f27bfb2dea07d385b3047369acbdc4a20af600f4ad8e44b,15569,2026-08-27T14:24:35.197839+00:00,
public_file,,public,benchmark\external-real-v8-grounded\public\excerpts\EXT_E113-evidence.md,b436a5db7ac05758dd00bc2d0c9f3d3a177d53f0fb6856138de40ab017697fa9,14921,2026-08-27T13:59:28.994820+00:00,
public_file,,public,benchmark\external-real-v8-grounded\public\excerpts\EXT_E114-evidence.md,0d4c0dcc94acaa350a3bf93dd1fa1d309aef47808a7ee8fac14e2d21a852b153,16724,2026-08-27T13:59:29.033252+00:00,
public_file,,public,benchmark\external-real-v8-grounded\public\excerpts\EXT_E115-evidence.md,83080e6f65f397dbc9b563bd0da0151e0725885f1079b3245eb400dbf02ac3e0,14473,2026-08-27T13:59:29.042277+00:00,
public_file,,public,benchmark\external-real-v8-grounded\public\excerpts\EXT_E116-evidence.md,d7d608b6c59a4dd4f805a9f5d28050d83914eb66d9b4d5abd0d993f98a2b7b71,15906,2026-08-27T13:59:29.053363+00:00,
public_file,,public,benchmark\external-real-v8-grounded\public\excerpts\EXT_E117-evidence.md,f813792785b8f6998befdcc7ea10c7451d837dc713b13bbf2ce801c506764840,15490,2026-08-27T13:59:29.075115+00:00,
public_file,,public,benchmark\external-real-v8-grounded\public\excerpts\EXT_E118-evidence.md,c83c4ae1cdef3eaa51c933d3567a4b61a148e6469cd3897531753f306f0a6666,14392,2026-08-27T13:59:29.085332+00:00,
public_file,,public,benchmark\external-real-v8-grounded\public\excerpts\EXT_E119-evidence.md,77c5283306b1a2875b32265bb5b54b05463fb017ab12077de9aefe725ad05257,15005,2026-08-27T14:27:22.130033+00:00,
public_file,,public,benchmark\external-real-v8-grounded\public\excerpts\EXT_E120-evidence.md,b41285a95a7beffd2e35fb86fa219572f70b9738ca1308b3585d3d0a48ea4ddf,13472,2026-08-27T13:59:29.116039+00:00,
public_file,,public,benchmark\external-real-v8-grounded\public\excerpts\EXT_E121-evidence.md,168c8b90abf8fef85d2d2820ed2cfc895fde495d24f1e4f80aef13ce70094fd1,14490,2026-08-27T13:59:29.126873+00:00,
public_file,,public,benchmark\external-real-v8-grounded\public\excerpts\EXT_E122-evidence.md,7a1b0f304aed733c9c71cb56926161404cab4ba836f3cebc47cb47299605d6ce,15438,2026-08-27T13:59:29.135838+00:00,
public_file,,public,benchmark\external-real-v8-grounded\public\excerpts\EXT_E123-evidence.md,92765c5a670ac0eb58b4d6048aa359e8ce2b61c2df3c51a87012785934a2b462,14818,2026-08-27T13:59:29.144910+00:00,
public_file,,public,benchmark\external-real-v8-grounded\public\excerpts\EXT_E124-evidence.md,45139bc735e67ac5c0a5ae905a51794a9b83bcd9daf2eac04c54e238326805b7,15807,2026-08-27T13:59:29.156160+00:00,
public_file,,public,benchmark\external-real-v8-grounded\public\excerpts\EXT_E125-evidence.md,c62230e47fb1eeee6c745c500397c02493d1f0e70abffd968e66ed5c51052469,15418,2026-08-27T13:59:29.165024+00:00,
public_file,,public,benchmark\external-real-v8-grounded\public\excerpts\EXT_E126-evidence.md,428c8299ea81d6322f78bf4444b7e035634f6a8827a6a7ad9489413234f5b745,14041,2026-08-27T14:24:35.251710+00:00,
public_file,,public,benchmark\external-real-v8-grounded\public\excerpts\EXT_E127-evidence.md,6f571a7b52eb412fd7b588f6ce34ff8af5d52c5304ed9974f970f710d6cef4d0,14595,2026-08-27T14:24:35.262607+00:00,
public_file,,public,benchmark\external-real-v8-grounded\public\excerpts\EXT_E128-evidence.md,82114d598cafd535edfaeb18fb312c5801a62f6e1c9ef134b798226baa6a8772,14873,2026-08-27T13:59:29.204011+00:00,
public_file,,public,benchmark\external-real-v8-grounded\public\excerpts\EXT_E129-evidence.md,ab822705bfc39e52540a74e2978083f0314540167125f3982661b826f948d499,14393,2026-08-27T13:59:29.218877+00:00,
public_file,,public,benchmark\external-real-v8-grounded\public\excerpts\EXT_E130-evidence.md,155d21da7c669ba14ade758d36017bdfaec17f492e68c6734a586756297c4722,14479,2026-08-27T13:59:29.229000+00:00,
public_file,,public,benchmark\external-real-v8-grounded\public\excerpts\EXT_E131-evidence.md,17e51efff3696c465973c67c84ac892abc168579f0ef315f447f2fb265b9ea34,13841,2026-08-27T13:59:29.248496+00:00,
public_file,,public,benchmark\external-real-v8-grounded\public\excerpts\EXT_E132-evidence.md,4e09c614a4da6435834d45eea8a299d779c84b8a2c6c637c444170da87208050,15783,2026-08-27T13:59:29.258642+00:00,
public_file,,public,benchmark\external-real-v8-grounded\public\excerpts\EXT_E133-evidence.md,878349b6903f0a7c40054d6cc0dd7548cdfcf74f3fecbc379f2751402498c0f1,15876,2026-08-27T14:29:12.321183+00:00,
public_file,,public,benchmark\external-real-v8-grounded\public\excerpts\EXT_E134-evidence.md,9950bca01e8d2ad26fe537d9c54af486c32d5697179e8f1231e8c78c182e55e5,13207,2026-08-27T13:59:29.305964+00:00,
public_file,,public,benchmark\external-real-v8-grounded\public\excerpts\EXT_E136-evidence.md,9c0db785fef3861c8c223940857d193984f1c89d37664e2971730206631e42e0,13531,2026-08-27T13:59:29.336121+00:00,
public_file,,public,benchmark\external-real-v8-grounded\public\excerpts\EXT_E137-evidence.md,907c370bee00fe036bc6439882d4344c56b43e526246f04c3e9405ca50958dc1,15278,2026-08-27T14:29:12.398600+00:00,
public_file,,public,benchmark\external-real-v8-grounded\public\excerpts\EXT_E139-evidence.md,8ae9e0eff5151735091facb21535254eef64000d580c8aefd0334cb00e55ba67,13696,2026-08-27T13:59:29.368878+00:00,
public_file,,public,benchmark\external-real-v8-grounded\public\excerpts\EXT_E140-evidence.md,f35085739e3bd297fdf2ab57501bab453950f30cd83b088d0c0a967d318d1844,15191,2026-08-27T13:59:29.379609+00:00,
public_file,,public,benchmark\external-real-v8-grounded\public\excerpts\EXT_E141-evidence.md,ecdce1ebc5eb6a4aa9f4f510d52c05b360fa32a3a4fc4f6e0da0c64721bc0438,13772,2026-08-27T13:59:29.391450+00:00,
public_file,,public,benchmark\external-real-v8-grounded\public\excerpts\EXT_E142-evidence.md,1d5832869767a81bf302e193906dab68fb31a31279f2b1a8be9aae50b89cc7c0,14629,2026-08-27T13:59:29.403098+00:00,
public_file,,public,benchmark\external-real-v8-grounded\public\excerpts\EXT_E144-evidence.md,986b99982287b72c50a1967383669d57bc86c1b400e8eae5b73a2f82ff066af5,13646,2026-08-27T14:29:12.455621+00:00,
public_file,,public,benchmark\external-real-v8-grounded\public\excerpts\EXT_E145-evidence.md,1dfdb5183889b307492a6b0e9fabc0a03872cd94fc6a4e845c6da9dd7bc95e40,14418,2026-08-27T13:59:29.434460+00:00,
public_file,,public,benchmark\external-real-v8-grounded\public\excerpts\EXT_E146-evidence.md,745a4b985cd562e84c6263e3708593a2fff5ce07973edc1b6cf8a0754114453e,13207,2026-08-27T13:59:29.445718+00:00,
public_file,,public,benchmark\external-real-v8-grounded\public\excerpts\EXT_E147-evidence.md,d4927a6994515ba6f6e7794d108092fcce34d7b5ae79059d2c2bec35f364479a,13585,2026-08-27T13:59:29.455777+00:00,
public_file,,public,benchmark\external-real-v8-grounded\public\excerpts\EXT_E148-evidence.md,919a7edca893af781c8a9329bb4759a44cc24f84acb03ba72286ef6618a52fdc,15154,2026-08-27T13:59:29.469780+00:00,
public_file,,public,benchmark\external-real-v8-grounded\public\excerpts\EXT_E149-evidence.md,79b7a196352df314fe8dbd74be53a1abd0866ed039b06ebd8ac86b11bf3df7c3,13722,2026-08-27T13:59:29.479905+00:00,
public_file,,public,benchmark\external-real-v8-grounded\public\excerpts\EXT_E153-evidence.md,4ef8982c83444941c4f3b15422d161405470d38bb57e95330fe7a1577e82a3fd,13376,2026-08-27T14:29:12.532415+00:00,
public_file,,public,benchmark\external-real-v8-grounded\public\excerpts\EXT_E154-evidence.md,f486cad02fb71f45b8cc157c165a0e57f96b736d29e7ed8e2c20e76760b2db6c,15824,2026-08-27T13:59:29.661616+00:00,
public_file,,public,benchmark\external-real-v8-grounded\public\excerpts\EXT_E155-evidence.md,23df15c056073e440e3efc09a100e42b2e831775a85929caa7bd85ad057bb64c,16234,2026-08-27T13:59:29.694803+00:00,
public_file,,public,benchmark\external-real-v8-grounded\public\excerpts\EXT_E156-evidence.md,c2ae600386124d6fcba6f2f925eaf0553b32b128079c893636397c6c7e92e2ab,17581,2026-08-27T13:59:29.729543+00:00,
public_file,,public,benchmark\external-real-v8-grounded\public\excerpts\EXT_E157-evidence.md,ed9ae640dc74fc3ca051518055ec8852510ab396a01012ceddbd7b235335786b,16033,2026-08-27T13:59:29.761443+00:00,
public_file,,public,benchmark\external-real-v8-grounded\public\excerpts\EXT_E160-evidence.md,a785c7d304515a2aa851dd6683b44e93bd4a125213ef1c90201874e2e94485d9,17190,2026-08-27T13:59:29.841464+00:00,
public_file,,public,benchmark\external-real-v8-grounded\public\excerpts\EXT_E161-evidence.md,d47adb0eff921e7d05c8e52be88ffdc1702802e962011a9208914d95d614ff55,16471,2026-08-27T13:59:29.871449+00:00,
public_file,,public,benchmark\external-real-v8-grounded\public\excerpts\EXT_E162-evidence.md,07b54ec8cf14e812bddc11c220559a623bc71933d0ed852e79d420b8c8c9a034,17022,2026-08-27T13:59:29.901502+00:00,
public_file,,public,benchmark\external-real-v8-grounded\public\excerpts\EXT_E163-evidence.md,7fc6ce7b881cb7c74a2d73d32fe20d1b99afceb5d9bf9b74afafe7e482e0b2cd,15575,2026-08-27T13:59:29.924958+00:00,
public_file,,public,benchmark\external-real-v8-grounded\public\excerpts\EXT_E164-evidence.md,7b2bd0df4aa8c96a5369933695ff5eb2e144852a02f0e1218811093a1652bf7b,15582,2026-08-27T13:59:29.947968+00:00,
public_file,,public,benchmark\external-real-v8-grounded\public\excerpts\EXT_E165-evidence.md,a8fc55c61c5f16df76f209dcc669a3f82b50669e59565017b40809cfcc8c4078,15690,2026-08-27T13:59:29.978277+00:00,
public_file,,public,benchmark\external-real-v8-grounded\public\excerpts\EXT_E166-evidence.md,581793b71ca1a2f56389c3dc944b0e4bc5f007c6b5bc2f546ccc650372bb56f1,15640,2026-08-27T14:24:35.603944+00:00,
public_file,,public,benchmark\external-real-v8-grounded\public\excerpts\EXT_E167-evidence.md,e3c62da1a019f16ebfd140c335b93346b44b495cfed9b5e5561d59bab914e536,16464,2026-08-27T13:59:30.032540+00:00,
public_file,,public,benchmark\external-real-v8-grounded\public\excerpts\EXT_E168-evidence.md,dee567f75c46291f8b5ed5a7c57517e8cb2ab1183112cbacec53b804a7b78d24,15922,2026-08-27T13:59:30.064279+00:00,
public_file,,public,benchmark\external-real-v8-grounded\public\excerpts\EXT_E169-evidence.md,b26ef82579d7c9c09ab192483fddedf9516091b2dac87e1f24984113e5bb5e4a,15595,2026-08-27T14:24:35.628767+00:00,
public_file,,public,benchmark\external-real-v8-grounded\public\excerpts\EXT_E170-evidence.md,07785ee4d3e078858dcad0b64200f1ca35537c2b4e2b11ca03b28e0d00d0776e,16204,2026-08-27T13:59:30.119746+00:00,
public_file,,public,benchmark\external-real-v8-grounded\public\excerpts\EXT_E171-evidence.md,debdf15e3acc26394f52dd4fcba823e0408f984a9b53a72d3ee47702714f55e8,17118,2026-08-27T13:59:30.149647+00:00,
public_file,,public,benchmark\external-real-v8-grounded\public\excerpts\EXT_E172-evidence.md,e987dfc3c418f6b1910bfe54d00ca7ee4bade7e190bd7da1db3bb7aece515d67,15640,2026-08-27T14:24:35.664396+00:00,
public_file,,public,benchmark\external-real-v8-grounded\public\excerpts\EXT_E173-evidence.md,a7b80633f7dc92e9a3ced806a5c8404309fd03ca7f0fe23b0ecd2ad0e90fefe4,15640,2026-08-27T14:24:35.696766+00:00,
public_file,,public,benchmark\external-real-v8-grounded\public\excerpts\EXT_E174-evidence.md,574fa5ecf8619e15253532188f58ab95f44e0187e20b3880e567575a0dc64099,20385,2026-08-27T13:59:30.224632+00:00,
public_file,,public,benchmark\external-real-v8-grounded\public\excerpts\EXT_E175-evidence.md,458ef5f6d805d7495290f4451452f554289ad1377c09c57fa3811b27ba7bcd1b,20922,2026-08-27T13:59:30.248386+00:00,
public_file,,public,benchmark\external-real-v8-grounded\public\excerpts\EXT_E176-evidence.md,631d20c6b50c4dfbb17bf0dca5b467595a7288d3697e24768e70f5662e730ef3,18683,2026-08-27T13:59:30.270293+00:00,
public_file,,public,benchmark\external-real-v8-grounded\public\excerpts\EXT_E177-evidence.md,b21cd16d4e5eba425e3dccd3649caa72cd901e84e025ff7ba14cfd233447344b,19927,2026-08-27T13:59:30.286151+00:00,
public_file,,public,benchmark\external-real-v8-grounded\public\excerpts\EXT_E178-evidence.md,d3f5399f61c3487f665a2318413c930310ad108d53ade8ae26230345bd6b91ad,18397,2026-08-27T13:59:30.302528+00:00,
public_file,,public,benchmark\external-real-v8-grounded\public\excerpts\EXT_E179-evidence.md,53a34cfefabcacfbb0fd7954da77443c69a0ca34b99ca350d70b41fe3783445b,18397,2026-08-27T13:59:30.316878+00:00,
public_file,,public,benchmark\external-real-v8-grounded\public\excerpts\EXT_E180-evidence.md,4e7ed9e1fec8dd74eb78384ab81fb93ebb3474549cde7a26f50cf4f9d11cd456,20676,2026-08-27T13:59:30.331297+00:00,
public_file,,public,benchmark\external-real-v8-grounded\public\excerpts\EXT_E181-evidence.md,c6d8d06ecb479e4cca54402c4d2d7cd6e0c0aa4fc96b4714e64fcbce5ac52fea,12585,2026-08-27T13:59:35.095798+00:00,
public_file,,public,benchmark\external-real-v8-grounded\public\excerpts\EXT_E183-evidence.md,faf3a6cdcf6beb339ac380dfd6df69c0e70191ef5cc4a4cd37670bd934e540e4,19013,2026-08-27T13:59:30.386433+00:00,
public_file,,public,benchmark\external-real-v8-grounded\public\excerpts\EXT_E184-evidence.md,0cab00880dec46fb93a616477a0cb24d1d366bea17ad02b332ce9884b9860e17,18397,2026-08-27T14:24:35.746901+00:00,
public_file,,public,benchmark\external-real-v8-grounded\public\excerpts\EXT_E185-evidence.md,5db0588b2c420080834e3f80bab93cb7bb0ae0d186b6a7201815d3b4eb4c5940,18397,2026-08-27T13:59:30.417011+00:00,
public_file,,public,benchmark\external-real-v8-grounded\public\excerpts\EXT_E186-evidence.md,23249e5a7b61b91d741eea25089759f653f4b7f12ba002523a52539132e8b8df,18397,2026-08-27T13:59:30.430498+00:00,
public_file,,public,benchmark\external-real-v8-grounded\public\excerpts\EXT_E187-evidence.md,c782c93a575fd68271795f118b53bc5867ce70a6bd7210d91748073ca949b5b3,12307,2026-08-27T13:59:35.241253+00:00,
public_file,,public,benchmark\external-real-v8-grounded\public\excerpts\EXT_E188-evidence.md,b243b03a60427f850995e5a7f89615a575d9e1eea312686ff6326b4ac06625c3,12595,2026-08-27T13:59:35.273621+00:00,
public_file,,public,benchmark\external-real-v8-grounded\public\excerpts\EXT_E189-evidence.md,3552e031154adb6a2e8d2582ae92d0a7a078ea6480c1cdb54dd111580be89912,12691,2026-08-27T13:59:35.304702+00:00,
public_file,,public,benchmark\external-real-v8-grounded\public\excerpts\EXT_E190-evidence.md,09afcd4b12a5e00f9f7e7b657da361817f81484f7c3ed6422a4cc7caae5a593f,12316,2026-08-27T14:26:54.910159+00:00,
public_file,,public,benchmark\external-real-v8-grounded\public\excerpts\EXT_E191-evidence.md,6f726bbf8c8bea5be3cdda3b369d8d84d022de937b7f4aa02e9267a76a08760e,18397,2026-08-27T14:24:35.783943+00:00,
public_file,,public,benchmark\external-real-v8-grounded\public\excerpts\EXT_E192-evidence.md,32e32ca8411a63855a8352b5ea40436d8ca5fa48a53b13bb90512beaac696b11,12786,2026-08-27T13:59:35.413305+00:00,
public_file,,public,benchmark\external-real-v8-grounded\public\excerpts\EXT_E193-evidence.md,68a1bd8f0ca6e51d45fa01d9939374afbfa5e8ea8aa2b801b46edc46df8f682f,19673,2026-08-27T14:24:35.815534+00:00,
public_file,,public,benchmark\external-real-v8-grounded\public\excerpts\EXT_E195-evidence.md,cbbf36f954832ea332953e9f27aa0219b0ddd7f42c0b5b86a8c3cc25d273f927,15056,2026-08-27T13:59:35.578399+00:00,
public_file,,public,benchmark\external-real-v8-grounded\public\excerpts\EXT_E196-evidence.md,2605cca1e8ae6c718e474346f54d260b470c08992cc641b3bee89887f65dab82,14799,2026-08-27T13:59:30.635439+00:00,
public_file,,public,benchmark\external-real-v8-grounded\public\excerpts\EXT_E197-evidence.md,52f15d503f43f2ef681902487c56ce5b5462a9d9c3045d11f4e483ef727179b4,15124,2026-08-27T13:59:30.653696+00:00,
public_file,,public,benchmark\external-real-v8-grounded\public\excerpts\EXT_E198-evidence.md,4004df25a3dad83399284c7e6c13324f73b4efd920ec458b20c5c24aee0cf911,13521,2026-08-27T13:59:35.628192+00:00,
public_file,,public,benchmark\external-real-v8-grounded\public\excerpts\EXT_E199-evidence.md,7de2a34c0d63b038b5e91a96a9e99cc5878815515ba46b533b81e10391d2b962,16147,2026-08-27T13:59:30.695266+00:00,
public_file,,public,benchmark\external-real-v8-grounded\public\excerpts\EXT_E200-evidence.md,d105d345407b79a44c023c1ecdcf8daabdbe38c9b245e83aad0fbd9a776a2c9d,15770,2026-08-27T13:59:30.714727+00:00,
public_file,,public,benchmark\external-real-v8-grounded\public\excerpts\EXT_E201-evidence.md,f080c3a763ca59b096d58e419d5ee7c881d6237509d3d6848ecfc570898f4470,15969,2026-08-27T13:59:30.735070+00:00,
public_file,,public,benchmark\external-real-v8-grounded\public\excerpts\EXT_E202-evidence.md,758d767628de023ce63e4a634f0d42ac5380f66844a1f5bf0cfefd80d2b8c01f,15722,2026-08-27T13:59:30.754690+00:00,
public_file,,public,benchmark\external-real-v8-grounded\public\excerpts\EXT_E203-evidence.md,fe8a3596bfc737b0635fefed47e81fda39c683f90fb1998878e978534a2bac74,13923,2026-08-27T13:59:30.767457+00:00,
public_file,,public,benchmark\external-real-v8-grounded\public\excerpts\EXT_E205-evidence.md,a2af82e91249b70ff1a0a7b423a3fed1121fa25b79236e2cec416f4e2729badb,15495,2026-08-27T13:59:30.806464+00:00,
public_file,,public,benchmark\external-real-v8-grounded\public\excerpts\EXT_E206-evidence.md,434855c3483d2bbe3630dd920c96e9a56218aeefa45af1a16200cc4d2d45c758,15236,2026-08-27T13:59:30.820229+00:00,
public_file,,public,benchmark\external-real-v8-grounded\public\excerpts\EXT_E207-evidence.md,dcdbcb7a08969a9f275d2a3002b5ed8e522c1642bbd30c14d24ef8d453dc8974,15126,2026-08-27T14:24:35.906293+00:00,
public_file,,public,benchmark\external-real-v8-grounded\public\excerpts\EXT_E208-evidence.md,117a92c2824b7ad8b90797c90e1a4678481ce08afb99e71779ceddb6435a7e7b,15181,2026-08-27T13:59:30.862487+00:00,
public_file,,public,benchmark\external-real-v8-grounded\public\excerpts\EXT_E209-evidence.md,d7af0a4655819380c4664727f58766c3e4d34b7d7f740405da1f75f4370d50d6,15510,2026-08-27T13:59:30.880423+00:00,
public_file,,public,benchmark\external-real-v8-grounded\public\excerpts\EXT_E210-evidence.md,7c2c82bfcd42c3640ce5803336497c07b8a8949d613e0c0d2291b17dcea15bdf,14931,2026-08-27T13:59:30.894603+00:00,
public_file,,public,benchmark\external-real-v8-grounded\public\excerpts\EXT_E211-evidence.md,88c556f5eae6327bcef7e15b652db259bf2e94a2d87f3d06f1c7003866bd25a6,14834,2026-08-27T13:59:30.914891+00:00,
public_file,,public,benchmark\external-real-v8-grounded\public\excerpts\EXT_E212-evidence.md,c977c86b6e3889413a2ac6c5d82b1d893406b634d228728dbd2ac3760346d2f9,14784,2026-08-27T13:59:30.929469+00:00,
public_file,,public,benchmark\external-real-v8-grounded\public\excerpts\EXT_E213-evidence.md,c0591af6988ea2807f935cf04269f8e7a5c0bdc4ac2575ba7de54dad28561302,14431,2026-08-27T13:59:30.937807+00:00,
public_file,,public,benchmark\external-real-v8-grounded\public\retrieval\README.md,32faa267af8f4c95e9c712e1775e0539b08b51f17e2f591f9af34cae4ff5c481,273,2026-08-27T13:59:25.070091+00:00,
public_file,,public,benchmark\external-real-v8-grounded\public\retrieval\external-real-v8-event-retrieval.csv,55f4c6bbca7d21642b351bdc1f721e0131b66a53342d0081feaad9232be41170,88327,2026-08-27T14:29:43.509319+00:00,
public_file,,public,benchmark\external-real-v8-grounded\public\retrieval\external-real-v8-event-source-alignment.csv,8e3f2d92b86afd252693bf2dd2cbb47ec2b22a8d67ad1c0fc00d2ed454f00bf6,20021,2026-08-27T13:59:25.046554+00:00,
public_file,,public,benchmark\external-real-v8-grounded\public\retrieval\external-real-v8-grounded-source-families.csv,28c323c88bdcd00a5b07f79d3751ee7a4fba786a83f79a20df1202999d48f537,9820,2026-08-27T13:59:25.046554+00:00,
public_file,,public,benchmark\external-real-v8-grounded\public\retrieval\metadata-leakage-audit.csv,64ad3486a4abbbdf9db8cd52388c79a713d2b614c102e8455593e0efd57bc4db,36780,2026-08-27T14:29:56.402626+00:00,
public_file,,public,benchmark\external-real-v8-grounded\public\retrieval\normative-source-registry.csv,53caa88ceac93eb9d4ec163d6486c224e19f37521aa1875c19f3aaabd5c21c65,6488,2026-08-27T12:28:08.961551+00:00,
public_file,,public,benchmark\external-real-v8-grounded\public\retrieval\query-contracts.json,703de1f1cf49bbb27b812d2a7492ac7f290365f21251ad4613393f4022f7846c,527,2026-08-27T14:14:07.742170+00:00,
public_file,,public,benchmark\external-real-v8-grounded\public\retrieval\support-adjudication.csv,465924f71f4f9ff46d821be48a24f2ce81b2b58f319f6b5e8973b01c3774a3a0,48804,2026-08-27T14:29:43.510827+00:00,
query_contracts,,public,benchmark\external-real-v8-grounded\public\retrieval\query-contracts.json,703de1f1cf49bbb27b812d2a7492ac7f290365f21251ad4613393f4022f7846c,527,2026-08-27T14:14:07.742170+00:00,
reproduction_script,,public,src\adjudicate_external_real_v8_semantic_support.py,82e75e8dab21a0150b211eb4496fa180f8bd5b11095a86682a78570c3e848081,4136,2026-08-27T14:10:29.894632+00:00,
reproduction_script,,public,src\audit_external_real_v8_grounded_quality.py,a2617db850221cc26d49fce97355f9dcfe8dabdaee0d20ee1c7cf6c681b22f3f,3783,2026-08-27T14:12:17.156213+00:00,
reproduction_script,,public,src\audit_external_real_v8_metadata_leakage.py,e7d14c9054dbe43d0f3a9ec3fc0954c97831644adacf0f2c3b2bcd8ca2a2f652,5267,2026-08-27T14:04:29.016185+00:00,
reproduction_script,,public,src\build_external_real_v8_grounded.py,82897f726a34735778d6437e32d481ec08ea8b17529f2f548ee41d70e39cefce,25616,2026-08-27T14:10:46.945978+00:00,
reproduction_script,,public,src\curate_external_real_v8_support_windows.py,f4adeb0e584168c7ed82a2cddc50c5082f75d46e00b7532f05245309daf82b3f,6190,2026-08-27T14:28:56.573973+00:00,
reproduction_script,,public,src\expand_external_real_v8_grounded.py,63ceae7ab2a6d3d94985b3e5bba7ea4ec3e74f8db659572f89716bcf760bce7f,4087,2026-08-27T14:25:22.489263+00:00,
reproduction_script,,public,src\external_real_v8_layout.py,277de29178680f663b24db2f1887f3e866681006a10927819c8b51668cea7056,7643,2026-08-27T14:11:36.184145+00:00,
reproduction_script,,public,src\freeze_external_real_v8_grounded.py,2043a1a185561672d859e747fb083453fb5af8b57903c13f5a5eae7ff65e0107,10072,2026-08-27T14:29:40.723026+00:00,
reproduction_script,,public,src\gate_external_real_v8_grounded.py,cda6610fdb44d5c790a66d9dde6ded5c5628943bb3750b3b9cbb517180c5f063,19606,2026-08-27T14:13:39.512286+00:00,
reproduction_script,,public,src\stage_external_real_v8_access_layout.py,af545490bcf02b9c6aa3da005851a95bc86072eb254ce1f43e829b8de115baec,8216,2026-08-27T14:10:36.907801+00:00,
reproduction_script,,public,src\validate_external_real_v8_grounded.py,a2f31d4fa379d4ed07f076d139f2c84c8010222e1491850a4704b4e94edb2fa6,13517,2026-08-27T14:12:38.386292+00:00,
reproduction_script,,public,src\verify_external_real_v8_artifacts.py,7fa6281538fcf116804b67a1f9dd4c7a9d15a26e055b451432c7977321a024bf,5606,2026-08-27T14:12:19.185129+00:00,
stage_access,,public,benchmark\external-real-v8-grounded\ACCESS.md,383cfdc9858d12737f85aeb069c67c0f9094ae46421edd347838131b9aafc71e,444,2026-08-27T14:14:07.742170+00:00,
candidate_row,EXT_E001,repair_stage,,7c4aa6a1b8817f1276adfdc189629b4344f5c48b85bc7d556574ab260936f9fe,,,2
candidate_row,EXT_E001,repair_stage,,e8b03ce43f08f1bdf4bb04ba8283cfce1833de69ead6d513b2c3f7660002b7e0,,,3
candidate_row,EXT_E001,repair_stage,,2968455b64844181528e19928df66a6b2af377c73aa394b2d9b03a9d42a38738,,,4
candidate_row,EXT_E002,repair_stage,,4efb69698913791a629e2d109f14eb7c6ce9e25689589159d64cd1c216e4917c,,,5
candidate_row,EXT_E002,repair_stage,,0f36ab10582010b751748175fa9ae1d14c8fca6c9312c1bbc61358e889fdc140,,,6
candidate_row,EXT_E002,repair_stage,,8bb76677b0ecda4e3af0788432ea7d9f5c5d829f6533e5dc1a04514ad54628a2,,,7
candidate_row,EXT_E003,repair_stage,,bafb8a84ea7db20bfa7f4fe67c0297808af6e28472d53b0c4e22f21e472b3fde,,,10
candidate_row,EXT_E003,repair_stage,,4b5a6c3f7015ed36451caf1ac7dc0b0f9608db0101a3c92c2b837018130f1e50,,,8
candidate_row,EXT_E003,repair_stage,,1d37b02dda4557e311a339d97490d5be69459619c911d7aa2b9d90b28e4a77de,,,9
candidate_row,EXT_E004,repair_stage,,4e2390863331743dd8f328d58af478cd408ef3304225f50bf13d9f65a2ad0a17,,,11
candidate_row,EXT_E004,repair_stage,,3793d3137b52f550ffd58cdc5aaeba98a2b0535962f62b1e621d88725b698cb7,,,12
candidate_row,EXT_E004,repair_stage,,7068020e02da6a7328c7223cd497254c160a6203d3082081a9d70e834d48d5eb,,,13
candidate_row,EXT_E005,repair_stage,,9c1175bb10166c0c2c946a272c552f485be314ce681aa075de7d28b6294a19c7,,,14
candidate_row,EXT_E005,repair_stage,,d374728c10948283a6875a2b43411c6d9c567255efa5d2ab80c541103a1f77ff,,,15
candidate_row,EXT_E005,repair_stage,,00922a9e98d8607cdb8fb554ad7efd77adcd2fb33247276db32efac31e849d27,,,16
candidate_row,EXT_E006,repair_stage,,f865040c040b2bae6ae05ee04b9c508e4d10ddd329d562749eb64490161f5b5f,,,17
candidate_row,EXT_E006,repair_stage,,321ba0e432f1901f407063a38b5de95948c0b80a384705a9a1694e196762d73c,,,18
candidate_row,EXT_E006,repair_stage,,70e19a7805a7ccb91f863fb026fd826564202b37bba68d5d3133c06bfa4c4f43,,,19
candidate_row,EXT_E007,repair_stage,,6cc0cb7a70d4250afe7e84a32d2ac399e9b4a03b60e2f682c5873f0aae2973a0,,,20
candidate_row,EXT_E007,repair_stage,,b0ec69c861a4aa7aa9781a7369ddf6e2b6e564e89a371803471e3ba5361c2eae,,,21
candidate_row,EXT_E007,repair_stage,,1fcb314c8d08484cec3ee03b3134fdaffbf62760f769cb34e396768edff3504a,,,22
candidate_row,EXT_E008,repair_stage,,87d3a85153c2949b611d258cb5bacdf264fe870b135c5d02373a3f9a0926463d,,,23
candidate_row,EXT_E008,repair_stage,,4eb5fa086fbbab00c2ae6f2bcb8dc990ade18928ef7fe8005f5940a892da24b4,,,24
candidate_row,EXT_E008,repair_stage,,940dacccea0b149f3b628ade050204e185e6abcc97a59337e28a558bc61e4b2f,,,25
candidate_row,EXT_E009,repair_stage,,a5644913ab167475d48c32fae6cceedfd704ddb5e1c023de1920c8b13a1f039b,,,26
candidate_row,EXT_E009,repair_stage,,9a09c33455b0bc06107be69a71075d6db7e735c8ff5c17f27578de1265d7f1b3,,,27
candidate_row,EXT_E009,repair_stage,,150a7b529951d849928afe5b36beec0817a84d85e604c02f7d9ea4c7388446be,,,28
candidate_row,EXT_E010,repair_stage,,42806eff856e5f920dbfcb58bbbb1dd8cd4d0b778b48f7cdcfba824b5c6870f6,,,29
candidate_row,EXT_E010,repair_stage,,9282bc7c7b01a66ad5c9805fceebbcb84cc11c6d0b421683801a8b2462ef2f84,,,30
candidate_row,EXT_E010,repair_stage,,b7fd83c53ffdf16284e8116edb64d66f3056407a74f3dfdb3756c11c581d1449,,,31
candidate_row,EXT_E011,repair_stage,,cd180ff0e89356897c0f4524e9f1401132db479136659cc3e882e357f1566efc,,,32
candidate_row,EXT_E011,repair_stage,,6a707781df2ac61bcb58ac8f517e409b1f36d7f7de0e000bd8eeb6ab3811f0e7,,,33
candidate_row,EXT_E011,repair_stage,,b0239df325c54d9ecedb6062c62ad73f0af10027fc98ec185e100d273ade8386,,,34
candidate_row,EXT_E012,repair_stage,,8951d49c033c553f6675959b4fe90740731a45a53ae6e842cb46583f1c4b7b1b,,,35
candidate_row,EXT_E012,repair_stage,,3cfa1293a3889fb3dc6a8aa806453202bac5647961f33210b66563d67db1e9f9,,,36
candidate_row,EXT_E012,repair_stage,,bf00865664ee2c59279a71b1ce93d8868b630687f6f9bef006ff0189c2cb1470,,,37
candidate_row,EXT_E013,repair_stage,,d78e082f619554412fe16deac59170d007613ae7a63612981d6ada4876513d2c,,,38
candidate_row,EXT_E013,repair_stage,,437a63001975cd05f3810b6c3089185ab79e4ef7334cc10966f69dc847b000be,,,39
candidate_row,EXT_E013,repair_stage,,38fdd766418b8bbd0780359f0dee323869d91ee80384a943ec491edb82605c89,,,40
candidate_row,EXT_E014,repair_stage,,461621bdceea3a7546ab0b9b8ade356e57489dd3a42c39895eef42939aee2cf6,,,41
candidate_row,EXT_E014,repair_stage,,f727fd4e20bf375913d51ce8b55c1f2ce87a1ce8c887fcf1ffc13b3c5e762710,,,42
candidate_row,EXT_E014,repair_stage,,0d8ca49dcc7f074ac424ef1167c4ee0f2b71b248747760e41ab5787ab9993de6,,,43
candidate_row,EXT_E015,repair_stage,,cc8a55230f9c31ab9f935a143b65fb49eaf41ca0e49e156259e61cd873f780c1,,,44
candidate_row,EXT_E015,repair_stage,,8730f3dc2c77ca2fb831acd5482e7e6201e9cb4a2276ede823761c8db06ca35f,,,45
candidate_row,EXT_E015,repair_stage,,2a6a08867dfe498ab5f318a2e296c7d084fa8ae48da37659f60e1c8566e56b5a,,,46
candidate_row,EXT_E016,repair_stage,,55f052d34d90198d9772dce6ca8a77a0a357511f5bd05808caf1104ae2759616,,,47
candidate_row,EXT_E016,repair_stage,,f07b173c79140c0991a07dfc776bf12b29e92b7bacff52185f8eccbf63442b68,,,48
candidate_row,EXT_E016,repair_stage,,05b1461eb4c48c20b0525c597ecd9bb4085e9785906cdb1aff986c17fbafcf9c,,,49
candidate_row,EXT_E017,repair_stage,,865f5f49d8847a31eb071a37280cef2836eb0a2344d8ced535a1bc53eee73a74,,,50
candidate_row,EXT_E017,repair_stage,,9573b7210dad8333619bb0b44f7660512b4faa1d4a51e5593b3e72370b1281bb,,,51
candidate_row,EXT_E017,repair_stage,,ac2ae60da4f1b229c725f2768b5de6a1b872fe18798a5711547f26431ce674cd,,,52
candidate_row,EXT_E018,repair_stage,,920e26b8f12ff332224663477d1ba83940a697ed2b101cb2c1d2d8b88b5f0d90,,,53
candidate_row,EXT_E018,repair_stage,,c478455dc8d44e6b177dad945d2fc7449230f6bad48a5689a76b11968b7dfed2,,,54
candidate_row,EXT_E018,repair_stage,,4dd9ff6ecdc24c7b29aa44cf3b0ddb47d2b427062f1e5b0d978dcd9d02cab923,,,55
candidate_row,EXT_E019,repair_stage,,d30678385e5d64a2947522150be892dc6469b6976440f0624f110cb252b9d9e4,,,56
candidate_row,EXT_E019,repair_stage,,80a3546d8eaf0dc2e3375d7c2601040ea205c8e8e2f0bf5386b6f66caee2cd8e,,,57
candidate_row,EXT_E019,repair_stage,,7b4d3785bb21f3491ddce77b224c8ea5f46508c7dca626f8ce62bc492ce0b0db,,,58
candidate_row,EXT_E020,repair_stage,,34e828ffc4d061d22e6b57557e8dbf2a4812b7fddaf16e3778fe5ef521ece862,,,59
candidate_row,EXT_E020,repair_stage,,d8728bf921f8c08a6660bc6e1002e790d45fd72655b5b15663944383f62e8786,,,60
candidate_row,EXT_E020,repair_stage,,883f73a3f446a48dcca1f2b48839a9294e01a32e1e4e40e6374f0b8869329ff5,,,61
candidate_row,EXT_E021,repair_stage,,2847b3a42f160e84850815c1893c7bc391008deab108adf9f92bdca68789a92f,,,62
candidate_row,EXT_E021,repair_stage,,8932f5d8bffdb9ea52bda08f33ea508d941906667d5abdf6dd7b3002fefb6af7,,,63
candidate_row,EXT_E021,repair_stage,,2707210607bee7ba1d3111ca050aa38eae4609f0bd693364b6d1eb5d9675e498,,,64
candidate_row,EXT_E022,repair_stage,,084aa148b4152c8cf87ba3a5becbfcc7c4f840dab92863f6b2207ecc78bc7996,,,65
candidate_row,EXT_E022,repair_stage,,6c2b2277d13da091171ca0baf10dee5ad9bdb8c6ed5a65c32780785ab6c6b560,,,66
candidate_row,EXT_E022,repair_stage,,9b99390b244b5e7aa98c56083b2d585d396f25e31bf21b0a6c33855ae2eec261,,,67
candidate_row,EXT_E023,repair_stage,,91907400bc5c10b0be807d2662544677ebef40a1754b1720d0b48b0646967767,,,68
candidate_row,EXT_E023,repair_stage,,94f4148f92cb33e44f11e0904291044014c1e3133dcd0060944e85b570c41e94,,,69
candidate_row,EXT_E023,repair_stage,,59861d0bcbdb8e5eddcb89b8bb62ee84ac644002c2205f52ccd363dee0edec9b,,,70
candidate_row,EXT_E024,repair_stage,,1a5ca4f97dd58e1ce16fe264d363df3aa5873bb0e8582c3dff83e0ad7bb002a4,,,71
candidate_row,EXT_E024,repair_stage,,17644fdae4bc115e2482ad18e19ed94a4bce29bdc0be394761102d824c564a4d,,,72
candidate_row,EXT_E024,repair_stage,,5547daaa2469ef1b2ed4060b770e869eb95936e5284d9310e7df03c90116f833,,,73
candidate_row,EXT_E025,repair_stage,,cc3a71bb4139dd00d08744423dd2581925df3fa2c772bf34b457c6357b6ff6bf,,,74
candidate_row,EXT_E025,repair_stage,,7703cbf2f5cffdfdf73085acd414086e8ce40e583d369b031552970423bf2b28,,,75
candidate_row,EXT_E025,repair_stage,,de0f70fa06792205c6f21ff49fb0277f1505032fbd95847fb1c7b165797446d4,,,76
candidate_row,EXT_E026,repair_stage,,f75ee650a2d8679938752b0800fc3e8126a6a558fdc96c419e09f22e2c78259a,,,77
candidate_row,EXT_E026,repair_stage,,f9a647d4792e5d53e2111fb7b9a73c0c0d458410e454b34f8dee33544f910810,,,78
candidate_row,EXT_E026,repair_stage,,994abc6029d35cbe311dfca964176018eea90c87e3aabe74e345e286ef4f8adb,,,79
candidate_row,EXT_E027,repair_stage,,8f7532ecefaec72057a3effa4040c059ff8cba5afaabf8cb0e962b3990f0ffab,,,80
candidate_row,EXT_E027,repair_stage,,c55599379f5200ab99e119bef29dea13e1e15717d856fd834ab043c1e3e75ab3,,,81
candidate_row,EXT_E027,repair_stage,,e529a41723ad270477ad5e578334d40e8a22a1857784aa87a40fdbffa2d9f326,,,82
candidate_row,EXT_E028,repair_stage,,ec197caac2aa3e9a746705780285488d89f646f48cd90eb08785a664df04cc7d,,,83
candidate_row,EXT_E028,repair_stage,,3fd1705b7f9fc7b5846be6cb5e98a11fc9e6a057653433f16ce34a81b1479fb5,,,84
candidate_row,EXT_E028,repair_stage,,a8fc960b9031e4904e68e5fabf47494799cedc5d434112410fd4367b8e8d8dfe,,,85
candidate_row,EXT_E029,repair_stage,,ed1a9a34ac65d3efc247352d417a756a23fc7b436562106938d4774ce7b1b393,,,86
candidate_row,EXT_E029,repair_stage,,528e0afd6399eacbfec5dd99d45339db7de04204c4b90656d18d4cb80f2eb930,,,87
candidate_row,EXT_E029,repair_stage,,5285a71d6dfca8d7b4bc9efdeeeb429e99d7515fa94aec24d295052f37a0b31b,,,88
candidate_row,EXT_E030,repair_stage,,2613355f875c5329bfc2041660ccf9cce5b14eb550c6f894fa11918b79b6d2a3,,,89
candidate_row,EXT_E030,repair_stage,,77896768c4dd4f9eeaa3beb581c9ca99d7bf2cb409449d32152531bc02bb6976,,,90
candidate_row,EXT_E030,repair_stage,,cf34f769727fa7992dc56dbde99ce8c3e93cc5f3816166c00142a82d10307048,,,91
candidate_row,EXT_E031,repair_stage,,4053265a171af7ad4ca087876271250cf6178611296e44a079c84cf701c42be4,,,92
candidate_row,EXT_E031,repair_stage,,c8a2313a431b00eb42cc4d6a6fc0f31ccc6b20b33cb2e9b25174b35dd6eeccd3,,,93
candidate_row,EXT_E031,repair_stage,,6346c1b9706823c2d33690de938bb8483594ec28ef4c57cdabccd0ec95c014e2,,,94
candidate_row,EXT_E032,repair_stage,,f411b132a9be6b154dbc4c9cd0ab6bb48002d54a6ef96780466fa7d8518a6910,,,95
candidate_row,EXT_E032,repair_stage,,3988145b6062c32b418e8004e42aeb22bc34c9c8c2ee6ae0e5db41c39bc87fbf,,,96
candidate_row,EXT_E032,repair_stage,,0d86270c8d24a4efda6c155b5697ce31fcb458dab5f08954f0966e973929b11b,,,97
candidate_row,EXT_E033,repair_stage,,cb61368c886ae35e39b24f0d7b46f974701912ecededc744121c6e93b3fb11ec,,,100
candidate_row,EXT_E033,repair_stage,,25266c195dadf8004a31a9c4fb9ff2cf16fc3ae2279f20fa830d9fd02e3c1b48,,,98
candidate_row,EXT_E033,repair_stage,,bb73e528d21cb840bbda450d7dc39e2e6cdf411d7412d2ed050d508af5fe2603,,,99
candidate_row,EXT_E034,repair_stage,,42de674ea0ee37fe03e78307a17049bf59b2b697362935c83273de9b26f4b728,,,101
candidate_row,EXT_E034,repair_stage,,55e9c8e6cad59e84689c426f050fccfaca724c2cd2d570f726c66800b98444d2,,,102
candidate_row,EXT_E034,repair_stage,,5a6d2e92e4ae9d465e40e54d3858faf6fce37704715241aefefaddec93d1947b,,,103
candidate_row,EXT_E035,repair_stage,,8a328f33759823e5eeae9cbbb2022bf6ef2d87f283ff819398d43462820b4573,,,104
candidate_row,EXT_E035,repair_stage,,9d3cc87bb1e2b17c4aa3bf9b155d6e4fd367cb0455e2f5e4aa2026c5f5d0c3cc,,,105
candidate_row,EXT_E035,repair_stage,,7196edef45349399f2c5d69c40dce8e44df0d5b9bfed29b1e57d0b22acdb67fb,,,106
candidate_row,EXT_E036,repair_stage,,388a6c59e217523da952fe6053cddec5d6b49840d94a7fa2e8cb41f79104e999,,,107
candidate_row,EXT_E036,repair_stage,,62bb60663e230e9a9b6ad06c5deb5d00585f40e3bb2d81889201c05c91535298,,,108
candidate_row,EXT_E036,repair_stage,,ed7f5b136cb1243aa1d6383685f4565e02465c53f48cd5fe90e6cd781b83a202,,,109
candidate_row,EXT_E037,repair_stage,,fa484a8b14a40fc1dfee208ffa12acb3cbb21d5860378d94783d0420e581607f,,,110
candidate_row,EXT_E037,repair_stage,,fac35f46e0954ad1b5ce133e96c9e9fc58bc26eb25b196549e83303d26a5122d,,,111
candidate_row,EXT_E037,repair_stage,,db0a244e90bcfbcd60a2b91cb736a4c202a683476024cda506d0bd36e304c7bb,,,112
candidate_row,EXT_E038,repair_stage,,d08771ca527727dcd52bc97edc5f70b405349fd3db64d36f5e561199b68cef1d,,,113
candidate_row,EXT_E038,repair_stage,,d5952c2319f31e182521fa4088afc9b8fded238acde38aff80da59f525deb76c,,,114
candidate_row,EXT_E038,repair_stage,,97cd3eaeb3950a5553b34cc67a0756c06b70efb76d0aae710dd1198ad1587af7,,,115
candidate_row,EXT_E039,repair_stage,,3bd92f6f5db23dcd37d53fbf32478792f98cefb55324f30510899e88703b4c35,,,116
candidate_row,EXT_E039,repair_stage,,4884ecb847a9f3383297dadea44032b9aa7a788e4e93ac6ca3c49da63e3642ae,,,117
candidate_row,EXT_E039,repair_stage,,32a9a87b5ccdaaa50c299067f552ccc2b50d7e03f852006b92726880cc93443e,,,118
candidate_row,EXT_E040,repair_stage,,6453b013ce1e5bbbf36d3e333ca480f5e9cf33d793508d945d26e5bfa889fe8a,,,119
candidate_row,EXT_E040,repair_stage,,1a89237f7a0aad0471f6f340e46614d7f3f7d181456d1c1637332188f6ee6e02,,,120
candidate_row,EXT_E040,repair_stage,,bcfc1c52981f1cfe808c2375949014635a28bf579b4305ae7433d9e5f10f5bc0,,,121
candidate_row,EXT_E041,repair_stage,,b254c6793a7fc412a17b587aeb7f29a8abd6123922b48db2f00e8f7530df5e14,,,122
candidate_row,EXT_E041,repair_stage,,046c36b6b1cc87f32574d11a6fe357ea278290d68f951f9f9a41a5264f7b59d4,,,123
candidate_row,EXT_E041,repair_stage,,6e634ea7b3479a978b74dd80014dd7f268acd0b5087f8cf8980b8b2b61c4235a,,,124
candidate_row,EXT_E042,repair_stage,,eb4e055e8359d1a12ab93990589e9262cdefcba6280f823fc1e53e7d1e787a32,,,125
candidate_row,EXT_E042,repair_stage,,d8383142f3fc6e3ba2d806e5d7bb316b71f37eb22c45c42bdfd633051bebc301,,,126
candidate_row,EXT_E042,repair_stage,,29ddbe62b8ee74bbe89f41a95c83716d6f7b75371ad7cda49725aed45933c785,,,127
candidate_row,EXT_E043,repair_stage,,3aea0cf3278ab6c61fcbefa73a140568efcc26af8797c8459e34e680335e78b6,,,128
candidate_row,EXT_E043,repair_stage,,6fab063aae5ff47d564f6d140840b38a31bc0eef36039936ca5228a12c2e7981,,,129
candidate_row,EXT_E043,repair_stage,,57959b791b03ec4b4d417169323874a8a70931b0ad1c0c604ba0879331a5bedc,,,130
candidate_row,EXT_E044,repair_stage,,c820a45ee7b010e717d314bb5eea266ddf231292c4372b35c2750515560db771,,,131
candidate_row,EXT_E044,repair_stage,,374368f7ecc87f2f3c2aea0b342cb0e57cb024b485da7e7a9c9ddc6183f958a9,,,132
candidate_row,EXT_E044,repair_stage,,04fa9cf6e6794f8220cb7d199fc2dec387e43d2d9e80a05cf5108bc47879fba8,,,133
candidate_row,EXT_E045,repair_stage,,17ff5c4f7ff3ba9dad9c5eda57aa9632e300477f6881ca71a5d07af75d8e4755,,,134
candidate_row,EXT_E045,repair_stage,,087526d1ffec5c448d5f2504e3d740b44bbd53a0e1e18eb0de12dcc907b84092,,,135
candidate_row,EXT_E045,repair_stage,,1b56fc698525b6ef3ee9efc7a5f9f89985ecd299494baf29b49689fb86c25bca,,,136
candidate_row,EXT_E046,repair_stage,,5f4a92b878bb20a6db914f9a484b4d3ad13e45115059d3e9f9e7f91d9f31fa10,,,137
candidate_row,EXT_E046,repair_stage,,c9cbf9a8c68f0df6ee5ce74961bd26658fd9c00ff643ea8c060605d67a6aa473,,,138
candidate_row,EXT_E046,repair_stage,,ff358253e1f2db417fab0d81a30234beb5243edb6079dd6f467598c23e3f1448,,,139
candidate_row,EXT_E047,repair_stage,,2e5e66217d5903b0f20cf4196593dd7fb78593a499f9cf7e40485a30bfe13ae6,,,140
candidate_row,EXT_E047,repair_stage,,bc62680d3bef898d5fd5e2cb2d85ab7d2e7415abc34027950ce4068b37960443,,,141
candidate_row,EXT_E047,repair_stage,,17b6f04b43d4940427306f18b67cb063d90b8d6d45f08ccabee66641b6a48b41,,,142
candidate_row,EXT_E048,repair_stage,,e7f73329236e9914bc6848abd7cdf9744c5033c2db1c935c0ed92a34397a4514,,,143
candidate_row,EXT_E048,repair_stage,,79887af19f47e362985540819d1a966b3322a8c12a062f38da20c444c078aba0,,,144
candidate_row,EXT_E048,repair_stage,,95b2db4159ee67777d9e56689bc4770424a539a479c2ef55ec1cce396520d788,,,145
candidate_row,EXT_E050,repair_stage,,14098dbaa4139642f2fa00bf2c762d0d262b64afc0cdad391db9d0c8855ae788,,,146
candidate_row,EXT_E050,repair_stage,,bf5d6ede846037064e74a9e1b158ed468a74ab2a29984bf2f06d9a31538875a9,,,147
candidate_row,EXT_E050,repair_stage,,61ebf904bb4661e2bcc54d5717a0835cc6b422fc59eb6883f5dcfd6fce165bb1,,,148
candidate_row,EXT_E051,repair_stage,,c21d1ae74eb51d4dd7d0244c8803273f7576febef23415bb1476607b24117030,,,149
candidate_row,EXT_E051,repair_stage,,b49532413bce3eef6337d6075fe60a6731e4f68134a08480d0445222e08f9f86,,,150
candidate_row,EXT_E051,repair_stage,,31c53c342672eab36ab12e89e4598ca0384083b669bbb7b082b37f2bff89f813,,,151
candidate_row,EXT_E052,repair_stage,,38b553ce67406f0edbe7a6a0a520ff0b808c1ae52afb4a38a1131f55bf458aed,,,152
candidate_row,EXT_E052,repair_stage,,40363bc811fd21afc8ee3d05c0516ba8b072e8c8ac46c335b5226a0599317436,,,153
candidate_row,EXT_E052,repair_stage,,fd667a08cba52cfb48bf460edd5302509eae6e181863a5872c8405bbc5c89824,,,154
candidate_row,EXT_E053,repair_stage,,5ea8e228c978acafa881dbb1329782232066de61660dcac6a422829e223f41f6,,,155
candidate_row,EXT_E053,repair_stage,,97a34ef8b7a64935c0f24898caca1fe74bf108d5054d9259e547133adcae352c,,,156
candidate_row,EXT_E053,repair_stage,,32b2e277479dbe61b7ff3d210d172b0267f1bcd0a33007d73ba4bf8c4cb40a65,,,157
candidate_row,EXT_E054,repair_stage,,dd4c9cf64ed591f94bcba03453468142defc82a7390ebf32699b3600d21b7bc4,,,158
candidate_row,EXT_E054,repair_stage,,b3afb76712cdbefbc73c8ac4bc9970694c4db6d1b52efdfb16364748092a9d97,,,159
candidate_row,EXT_E054,repair_stage,,38dd6f4740d92d1f216559914ca0a985a1db0f0597804a14b3767fe56c9bbe73,,,160
candidate_row,EXT_E055,repair_stage,,4703999a9d9ba4ce732f2a8aac47c75f2c46d008d165b3ea8d8b52ba8f0d3671,,,161
candidate_row,EXT_E055,repair_stage,,017d2d446bda1b738889b846ce69a8e8eeed805d727df0a7684bee23cb76e1cf,,,162
candidate_row,EXT_E055,repair_stage,,5b8c55651ed5a3a1d73b8010bde0841dda1f053ecaaff41660b028789df814cb,,,163
candidate_row,EXT_E057,repair_stage,,242f118c306db7685b9dc3e3e7b9190974346e94ed51f12f5b2683d585548750,,,164
candidate_row,EXT_E057,repair_stage,,ce7c9f4b0fdc5fc676dc337abca389f839feb2e26820c36e6dad8ea86470220c,,,165
candidate_row,EXT_E057,repair_stage,,94651f83fe9d16ce70750e9a2e5d638c19574c28318d6a33285a6b333edb46c6,,,166
candidate_row,EXT_E058,repair_stage,,75f6558574b9b20efb219a0811359f9f206bc0275beca6d50d27f40ffa3c1b7d,,,167
candidate_row,EXT_E058,repair_stage,,87f2eccd495325b2925e7d5e3abfe7745ec187da896963fb32114d5e264ad183,,,168
candidate_row,EXT_E058,repair_stage,,ad572d5e603eef2f1ed02533bc1d6f8a97e267c7b50291b42383d35598adf4cd,,,169
candidate_row,EXT_E059,repair_stage,,2e9978d4287d6f1a3945cf8406b0c710980f799d62c71b7ae5d93d7f96fda7e3,,,170
candidate_row,EXT_E059,repair_stage,,d79c1f1df480770d4aabac021d1c1eb4a8b71cec576a940b8152d711a84efb4a,,,171
candidate_row,EXT_E059,repair_stage,,a1f71583e54fcd06592618b9d94e397238503e93b55bafd1abbfdfa557bb71f6,,,172
candidate_row,EXT_E060,repair_stage,,0359c8e9b685c6d5d1be74025c0da6bec05955a3e3839cb27f412919321ff3b2,,,173
candidate_row,EXT_E060,repair_stage,,4e6429959ff0571036718de13a48faea78951c8b19d3d79934a43b0e409cebb6,,,174
candidate_row,EXT_E060,repair_stage,,95d0ead92bac339ebe7cf82246ce4053de373978aae13f723be8aab99037a0d4,,,175
candidate_row,EXT_E061,repair_stage,,d081b413aa0bd6eb4024785c1a969fc35b2a9c01bb27c6c3b9e94728eb282225,,,176
candidate_row,EXT_E061,repair_stage,,1f1f7a187a03128c83e84520e441c7bd8124d24558f60c5c71dc782e0eda4bb8,,,177
candidate_row,EXT_E061,repair_stage,,6dcfe5f40e0ed16f9a12c77e00385c64e1b26a81a4d3d3a8ff051511d9865954,,,178
candidate_row,EXT_E062,repair_stage,,fdbce34f075ca274aa22859e98a3a4d3336cf5d9165ec6413dd2f6f2ce189c84,,,179
candidate_row,EXT_E062,repair_stage,,c1874083efd82197598fe857c16322140684f6bf7da48979faa8eea2ff33cb1f,,,180
candidate_row,EXT_E062,repair_stage,,33b0097198e628700ae192c09c57a75847c4f2a39e6dbbfd8b4ab43402550e53,,,181
candidate_row,EXT_E063,repair_stage,,de9598de237755ac48ed4a5d09ca4244d14f5d57de721f665104729a81219a18,,,182
candidate_row,EXT_E063,repair_stage,,c9c9a023e8e0a655b464b41e2f268ef6984cee2b0bec3af22d2d5daf2d369c60,,,183
candidate_row,EXT_E063,repair_stage,,c9432cd0b9757795647d06fbaaf89d182ddb13d1879f62cf0823c5669b5d319c,,,184
candidate_row,EXT_E064,repair_stage,,2f9ee1283429bc1f3e9d7354f8037bfa2eb922cc5ef8ca509190a5cfd75be0c1,,,185
candidate_row,EXT_E064,repair_stage,,42e6b386059afb4e0123be14c2ba9c6c2b74a0bf9dfe8f882f6afa77b39262ad,,,186
candidate_row,EXT_E064,repair_stage,,57e4c637fbb93a3b921bf0f070eaf52c4f9b806f9a6fd65d03bba008a0295558,,,187
candidate_row,EXT_E065,repair_stage,,710b2b1f246e4a72f695c4b5073373510c5c6723f6d8ce1c2a361a147fd1fc9f,,,188
candidate_row,EXT_E065,repair_stage,,71c8efd003540d5abb7ccbd5bad1c488335cbeedc701e0620411748caed485af,,,189
candidate_row,EXT_E065,repair_stage,,89d5f6cd7b03926a7f2deaf79a5015381338c7170e70b4cfdac4c41d733a3d6e,,,190
candidate_row,EXT_E066,repair_stage,,405a934d968aca16206c8c60ffc38f4abc3ff181adce3284b3e0622240d3b595,,,191
candidate_row,EXT_E066,repair_stage,,06da7f41486c5c747f5dab554411529064121f9a147efef1c718cc17d5a37aaa,,,192
candidate_row,EXT_E066,repair_stage,,bca04d9d988d88e46cced23ded5cc5354b0919f3e68ac84b3a6be1d42f6b0af1,,,193
candidate_row,EXT_E067,repair_stage,,38d375a0932a7f37dc0cb6f90e5d72665aad05182e15c8311a43355847b7a0b7,,,194
candidate_row,EXT_E067,repair_stage,,0955840f561f3938fc4c91b596f170c5f0df5e0f5a7a2ff04edbbf8a970ce382,,,195
candidate_row,EXT_E067,repair_stage,,08aa05c746462d52433bc3e546d26d186ca65c8723354e5dcb6950c33342578e,,,196
candidate_row,EXT_E068,repair_stage,,b157d4b5ffec0a58ea9269ff3951c7c2ee4357416fca67d25abea4c58f629379,,,197
candidate_row,EXT_E068,repair_stage,,b0126dbb5348fd070ab438481c9f9bb06fb841c039150c7766597f73e2d44289,,,198
candidate_row,EXT_E068,repair_stage,,2d22f2d2a92af032c6025a49f323ba3424e3a15aed8b037dc9e01c306d2515ce,,,199
candidate_row,EXT_E069,repair_stage,,2bf9506dce960c447b4db2f121c0cc4663e7baf0e04b5d101412de60bdb28708,,,200
candidate_row,EXT_E069,repair_stage,,fea2c02c2c488293db98911270377e62a20fb9c5c269b3f28e76afa2a576a64c,,,201
candidate_row,EXT_E069,repair_stage,,93d71bb5fb2b4524be1eb2a67b84d29e566919427284bb7a1f594b3160114f32,,,202
candidate_row,EXT_E070,repair_stage,,060c481d9192ee3cdee7ad2039f8650f6cc00748454201e306dc6ba10a9e7a8d,,,203
candidate_row,EXT_E070,repair_stage,,8b344bb3191cdcd13ffc9e415b6b0b7c0101d3ba0ec4bff94f8c8e611c1583f6,,,204
candidate_row,EXT_E070,repair_stage,,076adc4f6adb985348fb26730efbd13bb29146292531d6534d698320a7970393,,,205
candidate_row,EXT_E071,repair_stage,,07a0eb076580ab8a94253bbc29b1b3f96a7b474dad8479a2cdc4df3bee585138,,,206
candidate_row,EXT_E071,repair_stage,,c268aefe80cc9f9661a72480cde9cab28ecfad515b0cc342e59f080847b29b6d,,,207
candidate_row,EXT_E071,repair_stage,,87ba38e9d21594727fe6c442c95db59ca790416714cb5d582e1b5aa7c112265b,,,208
candidate_row,EXT_E072,repair_stage,,e4df349d65e0c2dba14f38ed52a56123d91443cc8b7e664b88d00fdf64028923,,,209
candidate_row,EXT_E072,repair_stage,,5bd148018abb6bbef368492f5a14cb75b2a896215b153240c1c3cbc150daa6f9,,,210
candidate_row,EXT_E072,repair_stage,,5fcb1e4362f5e59928f0bd7e077104d055cfcaa59d1326e1ac891018c2412954,,,211
candidate_row,EXT_E073,repair_stage,,bdd0ba9651ffa1eb824d3c14949ded6fd5c9e4538bfa481d4128cfe01ff59d12,,,212
candidate_row,EXT_E073,repair_stage,,1753f692dbf75e6af55285daaa7ed013d2b3d424e912356b0fdec7f0ab4a5feb,,,213
candidate_row,EXT_E073,repair_stage,,d9f05a624e0777e76830996b60016e039a2abf9bfce6a0bb9ae594c8ee536594,,,214
candidate_row,EXT_E074,repair_stage,,6427a7140553b9fea104204afd0e75ef5aa1c5033d967054f7bbde15f4f4a074,,,215
candidate_row,EXT_E074,repair_stage,,a12df92f0a3e24d8471196d0d05f21ea9d486e0ad5d723a98e3256f49cbeb906,,,216
candidate_row,EXT_E074,repair_stage,,60a7da63d33e83aac0fb96d27c835d632aa22531ca44fd4bd3c4ece38f5faceb,,,217
candidate_row,EXT_E075,repair_stage,,2025bf563adc6aac27b1b1cae5a40e2af91680b4355546def8ad7d098e011ef8,,,218
candidate_row,EXT_E075,repair_stage,,ffe69b8f138c85ff0f97f1d3f86ccd275ccab14004bb64f137d2383a975082dd,,,219
candidate_row,EXT_E075,repair_stage,,a048537086fd552690981362fb9a6fd7934b666c96a650f5870adb2d2b83aa90,,,220
candidate_row,EXT_E076,repair_stage,,4a14b5bedfdca766d930ecc84aff3eeaadd09ac0a8ac4811fb476dfe142762d2,,,221
candidate_row,EXT_E076,repair_stage,,6bdf75bf6d65495b5fddcf910d53ed3b4a9333aa22cc32ea0ff6d60fc52d8a8b,,,222
candidate_row,EXT_E076,repair_stage,,3231fdb566ca17636a11d048b26a1e3d08a3e761d581ec4a3a5bbba3868b8a70,,,223
candidate_row,EXT_E077,repair_stage,,bf484ebcd27640ae00aafaff05fa47113648d05646d940407bd99cc848bd9b1d,,,224
candidate_row,EXT_E077,repair_stage,,1b30da05fc10fc763097dcebbaab31536d00a0ec5fe5c4065b7a6c26a125bfd6,,,225
candidate_row,EXT_E077,repair_stage,,7e6e70bd25221794b7eead19b9c4e50517216359a4871825e09cdbcf0d8fc77c,,,226
candidate_row,EXT_E078,repair_stage,,d4bc05d9e52f83bba8683b1b8efa2600e0e03d4cf31a41ed95805f6a27abe513,,,227
candidate_row,EXT_E078,repair_stage,,1638744fb0aa0343d8ff3d1879cda25b0324395a6fa3abc538463fc5aeb02127,,,228
candidate_row,EXT_E078,repair_stage,,4d197f3cc6e8ce54f69774f27f6c633ed03ad2358e29bc45787b6a0714b31c29,,,229
candidate_row,EXT_E079,repair_stage,,13078e0fdc9ea14542e49cd843022cfd6f3d51f369a6557b4189d812bbbb045d,,,230
candidate_row,EXT_E079,repair_stage,,333c2d65562436b408d8e050039fd30495eb2075d43508f65729e68daf267679,,,231
candidate_row,EXT_E079,repair_stage,,857dc09e8d5c9ba9d1ff4936f0b0f09e70f25b70989e7c778a2bd1cad00f7161,,,232
candidate_row,EXT_E080,repair_stage,,5021440e33e9173745ec0041fd95d52411b7305cb994446281a2c111dbbad3e0,,,233
candidate_row,EXT_E080,repair_stage,,c3fa9231c7f3abd28d16979017dc3990349bb80a57144c988beceaeb6c41b298,,,234
candidate_row,EXT_E080,repair_stage,,1fc07b98b6ccbbc6105ea1a9253384ce508a00a4d7981b769f5dbd11c72625a6,,,235
candidate_row,EXT_E081,repair_stage,,1713628f33c78a7e4f7738a641b33fd95397374e5d860a7df0aec788bea44aee,,,236
candidate_row,EXT_E081,repair_stage,,d890eaa9cd0c943f75f96d024734b54ff8b4e0b8c6e30974e3737193b4001a93,,,237
candidate_row,EXT_E081,repair_stage,,9b72c7e8e5268af544d2e5a4ee680b87c47fa2bd3c38439ebc037f19a4aa4077,,,238
candidate_row,EXT_E082,repair_stage,,cac180cc6e733b1afd18eee40e74047cf426687072c32e25eea9c2a979abeedf,,,239
candidate_row,EXT_E082,repair_stage,,a387d1f2006922896f81b10770fcb357616ae2d5738d8d89b2238e98993933db,,,240
candidate_row,EXT_E082,repair_stage,,d2726f85b50f72ff0330aa8ea0849791bb5060fdcfbfa2f8c15207729984d024,,,241
candidate_row,EXT_E083,repair_stage,,5951ed6f48897a85ba0554446d9adc821ec66e16c4fb8d3313144ab65ca3e0d3,,,242
candidate_row,EXT_E083,repair_stage,,42418b6e04b64060f8d74f8c1dfc87de179ac2af3dcdb5e4b28afdd506eb469f,,,243
candidate_row,EXT_E083,repair_stage,,bf4f82e7c2d4007ece546e22cc32e92acb5e0b6ca90065df930faf8169c549c5,,,244
candidate_row,EXT_E084,repair_stage,,beeb63f8026cb5e98f1c27577481e549e6b5a4864eb320fcc1464095272add82,,,245
candidate_row,EXT_E084,repair_stage,,b78a4e25195e748ccc042bab0f763834bfa2ae27c1a8043b4f52992b17fc95e8,,,246
candidate_row,EXT_E084,repair_stage,,97d648007cebbb9221b49980cc354211a69fd60e421489695526700bff05fea3,,,247
candidate_row,EXT_E085,repair_stage,,fc96ec276e1ecd4420f7d1b8820678db66e8411a3b89bcb4a193250e18b2e811,,,248
candidate_row,EXT_E085,repair_stage,,29f0af836af7ca7a68c1e05793a4144f5dc64c8c6a2dee4233c8edc4ed859843,,,249
candidate_row,EXT_E085,repair_stage,,de1719302ffd390293eb9959c403eac79d05b085c57349bed1e6e2061a0ff37d,,,250
candidate_row,EXT_E086,repair_stage,,2dcf6951ed0aae42b54456def97411600d14de5d26512a8e8bacb722968f7667,,,251
candidate_row,EXT_E086,repair_stage,,59ac0eb5b72f0839b795792d02ad8559e76f95e60235849a487cfddca736b85c,,,252
candidate_row,EXT_E086,repair_stage,,49c4e38dd64ed6f595de556e266303cf70f71cc3384438973ef0d6e1173e4476,,,253
candidate_row,EXT_E087,repair_stage,,5c4f07bc7e88f422933cbbd9a4ed315d9768ffd9d185d24814c29fac0f1c1132,,,254
candidate_row,EXT_E087,repair_stage,,ec47e459b0979ab5fd3455a5471ee897f73a367edc66f59b473a678ec3f7f5d8,,,255
candidate_row,EXT_E087,repair_stage,,08e871bf7f0c8ff345ec91ae49466b171e5307e18e2f0a7c79cffddc1337411f,,,256
candidate_row,EXT_E088,repair_stage,,8bcb8f5a8a3a6290184ae8061a9eeb62601e9f6ae876c9de492409684c97ec65,,,257
candidate_row,EXT_E088,repair_stage,,35391962f236be899c24ec17e0d2287ae0b40d1321c0e857a572f0d6b516c43a,,,258
candidate_row,EXT_E088,repair_stage,,4a9a1afdb276119a875038f525140722516e97601f8beb1ba88772db9cb02d0a,,,259
candidate_row,EXT_E089,repair_stage,,92edc7fc2b384494f260ddc638d4eed75ac234f1a214e251a00338d3dc0e1a8a,,,260
candidate_row,EXT_E089,repair_stage,,741935a7cd3ac264053399b2b620e9e68b3eca984ec69aac8b4de4d17b224377,,,261
candidate_row,EXT_E089,repair_stage,,28f8ad85c544f4aa1b0f1147c80ca7a9302f75e8e576b55bdedd906b11197b48,,,262
candidate_row,EXT_E090,repair_stage,,7bc12b80a0d368dc068b5565bf5286b7e3a4c052bd46cd6cd4651b4ddb0420e5,,,263
candidate_row,EXT_E090,repair_stage,,21103450db66ceffa4bddeb41a99b78bfd9ab5433e248150f78143734cdffa92,,,264
candidate_row,EXT_E090,repair_stage,,0c1a94bea30e396ed92bafa5a801f5bf5fe2dd8396c26490daaa3e808a4aed86,,,265
candidate_row,EXT_E091,repair_stage,,85627ec58be40471b87fe5975a2a380589cc8a99057d24cee6000348e9a72025,,,266
candidate_row,EXT_E091,repair_stage,,bbd7f5c9f1a27919dc629f20495f0356da005a61e00795ab0b936d3f34d06c44,,,267
candidate_row,EXT_E091,repair_stage,,005cb5d7ec581c5d4a68c3e4477d456dcf376addb202c3f2bad676819c1bf71f,,,268
candidate_row,EXT_E092,repair_stage,,63486a41dcfd427f21b5bbba42958782688c99cceef1e01dba9d045c826e34c3,,,269
candidate_row,EXT_E092,repair_stage,,9a0d1d3c99ada10a20ccac72dac3f5dfc6220322b74b197b1280c8e3acf84712,,,270
candidate_row,EXT_E092,repair_stage,,39ae1cf1a8bb49e6f876b42effa09d7f93d677fb4a7be1182c84d74f78ceacce,,,271
candidate_row,EXT_E093,repair_stage,,7da28c123d015180bd5220cf04366606e220387b56b7855fa6af49e8afb593dd,,,272
candidate_row,EXT_E093,repair_stage,,7acd97697df4dec0b212f5c3a5e32f877712c2c6d49018ffac8a2ae9cfd34fd6,,,273
candidate_row,EXT_E093,repair_stage,,e33fac377a5d6146f2e0411887e573506323b2c8f0f28171be2ec9f79e81236b,,,274
candidate_row,EXT_E094,repair_stage,,95e0198d2ebc20874b4bf5925efc2b4f913a61bfa232f7bb59d5352202c5d4e7,,,275
candidate_row,EXT_E094,repair_stage,,1cb115731ddf6601c2b457ed829c4d67316a85a16f758f9c70f62ce9614d3870,,,276
candidate_row,EXT_E094,repair_stage,,328c8166a8e9fbd46e8139c5e198b7baa3b7aff1b55e0d853772bdfb4bb9bc85,,,277
candidate_row,EXT_E095,repair_stage,,5b01c4a562edf2ac081cda064a89c349a755507a275fecd67ae6b88fbdbf3ca9,,,278
candidate_row,EXT_E095,repair_stage,,fe554861b77e4de220fe16e2633c05c2b3438ff3c231e6c1e58d33e4bb211f71,,,279
candidate_row,EXT_E095,repair_stage,,08e2e9891c7bf0d710c8506309c08f784c410938c049570369980b1420752d1d,,,280
candidate_row,EXT_E096,repair_stage,,6595e3ade709f66de6fef5dc597c16e9e586981afdb7a839ba133cfeb8bdf3e8,,,281
candidate_row,EXT_E096,repair_stage,,6e9aac4a754195c249752c9f652c3ec6a1ffc4b07b399eceacbe11a2d7f71fc1,,,282
candidate_row,EXT_E096,repair_stage,,efda1dfcff197f043f31b26f7e34f29a320f894823f2a160527c22b8bba87fb2,,,283
candidate_row,EXT_E097,repair_stage,,848caa6c037a6ba4c8def22a9b8ba7c6b0fef5b5de2c4686e93ead5cc14dc9e3,,,284
candidate_row,EXT_E097,repair_stage,,d92216d99f15ea4352539bf3cd373c8b8f3c488c7d859cf97bb4988ae68a80fb,,,285
candidate_row,EXT_E097,repair_stage,,f81960df005f5af5fa2ac1064088d95893b983a1042e08e6ddd614eed5ac0567,,,286
candidate_row,EXT_E098,repair_stage,,76d30c5ca4fd319a8d5ea8ddff7641d2aaa83c76ca5d05f63d494ecbf888d0c7,,,287
candidate_row,EXT_E098,repair_stage,,163e6361e0e20038a73d894660149130013a8e892f81a41361c19811fa1c8577,,,288
candidate_row,EXT_E098,repair_stage,,4e5c53d46a5519d2e6cabbd89e1b9f4523595e2e1da0a438667ec4de446951df,,,289
candidate_row,EXT_E099,repair_stage,,5c4dd12aeb100936387e1d269cc48ae5500feb8b4617bea52d95c7c478641d52,,,290
candidate_row,EXT_E099,repair_stage,,318d1e7f57163fea697a5df6efd8f868245eb2e1dc62e808213650208aff5a88,,,291
candidate_row,EXT_E099,repair_stage,,feef92470a2889b1aa0b9c9d50ec241f15f902007dc567ae6fb42e3defa63679,,,292
candidate_row,EXT_E100,repair_stage,,4f12e03528696711c6660b219f20d4cbbb179192f178de20060041d0a6f09d4f,,,293
candidate_row,EXT_E100,repair_stage,,a98834bb10d12c7d1b4c911504095854b9f010b73a184b54e79bcb5c79d14549,,,294
candidate_row,EXT_E100,repair_stage,,f737183ed941b34024adb2dacf2d04dde7298c7cdb06dacfb9d36e325114b456,,,295
candidate_row,EXT_E101,repair_stage,,2f14b108b99ead86528b8de11edccb82cd77d754391c20748cc9d5b9ea7bd2e2,,,296
candidate_row,EXT_E101,repair_stage,,3fa9fef47b43807f97f387a14abeb5862fa9f5265cc3e82c33c65a6ebcc00b0b,,,297
candidate_row,EXT_E101,repair_stage,,9db0c3bf0757dd3c6e55d27c623c5b96e18620ecf6bb33b6c3b86caebe082ce4,,,298
candidate_row,EXT_E102,repair_stage,,d6c72183f02e444fa7112673cd4d9518da2c06d4f17e38713a8b6c034daa5648,,,299
candidate_row,EXT_E102,repair_stage,,fa1422f25e42944908d03a16e5732a738b0549a3067e482ca31a4892d8ea2d82,,,300
candidate_row,EXT_E102,repair_stage,,684925bacf8919c800df706a9c76c77ceeb5cde402a9f02c0db0b572055fff45,,,301
candidate_row,EXT_E103,repair_stage,,582dd105b6bc66eaedf54fd083b498d3c7486f9e3fd135e7215af5af2f0bcd0e,,,302
candidate_row,EXT_E103,repair_stage,,6ae666e30204985130cfc2650abf17e91b7cf0618ee1fe664ef349f7fd89020a,,,303
candidate_row,EXT_E103,repair_stage,,9e6ff1723070160d3ec6197d278ab3b50ac9941dfc6c35443ae2265515b669a9,,,304
candidate_row,EXT_E104,repair_stage,,a820b3b424085ba6099076eea7c8798b9bbca05b7807e8f6c98cf27c179aca61,,,305
candidate_row,EXT_E104,repair_stage,,004440a31048baad8761ab5224026da42452fa3453f881f0c19e86de6371e56c,,,306
candidate_row,EXT_E104,repair_stage,,630b5724afa47dd59ee2e6bcef7a960e18a13ab315394911f122c6fd7c53ce43,,,307
candidate_row,EXT_E105,repair_stage,,f1faabdff98fd750b987a841f9e7a74137a8380e254da3b95f16d04df47af28a,,,308
candidate_row,EXT_E105,repair_stage,,4a661bac31de3ce0888ef41a661f0b660b88c7af5b69106258cd7fe982746e33,,,309
candidate_row,EXT_E105,repair_stage,,e8e59537b508157a0fe64ccd69649802957030dbc3028d90d6e8e3387bfbf060,,,310
candidate_row,EXT_E106,repair_stage,,1ad978add6d83d63e39b89931665fbca3f4517d17cf06c328b1b17d3f7f2f8a1,,,311
candidate_row,EXT_E106,repair_stage,,0758b8733e4171d1b49d96579f725c8d2731f8b1eab055001343b205e6eaf16f,,,312
candidate_row,EXT_E106,repair_stage,,3646cd76b71b1aa50719a2a339bde90163ddca0ff7f2ae36d6c49ea26349f28e,,,313
candidate_row,EXT_E107,repair_stage,,f8d02515ea2123f8a5021d4efaea75dfff3d67739c0e8f02d72f83c63e66112b,,,314
candidate_row,EXT_E107,repair_stage,,41f2845b64fc5d07ee5c4e95db94fd780a6aaf7acaf5bf81ce6b130af1899192,,,315
candidate_row,EXT_E107,repair_stage,,d68457d87b71760a87ddcc69fc8c8c3985ca1f1c95c8e5ccb7372657baad5531,,,316
candidate_row,EXT_E108,repair_stage,,db487a95ff7ec72cdb3eac2b495b020a8531c1ca31e93ec153636461f01f6486,,,317
candidate_row,EXT_E108,repair_stage,,48ba191e6c9491b9d0e6f3ec0e4bc264ae51321788d3b8697913685ed0652835,,,318
candidate_row,EXT_E108,repair_stage,,b9d361afbe22e7b50eff534ca8c92f5ab4b6fac85d152285634d663572d072de,,,319
candidate_row,EXT_E109,repair_stage,,231f55353df16cc47c68636924b05a297d8595c12fbed548dd7239b8ccb134a5,,,320
candidate_row,EXT_E109,repair_stage,,bc5e771c596e8b6bdd0c76a3080a8c7e97cc24d9378a7252af228224b13b47ba,,,321
candidate_row,EXT_E109,repair_stage,,b42051a26fdc7393225c1c8383885a55179b77237bd70225354f783109c92067,,,322
candidate_row,EXT_E110,repair_stage,,0cd0261ffd4e97078f6143e2b50bf1965715c9fcc9fe50afbff9a560ddcd5116,,,323
candidate_row,EXT_E110,repair_stage,,c3c28708f7d6ab397b4c32fe1905f1a2c89603244fa5ae3ef7c18df8d641da37,,,324
candidate_row,EXT_E110,repair_stage,,c21606fdd12b3b28b2e35240b9f2ba905c1b45416dcd40197aa01d7747b8af72,,,325
candidate_row,EXT_E111,repair_stage,,4ebcd36d48f46d2558b918de3174164b3ddadf73e51bb30de737258de523a150,,,326
candidate_row,EXT_E111,repair_stage,,e43622e39be984e4b4b9ecbcccce74658523074f7ff4364ed452f0786ade11e4,,,327
candidate_row,EXT_E111,repair_stage,,91884b770769ddc72b36f08842f7d4c86609495fb4705a24c3476cffacce8222,,,328
candidate_row,EXT_E112,repair_stage,,2394f9cb0f9bc94dd4c6dc342cdc2ca64f963e1e62f834e97e441fb2ad92f430,,,329
candidate_row,EXT_E112,repair_stage,,4eb6a5e3d411618c761cc38481629500a979e477e06a59f9b1431260b65238ea,,,330
candidate_row,EXT_E112,repair_stage,,70d480a3cffdd1ffe4fc523c2a0869f805dad52972631f6c79153cb561dc537c,,,331
candidate_row,EXT_E113,repair_stage,,fe8f9fd26542eb88ba485a2d1df3f66a6be36b3c667bd4dd269639b1fc242dd7,,,332
candidate_row,EXT_E113,repair_stage,,29bcf025508613aa75f502f7ff6e06b4067e14e5186ae4627e15809e479c45bb,,,333
candidate_row,EXT_E113,repair_stage,,df28844a82b000f72fa3e446dbe4f4384b3833734d7ebb7597cf4b3de1c65499,,,334
candidate_row,EXT_E114,repair_stage,,7369ea4147aad51b583df55709d9a52bab5c64dfca73734f1d2c68a3d036efb2,,,335
candidate_row,EXT_E114,repair_stage,,258dab22010ed62cad36172e32e1f2412cd6b6afd9ef5a6b1628d644e53e67d5,,,336
candidate_row,EXT_E114,repair_stage,,3bbcca58d831a7b023b20551ffdd2a2d43a60de8007a73b8eba1ae20171dfb3d,,,337
candidate_row,EXT_E115,repair_stage,,7f3759b514ecf7554b8e3f7c8e5f39dde348977a361ac57310522ac1dc3603a6,,,338
candidate_row,EXT_E115,repair_stage,,99ef9d63da174db4cc02527bec44c2156872fe77bbf6e6267c7b6f4fe6d54b9c,,,339
candidate_row,EXT_E115,repair_stage,,9ec42a1dc5a8aeb51541ab5689eaedc237335fad9de0bc693f1b94cd3ad99687,,,340
candidate_row,EXT_E116,repair_stage,,5f0b49f389d39774fe546ced3bc11281fec633e93852c8265e1f20ff211cae6e,,,341
candidate_row,EXT_E116,repair_stage,,b2c3918da41688d053e611af98c55216c4cb852bf64b426dc60d6c3aa3d7bb30,,,342
candidate_row,EXT_E116,repair_stage,,f93a0699e8d5daa8648a60122f4c01ba61354ff89f55264dc17ba89b974c258c,,,343
candidate_row,EXT_E117,repair_stage,,fc755d54e82f79ca77e21f0432c08a86091031a1cf256ac3355999221f1702d4,,,344
candidate_row,EXT_E117,repair_stage,,7f5840347f3c00bbcd2681bc1657bdf1018417d5e1193a6c4a4be19f52a5b3fa,,,345
candidate_row,EXT_E117,repair_stage,,a227dc0f92c0dd2be49b04936a92dc19dd480f9d4e2a0611fb24087da4ddecb3,,,346
candidate_row,EXT_E118,repair_stage,,3c83dd46ccc990d5fe0d9e08aa6c6588e9069592d5a01d9945d60665d5862a78,,,347
candidate_row,EXT_E118,repair_stage,,0de7e7288bfe57c2522ceedc70b464d3a58987ca164a0a7403d4f0c8dd6a0941,,,348
candidate_row,EXT_E118,repair_stage,,a255125c454c74cf7127c9934e9f3df1764e6d121fbc76f241c040a463d39190,,,349
candidate_row,EXT_E119,repair_stage,,de4181cfe148ae1b27483f148f19c3c89e1b8d438b33b4ee202cc5c162598633,,,350
candidate_row,EXT_E119,repair_stage,,2b6d3380d50a072d42d08c5a514b779c7035428bd5b2c336db9d147f70940504,,,351
candidate_row,EXT_E119,repair_stage,,fe916d856263ff2654c0658c836f5e2beed1f102decd39a6d139a1ea46f93625,,,352
candidate_row,EXT_E120,repair_stage,,d2ca8f2a4d0b8de62e56dd82111d9582f491f0767adfdf146cd2a76526a3f348,,,353
candidate_row,EXT_E120,repair_stage,,6336be86ad8b129dd3aea70d01d4940b79eeb7a1b0037036743a1cc45571e9a6,,,354
candidate_row,EXT_E120,repair_stage,,b5a239c0bdbeba178448668dd7c7873672deecd77f01c22fd83da5dd16eaef07,,,355
candidate_row,EXT_E121,repair_stage,,acb077253d1444bd347523a4b30299e7756224ec76db5cf85d7723442bf0cd85,,,356
candidate_row,EXT_E121,repair_stage,,16e9fb4f09d3c5f7452c064786f308901f47972c70d7e610b2db8487c461d28d,,,357
candidate_row,EXT_E121,repair_stage,,ef97f3f6eae097d71b6a96554f56cc0efd36ba7608fc601c53a20e8069441f96,,,358
candidate_row,EXT_E122,repair_stage,,6807763e6bff3fbaf689f3c4435cb338617f5ff493fddb54f47a0b019c9a1e54,,,359
candidate_row,EXT_E122,repair_stage,,c1a38cde4148dd61aee5afc1cdc57e0e68d7657f9259e1479751f0889c324eba,,,360
candidate_row,EXT_E122,repair_stage,,c426cc52e98ea829f74cb65f6b0c500bda338f0ecfda199a1f677c5b7eeff0b3,,,361
candidate_row,EXT_E123,repair_stage,,26f6067aeba292a1128e3db2e812e6de55d6fa9fcd018cf7351f1e8521bef5c4,,,362
candidate_row,EXT_E123,repair_stage,,9fdf29f2b6b80e6f1f25eec1d1f8bbf41f385bdc61d37349718758934ad7f104,,,363
candidate_row,EXT_E123,repair_stage,,facab21671c91cb20c83b3e53412ab5d748fcc3351c3dea95e3438921cc5771d,,,364
candidate_row,EXT_E124,repair_stage,,c83e585accb5ebdd5d6b42cde3bd5b7b09848e229eef8c60726d6058c038a917,,,365
candidate_row,EXT_E124,repair_stage,,ad14aa185877b32ffb0141d749429f5daabb5faa0078e66ac356be80e2e3781e,,,366
candidate_row,EXT_E124,repair_stage,,9409828bc237061996cc59c809fb2867d8cf6ce5d669bff2e6ba38e32ace18ab,,,367
candidate_row,EXT_E125,repair_stage,,cabce6eda64c966ec8104c65aeb94c17e59fe9c93fada2521f667f200d169026,,,368
candidate_row,EXT_E125,repair_stage,,836a58aae2b3c5cc41e8b04991064a8c65e8f8c8569835b818334e59b1842e18,,,369
candidate_row,EXT_E125,repair_stage,,6267fbb3dfde140a8b6ede5d1b81a449cc6c83ce72785b05c10ce757ab63b3aa,,,370
candidate_row,EXT_E126,repair_stage,,380d63e18262b03879e1e691bed2f284c00c9b83352a05d7d14b072da70e0b4d,,,371
candidate_row,EXT_E126,repair_stage,,6919aaa68fc21ac2b85aff627433043578d396f1d8a58e27b801b5553633328d,,,372
candidate_row,EXT_E126,repair_stage,,e4413453a7602aedf1d26ec8994d35ce5583a90ac003cd34ed3c28ae58b41255,,,373
candidate_row,EXT_E127,repair_stage,,fb79d4fef8dec6999eb77e2babdc075f726183441854b6663590481297cc2f6f,,,374
candidate_row,EXT_E127,repair_stage,,9f0222f728d43aa0422b9f343471c7f7b49b61d5413661f4a8f125168f468c1c,,,375
candidate_row,EXT_E127,repair_stage,,c17ee05a1e7cb6f6c1bf4e5335f506582ef7d1e889f51bf42d7de391bc0052f2,,,376
candidate_row,EXT_E128,repair_stage,,1a90f54fcc869beec792a821ace5780a4c444aab0a3a2a43c6b71c429c373983,,,377
candidate_row,EXT_E128,repair_stage,,c71681950164463665aedb70900b4f3e19fcca353c13cd671c32e1e3ecb3e483,,,378
candidate_row,EXT_E128,repair_stage,,04cc7f8f46793d6a61fabe0bae4fd53703b032c37584b2d67320dab8f629e367,,,379
candidate_row,EXT_E129,repair_stage,,060014002410c590e6f3fd99c3541cc284ca30aef1cb39f021f940fbdb71f1b0,,,380
candidate_row,EXT_E129,repair_stage,,ece886caa396d9147f841a5e9077aa5ad6664e45da4edc3ff18532e88089f0c5,,,381
candidate_row,EXT_E129,repair_stage,,6ab7013f99d961ea77d975be0e38b2eb00b7dd38aef9c7856dd732ec1ebc12ed,,,382
candidate_row,EXT_E130,repair_stage,,6fd6e49ec4a6b5d9af09231484f953ff6344abb17e6046a2790641d8c6b675b7,,,383
candidate_row,EXT_E130,repair_stage,,92da78850a855afc9675d51961c5ff3fb13de5a21f7436a8c7e7ae7264600e94,,,384
candidate_row,EXT_E130,repair_stage,,016967108a4db1cb9b5e03ce60b5c49eb44e31826460794c8b2b8ee92295b5de,,,385
candidate_row,EXT_E131,repair_stage,,6411e54c0f5343df7ab48e5327ad946cb6d74c52f18d3699325be1dac215baaf,,,386
candidate_row,EXT_E131,repair_stage,,0c893d49284cef63c758711593c9dd882d865660ef5088b7a29d129d54f39568,,,387
candidate_row,EXT_E131,repair_stage,,f18ae226aa89e76a0cf536e2f2a3399b6836dd418aa71acc5925a64c6c3e70e3,,,388
candidate_row,EXT_E132,repair_stage,,53a1bd4bc6dc881cb0c3ab92f96fb449a9e9cd9c81cc49c882eeee82704e6a9e,,,389
candidate_row,EXT_E132,repair_stage,,01aa4829161345e72b8b720991e906a2aaa1eb6f71bd9ab4bc4aa06c2ee56f44,,,390
candidate_row,EXT_E132,repair_stage,,de1d1493ab1dc677a9b774e8489bb3d5d8cfa04257cd8a46011f407896c24d65,,,391
candidate_row,EXT_E133,repair_stage,,2a399353e4dff21f479b08d0e31452a25e8cb2659b92107e10f283ef3f4e7adf,,,392
candidate_row,EXT_E133,repair_stage,,87e501ab9ebaebcc1a095706af77df9f096c2f355339fc9b13782e4e53d92112,,,393
candidate_row,EXT_E133,repair_stage,,91d8f538a06551051177964a2b9d18e0a27a4f36cac3f5546b8f7a8e56e4d618,,,394
candidate_row,EXT_E134,repair_stage,,6600d2c9c1bb0d265b85c7115e59f39d6184dafb94d5af118084a94ce50b709f,,,395
candidate_row,EXT_E134,repair_stage,,ccdeda626b3c7096f54cb52521057c4bb786cfdc8e357fb19d3d3437c342de1d,,,396
candidate_row,EXT_E134,repair_stage,,754c6716168160b4e49c3f16040ff798c95051cd0c26c8de90755bb9af305560,,,397
candidate_row,EXT_E136,repair_stage,,8d8909d3c83b777da2878766b1a9a9cfd1eca5d4977a9044feecc54aacbfadfe,,,398
candidate_row,EXT_E136,repair_stage,,e2f867a52dd10f52241d8948f720b25658a9d47a83cbbc669c26ef74bc261d86,,,399
candidate_row,EXT_E136,repair_stage,,a39a587040c7430e514bc32fe650db2109bf40a2518a66bd73b7d4108b9ef0ef,,,400
candidate_row,EXT_E137,repair_stage,,e6dd9d76971b8e02a0660a735cd6cbd9966a3da56b31cc1b2b827cf821ad3f88,,,401
candidate_row,EXT_E137,repair_stage,,4c4f4ed6d19f479dc0b2b974429584a9b341bda0e04633e98da2e2bd2ab4f171,,,402
candidate_row,EXT_E137,repair_stage,,4a353eb5ec75db706bbc94d5387dba21a65281764ce0582852212309117cb97d,,,403
candidate_row,EXT_E139,repair_stage,,84235b55f923839ac320919da65b2804acaef19acb63d9d75b12d1f468aef861,,,404
candidate_row,EXT_E139,repair_stage,,4c505c77613bcd3d04799094ac6ea9b5cf8a5e234e1d9df14b8fc1f5593e6d05,,,405
candidate_row,EXT_E139,repair_stage,,fce9f009a711432564e5d1d45731310a76bffec1b5a0569df13bb7bdc7143187,,,406
candidate_row,EXT_E140,repair_stage,,f85ef5ed00ca1c457ffea8214ab28499363aa316df27ef3e42e3bc3c91e453e5,,,407
candidate_row,EXT_E140,repair_stage,,fcefc731a82d1d82c725ee3635530bdbc241bc32309484cc13d512325bebd807,,,408
candidate_row,EXT_E140,repair_stage,,e688462edfc59296cbc20e49d6224594f19ee30ebc274d5b54929f796ddf69d6,,,409
candidate_row,EXT_E141,repair_stage,,19e08209217b37255e8b93a8d9cf38d8a18af248300ba34565f5ee9ad3438768,,,410
candidate_row,EXT_E141,repair_stage,,86430003dd10de3de5c4b5b39f02f02e015236be89f37eeeb8fcedbbc64ad48e,,,411
candidate_row,EXT_E141,repair_stage,,145a71d32687a839088272ceb633582d7a0547c3c30cf94075123ba68cd5b095,,,412
candidate_row,EXT_E142,repair_stage,,f735cf7174c4bb4418e1c67c97fdf369eb42fe0e2381c358c1844efb7369be36,,,413
candidate_row,EXT_E142,repair_stage,,909d97fbd8d62551668fb1a893e33f78c114e95217e0ce986188f840f2fe1668,,,414
candidate_row,EXT_E142,repair_stage,,cc475864728e665a7303f1a84910f55094db52dcc7dd996ab3d48237ecf6b6d7,,,415
candidate_row,EXT_E144,repair_stage,,6262d414feea83031a1da1b33f76831d2523c563b22d9b5e04c526f4362c75f1,,,416
candidate_row,EXT_E144,repair_stage,,ab1a980d93ebb14dd65990f20b4c6c814a0a014d4369e7af211281b6021eeee6,,,417
candidate_row,EXT_E144,repair_stage,,0d928596137f9cd67a557f301e5148bdb69f4e2b7b762caf55bf6beb88526283,,,418
candidate_row,EXT_E145,repair_stage,,8ce87f5e902f03b2950ef83e59bf6fc4df1beb17a1802815ffec5d0040ac725a,,,419
candidate_row,EXT_E145,repair_stage,,1f6b7ab2f93f339bcfbe686967185048ed7f8f38fb6c9c3d66ad183db5f4c3ad,,,420
candidate_row,EXT_E145,repair_stage,,e156f9ae5162782c2378c52ba89da38a135aaac5a59c10cf2577ed429dcc4c1c,,,421
candidate_row,EXT_E146,repair_stage,,425be6b29daa39fd25c1eee81b42571e0c04cacb2169f188dfa1de1114a82352,,,422
candidate_row,EXT_E146,repair_stage,,7594edd9492ce5690f6fbe0b690256e81f8b2ede94113edcadf57672eb7708a9,,,423
candidate_row,EXT_E146,repair_stage,,c06155e35f8da00e0e76f2acf078cc6c847ee569d4e6573a92a7203b93501a9d,,,424
candidate_row,EXT_E147,repair_stage,,bf213dd2ea82a3b6776fda4affca8677d1ff4941d67592c6c1fdc58c4619085d,,,425
candidate_row,EXT_E147,repair_stage,,41dbdb0b0eeaf72f032683d4622f681fdf92e94821ff21c51dcb071af242f275,,,426
candidate_row,EXT_E147,repair_stage,,9f7f89a7c46985d6649e31952ba6aeb1e156e17d76e8d73783272ab396de22b9,,,427
candidate_row,EXT_E148,repair_stage,,818173c6ae4a740af5074bbd2c955ccfce8c068ea3203ecfa101f930ffe76ef5,,,428
candidate_row,EXT_E148,repair_stage,,5ce88acb4985fdf30127b346c02a1395b9efba7a4739a41eead3b07ce995c9e5,,,429
candidate_row,EXT_E148,repair_stage,,7abeec9a79c13f514d7e8bce77fb44ef2fc2a948c2489576bbf2bfe640c1f452,,,430
candidate_row,EXT_E149,repair_stage,,d4624aee915020f982e1b86c28531fc76ec1410014ca02d180d4f11c24fa1719,,,431
candidate_row,EXT_E149,repair_stage,,0f25551de18a2b3a70fc31977d7391e4dd8821f4350c7c52fe3d88c6169105c4,,,432
candidate_row,EXT_E149,repair_stage,,013873d9165ecd812e722315ac55666bc380b5fc80c8649fe9f41f12e18d6d05,,,433
candidate_row,EXT_E153,repair_stage,,d216d708e8b75c47c48013469dc9ec4834439e628296cb69ebf84aed71ac9a6c,,,434
candidate_row,EXT_E153,repair_stage,,f198d73d05172b2d8b5d7ec7057a86c167c6d7845bb781ebf97abe7f85c88593,,,435
candidate_row,EXT_E153,repair_stage,,3fbc38e637a86e803983a8548cb7c3316d1f6bd3fb3687230ec7b4837b85179c,,,436
candidate_row,EXT_E154,repair_stage,,060a88dfc908b374ab3bd2cfda77289397462292fd9897bea4a876a3b1f819eb,,,437
candidate_row,EXT_E154,repair_stage,,fe5887670aa3f25c7a85a1de92c3d05f1de1845b3877ee1e416ac6c8c64c06d0,,,438
candidate_row,EXT_E154,repair_stage,,f9ce0284ce9c9ab42be2573c5b80b9d082223b161e0cad86d7ce91a4b05889ca,,,439
candidate_row,EXT_E155,repair_stage,,19d70ff0631d2ea2fe9962c8d739b2bffe3e79a6d0874c455de1d27da4adb548,,,440
candidate_row,EXT_E155,repair_stage,,42be12c6983fde2686182ad2770c3b96a36e4cd03eb3da22ddf66d99ad6bfdd3,,,441
candidate_row,EXT_E155,repair_stage,,ba9a4d9271f3f5d2de4fa277ba05481a659705df00d8f972fe0412cae8560773,,,442
candidate_row,EXT_E156,repair_stage,,ea522a19ffc32a7562745c90b68da785767dc165d05e33d1733dad01be1e9b56,,,443
candidate_row,EXT_E156,repair_stage,,bb47297140113c31ec7bfafbfb14ea059b201cec5a5026da5ab13ed2d2891fa9,,,444
candidate_row,EXT_E156,repair_stage,,76daddcd27ff60cc9725ea9ab0feb7062c1b3de65f5dac83d0d1168ff7a92140,,,445
candidate_row,EXT_E157,repair_stage,,d415d97dd202813587d66c3a320bb6c542d9faebb7fa1bd18e11f7efcb10d9e6,,,446
candidate_row,EXT_E157,repair_stage,,e838570cadab632aac8ada50c1c913ecbfd18fb8396da8903a0833b15c0dbed9,,,447
candidate_row,EXT_E157,repair_stage,,f462bfc7b7e89639a902460400a95aeb5eba620981fd1ac72d2429e66b06ebf7,,,448
candidate_row,EXT_E160,repair_stage,,4b574f71dfb1d073666c9c0d5d47d69d923ec8a62a52cc71dd9bef4b2a89c19a,,,449
candidate_row,EXT_E160,repair_stage,,bbdaa676b44118a80f97c3134649b2d9ff52a4c34cc91f3bcee375aaf882d5a5,,,450
candidate_row,EXT_E160,repair_stage,,0be51d652af7d71cf1efc10f3d50f085fb8c1a4e21c4c9c035d41d7531f482e8,,,451
candidate_row,EXT_E161,repair_stage,,9d3b3149f10a76405c2fd9c226d5288d6f47eac84f6b48f2418b52acf69997a7,,,452
candidate_row,EXT_E161,repair_stage,,d5a39b4454fb3a51bc6c4a10b22bd842c8bcf3666097b33ae197aedfc9d24266,,,453
candidate_row,EXT_E161,repair_stage,,97b90302eef1fcbb90a358f60255d7494dfe12c6136f0a5276befe285c42fe1f,,,454
candidate_row,EXT_E162,repair_stage,,0b2cfdfb414ed4da911a25068e290e3fa0d66dc831421748ac16cf478a60571a,,,455
candidate_row,EXT_E162,repair_stage,,07e584e0172442ac76d9ee0d544aa80064bf982ee207d155992c1ca9410423d5,,,456
candidate_row,EXT_E162,repair_stage,,44d1de75cc8f14774924aebc405f280e908b77bdd80c56b3920e29f6164b69fc,,,457
candidate_row,EXT_E163,repair_stage,,fc46e952c2ca1098345187ac4c6e0b60008fbd4460eb8b9dee7e1497e02fe43e,,,458
candidate_row,EXT_E163,repair_stage,,62ea3e704a9fee60a89d83baceaf3c22799395a95f03bcfb0432c5577f4d7d85,,,459
candidate_row,EXT_E163,repair_stage,,f4d52c5386f24984801fe0fbb41df1bc9e59656d1e7f47994c86d597c07c411c,,,460
candidate_row,EXT_E164,repair_stage,,1c8baf717d7fbb2a2610def76b2a9dad47ef91040e022d77319d1f9041ebff6a,,,461
candidate_row,EXT_E164,repair_stage,,fdca08974d3ab32f7a4a4d265dcf977cf85e4c25425a06707d20f2aae48dd524,,,462
candidate_row,EXT_E164,repair_stage,,53ec69f20c3a635848d7800f576d6c16fc52ad0c9caf6d77a458b97ebd5bcaf0,,,463
candidate_row,EXT_E165,repair_stage,,ae4e611c0e8cde3052134a88da77dea2f8381c2c1713f63be1e5f783e0f4b438,,,464
candidate_row,EXT_E165,repair_stage,,1f6168f0cfae7980325ad845a5af47158672bbe85be91a4d4ea5a0a1706dcb8c,,,465
candidate_row,EXT_E165,repair_stage,,b29a0f220078005b539280fd8a3de4e3658b5abd2502fc67d257a98ca02647b4,,,466
candidate_row,EXT_E166,repair_stage,,713a2ce06340a6d21100603e9141cf1dd2182b71aa6e534938483a67ff680fc0,,,467
candidate_row,EXT_E166,repair_stage,,f5f033c2de6c107ad8c2b1e43e0346a3c319ccef5235202370f467dc17e69a51,,,468
candidate_row,EXT_E166,repair_stage,,b3f5049a2a0ea3f05725acddb8d47338744dc77ee446238fa72ae76a3c25f1ef,,,469
candidate_row,EXT_E167,repair_stage,,115967a2888ee8fe6e793696d258bb7196a4b6205a8225e3f07cc9ebfd85ac98,,,470
candidate_row,EXT_E167,repair_stage,,8668eb82a4719a8d7e4fb836df1bdea283e7289778e2cc9a85bceda9dd37dc84,,,471
candidate_row,EXT_E167,repair_stage,,5700849cb9a311ec3b1ffb15156e85f968b6a6cfb6364f6120d2ea96e63f1ecb,,,472
candidate_row,EXT_E168,repair_stage,,ba1ce5b64e4000babbc314ac07fc1d0dfc91c2539ba0835996579b6d2967223e,,,473
candidate_row,EXT_E168,repair_stage,,333c178915d68a59770cf9641bdf0e2440070cbea52b5dc7cb9e6e2f02c74292,,,474
candidate_row,EXT_E168,repair_stage,,5165ea0131058e6ab9893a839a5b6f54708b4fe9e914ddc610b61b1e6598218d,,,475
candidate_row,EXT_E169,repair_stage,,3b8219f9d1e26a87c63b193faae07e358db6b7cff679f54fde09c033707b1bfd,,,476
candidate_row,EXT_E169,repair_stage,,9e63723474c2c7a506820ffadc25a437095599bd7c9f2378cb66a08cde61ef48,,,477
candidate_row,EXT_E169,repair_stage,,66f701e058d8517257f000eec3db81434dbb02499012db5f9f3862c8a6eddee4,,,478
candidate_row,EXT_E170,repair_stage,,8f4ca71be20d21df71f018967b20c28c2bcd401e262c62730dd0f4c3d62e4c09,,,479
candidate_row,EXT_E170,repair_stage,,524a170cc40586a5806fe029e5b07ba254be103d98bf890f39f936946a78f32c,,,480
candidate_row,EXT_E170,repair_stage,,f2469d0f78c72c931635bae884ec10b05fbcd1e475079bf39ee095f6dae7437f,,,481
candidate_row,EXT_E171,repair_stage,,42c5e83a148812008f838d8ebfd7613afa1aa95d7d55f01f5c8164833b87ab56,,,482
candidate_row,EXT_E171,repair_stage,,ef0cabc9f1d3f66b68429f7351c6878e8e24eea792a296d64c070b5c1408fb2b,,,483
candidate_row,EXT_E171,repair_stage,,ccb4a3ff22a30a276a7829de5e3daccd9882ab05b20d78d463bde1e69b09da13,,,484
candidate_row,EXT_E172,repair_stage,,690dd646b3ced3e9319f8a6eb95591ded8e3703c71d35d044bae680dceccffe0,,,485
candidate_row,EXT_E172,repair_stage,,32f936d504675c202e2db0278f4cc35ab037d4af38129301e2ac0cd705adb849,,,486
candidate_row,EXT_E172,repair_stage,,730c7b0bf1dfd60f404a68d3ccf3fd04595306c9bd200cab8b64bfc5cd263480,,,487
candidate_row,EXT_E173,repair_stage,,0777d27fd5156b47eb376a2a3cdf011277f098b45a757da3667ea4250feb64cd,,,488
candidate_row,EXT_E173,repair_stage,,3ba05232ebf1f8c3b8fa76a8493be2c49668d992757970b17d657c63a1f898fa,,,489
candidate_row,EXT_E173,repair_stage,,b4fa49403d2d75e95cd19f9d43b86b52c499cded7c4eeb56cf4f25f349b766e6,,,490
candidate_row,EXT_E174,repair_stage,,23785c60bf4d7c1db5773469498cc084c756fb2417160aa35cf3bbd03488abbb,,,491
candidate_row,EXT_E174,repair_stage,,51d2cc444d9e2a7c557094438501e14d9572dfe0113509712f48cbe67beca0b6,,,492
candidate_row,EXT_E174,repair_stage,,182647e69127c17463fe50c9a1452c3714c7d3bf429f728b57521c8a9b6724e3,,,493
candidate_row,EXT_E175,repair_stage,,c884aa8f5821ce7bcdeba76e5d15c05a0fd884eb0a2ca2a8c63fc23fe6fb4702,,,494
candidate_row,EXT_E175,repair_stage,,04b978b87f0ec819a1e04770d69f46ef89c249637f067ccc3c19fe378e4472d7,,,495
candidate_row,EXT_E175,repair_stage,,02f8cd245387ec6748e1ccbe2531c38c259ef67d3646319883650deafab5138e,,,496
candidate_row,EXT_E176,repair_stage,,f65e8b7881529a0dfd260846ef6e6646c2aae133489c76f37e45124b47d04d60,,,497
candidate_row,EXT_E176,repair_stage,,47e4c9c7ebc670e21414336a4a45f135d7bdbd0b2247c4f0efb103889746b671,,,498
candidate_row,EXT_E176,repair_stage,,45666f8b591e5ef149871b8355c47dd43d0a54ba0579b60e19be86ffb47ea1be,,,499
candidate_row,EXT_E177,repair_stage,,a4429ff3b05ca4d45798f4f39b9c62dff3aa31319de2b94fbbfc18351cc93731,,,500
candidate_row,EXT_E177,repair_stage,,030129ff13353ed0858a42697ba4a11cf6624b9e648639afbd88f7db61e5d064,,,501
candidate_row,EXT_E177,repair_stage,,6bae3c0aa97e3aa826acac31dcc6d4e1e8c09fd69eca959c653754e4c7f1f124,,,502
candidate_row,EXT_E178,repair_stage,,b3846e3d2cf2d21fd4add7101e43df5ff83f53d1c7dc655d7289dc38810dc807,,,503
candidate_row,EXT_E178,repair_stage,,a0882e55f6becba62f56d49b295151bed81395cbeda8b79ace49b34a8b7f08cc,,,504
candidate_row,EXT_E178,repair_stage,,c55a95f9dbcb6fe0b1fdc48dee6370a323b042198d2cf8b8c091cbb57a68b74b,,,505
candidate_row,EXT_E179,repair_stage,,70d0cd377a3cfd694d96553a24cccc3cd640c63cd7145660c54dc772946e702c,,,506
candidate_row,EXT_E179,repair_stage,,b618d5188d5f420c405c01e915fa75fc00cb575365e108e2c7165e95f26677b3,,,507
candidate_row,EXT_E179,repair_stage,,d6c02bd7dc7965164a551e8889a91ae37f9d1dd6225c3db4c53d342b10d838e6,,,508
candidate_row,EXT_E180,repair_stage,,00db98aa6990114edc54df547368245ad4c5b82f1673c22d031c24d09e35b0e2,,,509
candidate_row,EXT_E180,repair_stage,,851430ebe03d92697f06d13681d3469a2c4ca0722c378ed74caae4fa1da4c53e,,,510
candidate_row,EXT_E180,repair_stage,,7f3c2296f54eb40943b78f0e0170ace4d1c983d7adbbb8ace96d1947160162f3,,,511
candidate_row,EXT_E181,repair_stage,,79942a60ca0ea02de19e559a76c9baca9f4a23497e1bb9da5146abddfe751a63,,,512
candidate_row,EXT_E181,repair_stage,,2d719567499629130c297dd75888e2cbb3cba94ab84053f8b9c31385e913496d,,,513
candidate_row,EXT_E181,repair_stage,,77b33844c79d9407d8854a0abab4a3cb7465f7ad2d798ad81715533f5773c0d4,,,514
candidate_row,EXT_E183,repair_stage,,5dc3bad4739f560cb3e57b1900ec1ffa1f0d3ca6a3130df1b3e67eb1080e9be6,,,515
candidate_row,EXT_E183,repair_stage,,350fb9eb837733e41f50b64696746678e92488aba98f2cd26c25beceb6b2255a,,,516
candidate_row,EXT_E183,repair_stage,,417ff7f63b6aa96910d5695cb6c885ed18924d8da9f741912964e57dc7750513,,,517
candidate_row,EXT_E184,repair_stage,,f6462d33b550284f9cc3ad2c88ec7ca38f72519fc44fc3aee5cbe4d1f6697672,,,518
candidate_row,EXT_E184,repair_stage,,2650936710673e64af9147ebaf962e674ce77e06172c0839b7768f6e5e479c1a,,,519
candidate_row,EXT_E184,repair_stage,,08a294b6f9b93e5cf78b871cb189b65a7f5864a7baa8fa5cc3819a614d0e9a07,,,520
candidate_row,EXT_E185,repair_stage,,e0661f59a1801f5de945f8b5dad54ac8041bf112c7a37ca187842a43e3cfbf61,,,521
candidate_row,EXT_E185,repair_stage,,51bc7dd0fce8f2a2cb33f3dc44121d3c5a589765a151608261cb56dc8c35c858,,,522
candidate_row,EXT_E185,repair_stage,,1ef65648b56926f14e226aa4cb13f1e20ec20790e95b0b6009aff40077dc8ccf,,,523
candidate_row,EXT_E186,repair_stage,,05c9c8876939dc764f05a8f66a4f8a0fe7b5266221c09caaae1f54dbbb398d63,,,524
candidate_row,EXT_E186,repair_stage,,58a70ebf290dc651b2b004f17d4c19025bb056e65fe02b13ab0b0ca6eb769d5e,,,525
candidate_row,EXT_E186,repair_stage,,98699a2b092d0b0029e97e46bd5106e64e273d425695b22a7c77b6b72f8ef998,,,526
candidate_row,EXT_E187,repair_stage,,1c981940f17b92194136e7abf8b58736cdabdb34164919701a59a178d1fa7f15,,,527
candidate_row,EXT_E187,repair_stage,,3e085fad10732b78aec6391d7fd714977e7f1432c105346c03f8ff605341bcff,,,528
candidate_row,EXT_E187,repair_stage,,296a06cd2af821f1c823ffd5c6454e8917f9b524806dd93e7fee70914d7b84e9,,,529
candidate_row,EXT_E188,repair_stage,,82ee6dbb6f04f86bc6ece07964cd438da9a17eabde9c08e1258dec544c5e88db,,,530
candidate_row,EXT_E188,repair_stage,,e8bc4bb86acef5f9c6f1d1767d845aa2bd9a8aff0beaadb577875f2a086588d5,,,531
candidate_row,EXT_E188,repair_stage,,829a72a061a35257515e32d2913fa7e21ef6ad2f6b5c77bf2185bceaa45f20a4,,,532
candidate_row,EXT_E189,repair_stage,,b52fb70473cd3fb83aabcdf4263289c9fa7919768672ba3b9889239cc906641d,,,533
candidate_row,EXT_E189,repair_stage,,1facae320a77d22058317ad4d1dfd96332ef69f777df018106f1cd37c7775435,,,534
candidate_row,EXT_E189,repair_stage,,9a0631511e90fc0f0e1cfd86116fbfab2cfd37cc5c8f98b2afa0e806ba96810f,,,535
candidate_row,EXT_E190,repair_stage,,9dd67dcb67862f4c2f36fd518478a227ee30e63cf8b15679cbab23cb6e8ffff6,,,536
candidate_row,EXT_E190,repair_stage,,61113ced4df3a6297e358892acdb71e07c7dab63e743cbd43a0863bfa677acd7,,,537
candidate_row,EXT_E190,repair_stage,,c2e68aa6de6be1617c5f10704a08bd9c7164f64f4fbbcf325344e72a62d0ee0e,,,538
candidate_row,EXT_E191,repair_stage,,46add328c005c42b117cd3ef943946e4a9078d1543c228bf73f011f1b013b355,,,539
candidate_row,EXT_E191,repair_stage,,aa384ea358774021e8d680943fa4ff7ecad53cd90ab5585e6cd4b341cfcafd11,,,540
candidate_row,EXT_E191,repair_stage,,d06eb71387c0420c47833afbdab38bbf77434816491fc5122015499ebcdde151,,,541
candidate_row,EXT_E192,repair_stage,,df61cbc045d42e5f29247be1d4dfededb50cb1060cf681017592b1c37a5cab25,,,542
candidate_row,EXT_E192,repair_stage,,f75dc688b10e067ea8c44ab928bf71bfb506b3460de3676fd62240e5b1dba803,,,543
candidate_row,EXT_E192,repair_stage,,9293020302715974bfa617683661b2a5e8a310b01f2216d4341fdf2311d6f944,,,544
candidate_row,EXT_E193,repair_stage,,7faab33731e8b00f51acf60b19c1b2ce2bd0b2940937742e12b54ae28eeeee4f,,,545
candidate_row,EXT_E193,repair_stage,,4d0f7ccfcdf2263694afd0920dd8571ba57da26074776a826f8b1cd0116be8c3,,,546
candidate_row,EXT_E193,repair_stage,,b6b92eb89237ec634db69439e0d5da6090223587266248c8ae6791a4b388797c,,,547
candidate_row,EXT_E195,repair_stage,,0a91b70148fc0df9b98f90ff1cc1ffd0519afe3da657a0d4082e78a2b271a0ee,,,548
candidate_row,EXT_E195,repair_stage,,0a564cd58edd13104d3c49cdac40b0443a3753a34384573fae62a299ee243417,,,549
candidate_row,EXT_E195,repair_stage,,d08cab859439166be818f013afbe38ff4192db96344eafd68395c98c572fecff,,,550
candidate_row,EXT_E196,repair_stage,,8b4b697fb48efb2c19c89d82a98afdc7d8368a15fea1dac2254bc00829d19928,,,551
candidate_row,EXT_E196,repair_stage,,850d6b7f74083f92763b6cfb6ee560425f0df3b37b83255f94c6a7265a6bfdb9,,,552
candidate_row,EXT_E196,repair_stage,,2169245f2f8d099b281587f2d7e64949fc253e42ec6b477636454fa6c393ef33,,,553
candidate_row,EXT_E197,repair_stage,,ab2013b34f54653403e98c691e39bbf808f9beb80ec0e7e302592ecf0e1e8b31,,,554
candidate_row,EXT_E197,repair_stage,,4fa38a03242118bf2863bd26d1d60aacf965ad2eaabf991208c3f8f3b031f41a,,,555
candidate_row,EXT_E197,repair_stage,,889bafe40a42697aaf86340b458600a35cb619a8e5bfa455007d662eb472cc3a,,,556
candidate_row,EXT_E198,repair_stage,,cd52880d636c857d53785e8168ea317ec3082cb62c3a39b0b1e9ac6572ca4f24,,,557
candidate_row,EXT_E198,repair_stage,,aa06015d22305eb98b0ba688f97ec18b8164275b47794b7ecd04ed3d1b0b427e,,,558
candidate_row,EXT_E198,repair_stage,,d6e0e384e23e199b53594107ebc35f2552d5f3a3324b7473b01c520f9dfa6952,,,559
candidate_row,EXT_E199,repair_stage,,39b377e0c38a3baac25e5ed29a8364fdd1aa4fba649d101ca2d217fdf89827fc,,,560
candidate_row,EXT_E199,repair_stage,,1b3890b2376b8501fcc381af1cd20ba5628870cd1e0d97e2bc31788fbaa92bf7,,,561
candidate_row,EXT_E199,repair_stage,,a3191c67e3d38f01e25b4e7b46ca055ab79bad5b5fce82920d1d94dc438a9ee1,,,562
candidate_row,EXT_E200,repair_stage,,3539dcc35ae18565fc9a8f2be9b2595c3b9e0248a510f1bf4778c2b90b9a5dce,,,563
candidate_row,EXT_E200,repair_stage,,94e008349d20a571733bfe302dbe08d4249c66b8ca3f6aa4969310700a7848e3,,,564
candidate_row,EXT_E200,repair_stage,,2cfe55123ef31343cb5e8304124c4747fc2c049eecb561839c596c0df00d9f94,,,565
candidate_row,EXT_E201,repair_stage,,7187836b8f1a8f11611ffef1b0a6f0c1843a22dd1a18271cf6eca2e41c6e1248,,,566
candidate_row,EXT_E201,repair_stage,,37c2dae756595d115113ebddb09af1cf41613b2bf2558c568702344e23da2ce8,,,567
candidate_row,EXT_E201,repair_stage,,e11cfb3fa76441f7f29308c79a7e0c128c2f7824f5b2f2c2a08b6c06bc97664c,,,568
candidate_row,EXT_E202,repair_stage,,ed4483fe04316213d77dd9bd0a6a2b92516530442bdca9a320a32a072517664c,,,569
candidate_row,EXT_E202,repair_stage,,b6e80c86ae0925c78da43c72255d4699d38c193c831ad37711218ea505517e80,,,570
candidate_row,EXT_E202,repair_stage,,02f335b365b0618fe6d754cce330f12639f8f613903d69959a15ce6b25fab405,,,571
candidate_row,EXT_E203,repair_stage,,70057221bdd5ed8cdeb7d95aba9121e9ac208da9475ec401d32619993acf916d,,,572
candidate_row,EXT_E203,repair_stage,,c6b4e69a5d2f83e7ddb15d65d0f17e292654aaf89426daa24b55e9251d82dfe1,,,573
candidate_row,EXT_E203,repair_stage,,f4fd8cf981e4c1f6693c1fb1887c9f7297783878cfdb3a73ea7ea762ddf0e94a,,,574
candidate_row,EXT_E205,repair_stage,,c99e600625d3387e8a29db65181d2ad292bc52aec9d4101dd6a0c1cbfb1cff13,,,575
candidate_row,EXT_E205,repair_stage,,5b189a11cedaf0ef0a1904340367e7d88050d7f60179277456ff8aad49112daf,,,576
candidate_row,EXT_E205,repair_stage,,9b6c4a07977bfc0984e178282125856843dc29ebfbdfdd8d2d80e05144fa9ebb,,,577
candidate_row,EXT_E206,repair_stage,,38df98a43c3ccaac17c03f6fbbfd0ab616f8509e4e0fcd4a7385f7bbacb4202c,,,578
candidate_row,EXT_E206,repair_stage,,2262ac5a61359ef9c75b42832828fbe4ccec4ddc102f0e073c983249a2097b96,,,579
candidate_row,EXT_E206,repair_stage,,aadc08e2ce98e0f0e539adb8a0a77d9d176add9a1aee3f8ece7e689391370507,,,580
candidate_row,EXT_E207,repair_stage,,336a974f73104571b777f90554f939c696b53490b06a7a035ef0eeefff1d0196,,,581
candidate_row,EXT_E207,repair_stage,,6326e9edf619d6ae054731a6dc9eef34a9ba963393c519417491d974d039a255,,,582
candidate_row,EXT_E207,repair_stage,,fedd091000da723119a8151db6786532cbd0ffc46d0abe1f1d8c0acf626c514c,,,583
candidate_row,EXT_E208,repair_stage,,2e01c0afebe41b3517962f2e338d1cb217e5837aa280602272ee9fde1dd92c2e,,,584
candidate_row,EXT_E208,repair_stage,,c5121ab978d66dc6e9505b26d437ff16643e898e2dadcfb8226fe21489a13e2b,,,585
candidate_row,EXT_E208,repair_stage,,662b3e9c364f5675ee5f02e24f952971147d53d286080f74b194936574ec5db7,,,586
candidate_row,EXT_E209,repair_stage,,40d6776256bfe7a14dfc178d859bce1b5c6037ad988779501ef1db665afbd1a9,,,587
candidate_row,EXT_E209,repair_stage,,211f1b5289409ac40906ebd4ad4d908afd95d2dfb5b256f98c3237fb798e43c0,,,588
candidate_row,EXT_E209,repair_stage,,8ef8d1e7278d11be32b4bacef719a83fe3986a7e5d01d42552259e294d6ab3a1,,,589
candidate_row,EXT_E210,repair_stage,,c0619878e6760c56eecbd75725dcfd5fc9d2caa63676b404e73b8259b832210b,,,590
candidate_row,EXT_E210,repair_stage,,141f375c56eb93b8440972e7945c3907d5a40f0af3beb37bcf1e076f9b68f4a7,,,591
candidate_row,EXT_E210,repair_stage,,ecd32743160cd5d2beb0c4f224fe81ed5ba466997d3a6ff19736b91bfecad075,,,592
candidate_row,EXT_E211,repair_stage,,2d9fea10cb2bd91d3ee716d4b9acbd08c93c34e1bc8d861ba988fc5acc2a4054,,,593
candidate_row,EXT_E211,repair_stage,,fcc23c93081441f8b92194e8c9482d3b78caa151063a74b658cb016494b78acb,,,594
candidate_row,EXT_E211,repair_stage,,4ac92f00793ed1ab928a7f352876ec49272036be5c64bd4edb63fe9cd6c0d5cc,,,595
candidate_row,EXT_E212,repair_stage,,34fbaa82793638309d16e4d07ff8c2baee26110ed63b5acbd3a47cea92ab5f77,,,596
candidate_row,EXT_E212,repair_stage,,081fb3d5666e6f9314da601c1571e62e6888282ec81cdd74d09d7f7282213270,,,597
candidate_row,EXT_E212,repair_stage,,5e3ba491e6ed5908f72d3a71d2612103d2802134a8d417d09d79013b18e7fa31,,,598
candidate_row,EXT_E213,repair_stage,,7e56d11047e8367084ba1e1647f28788be66f96a77fea1e467b5ba6ef3682f26,,,599
candidate_row,EXT_E213,repair_stage,,47596dda7d191d69a096b3fd60c691978e2bbfb56d0e50f76e720aa5c63cdb13,,,600
candidate_row,EXT_E213,repair_stage,,a18dac5dcc297438d3fd07f896a85ddf72775f683a83482f53919c4b69ed79ae,,,601
repair_stage_file,,repair_stage,benchmark\external-real-v8-grounded\repair-stage\README.md,1bb6c331cb68886325a85a93e73ecdcfa9733f493c48aca1538ed94c64a8456d,190,2026-08-27T14:29:40.653467+00:00,
repair_stage_file,,repair_stage,benchmark\external-real-v8-grounded\repair-stage\candidates\external-real-candidate-template.csv,22a97fb8476cef22f6cf4d92444b6e348269489aaf743bc8637d948efe6c0c8d,461845,2026-08-27T14:29:40.257849+00:00,
repair_stage_file,,repair_stage,benchmark\external-real-v8-grounded\repair-stage\mutants\EXT_E001.owl,396995691b851771239e285aff00bc25f820be1f3b8f57b95a8847da923135b2,1973,2026-08-27T11:54:52.873376+00:00,
repair_stage_file,,repair_stage,benchmark\external-real-v8-grounded\repair-stage\mutants\EXT_E002.owl,eeb41b7ba9b99b706f25fea28f8b1d674dbda54eddba35e9f2d0e3f4f3cb9d5b,1976,2026-08-27T11:54:52.882828+00:00,
repair_stage_file,,repair_stage,benchmark\external-real-v8-grounded\repair-stage\mutants\EXT_E003.owl,6b100c336d70720ae8002008997635da07b3bd9a711466448ec2c8ed8012065c,1976,2026-08-27T11:54:52.892932+00:00,
repair_stage_file,,repair_stage,benchmark\external-real-v8-grounded\repair-stage\mutants\EXT_E004.owl,4417cd7363eca0ac945b1a5b4a87ef1a8d1e543a0424c986483ef95154872e02,1975,2026-08-27T11:54:52.894428+00:00,
repair_stage_file,,repair_stage,benchmark\external-real-v8-grounded\repair-stage\mutants\EXT_E005.owl,1ef1b3389e76d809b78b6a1bb309b4295021a1c8b40af09531c1c1cc36b30ca4,1975,2026-08-27T11:54:52.902157+00:00,
repair_stage_file,,repair_stage,benchmark\external-real-v8-grounded\repair-stage\mutants\EXT_E006.owl,868db2fe2741657ad4e1300bae5f4bd28040feebc8d7ee46f1cfd2b30411035c,1975,2026-08-27T11:54:52.911306+00:00,
repair_stage_file,,repair_stage,benchmark\external-real-v8-grounded\repair-stage\mutants\EXT_E007.owl,0b20ae0532e9444db7521dd76d8bd1f4cdc986e2388b37fc86867834beda4fb8,1974,2026-08-27T11:54:52.920602+00:00,
repair_stage_file,,repair_stage,benchmark\external-real-v8-grounded\repair-stage\mutants\EXT_E008.owl,3f9f4c9b6d0ab1debb356bd1cae07b832dc0df92d1cc383a5733bcce1a20b5ee,1974,2026-08-27T11:54:52.921601+00:00,
repair_stage_file,,repair_stage,benchmark\external-real-v8-grounded\repair-stage\mutants\EXT_E009.owl,abbd9feeea10e3a137cd33772cb4a41fd03096b5c8da6cf699dc64680d918547,1974,2026-08-27T11:54:52.930048+00:00,
repair_stage_file,,repair_stage,benchmark\external-real-v8-grounded\repair-stage\mutants\EXT_E010.owl,28ca5d475d20341325bf59b06db3b7394d6d070e6a6483be552f7f6c75cdfb3c,1974,2026-08-27T11:54:52.931244+00:00,
repair_stage_file,,repair_stage,benchmark\external-real-v8-grounded\repair-stage\mutants\EXT_E011.owl,80300d02ce92fe2f7066a3341c93317da3e38604274ad31386eeb58d4395312d,1974,2026-08-27T11:54:52.940543+00:00,
repair_stage_file,,repair_stage,benchmark\external-real-v8-grounded\repair-stage\mutants\EXT_E012.owl,a54ed8d420920caa38a810232b2e62d8cf52a50dfabacbd31e0ef6c3bb52f1cc,1974,2026-08-27T11:54:52.940543+00:00,
repair_stage_file,,repair_stage,benchmark\external-real-v8-grounded\repair-stage\mutants\EXT_E013.owl,8865cc98465ef4d2c2559a24a30d447002093dfd52331903758ebd7628f5a06c,1989,2026-08-27T11:54:52.941542+00:00,
repair_stage_file,,repair_stage,benchmark\external-real-v8-grounded\repair-stage\mutants\EXT_E014.owl,44aa38d767955492fee76896461d5e5c7187d778d7ab138045b38038df2f3e59,1989,2026-08-27T11:54:52.942542+00:00,
repair_stage_file,,repair_stage,benchmark\external-real-v8-grounded\repair-stage\mutants\EXT_E015.owl,b9b5f13577144a1242a7a5b0f656f0d3356fa0799cfe497e564ead9a63ac4943,1989,2026-08-27T11:54:52.943940+00:00,
repair_stage_file,,repair_stage,benchmark\external-real-v8-grounded\repair-stage\mutants\EXT_E016.owl,091c998ae8f00195f92bfa75f2f02781d066438e5df1db1fea99dd53e819f66a,1990,2026-08-27T11:54:52.945940+00:00,
repair_stage_file,,repair_stage,benchmark\external-real-v8-grounded\repair-stage\mutants\EXT_E017.owl,afa5a298f8b704160562a9ba9186a6692b3947d69fc8d3a40f11fc665cb1615f,1990,2026-08-27T11:54:52.954360+00:00,
repair_stage_file,,repair_stage,benchmark\external-real-v8-grounded\repair-stage\mutants\EXT_E018.owl,4ed69f8b5742264d454013ed5688f87ec03f27ea191230be91e7f0b40d0c642f,1990,2026-08-27T11:54:52.955481+00:00,
repair_stage_file,,repair_stage,benchmark\external-real-v8-grounded\repair-stage\mutants\EXT_E019.owl,05bbf0e0ffec424ecca9d99ec6eb5f2b5d15941ff187e77b0891667522902aa4,1990,2026-08-27T11:54:52.956482+00:00,
repair_stage_file,,repair_stage,benchmark\external-real-v8-grounded\repair-stage\mutants\EXT_E020.owl,73b5f8aa7d143941af4db54cbfce326655365ee85f006e52e66bd09fe5284334,1989,2026-08-27T11:54:52.965450+00:00,
repair_stage_file,,repair_stage,benchmark\external-real-v8-grounded\repair-stage\mutants\EXT_E021.owl,1ce76c91f0a1a64c295568b7cb602b64e206172c202ccbb3f6c21ae91e61e416,1989,2026-08-27T11:54:52.966451+00:00,
repair_stage_file,,repair_stage,benchmark\external-real-v8-grounded\repair-stage\mutants\EXT_E022.owl,c02c86d2a609a58714511cee703f49b7071c126a7d139d47b468fd614e154ce2,1968,2026-08-27T11:54:52.966451+00:00,
repair_stage_file,,repair_stage,benchmark\external-real-v8-grounded\repair-stage\mutants\EXT_E023.owl,f54f95ee3e8466c66ad5f7ab9542ef48a9573e4bb931ad50140613f0ed4c6ec0,1968,2026-08-27T11:54:52.967917+00:00,
repair_stage_file,,repair_stage,benchmark\external-real-v8-grounded\repair-stage\mutants\EXT_E024.owl,5ef90b192c0d46128ffaca58cbb9d28904fdd429a4735d8f523be56eb28b4331,1968,2026-08-27T11:54:52.967917+00:00,
repair_stage_file,,repair_stage,benchmark\external-real-v8-grounded\repair-stage\mutants\EXT_E025.owl,0a8fafcad775ee0f17d7d2bc25274c73cfb4793e5be9861d73aa6385aea343c6,1973,2026-08-27T11:54:52.969421+00:00,
repair_stage_file,,repair_stage,benchmark\external-real-v8-grounded\repair-stage\mutants\EXT_E026.owl,278c25228d5e30af6fa5f39b53b66d893faf369036b716d0ba4a9d0cfb739e06,1979,2026-08-27T11:54:52.971564+00:00,
repair_stage_file,,repair_stage,benchmark\external-real-v8-grounded\repair-stage\mutants\EXT_E027.owl,6009874562d7119948755d69b66b12251ac7f434ee8291512b3b582e52cc98b9,1986,2026-08-27T11:54:52.979814+00:00,
repair_stage_file,,repair_stage,benchmark\external-real-v8-grounded\repair-stage\mutants\EXT_E028.owl,b2a63e1c6d85a37d37293155af8f57194d88fa7cbfafefe19d37e0645aa49b56,1979,2026-08-27T11:54:52.980859+00:00,
repair_stage_file,,repair_stage,benchmark\external-real-v8-grounded\repair-stage\mutants\EXT_E029.owl,a00018c6d1c9ceb981c01d44260e0778a1ca5ccbd4436bbea8b53ce9499cf46e,1980,2026-08-27T11:54:52.990109+00:00,
repair_stage_file,,repair_stage,benchmark\external-real-v8-grounded\repair-stage\mutants\EXT_E030.owl,015803e3acf43e2c812c3292903559100dd393896455faa3a37844f0decd95dc,1973,2026-08-27T11:54:52.992119+00:00,
repair_stage_file,,repair_stage,benchmark\external-real-v8-grounded\repair-stage\mutants\EXT_E031.owl,50bb84225af23267c0fbcf17cf7a26fc90dc853c95ea2fa3c756fced242c2952,1966,2026-08-27T11:54:53.001265+00:00,
repair_stage_file,,repair_stage,benchmark\external-real-v8-grounded\repair-stage\mutants\EXT_E032.owl,9c165c3230679a16a1062c8f5f6e997f5d866c21e2499a34089e71ec17eceefd,1982,2026-08-27T11:54:53.001265+00:00,
repair_stage_file,,repair_stage,benchmark\external-real-v8-grounded\repair-stage\mutants\EXT_E033.owl,eca79953000ca53ddd65b907bab4f2ebd40fa3da90cefcd7054bf8574ce56249,1990,2026-08-27T11:54:53.011170+00:00,
repair_stage_file,,repair_stage,benchmark\external-real-v8-grounded\repair-stage\mutants\EXT_E034.owl,d5fe771475a93e46da1116416a54418826adc38f37e5f10c1366ee80ead2783a,1984,2026-08-27T11:54:53.012650+00:00,
repair_stage_file,,repair_stage,benchmark\external-real-v8-grounded\repair-stage\mutants\EXT_E035.owl,7d333b20e38bcee8b724477bd5280552e0e136995d4edabc67bded22c555a95f,1995,2026-08-27T11:54:53.012650+00:00,
repair_stage_file,,repair_stage,benchmark\external-real-v8-grounded\repair-stage\mutants\EXT_E036.owl,adfe54b2b80e71993b0e18179722ff61d8f14085547e9c2c64f14c2df46544cd,1990,2026-08-27T11:54:53.013924+00:00,
repair_stage_file,,repair_stage,benchmark\external-real-v8-grounded\repair-stage\mutants\EXT_E037.owl,6121df715f25603aa9c754f630da723a14db9a1dbcd7a33baf43e3819ffab210,1986,2026-08-27T11:54:53.022705+00:00,
repair_stage_file,,repair_stage,benchmark\external-real-v8-grounded\repair-stage\mutants\EXT_E038.owl,d5bff34157d35b1a3f37207b62fa9dd23c2f4e2034a29aa3d8ffce77630cbe41,1983,2026-08-27T11:54:53.023713+00:00,
repair_stage_file,,repair_stage,benchmark\external-real-v8-grounded\repair-stage\mutants\EXT_E039.owl,ba6fdebace69eb80e2524535b494fb58f63fe668f98d2774a2dd96519fbc190e,1986,2026-08-27T11:54:53.024715+00:00,
repair_stage_file,,repair_stage,benchmark\external-real-v8-grounded\repair-stage\mutants\EXT_E040.owl,d1f9970e284273658719a2f2cdfe7f70500291ef1fdd99ac34ac697139fe2ec6,1986,2026-08-27T11:54:53.024715+00:00,
repair_stage_file,,repair_stage,benchmark\external-real-v8-grounded\repair-stage\mutants\EXT_E041.owl,4386af14be1369d4af6764031524fcda1f952eb2bd07a3a7ab3c7268f586b69b,1986,2026-08-27T11:54:53.026140+00:00,
repair_stage_file,,repair_stage,benchmark\external-real-v8-grounded\repair-stage\mutants\EXT_E042.owl,b4f7e1c2e0b03bd77e7d56593472242abf70f910c1d103537b97cdb27c24be73,1986,2026-08-27T11:54:53.034589+00:00,
repair_stage_file,,repair_stage,benchmark\external-real-v8-grounded\repair-stage\mutants\EXT_E043.owl,b500bafd13ec86d55aa1ef9cd003791b6bf98b4648127dbc6d7140d68a6faa28,1935,2026-08-27T11:54:53.044422+00:00,
repair_stage_file,,repair_stage,benchmark\external-real-v8-grounded\repair-stage\mutants\EXT_E044.owl,7b82109b6eee8c72a199a455dab41c08ea1e6889d0b9955c45c4932c75802d8c,1935,2026-08-27T11:54:53.044422+00:00,
repair_stage_file,,repair_stage,benchmark\external-real-v8-grounded\repair-stage\mutants\EXT_E045.owl,14269d4f67ef938c232205994271638dde08e7abff8a660ced4e4cf5446a2cdc,1935,2026-08-27T11:54:53.045696+00:00,
repair_stage_file,,repair_stage,benchmark\external-real-v8-grounded\repair-stage\mutants\EXT_E046.owl,ee72135279844df5c4a5dedbcc0ffdf417b885e967e4de328f285ddca5166e9c,1935,2026-08-27T11:54:53.046759+00:00,
repair_stage_file,,repair_stage,benchmark\external-real-v8-grounded\repair-stage\mutants\EXT_E047.owl,0bb9b9e5a384d6d47bffeae42e35e161a8fc83c740823325b498c17fd154ffd8,1935,2026-08-27T11:54:53.056067+00:00,
repair_stage_file,,repair_stage,benchmark\external-real-v8-grounded\repair-stage\mutants\EXT_E048.owl,b4b024dd137ac52c48db0e56594bfe7b228967eace729e0decc8119a57b45fba,1935,2026-08-27T11:54:53.057064+00:00,
repair_stage_file,,repair_stage,benchmark\external-real-v8-grounded\repair-stage\mutants\EXT_E049.owl,a5448d0f75caad781d4ac36794334671f45f1615817e874f6c8cdc82b1b484bf,1935,2026-08-27T11:54:53.058065+00:00,
repair_stage_file,,repair_stage,benchmark\external-real-v8-grounded\repair-stage\mutants\EXT_E050.owl,c283ebb7a9d6af73d24a7f6523ad926ee4c7abafa2c7467822710c68862b45f0,1935,2026-08-27T11:54:53.058065+00:00,
repair_stage_file,,repair_stage,benchmark\external-real-v8-grounded\repair-stage\mutants\EXT_E051.owl,e8f8a2613f1cf2947eaed48c96b8ef1f4b156434a7d5778890407b115ce1fefe,1956,2026-08-27T11:54:53.059396+00:00,
repair_stage_file,,repair_stage,benchmark\external-real-v8-grounded\repair-stage\mutants\EXT_E052.owl,0abd1af995d01ca4de61622a0c030b1d10c561ededfac362424e50fdeb898194,1956,2026-08-27T11:54:53.059396+00:00,
repair_stage_file,,repair_stage,benchmark\external-real-v8-grounded\repair-stage\mutants\EXT_E053.owl,e9ed5aad438a1d05a79552a625231bf75c51dfdf7018983b219b2a7e894a772b,1956,2026-08-27T11:54:53.060504+00:00,
repair_stage_file,,repair_stage,benchmark\external-real-v8-grounded\repair-stage\mutants\EXT_E054.owl,e56df47753ae51fd71f08a9c9efcd78a80ccdf7c0c04cc24a5ad904bc792e0ef,1956,2026-08-27T11:54:53.061505+00:00,
repair_stage_file,,repair_stage,benchmark\external-real-v8-grounded\repair-stage\mutants\EXT_E055.owl,e938fb9fbabefbc307cf00fb09ba96067d3d7345470551c9b6a9163ef47c6f02,1956,2026-08-27T11:54:53.062009+00:00,
repair_stage_file,,repair_stage,benchmark\external-real-v8-grounded\repair-stage\mutants\EXT_E056.owl,7374130a38d303a7ff30fd905c35504ddfee3f33642ae7066b0d13a120306e4f,1956,2026-08-27T11:54:53.063164+00:00,
repair_stage_file,,repair_stage,benchmark\external-real-v8-grounded\repair-stage\mutants\EXT_E057.owl,b6d987674320c7313090d7184e2e868d102e72e833f9541240de4427551fd23d,1971,2026-08-27T11:54:53.070998+00:00,
repair_stage_file,,repair_stage,benchmark\external-real-v8-grounded\repair-stage\mutants\EXT_E058.owl,cae6670cfa6c5a7e80b3103c5e5aa79cd45110d82dd3833829adf9003903d76e,1971,2026-08-27T11:54:53.072487+00:00,
repair_stage_file,,repair_stage,benchmark\external-real-v8-grounded\repair-stage\mutants\EXT_E059.owl,a2f75318e71b25ed427e52f8b238a3edbc169e8972f6cf2c3954bb2684071912,1971,2026-08-27T11:54:53.082942+00:00,
repair_stage_file,,repair_stage,benchmark\external-real-v8-grounded\repair-stage\mutants\EXT_E060.owl,75de8ee4002c7b8e8f6b090f28becf650d2cfb1f50b78524ec19a09ca518a1fe,1971,2026-08-27T11:54:53.091921+00:00,
repair_stage_file,,repair_stage,benchmark\external-real-v8-grounded\repair-stage\mutants\EXT_E061.owl,856ad3f540a3b5bca6eb65725bd83396c1f3a44472496bf6c340e8c2464073e5,1971,2026-08-27T11:54:53.093235+00:00,
repair_stage_file,,repair_stage,benchmark\external-real-v8-grounded\repair-stage\mutants\EXT_E062.owl,e5830241cd3d2295dfbc60545432978ba1c4f6c01ebbf6dca1989beec93fd9f8,1971,2026-08-27T11:54:53.102010+00:00,
repair_stage_file,,repair_stage,benchmark\external-real-v8-grounded\repair-stage\mutants\EXT_E063.owl,752bd0080149c58d7ed9e190c1f4697d9ebc2144c98abd0a936820836a8de9c9,1937,2026-08-27T11:54:53.102010+00:00,
repair_stage_file,,repair_stage,benchmark\external-real-v8-grounded\repair-stage\mutants\EXT_E064.owl,dae34a00facbb4c5895cb319dcfd4824815b23d2ccb600791f93c52b6a10d993,1937,2026-08-27T11:54:53.103516+00:00,
repair_stage_file,,repair_stage,benchmark\external-real-v8-grounded\repair-stage\mutants\EXT_E065.owl,e9f44ac757803c96a742dd0fe7478109f51e6a28a179edad7f965c881e3519ed,1937,2026-08-27T11:54:53.104557+00:00,
repair_stage_file,,repair_stage,benchmark\external-real-v8-grounded\repair-stage\mutants\EXT_E066.owl,3a83167c9107db6843447599b83520f749388dda485d052b9792ce34c471cc88,1937,2026-08-27T11:54:53.105559+00:00,
repair_stage_file,,repair_stage,benchmark\external-real-v8-grounded\repair-stage\mutants\EXT_E067.owl,d9177cd168365fb48381f6b66aa812861564ff75162346592a2c21c5eea2b6ff,1937,2026-08-27T11:54:53.106833+00:00,
repair_stage_file,,repair_stage,benchmark\external-real-v8-grounded\repair-stage\mutants\EXT_E068.owl,2fc65a055b8d7fe8c15449f061f3784cdb2e426085f31a3d3496926619a246f7,1937,2026-08-27T11:54:53.106833+00:00,
repair_stage_file,,repair_stage,benchmark\external-real-v8-grounded\repair-stage\mutants\EXT_E069.owl,e3dd3437687d7f553441e674f74a19dbad165789552dd4317d9c498a02bb5935,2057,2026-08-27T11:54:53.115720+00:00,
repair_stage_file,,repair_stage,benchmark\external-real-v8-grounded\repair-stage\mutants\EXT_E070.owl,37318594c4b6c1f6ecc9ffe764d05a32a9ae72e77a0991bf33ac6d89fba49e69,2039,2026-08-27T11:54:53.125305+00:00,
repair_stage_file,,repair_stage,benchmark\external-real-v8-grounded\repair-stage\mutants\EXT_E071.owl,a0aae029b6ee5d8ae13387bbd60048ea8a438d260ca44f2afaa3154e8e08ece7,2019,2026-08-27T11:54:53.126794+00:00,
repair_stage_file,,repair_stage,benchmark\external-real-v8-grounded\repair-stage\mutants\EXT_E072.owl,eb697dfd6655229569690f9b026e5ce95135cedd6ad412fa9968b18738a21f94,2026,2026-08-27T11:54:53.134980+00:00,
repair_stage_file,,repair_stage,benchmark\external-real-v8-grounded\repair-stage\mutants\EXT_E073.owl,036230fbde23836b325330b115512d063731debc0c2f810735a75d08523e23d4,2039,2026-08-27T11:54:53.135978+00:00,
repair_stage_file,,repair_stage,benchmark\external-real-v8-grounded\repair-stage\mutants\EXT_E074.owl,89455c2d639a0a959f7412aecfb3c775ff454ba7bc33d3c7ce02e4b8e74aa20c,2019,2026-08-27T11:54:53.135978+00:00,
repair_stage_file,,repair_stage,benchmark\external-real-v8-grounded\repair-stage\mutants\EXT_E075.owl,26e5e811e9fb0ceba14d7570f4df1213d3df41f28c908f20e6e7c703196c00f0,2037,2026-08-27T11:54:53.137434+00:00,
repair_stage_file,,repair_stage,benchmark\external-real-v8-grounded\repair-stage\mutants\EXT_E076.owl,99c02ac357ccd8f7c5d43380c730836cdd591d33227a68fd684814cfc74fcc41,2030,2026-08-27T11:54:53.137434+00:00,
repair_stage_file,,repair_stage,benchmark\external-real-v8-grounded\repair-stage\mutants\EXT_E077.owl,912116e12e79b6ba9c2f9bf1d916b9d99ae3286084f1e23e625df44373871fce,2020,2026-08-27T11:54:53.138916+00:00,
repair_stage_file,,repair_stage,benchmark\external-real-v8-grounded\repair-stage\mutants\EXT_E078.owl,344233527057f9c24136cbf2ca76c84f0f5cb3b244189efae877e842eb2cda39,2007,2026-08-27T11:54:53.146581+00:00,
repair_stage_file,,repair_stage,benchmark\external-real-v8-grounded\repair-stage\mutants\EXT_E079.owl,69eb986111d83839675ac9490856d64127f7ff12cca75d3ffd2396181dc1a4cb,2024,2026-08-27T11:54:53.148626+00:00,
repair_stage_file,,repair_stage,benchmark\external-real-v8-grounded\repair-stage\mutants\EXT_E080.owl,bb186ebc1c7616cbfad0cfc6aade8ad3ccaa092ec9ed9441fa1b34988aeedcbd,2001,2026-08-27T11:54:53.148626+00:00,
repair_stage_file,,repair_stage,benchmark\external-real-v8-grounded\repair-stage\mutants\EXT_E081.owl,7e7a189cd68e98d622ae7bc97d168edfd50ab77d8247ae081ffada47fbe21ff8,2030,2026-08-27T11:54:53.157577+00:00,
repair_stage_file,,repair_stage,benchmark\external-real-v8-grounded\repair-stage\mutants\EXT_E082.owl,e539f9f614d6eb689960eebdaad2583ac7d55a957c8cc0d300939b13b8a6e76a,2006,2026-08-27T11:54:53.157577+00:00,
repair_stage_file,,repair_stage,benchmark\external-real-v8-grounded\repair-stage\mutants\EXT_E083.owl,b52a724f2d6ec5520742dbfe036ab59a074db668d2929a0087a94647b4429bc1,2043,2026-08-27T11:54:53.158917+00:00,
repair_stage_file,,repair_stage,benchmark\external-real-v8-grounded\repair-stage\mutants\EXT_E084.owl,4e91f75b5a9a2d88c67e13281db1b7b47798844a79bc049a00b69d4e816ba451,2014,2026-08-27T11:54:53.159977+00:00,
repair_stage_file,,repair_stage,benchmark\external-real-v8-grounded\repair-stage\mutants\EXT_E085.owl,17755aa400886634a8540d6dc40d091a16b1cd8e80ac3e598a67a9a2d3b6ec53,2004,2026-08-27T11:54:53.160977+00:00,
repair_stage_file,,repair_stage,benchmark\external-real-v8-grounded\repair-stage\mutants\EXT_E086.owl,0b459ef04c962da5c0c52252fcd196b7c8e5432276cca334d13fd60490b7b5a4,2018,2026-08-27T11:54:53.171737+00:00,
repair_stage_file,,repair_stage,benchmark\external-real-v8-grounded\repair-stage\mutants\EXT_E087.owl,25a4c7f4e9e09901cfd2e93d046bf31123227d4a8050dc903d710a1cbe60730d,2003,2026-08-27T11:54:53.172737+00:00,
repair_stage_file,,repair_stage,benchmark\external-real-v8-grounded\repair-stage\mutants\EXT_E088.owl,53c0b90f6c685698ce31d3cf37c151ce039028f938609fd58e8a4fbc368e5bb0,2011,2026-08-27T11:54:53.174001+00:00,
repair_stage_file,,repair_stage,benchmark\external-real-v8-grounded\repair-stage\mutants\EXT_E089.owl,21a1bbee1148ad89e6e27cd10b2c0058af6b51f0b78e66fadb7a0614b4c2c223,2007,2026-08-27T11:54:53.174001+00:00,
repair_stage_file,,repair_stage,benchmark\external-real-v8-grounded\repair-stage\mutants\EXT_E090.owl,9166fb7fd8bff54764815086fba2d876675bd20cf3c06dca27c9b8c45f247fa5,1991,2026-08-27T11:54:53.175043+00:00,
repair_stage_file,,repair_stage,benchmark\external-real-v8-grounded\repair-stage\mutants\EXT_E091.owl,77705c7b6b77aaf115139ea7a55fa4922cf90054f3e747ea81bbf392600bbeec,1971,2026-08-27T11:54:53.175043+00:00,
repair_stage_file,,repair_stage,benchmark\external-real-v8-grounded\repair-stage\mutants\EXT_E092.owl,dcf64d4e8f04b941205f6c069ef368ddd0439c301fca46585479cbb22f725052,2032,2026-08-27T11:54:53.177520+00:00,
repair_stage_file,,repair_stage,benchmark\external-real-v8-grounded\repair-stage\mutants\EXT_E093.owl,d5d6c8eab88d3743e6a6d69b301e7b09ad595694152a869eb08d840f56e99c69,2001,2026-08-27T11:54:53.177520+00:00,
repair_stage_file,,repair_stage,benchmark\external-real-v8-grounded\repair-stage\mutants\EXT_E094.owl,5c1747f948b6ec4db6dadf3ba42d6612dc8b708e21d43f0b21727413e76d1550,1996,2026-08-27T11:54:53.187217+00:00,
repair_stage_file,,repair_stage,benchmark\external-real-v8-grounded\repair-stage\mutants\EXT_E095.owl,2e1638c129e20b8d62351fa7db65577eb32a9c9df056074119cf37e5b91247c9,2003,2026-08-27T11:54:53.187217+00:00,
repair_stage_file,,repair_stage,benchmark\external-real-v8-grounded\repair-stage\mutants\EXT_E096.owl,1d8dd470b5829376f56b443cdb4e04bde995842c7a9dba09f8651703fcb45690,1998,2026-08-27T11:54:53.189681+00:00,
repair_stage_file,,repair_stage,benchmark\external-real-v8-grounded\repair-stage\mutants\EXT_E097.owl,becd034757fb9ca9a274afe41403dad6fac7ad43c6d9d26cbafa481ce3141900,1989,2026-08-27T11:54:53.189681+00:00,
repair_stage_file,,repair_stage,benchmark\external-real-v8-grounded\repair-stage\mutants\EXT_E098.owl,e0aaeadf75b76219dc959e8ceb1f250485885e2dfe7bc4eb2c6318fa3014e223,1991,2026-08-27T11:54:53.191869+00:00,
repair_stage_file,,repair_stage,benchmark\external-real-v8-grounded\repair-stage\mutants\EXT_E099.owl,813758b61a9d0fb0da5ed99c04e91357353671b6f83b6fecb678f6c2839b5b03,1975,2026-08-27T11:54:53.191869+00:00,
repair_stage_file,,repair_stage,benchmark\external-real-v8-grounded\repair-stage\mutants\EXT_E100.owl,c9fa0696c20af5bcadcaf00879ef988967845c09c231dbc40df474748eaa9dcc,2057,2026-08-27T11:54:53.201366+00:00,
repair_stage_file,,repair_stage,benchmark\external-real-v8-grounded\repair-stage\mutants\EXT_E101.owl,960e1452b067a3affce31fb331bb53804c6d29f447bd4bfc120084c42985c452,2057,2026-08-27T11:54:53.202369+00:00,
repair_stage_file,,repair_stage,benchmark\external-real-v8-grounded\repair-stage\mutants\EXT_E102.owl,2d2d2df6bc8acd3d3f847ef3d6063c3f64ef6b403001a37aff44cbe3231c5312,2074,2026-08-27T11:54:53.212602+00:00,
repair_stage_file,,repair_stage,benchmark\external-real-v8-grounded\repair-stage\mutants\EXT_E103.owl,929b7cea0987ac67b3099120941043540dcbee156ff882a67f94370c0d825d07,2033,2026-08-27T11:54:53.213763+00:00,
repair_stage_file,,repair_stage,benchmark\external-real-v8-grounded\repair-stage\mutants\EXT_E104.owl,cf94a4d0dff697cabac024b747d535230f7f12e6e939c15872df9458cf8a6d66,2042,2026-08-27T11:54:53.214762+00:00,
repair_stage_file,,repair_stage,benchmark\external-real-v8-grounded\repair-stage\mutants\EXT_E105.owl,d70b71e8873f58776244c2784ff91c8e3db2fbf96d50703b7481d8cd6d55e26b,2058,2026-08-27T11:54:53.222982+00:00,
repair_stage_file,,repair_stage,benchmark\external-real-v8-grounded\repair-stage\mutants\EXT_E106.owl,aa4fc76a96e8f6460f3ada37b8e643cb4e7c50522c1ab838cfc767e02e0db80c,1975,2026-08-27T11:54:53.224262+00:00,
repair_stage_file,,repair_stage,benchmark\external-real-v8-grounded\repair-stage\mutants\EXT_E107.owl,958aed3c1f4a42ddbbaae2d333673f11cef2419d23efe35f4a02f41a88b6acd6,1977,2026-08-27T11:54:53.224262+00:00,
repair_stage_file,,repair_stage,benchmark\external-real-v8-grounded\repair-stage\mutants\EXT_E108.owl,ac5ab6c95771ba4e94c58d8a8848c6f4231a2cf53cd1602c4e91f9f4afa03a90,2014,2026-08-27T11:54:53.234399+00:00,
repair_stage_file,,repair_stage,benchmark\external-real-v8-grounded\repair-stage\mutants\EXT_E109.owl,63ad84ad59d3c9cc2f1d519f44052bc288ff75eaedf823574e18e7e0bcb03d65,1973,2026-08-27T11:54:53.243393+00:00,
repair_stage_file,,repair_stage,benchmark\external-real-v8-grounded\repair-stage\mutants\EXT_E110.owl,ed972d29e97570039633a8e766e9451b06fce143a443759722efa689dcac3e76,1992,2026-08-27T11:54:53.252397+00:00,
repair_stage_file,,repair_stage,benchmark\external-real-v8-grounded\repair-stage\mutants\EXT_E111.owl,5002e25413188d5174eb7ada0519031836344f4266b86dcf5af37f395d4b2879,2003,2026-08-27T11:54:53.255090+00:00,
repair_stage_file,,repair_stage,benchmark\external-real-v8-grounded\repair-stage\mutants\EXT_E112.owl,fd925e636671a0a09ec65a433c12b849f8d70d47b5ca2531c9496bb12a544f1e,2006,2026-08-27T11:54:53.263770+00:00,
repair_stage_file,,repair_stage,benchmark\external-real-v8-grounded\repair-stage\mutants\EXT_E113.owl,4139804562c0445e3d1595ec9bced06520d63fbd226e4ca9297244f3aea509fa,1980,2026-08-27T11:54:53.273427+00:00,
repair_stage_file,,repair_stage,benchmark\external-real-v8-grounded\repair-stage\mutants\EXT_E114.owl,7c8a80e7eb7f2380a78201ea17d6edd6b93288329e55e15d4690163f75be34b4,1974,2026-08-27T11:54:53.283528+00:00,
repair_stage_file,,repair_stage,benchmark\external-real-v8-grounded\repair-stage\mutants\EXT_E115.owl,de3fb458ebefa154bfe92491f40a3f7f7e29e51c09fd1eb97d624f09ef2611d1,1965,2026-08-27T11:54:53.284807+00:00,
repair_stage_file,,repair_stage,benchmark\external-real-v8-grounded\repair-stage\mutants\EXT_E116.owl,a20673afadaf86324fad74a1d3901bf5ca8751961668f11330ceeb17c4cf2678,1971,2026-08-27T11:54:53.286207+00:00,
repair_stage_file,,repair_stage,benchmark\external-real-v8-grounded\repair-stage\mutants\EXT_E117.owl,59436391acbf34edeb4e9ff239e8ae647042d314746fc7c6a6e2080727269565,1985,2026-08-27T11:54:53.295893+00:00,
repair_stage_file,,repair_stage,benchmark\external-real-v8-grounded\repair-stage\mutants\EXT_E118.owl,be6d291e4f5ba7f2d3f82cac775ab4ff0b4a3078a0e82a892c33cba898af586e,1986,2026-08-27T11:54:53.296896+00:00,
repair_stage_file,,repair_stage,benchmark\external-real-v8-grounded\repair-stage\mutants\EXT_E119.owl,5fffea57f7071eae0095a883815983c3e32d5d261981b8362bbd386a51147c6f,1991,2026-08-27T11:54:53.305299+00:00,
repair_stage_file,,repair_stage,benchmark\external-real-v8-grounded\repair-stage\mutants\EXT_E120.owl,c27039ed8c32f2cafde12a8e822a707f7af858ac8c0926fbc60602323699177d,1966,2026-08-27T11:54:53.306564+00:00,
repair_stage_file,,repair_stage,benchmark\external-real-v8-grounded\repair-stage\mutants\EXT_E121.owl,aed5008d8a3d0aefb6350f569fadbbfdbcb826be80fec8a5eec5a824f30d68ab,1958,2026-08-27T11:54:53.307564+00:00,
repair_stage_file,,repair_stage,benchmark\external-real-v8-grounded\repair-stage\mutants\EXT_E122.owl,7c00dc88aa36dcee3970c7576d7a0f915c2f82b452b9485a6e8d056ec990534d,1975,2026-08-27T11:54:53.308568+00:00,
repair_stage_file,,repair_stage,benchmark\external-real-v8-grounded\repair-stage\mutants\EXT_E123.owl,ee353ef56064fec6851f3727f10409157432843148938330d8506844da44ca74,1978,2026-08-27T11:54:53.308568+00:00,
repair_stage_file,,repair_stage,benchmark\external-real-v8-grounded\repair-stage\mutants\EXT_E124.owl,0628001999c59d20722c5b9ec8edf95903c3d62e005588e72e79e78645dad4ef,1992,2026-08-27T11:54:53.309624+00:00,
repair_stage_file,,repair_stage,benchmark\external-real-v8-grounded\repair-stage\mutants\EXT_E125.owl,1d01338e805a3bb27806a8175bae7329414b18e68298abffcc61712881bb8e8e,1985,2026-08-27T11:54:53.310624+00:00,
repair_stage_file,,repair_stage,benchmark\external-real-v8-grounded\repair-stage\mutants\EXT_E126.owl,19f26a6f5a608cfc80cff59b0e1954fe5c2753a44177779209cc118967e6863f,1983,2026-08-27T11:54:53.320507+00:00,
repair_stage_file,,repair_stage,benchmark\external-real-v8-grounded\repair-stage\mutants\EXT_E127.owl,3caa0790a771bd6c9fa9de365bf5a42e1b8f6eb9e7f06b60d8140ef9f30e013d,1969,2026-08-27T11:54:53.320507+00:00,
repair_stage_file,,repair_stage,benchmark\external-real-v8-grounded\repair-stage\mutants\EXT_E128.owl,39d11e6b266cf552b57304d116ca61b8067ef7d077a828d79a0ff68583523b99,1986,2026-08-27T11:54:53.321755+00:00,
repair_stage_file,,repair_stage,benchmark\external-real-v8-grounded\repair-stage\mutants\EXT_E129.owl,89728c0a91b34bbed10fb4464824569579ae36d74eecd7034767a52c10ffc5b3,1976,2026-08-27T11:54:53.332095+00:00,
repair_stage_file,,repair_stage,benchmark\external-real-v8-grounded\repair-stage\mutants\EXT_E130.owl,10db580851fc80824c14d168ab0da1c506e555f761e53a6120ecfc1928859fa9,1983,2026-08-27T11:54:53.333096+00:00,
repair_stage_file,,repair_stage,benchmark\external-real-v8-grounded\repair-stage\mutants\EXT_E131.owl,680acac41d005f92020e4d018dbbf8db513c53f8188e739ccbdfddbc76d40b04,1976,2026-08-27T11:54:53.335101+00:00,
repair_stage_file,,repair_stage,benchmark\external-real-v8-grounded\repair-stage\mutants\EXT_E132.owl,6defddc2ff39822334476e50b1c05463678b0fe982391caaa89ce0cf18fb6360,1965,2026-08-27T11:54:53.343694+00:00,
repair_stage_file,,repair_stage,benchmark\external-real-v8-grounded\repair-stage\mutants\EXT_E133.owl,074a845e2ab86c0ef9e6955ba601dbc0da2af820563ac8fc7e74c04fd1722662,1989,2026-08-27T11:54:53.344696+00:00,
repair_stage_file,,repair_stage,benchmark\external-real-v8-grounded\repair-stage\mutants\EXT_E134.owl,607ffbd8693ea602a8e9bccce43bdf50b7eababd896f879e510a2cd09e0c3308,2002,2026-08-27T11:54:53.345694+00:00,
repair_stage_file,,repair_stage,benchmark\external-real-v8-grounded\repair-stage\mutants\EXT_E136.owl,1529c47d4e6abe57f44708f12de320dc3cd27e2fd51915dfe749b8e32bdd0f57,1994,2026-08-27T11:54:53.357013+00:00,
repair_stage_file,,repair_stage,benchmark\external-real-v8-grounded\repair-stage\mutants\EXT_E137.owl,78f359ad43ed9e55522b3ec413b25ee8ed390737d13fb9a091d6e40e11ee6706,2007,2026-08-27T11:54:53.366002+00:00,
repair_stage_file,,repair_stage,benchmark\external-real-v8-grounded\repair-stage\mutants\EXT_E139.owl,a4a199c1c00715caa2225e9abf8450a5b21d1d0fdd9fa836493169e4440e252f,1981,2026-08-27T11:54:53.376485+00:00,
repair_stage_file,,repair_stage,benchmark\external-real-v8-grounded\repair-stage\mutants\EXT_E140.owl,8b094aba6aa1a668cf061edceafe78d77fd6643f89468e154d601e5a0908ded0,2017,2026-08-27T11:54:53.377672+00:00,
repair_stage_file,,repair_stage,benchmark\external-real-v8-grounded\repair-stage\mutants\EXT_E141.owl,564a789451ca30b936eb84b223c640cf240abf6f1c2decd723e6cf6aeab3b232,2013,2026-08-27T11:54:53.386456+00:00,
repair_stage_file,,repair_stage,benchmark\external-real-v8-grounded\repair-stage\mutants\EXT_E142.owl,07e831aba774256b1686edb2c2b92e6538977d6c6f158b105e050cd397e2f08b,2010,2026-08-27T11:54:53.387649+00:00,
repair_stage_file,,repair_stage,benchmark\external-real-v8-grounded\repair-stage\mutants\EXT_E144.owl,4336a8b419bcdb957bfdaf4c0ee94edda4af3424052dea9b1456a72e6f04daf4,1979,2026-08-27T11:54:53.406749+00:00,
repair_stage_file,,repair_stage,benchmark\external-real-v8-grounded\repair-stage\mutants\EXT_E145.owl,ed96abb206b3ed47b3264b9d004f388da0c3d127b52fd77b6ea3675c3c11c3d2,2006,2026-08-27T11:54:53.406749+00:00,
repair_stage_file,,repair_stage,benchmark\external-real-v8-grounded\repair-stage\mutants\EXT_E146.owl,f4751c732617b2c3a6e1ec29a71c69893f5ea648c417a5c501b0693ee309ca3f,2000,2026-08-27T11:54:53.407746+00:00,
repair_stage_file,,repair_stage,benchmark\external-real-v8-grounded\repair-stage\mutants\EXT_E147.owl,39b75b5f4b1863c5abf2899e1cce6837b2d099822290092f787d033537269bdf,1983,2026-08-27T11:54:53.417387+00:00,
repair_stage_file,,repair_stage,benchmark\external-real-v8-grounded\repair-stage\mutants\EXT_E148.owl,d314d40ed0c9efd8464aa52dd034366c9b65a57f56a3bacd31971543c1f547f1,2002,2026-08-27T11:54:53.418871+00:00,
repair_stage_file,,repair_stage,benchmark\external-real-v8-grounded\repair-stage\mutants\EXT_E149.owl,d1f5ae1499dd1281139433d4f42f7859a97f4044b561d5fdea2dc1d06b5ae95e,2006,2026-08-27T11:54:53.419375+00:00,
repair_stage_file,,repair_stage,benchmark\external-real-v8-grounded\repair-stage\mutants\EXT_E153.owl,435d2d89f45bcaacf9fe329055623f6fc9acea2166ee594ed6b333f2d27c900a,2013,2026-08-27T11:54:53.439823+00:00,
repair_stage_file,,repair_stage,benchmark\external-real-v8-grounded\repair-stage\mutants\EXT_E154.owl,e29d9aeff90b60c82948dd9ba05a20f049d2e9fc3a651517459d11dcd06e12d8,2004,2026-08-27T11:54:53.448586+00:00,
repair_stage_file,,repair_stage,benchmark\external-real-v8-grounded\repair-stage\mutants\EXT_E155.owl,beb0112b684fea58d71710433721313082b2bd7404dbae7786a7be01b6f783a2,2036,2026-08-27T11:54:53.449630+00:00,
repair_stage_file,,repair_stage,benchmark\external-real-v8-grounded\repair-stage\mutants\EXT_E156.owl,1034528e7fd0536b1bfda94fae18bf1c10e1c93734ecfa9dae287f56fd0645bc,1976,2026-08-27T11:54:53.450969+00:00,
repair_stage_file,,repair_stage,benchmark\external-real-v8-grounded\repair-stage\mutants\EXT_E157.owl,fedc23882a453a88dda154fa578d2cdd92f2d3aeecbc01471f90deb1d320c372,2019,2026-08-27T11:54:53.452175+00:00,
repair_stage_file,,repair_stage,benchmark\external-real-v8-grounded\repair-stage\mutants\EXT_E160.owl,bc9996c836bcf7be39ed8cde6fd04b61c46054c22c1df18af3d28b9462ca3330,2029,2026-08-27T11:54:53.464070+00:00,
repair_stage_file,,repair_stage,benchmark\external-real-v8-grounded\repair-stage\mutants\EXT_E161.owl,58a46bd98492c0e35ac1e25ec6dd09ad071a6e6285fafe274a36ff728153b3b0,1988,2026-08-27T11:54:53.465552+00:00,
repair_stage_file,,repair_stage,benchmark\external-real-v8-grounded\repair-stage\mutants\EXT_E162.owl,b364f64afaaaf69d5fd2a284080035a079dc9f4d67b32e1646a5a2f7d6746440,2031,2026-08-27T11:54:53.466724+00:00,
repair_stage_file,,repair_stage,benchmark\external-real-v8-grounded\repair-stage\mutants\EXT_E163.owl,6a2d95cd65d85a26bc6cefcda14f1fb28b923841f2c276c082e23aacd8207a03,1992,2026-08-27T11:54:53.466724+00:00,
repair_stage_file,,repair_stage,benchmark\external-real-v8-grounded\repair-stage\mutants\EXT_E164.owl,81f7832fca7e70eb58b0c90efc1b64580c654f97ac681d0e607524d19daae557,2006,2026-08-27T11:54:53.467955+00:00,
repair_stage_file,,repair_stage,benchmark\external-real-v8-grounded\repair-stage\mutants\EXT_E165.owl,6bb79298db59be4fb487378df06bb958ac44f289f207e70646998135a5274ff5,2003,2026-08-27T11:54:53.469271+00:00,
repair_stage_file,,repair_stage,benchmark\external-real-v8-grounded\repair-stage\mutants\EXT_E166.owl,140088f1962273e19da3662be2ee2505b52d81b084bd4a1173b89114c1ab2d36,2009,2026-08-27T11:54:53.477501+00:00,
repair_stage_file,,repair_stage,benchmark\external-real-v8-grounded\repair-stage\mutants\EXT_E167.owl,05d798706d1ff4573297997a914da72966c36168877420dc691c07079da49fa9,2020,2026-08-27T11:54:53.477501+00:00,
repair_stage_file,,repair_stage,benchmark\external-real-v8-grounded\repair-stage\mutants\EXT_E168.owl,067e55764aacbdaf6d2b8bd21f1aef0592ceacd16da86c2cb3df1b74e8dfabe2,2018,2026-08-27T11:54:53.478923+00:00,
repair_stage_file,,repair_stage,benchmark\external-real-v8-grounded\repair-stage\mutants\EXT_E169.owl,a8d5f2d0032cd773f2d10474c9a74423cf85c34bc021253b1b799c4d28f49f6b,2008,2026-08-27T11:54:53.478923+00:00,
repair_stage_file,,repair_stage,benchmark\external-real-v8-grounded\repair-stage\mutants\EXT_E170.owl,c66e096cb9d52cae1771b3a70429799b338aa4fab0cfdfc57e4bcdf7090251cf,2004,2026-08-27T11:54:53.480314+00:00,
repair_stage_file,,repair_stage,benchmark\external-real-v8-grounded\repair-stage\mutants\EXT_E171.owl,f4f0fcb9d9bd2e392ad82ffb7440378da9330c45e4edfd07ed534b7f3584078c,2020,2026-08-27T11:54:53.488567+00:00,
repair_stage_file,,repair_stage,benchmark\external-real-v8-grounded\repair-stage\mutants\EXT_E172.owl,92705d4af1d8c27ca99318e62f5f702a9a7044a6688592ffca052da9ef63ab49,1985,2026-08-27T11:54:53.489942+00:00,
repair_stage_file,,repair_stage,benchmark\external-real-v8-grounded\repair-stage\mutants\EXT_E173.owl,c247a907151ff5c65b520a07f5a8aae1ff05713c95b5d6eae718905151dc4136,2009,2026-08-27T11:54:53.497927+00:00,
repair_stage_file,,repair_stage,benchmark\external-real-v8-grounded\repair-stage\mutants\EXT_E174.owl,7a4fd9bdacf51860eea0a67e8c2519bbc716fbd4ab7d0f9a75c442b42d0cdda9,2021,2026-08-27T11:54:53.499238+00:00,
repair_stage_file,,repair_stage,benchmark\external-real-v8-grounded\repair-stage\mutants\EXT_E175.owl,9715c8b2f8e0b7b20283ba8735e2d6daee444b36e645969b69113ffd732c0c75,2003,2026-08-27T11:54:53.500238+00:00,
repair_stage_file,,repair_stage,benchmark\external-real-v8-grounded\repair-stage\mutants\EXT_E176.owl,231e5b53624e4a193c616790a97001a43b948a4b384969e47830159093a5b85e,1972,2026-08-27T11:54:53.508778+00:00,
repair_stage_file,,repair_stage,benchmark\external-real-v8-grounded\repair-stage\mutants\EXT_E177.owl,c3b92fc079f57ce341aee8aa0064a7272510aab50db6c570eaffbe76671da0c5,2029,2026-08-27T11:54:53.518140+00:00,
repair_stage_file,,repair_stage,benchmark\external-real-v8-grounded\repair-stage\mutants\EXT_E178.owl,8e0a6ff34ecde8e75836f7dc76e3fcfd661cd76eb2fe85fe3f92756a85f27293,1994,2026-08-27T11:54:53.527847+00:00,
repair_stage_file,,repair_stage,benchmark\external-real-v8-grounded\repair-stage\mutants\EXT_E179.owl,b13800302405f25338e8e79b1b2b0b5f9303508334bb45d42db09695c6ae6ce7,1990,2026-08-27T11:54:53.529324+00:00,
repair_stage_file,,repair_stage,benchmark\external-real-v8-grounded\repair-stage\mutants\EXT_E180.owl,7260eaf934e57dae7338c3e356f839a85305d7bea55a5e4951b543b8424fe398,1992,2026-08-27T11:54:53.530459+00:00,
repair_stage_file,,repair_stage,benchmark\external-real-v8-grounded\repair-stage\mutants\EXT_E181.owl,21f703c5db4a0becbef795283f4b4bce3d8dcfbe2d2596d93a5968a7fa30f91b,2023,2026-08-27T11:54:53.531458+00:00,
repair_stage_file,,repair_stage,benchmark\external-real-v8-grounded\repair-stage\mutants\EXT_E182.owl,089702b44c141a9528113fe40930b711e29df63738517c00ecfe40641ef8412f,1997,2026-08-27T11:54:53.532461+00:00,
repair_stage_file,,repair_stage,benchmark\external-real-v8-grounded\repair-stage\mutants\EXT_E183.owl,bcaad4f7ded46cd2619feb3fd211f3f839fdb89700f879b70cb51c26fc9838ff,1993,2026-08-27T11:54:53.533679+00:00,
repair_stage_file,,repair_stage,benchmark\external-real-v8-grounded\repair-stage\mutants\EXT_E184.owl,c8ec90c3dd923e4b70ba098b9e8c7bbe6127b66c04db442a139b66eae5430f16,2009,2026-08-27T11:54:53.534684+00:00,
repair_stage_file,,repair_stage,benchmark\external-real-v8-grounded\repair-stage\mutants\EXT_E185.owl,3aa9119e9215ccb1082bd0510afbd9e45d4b694b4c281b6a4f90a843938eb0a1,2000,2026-08-27T11:54:53.536081+00:00,
repair_stage_file,,repair_stage,benchmark\external-real-v8-grounded\repair-stage\mutants\EXT_E186.owl,f09fddc97f27eda67338755670677a8b655ac43743392757d18456e523ded9a8,2025,2026-08-27T11:54:53.536081+00:00,
repair_stage_file,,repair_stage,benchmark\external-real-v8-grounded\repair-stage\mutants\EXT_E187.owl,2f9b87ac9b6f3a91a8ed421412a62bf18df684c61847c638a511d97c230384c0,1989,2026-08-27T11:54:53.537127+00:00,
repair_stage_file,,repair_stage,benchmark\external-real-v8-grounded\repair-stage\mutants\EXT_E188.owl,046296929cd23f76a10fede62fca1737ba792370c0ffffe1259cb090b0502a2f,1997,2026-08-27T11:54:53.537127+00:00,
repair_stage_file,,repair_stage,benchmark\external-real-v8-grounded\repair-stage\mutants\EXT_E189.owl,328b4d390577b7f994641059308a3b231d971349b9de1ac3afde19834b97d5fd,2018,2026-08-27T11:54:53.538607+00:00,
repair_stage_file,,repair_stage,benchmark\external-real-v8-grounded\repair-stage\mutants\EXT_E190.owl,0fe01d23b631a190a1e14e6935fa5b7c33b46472877e16aa5ec8496627259aa6,1997,2026-08-27T11:54:53.540110+00:00,
repair_stage_file,,repair_stage,benchmark\external-real-v8-grounded\repair-stage\mutants\EXT_E191.owl,6c2fbe675d731a6ded94fdc4c634b8663e1231471d1f366124e550c26c35c3c9,2004,2026-08-27T11:54:53.541113+00:00,
repair_stage_file,,repair_stage,benchmark\external-real-v8-grounded\repair-stage\mutants\EXT_E192.owl,188df8fef713a19d50c18155b677ef2293075d62647c429601797f2b717f2865,2007,2026-08-27T11:54:53.541113+00:00,
repair_stage_file,,repair_stage,benchmark\external-real-v8-grounded\repair-stage\mutants\EXT_E193.owl,979518774573a4a22020bec77ad642af387210ef67374949596b3201cdccca28,2009,2026-08-27T11:54:53.542295+00:00,
repair_stage_file,,repair_stage,benchmark\external-real-v8-grounded\repair-stage\mutants\EXT_E195.owl,1f685163d8e1f3b6654e384d7206117318689456341d8967ae5eabcc23e0a6a5,2010,2026-08-27T11:54:53.543741+00:00,
repair_stage_file,,repair_stage,benchmark\external-real-v8-grounded\repair-stage\mutants\EXT_E196.owl,2fed5e917366784a93f03d77300b22dae78fbcc16d190e1dc947069e31ca6c8e,1972,2026-08-27T11:54:53.544744+00:00,
repair_stage_file,,repair_stage,benchmark\external-real-v8-grounded\repair-stage\mutants\EXT_E197.owl,1ba7680d9783c822e5f3a7f619d964237008ebc018f987c49cf164a55e823c1d,1963,2026-08-27T11:54:53.553647+00:00,
repair_stage_file,,repair_stage,benchmark\external-real-v8-grounded\repair-stage\mutants\EXT_E198.owl,00e4d23f6f539a5911ed3cf67cc9cb464557d48a5a12ad7ec27443690f18be75,2004,2026-08-27T11:54:53.555146+00:00,
repair_stage_file,,repair_stage,benchmark\external-real-v8-grounded\repair-stage\mutants\EXT_E199.owl,8b5dfb3c893b0df70a57accedbabcb953e1c4275d9f97a935eb81a643f07f095,1988,2026-08-27T11:54:53.556271+00:00,
repair_stage_file,,repair_stage,benchmark\external-real-v8-grounded\repair-stage\mutants\EXT_E200.owl,3cdc4d21d5d3bc856dd03d0f443b745dffd6e61a6cc13ed5aa1a47412d9a4efe,1984,2026-08-27T11:54:53.557272+00:00,
repair_stage_file,,repair_stage,benchmark\external-real-v8-grounded\repair-stage\mutants\EXT_E201.owl,edd08f9b72d93ebe78b97f2acfd738a910a7e9bc710ea8ecd5995008517d9691,1998,2026-08-27T11:54:53.558501+00:00,
repair_stage_file,,repair_stage,benchmark\external-real-v8-grounded\repair-stage\mutants\EXT_E202.owl,8fc9bc31fcbff65a97fd0f1cfa863329551606aa8364806b83731bd2d2fc9d85,1991,2026-08-27T11:54:53.558501+00:00,
repair_stage_file,,repair_stage,benchmark\external-real-v8-grounded\repair-stage\mutants\EXT_E203.owl,38194a0cec5cbd4bf0c6942257beb092631845202fa2f9768aad1632475731e8,1982,2026-08-27T11:54:53.559496+00:00,
repair_stage_file,,repair_stage,benchmark\external-real-v8-grounded\repair-stage\mutants\EXT_E205.owl,036a3d4cb61e3f815b3fb04fcec79f2f0a3bbb2ed4f5c4528a33ec56dd8f318e,2011,2026-08-27T11:54:53.561816+00:00,
repair_stage_file,,repair_stage,benchmark\external-real-v8-grounded\repair-stage\mutants\EXT_E206.owl,8dd46f3a624516a3d4b0863cebca418263e5cb89aa2a7e4aad9e1ea9e903ba31,1965,2026-08-27T11:54:53.561816+00:00,
repair_stage_file,,repair_stage,benchmark\external-real-v8-grounded\repair-stage\mutants\EXT_E207.owl,bbac9556db234badd553e8ae1a9b6dbc77e9004415573cedba7d4fbf3e091c82,1980,2026-08-27T11:54:53.562875+00:00,
repair_stage_file,,repair_stage,benchmark\external-real-v8-grounded\repair-stage\mutants\EXT_E208.owl,eb3dfb3d9c9d0bd6c0c207447ae744b06a6731144ba323c85f3948a6f4b6bb5b,1984,2026-08-27T11:54:53.563878+00:00,
repair_stage_file,,repair_stage,benchmark\external-real-v8-grounded\repair-stage\mutants\EXT_E209.owl,9132fa8b4e58fef8117f55413c511683719bb9b939aa82f748d58010ef44971e,1965,2026-08-27T11:54:53.564876+00:00,
repair_stage_file,,repair_stage,benchmark\external-real-v8-grounded\repair-stage\mutants\EXT_E210.owl,c6b2536d7e8f0ace657ef12a8f723ee03ba5ead26a115ea3cb8e1f01e606a702,1995,2026-08-27T11:54:53.565874+00:00,
repair_stage_file,,repair_stage,benchmark\external-real-v8-grounded\repair-stage\mutants\EXT_E211.owl,5f954a17d0a6a853dabee1f50f8f8765856166e0b012456d18c12e940e047890,1991,2026-08-27T11:54:53.565874+00:00,
repair_stage_file,,repair_stage,benchmark\external-real-v8-grounded\repair-stage\mutants\EXT_E212.owl,7724c9ba8ebcbbf3776c90934be9bf8c218742dd90ffba0a1eb755ec486d8577,1998,2026-08-27T11:54:53.567284+00:00,
repair_stage_file,,repair_stage,benchmark\external-real-v8-grounded\repair-stage\mutants\EXT_E213.owl,2743196c39662b747032fc8309e9c5833d98ce1301930a1db620099b7002a727,1969,2026-08-27T11:54:53.575761+00:00,
repair_stage_file,,repair_stage,benchmark\external-real-v8-grounded\repair-stage\operations\EXT_E001-CAND_001.json,99f21d2362f2237d092542bfde60e366947ee664d6ab5462f60df000ebad1e6f,593,2026-08-27T14:29:40.257849+00:00,
repair_stage_file,,repair_stage,benchmark\external-real-v8-grounded\repair-stage\operations\EXT_E001-CAND_002.json,db5c25ec3a6e2341f60b8c3ea1e8c4aae7e6e848e1ec1c24d2b85018da3e2415,618,2026-08-27T14:29:40.257849+00:00,
repair_stage_file,,repair_stage,benchmark\external-real-v8-grounded\repair-stage\operations\EXT_E001-CAND_003.json,501f337a67b2746d5010c2134e659bbe186dab3c5d11c151e9e7fb1847b35e6e,619,2026-08-27T14:29:40.258848+00:00,
repair_stage_file,,repair_stage,benchmark\external-real-v8-grounded\repair-stage\operations\EXT_E002-CAND_001.json,f3bec7c9af2da9d2cd965c72448d55df8177bdb06d28cde6099b19fb4cb49e31,639,2026-08-27T14:29:40.258848+00:00,
repair_stage_file,,repair_stage,benchmark\external-real-v8-grounded\repair-stage\operations\EXT_E002-CAND_002.json,ea5100e468003a25fad5dac35f21887fa1821e9e376cc15641c7b6152e4056e0,682,2026-08-27T14:29:40.259352+00:00,
repair_stage_file,,repair_stage,benchmark\external-real-v8-grounded\repair-stage\operations\EXT_E002-CAND_003.json,4b5514cbbd3b0efdf846747d7db65044689d4a6454ae8d4d7a0124c0c706b3c1,637,2026-08-27T14:29:40.259352+00:00,
repair_stage_file,,repair_stage,benchmark\external-real-v8-grounded\repair-stage\operations\EXT_E003-CAND_001.json,f8deca8e1280eba675961b9177f7312609b84938fa4e33b33aa10db31125fb08,633,2026-08-27T14:29:40.259352+00:00,
repair_stage_file,,repair_stage,benchmark\external-real-v8-grounded\repair-stage\operations\EXT_E003-CAND_002.json,4d50f200be974b3e0d5bfafa1779dbcd692036513def29cc60b1c196ae8270bb,624,2026-08-27T14:29:40.259352+00:00,
repair_stage_file,,repair_stage,benchmark\external-real-v8-grounded\repair-stage\operations\EXT_E003-CAND_003.json,1507d09f037b8a545833244ac15f5518cca1099c7bfc180e1e502bdd3f23ee70,621,2026-08-27T14:29:40.260610+00:00,
repair_stage_file,,repair_stage,benchmark\external-real-v8-grounded\repair-stage\operations\EXT_E004-CAND_001.json,c076a4563f01e1c03afb04edbde62ee685af1dc7845a1d63c974a32a5987343b,597,2026-08-27T14:29:40.260610+00:00,
repair_stage_file,,repair_stage,benchmark\external-real-v8-grounded\repair-stage\operations\EXT_E004-CAND_002.json,06cefa8b8f116df33229c92c7b7bdce53880d42124d78f3a497fc17c01821683,600,2026-08-27T14:29:40.260610+00:00,
repair_stage_file,,repair_stage,benchmark\external-real-v8-grounded\repair-stage\operations\EXT_E004-CAND_003.json,2334d33dea2b7b780a2c76af10888fa5db4735eaaebbbf79f384323b01480ba1,601,2026-08-27T14:29:40.261639+00:00,
repair_stage_file,,repair_stage,benchmark\external-real-v8-grounded\repair-stage\operations\EXT_E005-CAND_001.json,2fa53e0bb0a25ab232908712321ea7c16d1ac542be7783edacca58cc3e79baf2,597,2026-08-27T14:29:40.261639+00:00,
repair_stage_file,,repair_stage,benchmark\external-real-v8-grounded\repair-stage\operations\EXT_E005-CAND_002.json,5f53212b8bf71844f1c890dce494ebc6ace9a829d53dd17d5f8190067b456025,601,2026-08-27T14:29:40.261639+00:00,
repair_stage_file,,repair_stage,benchmark\external-real-v8-grounded\repair-stage\operations\EXT_E005-CAND_003.json,3c3c0d62496517b2a5f6587a20e918b36849baef983dd2a61db76d704cd436da,600,2026-08-27T14:29:40.262661+00:00,
repair_stage_file,,repair_stage,benchmark\external-real-v8-grounded\repair-stage\operations\EXT_E006-CAND_001.json,a88d2d9a141a04d3c00f19f110e7342947fc6f7f28f8df1ea31474634188d08c,597,2026-08-27T14:29:40.262661+00:00,
repair_stage_file,,repair_stage,benchmark\external-real-v8-grounded\repair-stage\operations\EXT_E006-CAND_002.json,defcb70d2f49bd2f6f542b16acd52e10e6c9dec7aba5ff4cd3e8ab263a51a5e9,601,2026-08-27T14:29:40.263662+00:00,
repair_stage_file,,repair_stage,benchmark\external-real-v8-grounded\repair-stage\operations\EXT_E006-CAND_003.json,a9aa926c86cbe8c7b94caabdc673243e2d7616cafd7e56d277986d3f5382b481,600,2026-08-27T14:29:40.263662+00:00,
repair_stage_file,,repair_stage,benchmark\external-real-v8-grounded\repair-stage\operations\EXT_E007-CAND_001.json,8e489b1d6ed35800a3ceec45cd3f881c615ea11125e3c88cb14d97613361d46d,596,2026-08-27T14:29:40.263662+00:00,
repair_stage_file,,repair_stage,benchmark\external-real-v8-grounded\repair-stage\operations\EXT_E007-CAND_002.json,37a486e132b4d7305ac3f856931892f3ba5d6cffb068f4b4875bb89182210329,598,2026-08-27T14:29:40.263662+00:00,
repair_stage_file,,repair_stage,benchmark\external-real-v8-grounded\repair-stage\operations\EXT_E007-CAND_003.json,5abe4b8340b9fa74ab682cf1e6afde2f75f94922820fdccf48b91bbb31679923,599,2026-08-27T14:29:40.263662+00:00,
repair_stage_file,,repair_stage,benchmark\external-real-v8-grounded\repair-stage\operations\EXT_E008-CAND_001.json,7ff763664d07bea9beedf6143705fc9b6a531106c56aed406946d05fdd2f310d,596,2026-08-27T14:29:40.264662+00:00,
repair_stage_file,,repair_stage,benchmark\external-real-v8-grounded\repair-stage\operations\EXT_E008-CAND_002.json,39c7dc78e1d865c0d065b5a89a3b4301f823e8d83507fa8fca739ddaba946cbd,598,2026-08-27T14:29:40.264662+00:00,
repair_stage_file,,repair_stage,benchmark\external-real-v8-grounded\repair-stage\operations\EXT_E008-CAND_003.json,6c7bb14c93c000a14ea626469c6653b808a56df72e8a64cc46da1b0a4f11857d,599,2026-08-27T14:29:40.265168+00:00,
repair_stage_file,,repair_stage,benchmark\external-real-v8-grounded\repair-stage\operations\EXT_E009-CAND_001.json,ac6d2cb0a7ea0fc9d64509350be1cfe6fc20a8bdc85cde8abf7f4dab57525683,596,2026-08-27T14:29:40.265168+00:00,
repair_stage_file,,repair_stage,benchmark\external-real-v8-grounded\repair-stage\operations\EXT_E009-CAND_002.json,5ff31edec41df4776ae7bb1939ecfedc3f9e369f1244f57d473227f86145caf1,597,2026-08-27T14:29:40.265168+00:00,
repair_stage_file,,repair_stage,benchmark\external-real-v8-grounded\repair-stage\operations\EXT_E009-CAND_003.json,6355adb025fcd222b1e53d21ec9ac290a6a87a20395fbbd504d8f0a4b04be758,598,2026-08-27T14:29:40.265168+00:00,
repair_stage_file,,repair_stage,benchmark\external-real-v8-grounded\repair-stage\operations\EXT_E010-CAND_001.json,0550f67ea643e5b467fe579ef74c06041f6ff53c86fb63423926f5a5db0cd875,596,2026-08-27T14:29:40.265168+00:00,
repair_stage_file,,repair_stage,benchmark\external-real-v8-grounded\repair-stage\operations\EXT_E010-CAND_002.json,60f12c24d1c6bd3b51f8c4d7b2afc62c12b36ab7a9d7931be1b539bf991e1d25,597,2026-08-27T14:29:40.266171+00:00,
repair_stage_file,,repair_stage,benchmark\external-real-v8-grounded\repair-stage\operations\EXT_E010-CAND_003.json,97e447a02466e6208ab26f4e42f0355f3775633f4e605400022e33f8ab67c8ae,598,2026-08-27T14:29:40.266171+00:00,
repair_stage_file,,repair_stage,benchmark\external-real-v8-grounded\repair-stage\operations\EXT_E011-CAND_001.json,a4e5e05572d6782f4fb703b798e1dc918c17eece85e8edf413d805aa44824c46,596,2026-08-27T14:29:40.266171+00:00,
repair_stage_file,,repair_stage,benchmark\external-real-v8-grounded\repair-stage\operations\EXT_E011-CAND_002.json,dc82535a45a8fa470cf9b7fb0e6897cdb4f0f9bdfa4c2fd363f0bae4bd46de21,598,2026-08-27T14:29:40.266171+00:00,
repair_stage_file,,repair_stage,benchmark\external-real-v8-grounded\repair-stage\operations\EXT_E011-CAND_003.json,3f7ff176be7c021a84a4bbde7dfdd6e14b9e9632043c78193c447a595707ca5e,599,2026-08-27T14:29:40.266171+00:00,
repair_stage_file,,repair_stage,benchmark\external-real-v8-grounded\repair-stage\operations\EXT_E012-CAND_001.json,e84111595a456dfbec76e034b61b87457f5d773e44ed63334b447e0eeb011be3,596,2026-08-27T14:29:40.267173+00:00,
repair_stage_file,,repair_stage,benchmark\external-real-v8-grounded\repair-stage\operations\EXT_E012-CAND_002.json,a27a69e6ee26b6ac3971a1a364b5f19e7654fed8c492dcdb7c73c3eb07c445e4,599,2026-08-27T14:29:40.267173+00:00,
repair_stage_file,,repair_stage,benchmark\external-real-v8-grounded\repair-stage\operations\EXT_E012-CAND_003.json,af9379d4ef3283719c104e7858a41110f79a04b6f3a5d6bca213fc1748662168,598,2026-08-27T14:29:40.267173+00:00,
repair_stage_file,,repair_stage,benchmark\external-real-v8-grounded\repair-stage\operations\EXT_E013-CAND_001.json,08bda9f55d24366717adda6316732e492104f15f6ed28560ecb33e871c6e34b6,601,2026-08-27T14:29:40.267173+00:00,
repair_stage_file,,repair_stage,benchmark\external-real-v8-grounded\repair-stage\operations\EXT_E013-CAND_002.json,3da913ff058b4b8ded34f4d4fd3bd6ffcfebe5d18fab13aacbfa5fb60c9c254c,609,2026-08-27T14:29:40.268658+00:00,
repair_stage_file,,repair_stage,benchmark\external-real-v8-grounded\repair-stage\operations\EXT_E013-CAND_003.json,0be18e7247d52e70a24be7a1536a11a50666a64b727243767076cbf68092937c,610,2026-08-27T14:29:40.268658+00:00,
repair_stage_file,,repair_stage,benchmark\external-real-v8-grounded\repair-stage\operations\EXT_E014-CAND_001.json,c4c0c29b8b198b8b5f440eaa3f7d6ba783f4602f21895b4156e003a51114e7c1,601,2026-08-27T14:29:40.268658+00:00,
repair_stage_file,,repair_stage,benchmark\external-real-v8-grounded\repair-stage\operations\EXT_E014-CAND_002.json,fc26093cc3edf4decea561ba2587243e2a72b825687b104704adb75c4a06db4a,609,2026-08-27T14:29:40.268658+00:00,
repair_stage_file,,repair_stage,benchmark\external-real-v8-grounded\repair-stage\operations\EXT_E014-CAND_003.json,181f0af3a2a9ce89a78821ca498d85a3ca057d8fff3c2c91cb8d6e0ea8e080cd,610,2026-08-27T14:29:40.268658+00:00,
repair_stage_file,,repair_stage,benchmark\external-real-v8-grounded\repair-stage\operations\EXT_E015-CAND_001.json,fc0d977d0833a6f89a464949059cba26c6da1baaf6ac796da953a139c2d8a435,601,2026-08-27T14:29:40.269662+00:00,
repair_stage_file,,repair_stage,benchmark\external-real-v8-grounded\repair-stage\operations\EXT_E015-CAND_002.json,a36ffac4a1a535a9cdb02f67103ed32440b14785ecb6ca3590628dfc5723eb08,610,2026-08-27T14:29:40.269662+00:00,
repair_stage_file,,repair_stage,benchmark\external-real-v8-grounded\repair-stage\operations\EXT_E015-CAND_003.json,c2d294ac2ff092af2002ec8a98fbd0b590ecadb85c1d85de0c8b59edadec10d3,609,2026-08-27T14:29:40.269662+00:00,
repair_stage_file,,repair_stage,benchmark\external-real-v8-grounded\repair-stage\operations\EXT_E016-CAND_001.json,6d91ab7d7f44750bc1042b5ae2760d137808d4716f9ffc1e2ad94892880b04ec,602,2026-08-27T14:29:40.269662+00:00,
repair_stage_file,,repair_stage,benchmark\external-real-v8-grounded\repair-stage\operations\EXT_E016-CAND_002.json,22db96558b11c701c3603d34977fbf81274825b954f178a6793ad1b637939516,611,2026-08-27T14:29:40.270790+00:00,
repair_stage_file,,repair_stage,benchmark\external-real-v8-grounded\repair-stage\operations\EXT_E016-CAND_003.json,f8898d9b89aa453be596540942572ac0546f381b13088f3a8471fb5742f81b43,612,2026-08-27T14:29:40.270790+00:00,
repair_stage_file,,repair_stage,benchmark\external-real-v8-grounded\repair-stage\operations\EXT_E017-CAND_001.json,c42fcf42353dd33b78f2b3d98b8cb8f59f90458e75935d22659deb80f60df896,602,2026-08-27T14:29:40.270790+00:00,
repair_stage_file,,repair_stage,benchmark\external-real-v8-grounded\repair-stage\operations\EXT_E017-CAND_002.json,bc98439fccd69c67a4897a7c27c057348f12cc4cf27285fde7901e2b4e8b2606,611,2026-08-27T14:29:40.270790+00:00,
repair_stage_file,,repair_stage,benchmark\external-real-v8-grounded\repair-stage\operations\EXT_E017-CAND_003.json,08178debc286b1a1649ea1609f1277ffb909a3843731a13468f420e695785a86,612,2026-08-27T14:29:40.270790+00:00,
repair_stage_file,,repair_stage,benchmark\external-real-v8-grounded\repair-stage\operations\EXT_E018-CAND_001.json,1299a83156be6c0d987d2934a8b9d1eb028a22de9e551c0977ef828406fa6d72,602,2026-08-27T14:29:40.271800+00:00,
repair_stage_file,,repair_stage,benchmark\external-real-v8-grounded\repair-stage\operations\EXT_E018-CAND_002.json,f75bf9bd1f4b14d0d5ba4299d0852691788148b92fcea782aec0af4c2fbcd084,611,2026-08-27T14:29:40.271800+00:00,
repair_stage_file,,repair_stage,benchmark\external-real-v8-grounded\repair-stage\operations\EXT_E018-CAND_003.json,61b97eefd0919c96967d9a55c9ed92b09a0236715b0cae4e3cc84ef915bfb86d,612,2026-08-27T14:29:40.271800+00:00,
repair_stage_file,,repair_stage,benchmark\external-real-v8-grounded\repair-stage\operations\EXT_E019-CAND_001.json,4e701c6794c16c80c34b3caa90a2661c13ff5735dd1e18a0d07e1d4e7b5a5749,602,2026-08-27T14:29:40.271800+00:00,
repair_stage_file,,repair_stage,benchmark\external-real-v8-grounded\repair-stage\operations\EXT_E019-CAND_002.json,ab0445a31f4da8a0022744acc3a2973af1a7bfe66e3890b5d7779cf12bcbd922,611,2026-08-27T14:29:40.272799+00:00,
repair_stage_file,,repair_stage,benchmark\external-real-v8-grounded\repair-stage\operations\EXT_E019-CAND_003.json,6269f328d39c9ec1752ade4ab38d0d1fd88d5ce0616a388d7f0b80da961e0b77,612,2026-08-27T14:29:40.272799+00:00,
repair_stage_file,,repair_stage,benchmark\external-real-v8-grounded\repair-stage\operations\EXT_E020-CAND_001.json,76c84ad189b395d1f255456978686415992d6c07478b4f14883a8bd48a688a25,601,2026-08-27T14:29:40.272799+00:00,
repair_stage_file,,repair_stage,benchmark\external-real-v8-grounded\repair-stage\operations\EXT_E020-CAND_002.json,78ce67247aeddd3e5495115a7ab50e2cbd5903468b833b1a2053a005c3bb3ee7,608,2026-08-27T14:29:40.272799+00:00,
repair_stage_file,,repair_stage,benchmark\external-real-v8-grounded\repair-stage\operations\EXT_E020-CAND_003.json,229da22fc2441bf46de5ffbc09630773efeac073316786855e78dd6190de91a4,609,2026-08-27T14:29:40.272799+00:00,
repair_stage_file,,repair_stage,benchmark\external-real-v8-grounded\repair-stage\operations\EXT_E021-CAND_001.json,0289121c1a7bdcc72e5c8206f54fba5bde6f41eb5dab0c7ea6024dfd27bcb125,601,2026-08-27T14:29:40.274216+00:00,
repair_stage_file,,repair_stage,benchmark\external-real-v8-grounded\repair-stage\operations\EXT_E021-CAND_002.json,5812d2e2540aa272617497c27ff449bf6f328a5ba9dd8a459cc9c09fab8f6e8c,609,2026-08-27T14:29:40.274216+00:00,
repair_stage_file,,repair_stage,benchmark\external-real-v8-grounded\repair-stage\operations\EXT_E021-CAND_003.json,4060f7d175b936c3f0add2f7836cfb4038d261d93f067bfe50a7bd07d497a537,610,2026-08-27T14:29:40.274722+00:00,
repair_stage_file,,repair_stage,benchmark\external-real-v8-grounded\repair-stage\operations\EXT_E022-CAND_001.json,df6a7257437deaad5ad2aaf94cf5efa23ced063f970680f74756c0f0af06c480,594,2026-08-27T14:29:40.274722+00:00,
repair_stage_file,,repair_stage,benchmark\external-real-v8-grounded\repair-stage\operations\EXT_E022-CAND_002.json,e918925ae5e0352aee804ce7a26a4217601c07ac5717dbec6ee1a9038bf568cc,600,2026-08-27T14:29:40.274722+00:00,
repair_stage_file,,repair_stage,benchmark\external-real-v8-grounded\repair-stage\operations\EXT_E022-CAND_003.json,669cb180d4a9f1cbc0b5e23d971b0a72b125061c875592398f9d5ff780f6bec0,601,2026-08-27T14:29:40.274722+00:00,
repair_stage_file,,repair_stage,benchmark\external-real-v8-grounded\repair-stage\operations\EXT_E023-CAND_001.json,a6d82165beb64e2da2c0b20c60ce7ac6d1d2de8cbefd5fead4ecb739a7f73bf5,594,2026-08-27T14:29:40.274722+00:00,
repair_stage_file,,repair_stage,benchmark\external-real-v8-grounded\repair-stage\operations\EXT_E023-CAND_002.json,f223c6707983d2490e5c03938f43c983f69e651c9572915df9a3f74143d86b0e,600,2026-08-27T14:29:40.275729+00:00,
repair_stage_file,,repair_stage,benchmark\external-real-v8-grounded\repair-stage\operations\EXT_E023-CAND_003.json,391d0c97cef721db4f01268dbb195fccb4bb8eea773ce2166830b1e5d65f77d3,601,2026-08-27T14:29:40.275729+00:00,
repair_stage_file,,repair_stage,benchmark\external-real-v8-grounded\repair-stage\operations\EXT_E024-CAND_001.json,fb2060af51b04a046c60068d6c82be3eb0063955d28b3dacbcf5c1be8d8bb1fa,594,2026-08-27T14:29:40.275729+00:00,
repair_stage_file,,repair_stage,benchmark\external-real-v8-grounded\repair-stage\operations\EXT_E024-CAND_002.json,ca2b49fc91ac64db1bcccda7ddefa7a622c0d3d43ee065d8a5beccb8b23ec0ff,600,2026-08-27T14:29:40.277830+00:00,
repair_stage_file,,repair_stage,benchmark\external-real-v8-grounded\repair-stage\operations\EXT_E024-CAND_003.json,dbe3b3a2b5c0bc978ac84160fe2f58af892b76caa90ea8ab959b5a7212ac1676,601,2026-08-27T14:29:40.277830+00:00,
repair_stage_file,,repair_stage,benchmark\external-real-v8-grounded\repair-stage\operations\EXT_E025-CAND_001.json,0ba8d688619a3173a55d49db910656191d62a2831cbed8e7a480703e1e64eb8d,612,2026-08-27T14:29:40.277830+00:00,
repair_stage_file,,repair_stage,benchmark\external-real-v8-grounded\repair-stage\operations\EXT_E025-CAND_002.json,cba2fb06eba0e4178ae219f0eb8cf3aa350f2b807f83e6f5e13a0a7ce2e05908,626,2026-08-27T14:29:40.278342+00:00,
repair_stage_file,,repair_stage,benchmark\external-real-v8-grounded\repair-stage\operations\EXT_E025-CAND_003.json,3fa7856de23603d849629ad9efa4f5712a2c881bedc431e203b9fc39921c8098,633,2026-08-27T14:29:40.278342+00:00,
repair_stage_file,,repair_stage,benchmark\external-real-v8-grounded\repair-stage\operations\EXT_E026-CAND_001.json,1eb265cf71afeffe2f7ea7ca7e9e2b332d536d7bf3abb075b652d94460c01c66,618,2026-08-27T14:29:40.278342+00:00,
repair_stage_file,,repair_stage,benchmark\external-real-v8-grounded\repair-stage\operations\EXT_E026-CAND_002.json,98448362ac143212848655b606e60bbc911424af8cc809e2fc4e7926ff93bb64,635,2026-08-27T14:29:40.278342+00:00,
repair_stage_file,,repair_stage,benchmark\external-real-v8-grounded\repair-stage\operations\EXT_E026-CAND_003.json,e95709b8c5a45982de25b6e53293105872451a7001383657bbb62f1cc2c71b05,645,2026-08-27T14:29:40.278342+00:00,
repair_stage_file,,repair_stage,benchmark\external-real-v8-grounded\repair-stage\operations\EXT_E027-CAND_001.json,0a26f370be831d5783b83f56f9ca407c684eca7018785b59dd1e0a6938495ec3,625,2026-08-27T14:29:40.278342+00:00,
repair_stage_file,,repair_stage,benchmark\external-real-v8-grounded\repair-stage\operations\EXT_E027-CAND_002.json,f73fb9a6746a0022ee12029facfd2f7d7661a75a7d1c0fae14d8226c7691d01a,640,2026-08-27T14:29:40.278342+00:00,
repair_stage_file,,repair_stage,benchmark\external-real-v8-grounded\repair-stage\operations\EXT_E027-CAND_003.json,6005e706f3a7db23cd9517c94f8c6df883e1034d1dceb41897c227c227f02de4,659,2026-08-27T14:29:40.279935+00:00,
repair_stage_file,,repair_stage,benchmark\external-real-v8-grounded\repair-stage\operations\EXT_E028-CAND_001.json,1ae556e7cf28d646c75b133b99fe1633640dc180fddb6cecd11a4bafd0667120,618,2026-08-27T14:29:40.279935+00:00,
repair_stage_file,,repair_stage,benchmark\external-real-v8-grounded\repair-stage\operations\EXT_E028-CAND_002.json,8067e9bd01fc54376852339f34b16fa87b9d396d3870584ffeb606b2a31f02cd,643,2026-08-27T14:29:40.279935+00:00,
repair_stage_file,,repair_stage,benchmark\external-real-v8-grounded\repair-stage\operations\EXT_E028-CAND_003.json,323feccfe71eebc489eeb774134b64efd4cfe9a62bbf214dc5c1b4d55db453b3,645,2026-08-27T14:29:40.280646+00:00,
repair_stage_file,,repair_stage,benchmark\external-real-v8-grounded\repair-stage\operations\EXT_E029-CAND_001.json,907ccee20a7b095351dc9fb1ed75d2ef08aa1bcfb9ed95c2c27984ffd2e3be51,619,2026-08-27T14:29:40.280646+00:00,
repair_stage_file,,repair_stage,benchmark\external-real-v8-grounded\repair-stage\operations\EXT_E029-CAND_002.json,cc6cdf691bd47fb3c42c61c79eab0ca349037f06d82773014e82912afe1a9bf8,638,2026-08-27T14:29:40.280646+00:00,
repair_stage_file,,repair_stage,benchmark\external-real-v8-grounded\repair-stage\operations\EXT_E029-CAND_003.json,de2f022519801c49b888434ba3cfc7283602f5a5ca64005bc136492171bc5643,647,2026-08-27T14:29:40.280646+00:00,
repair_stage_file,,repair_stage,benchmark\external-real-v8-grounded\repair-stage\operations\EXT_E030-CAND_001.json,b3ea529bb9835a0d2b89e0dd95396ec9f29d2fd8680c90c9fa9989c783d0714c,612,2026-08-27T14:29:40.280646+00:00,
repair_stage_file,,repair_stage,benchmark\external-real-v8-grounded\repair-stage\operations\EXT_E030-CAND_002.json,1b2235514de26cb7f6bf6749d2ca4a36ef0526dba7f6a800f913d2a78564e8b1,616,2026-08-27T14:29:40.281932+00:00,
repair_stage_file,,repair_stage,benchmark\external-real-v8-grounded\repair-stage\operations\EXT_E030-CAND_003.json,ed66eab692cdfb6554ddad97c04415ec1bac56c08a6567b2f9795e8593abbe5a,633,2026-08-27T14:29:40.281932+00:00,
repair_stage_file,,repair_stage,benchmark\external-real-v8-grounded\repair-stage\operations\EXT_E031-CAND_001.json,b3d70d796c5e8dda0395681bf8d84a54a9bb0042883108b0283addb8b752eb1f,592,2026-08-27T14:29:40.281932+00:00,
repair_stage_file,,repair_stage,benchmark\external-real-v8-grounded\repair-stage\operations\EXT_E031-CAND_002.json,6eb0ec39b29d53a655675136cdd8bb11e67d64002c9c5e9e6c10e7ff596fa33f,599,2026-08-27T14:29:40.281932+00:00,
repair_stage_file,,repair_stage,benchmark\external-real-v8-grounded\repair-stage\operations\EXT_E031-CAND_003.json,f57409ff6e07473da22e3677a8cc5b9c30d3788902901baff9c12807b1d84fad,611,2026-08-27T14:29:40.282932+00:00,
repair_stage_file,,repair_stage,benchmark\external-real-v8-grounded\repair-stage\operations\EXT_E032-CAND_001.json,9a9d69b657bebbcfd9255319bb56133a452e286badc0cebf993958626438991e,608,2026-08-27T14:29:40.282932+00:00,
repair_stage_file,,repair_stage,benchmark\external-real-v8-grounded\repair-stage\operations\EXT_E032-CAND_002.json,24d974c65a426878206cff6abc729ec810fa993053c62117c1abb73b08c9b4bf,621,2026-08-27T14:29:40.282932+00:00,
repair_stage_file,,repair_stage,benchmark\external-real-v8-grounded\repair-stage\operations\EXT_E032-CAND_003.json,7d203a72f222822d55b87a74dd0174b5d65b0558bcc55577dbbcdf24755f096b,633,2026-08-27T14:29:40.282932+00:00,
repair_stage_file,,repair_stage,benchmark\external-real-v8-grounded\repair-stage\operations\EXT_E033-CAND_001.json,2dfde1553e916a06b9ee8c284d84aed94c1740d639453d01f6c35bd390954a88,616,2026-08-27T14:29:40.282932+00:00,
repair_stage_file,,repair_stage,benchmark\external-real-v8-grounded\repair-stage\operations\EXT_E033-CAND_002.json,c639a7e58b11878460d8d8fbb30775a8cd8a59122cfd7f9643ac99544b9e6bd1,629,2026-08-27T14:29:40.282932+00:00,
repair_stage_file,,repair_stage,benchmark\external-real-v8-grounded\repair-stage\operations\EXT_E033-CAND_003.json,2004afe76d98a534af59e18cd6ba1d3ae8956948cdeca7db78965b42ca37856a,641,2026-08-27T14:29:40.282932+00:00,
repair_stage_file,,repair_stage,benchmark\external-real-v8-grounded\repair-stage\operations\EXT_E034-CAND_001.json,3602d6f9d97a071b61e8b9154babcbdf223d069f143c4392a1ee35aed6131331,610,2026-08-27T14:29:40.284297+00:00,
repair_stage_file,,repair_stage,benchmark\external-real-v8-grounded\repair-stage\operations\EXT_E034-CAND_002.json,69704644bebe010df719f78f6dedde808b988a3c998ee7c5f80e6000221a411a,636,2026-08-27T14:29:40.284805+00:00,
repair_stage_file,,repair_stage,benchmark\external-real-v8-grounded\repair-stage\operations\EXT_E034-CAND_003.json,4e640bc0866e09a4f7fbec5330a3d2f6784324fa1974f410109782b6dcdf81c1,648,2026-08-27T14:29:40.284805+00:00,
repair_stage_file,,repair_stage,benchmark\external-real-v8-grounded\repair-stage\operations\EXT_E035-CAND_001.json,50644c9a2c889ffee1b63661ab1bc31dbfd0ff45393a45d3c18fa288c9e3d88e,621,2026-08-27T14:29:40.284805+00:00,
repair_stage_file,,repair_stage,benchmark\external-real-v8-grounded\repair-stage\operations\EXT_E035-CAND_002.json,4b6e11a5464850933c3afe85d7462efc7af350ee2c76090c3cf1d698c8521b9b,633,2026-08-27T14:29:40.285823+00:00,
repair_stage_file,,repair_stage,benchmark\external-real-v8-grounded\repair-stage\operations\EXT_E035-CAND_003.json,5a7caf6a8b9add92d51d24e630813d7037419db6e7665032be44708497e7ba8f,634,2026-08-27T14:29:40.285823+00:00,
repair_stage_file,,repair_stage,benchmark\external-real-v8-grounded\repair-stage\operations\EXT_E036-CAND_001.json,1e8da413ac68e6d44858abe00201e84e9f3518e7e4fdf1e16d03c8daabbb53fc,616,2026-08-27T14:29:40.285823+00:00,
repair_stage_file,,repair_stage,benchmark\external-real-v8-grounded\repair-stage\operations\EXT_E036-CAND_002.json,1aa98546a0ef44e60f4ab73aff0f878e41f1a0b8edac929a61dc6cfb400d01ee,640,2026-08-27T14:29:40.285823+00:00,
repair_stage_file,,repair_stage,benchmark\external-real-v8-grounded\repair-stage\operations\EXT_E036-CAND_003.json,1c20961240885539196995337ea9741645d807830366b18d638a6684fc46777c,652,2026-08-27T14:29:40.286812+00:00,
repair_stage_file,,repair_stage,benchmark\external-real-v8-grounded\repair-stage\operations\EXT_E037-CAND_001.json,23166532a1395a73011b58ff5e762724a880ef973fb502489b559217650a1547,612,2026-08-27T14:29:40.286812+00:00,
repair_stage_file,,repair_stage,benchmark\external-real-v8-grounded\repair-stage\operations\EXT_E037-CAND_002.json,f09789a1898b8e18a3563816053a7a86ed7c8f73fbfcae9dac48fef498e7ba28,610,2026-08-27T14:29:40.286812+00:00,
repair_stage_file,,repair_stage,benchmark\external-real-v8-grounded\repair-stage\operations\EXT_E037-CAND_003.json,c97971a2ed95eb1429d513f40a62f8836413fa0647ea7523d2613505ae565ba6,611,2026-08-27T14:29:40.286812+00:00,
repair_stage_file,,repair_stage,benchmark\external-real-v8-grounded\repair-stage\operations\EXT_E038-CAND_001.json,ef9ea3dbe060c0e10882416d3ba1b126b943b4efcd390f972ba38fd81ae30afa,609,2026-08-27T14:29:40.286812+00:00,
repair_stage_file,,repair_stage,benchmark\external-real-v8-grounded\repair-stage\operations\EXT_E038-CAND_002.json,039d0f6ff466fbc9b3f1597783f89b2d6160a1be53854850055dfcce9a661ccb,606,2026-08-27T14:29:40.287987+00:00,
repair_stage_file,,repair_stage,benchmark\external-real-v8-grounded\repair-stage\operations\EXT_E038-CAND_003.json,842ed7ffda015e3a58c984cf2ff164049026c89841543bf7d90c10899a281b18,607,2026-08-27T14:29:40.287987+00:00,
repair_stage_file,,repair_stage,benchmark\external-real-v8-grounded\repair-stage\operations\EXT_E039-CAND_001.json,91e0738c35dfb5f717b0f4b782113b0c25f157aaa257b7fe955790a45da30df3,603,2026-08-27T14:29:40.287987+00:00,
repair_stage_file,,repair_stage,benchmark\external-real-v8-grounded\repair-stage\operations\EXT_E039-CAND_002.json,8c808043d1fc32e6ef0d2e1fe2993c39c29f26211802cfd184b3721cbf384d34,630,2026-08-27T14:29:40.287987+00:00,
repair_stage_file,,repair_stage,benchmark\external-real-v8-grounded\repair-stage\operations\EXT_E039-CAND_003.json,075fcb02ec9680fa0a8c7e71ccbec2b460464bbf3a5b4cb08943c9d92a3df178,646,2026-08-27T14:29:40.288991+00:00,
repair_stage_file,,repair_stage,benchmark\external-real-v8-grounded\repair-stage\operations\EXT_E040-CAND_001.json,3baaf403c42572ebb19b54e705ede9f9bc87023fb0842ba604e07d94c8ba2588,603,2026-08-27T14:29:40.288991+00:00,
repair_stage_file,,repair_stage,benchmark\external-real-v8-grounded\repair-stage\operations\EXT_E040-CAND_002.json,61a52ee428aacf712063a5f94e26aaab6938a8e5b58aa536b6398906a5de44b5,611,2026-08-27T14:29:40.288991+00:00,
repair_stage_file,,repair_stage,benchmark\external-real-v8-grounded\repair-stage\operations\EXT_E040-CAND_003.json,483c00fe7ed848d6ba75659fc03a79a0e373fcaf8177b81cd8040e8c4b60cb87,627,2026-08-27T14:29:40.288991+00:00,
repair_stage_file,,repair_stage,benchmark\external-real-v8-grounded\repair-stage\operations\EXT_E041-CAND_001.json,7c08cba25a48a1add15a6391753a0c5d559080ea1bd26ee2d1dea915daf35df5,603,2026-08-27T14:29:40.288991+00:00,
repair_stage_file,,repair_stage,benchmark\external-real-v8-grounded\repair-stage\operations\EXT_E041-CAND_002.json,792f8eea2ddd4411d9fb280e15cb217e6a9437ad695f9337706ae5c8208e0a83,613,2026-08-27T14:29:40.288991+00:00,
repair_stage_file,,repair_stage,benchmark\external-real-v8-grounded\repair-stage\operations\EXT_E041-CAND_003.json,56bb664964fa2e20d50611784676e7b6dff923afa77845e5d5bbed816cf955b1,629,2026-08-27T14:29:40.290500+00:00,
repair_stage_file,,repair_stage,benchmark\external-real-v8-grounded\repair-stage\operations\EXT_E042-CAND_001.json,1601f1898303b3bd2b3f3f8fc7b990dd7e7f16c5db9dfcc8100e8f920b8e2dca,603,2026-08-27T14:29:40.290500+00:00,
repair_stage_file,,repair_stage,benchmark\external-real-v8-grounded\repair-stage\operations\EXT_E042-CAND_002.json,8dfdc55f8152c5f68716cd0eb11e6134e9534f335ad109306b5488bb63b6990b,611,2026-08-27T14:29:40.290500+00:00,
repair_stage_file,,repair_stage,benchmark\external-real-v8-grounded\repair-stage\operations\EXT_E042-CAND_003.json,ac77764da782f948b34abcaca1ef86f9aad035a7cb4b0b2f5f116a4bd06b98fb,627,2026-08-27T14:29:40.291018+00:00,
repair_stage_file,,repair_stage,benchmark\external-real-v8-grounded\repair-stage\operations\EXT_E043-CAND_001.json,9e2631cf6112c8668632126980bc5e02fb73b804a4d4ed3a61b5ae0003ebb78d,586,2026-08-27T14:29:40.291018+00:00,
repair_stage_file,,repair_stage,benchmark\external-real-v8-grounded\repair-stage\operations\EXT_E043-CAND_002.json,1053dae6c403933b0e966d5bd04b68a955ff5502382b900a6fdd65387f68742d,596,2026-08-27T14:29:40.291018+00:00,
repair_stage_file,,repair_stage,benchmark\external-real-v8-grounded\repair-stage\operations\EXT_E043-CAND_003.json,659daf720307f63420eec2861868ad9596637379cd8a6b824127d45d7e2bf245,605,2026-08-27T14:29:40.291018+00:00,
repair_stage_file,,repair_stage,benchmark\external-real-v8-grounded\repair-stage\operations\EXT_E044-CAND_001.json,5d4e3a8ad01defe542f7062eda32b05d9e0796f24e1f9bcc60231eb3a09d8af2,586,2026-08-27T14:29:40.291018+00:00,
repair_stage_file,,repair_stage,benchmark\external-real-v8-grounded\repair-stage\operations\EXT_E044-CAND_002.json,5eeb8010aee42fc7c54a0fa4fb0f6f0ebdf76957018ddc4271dbee27fd5da226,592,2026-08-27T14:29:40.292027+00:00,
repair_stage_file,,repair_stage,benchmark\external-real-v8-grounded\repair-stage\operations\EXT_E044-CAND_003.json,b9ccac2fb04aa976b82782ea91e9fccd0df7aa1f19880dae374cc25b8fe960a6,601,2026-08-27T14:29:40.292027+00:00,
repair_stage_file,,repair_stage,benchmark\external-real-v8-grounded\repair-stage\operations\EXT_E045-CAND_001.json,0059700b739b8385c5e189a5368e2e9acfbd7942e37d79ffabcacc372f9518bf,586,2026-08-27T14:29:40.292027+00:00,
repair_stage_file,,repair_stage,benchmark\external-real-v8-grounded\repair-stage\operations\EXT_E045-CAND_002.json,4fbea7d13a1ed1c6b836173b8da88c28bb81215d21e03f2282575e618663810e,598,2026-08-27T14:29:40.292027+00:00,
repair_stage_file,,repair_stage,benchmark\external-real-v8-grounded\repair-stage\operations\EXT_E045-CAND_003.json,e6eb6ba70079b00383ff2b30ec5969bb04ad76bffdc9c2bcab5e6858a40b319a,607,2026-08-27T14:29:40.293027+00:00,
repair_stage_file,,repair_stage,benchmark\external-real-v8-grounded\repair-stage\operations\EXT_E046-CAND_001.json,3f182cd581ee28c793f4c9b0935d73a08c5e3aafbec4c65ef1315c84a8f836a0,586,2026-08-27T14:29:40.293027+00:00,
repair_stage_file,,repair_stage,benchmark\external-real-v8-grounded\repair-stage\operations\EXT_E046-CAND_002.json,351257ab48d44754447045e4cfaff1c27a31c002d48063a9920c0cd0d1ce95ca,614,2026-08-27T14:29:40.293027+00:00,
repair_stage_file,,repair_stage,benchmark\external-real-v8-grounded\repair-stage\operations\EXT_E046-CAND_003.json,a2a0df86ebbd310a72e91c491d278a9283a317930974758ccac19a677b8b9b00,623,2026-08-27T14:29:40.294023+00:00,
repair_stage_file,,repair_stage,benchmark\external-real-v8-grounded\repair-stage\operations\EXT_E047-CAND_001.json,a1357a57bc535cc69a92edd018acd931510565bb67f85467b0e7bbd5c5d8ba11,586,2026-08-27T14:29:40.294023+00:00,
repair_stage_file,,repair_stage,benchmark\external-real-v8-grounded\repair-stage\operations\EXT_E047-CAND_002.json,c05cfef77032b3462cce7ad4519aa205164ea9653f2f51c6027dc8fbd4b3b7d3,610,2026-08-27T14:29:40.294023+00:00,
repair_stage_file,,repair_stage,benchmark\external-real-v8-grounded\repair-stage\operations\EXT_E047-CAND_003.json,b127e34b449f906e90f8488e22f025ee71ef82ca462573a603448d68c6c57957,619,2026-08-27T14:29:40.294023+00:00,
repair_stage_file,,repair_stage,benchmark\external-real-v8-grounded\repair-stage\operations\EXT_E048-CAND_001.json,216c885147452aa076de9b6914736e39c5c95df63c7def99a0b302bf95075a43,586,2026-08-27T14:29:40.295027+00:00,
repair_stage_file,,repair_stage,benchmark\external-real-v8-grounded\repair-stage\operations\EXT_E048-CAND_002.json,ca238528315c98b4e116de674b69f026451e2de5ef5e5a1297f6f7b09d63e354,601,2026-08-27T14:29:40.295027+00:00,
repair_stage_file,,repair_stage,benchmark\external-real-v8-grounded\repair-stage\operations\EXT_E048-CAND_003.json,8a62b2a2093839baef8ad6fcef5c84b0784fcde9a9271b379045046aff5689c1,610,2026-08-27T14:29:40.295533+00:00,
repair_stage_file,,repair_stage,benchmark\external-real-v8-grounded\repair-stage\operations\EXT_E049-CAND_001.json,3f24ecc7be093457c6862236072353933946707eff86cc4fc8dc9104dfc355fb,586,2026-08-27T14:25:32.638250+00:00,
repair_stage_file,,repair_stage,benchmark\external-real-v8-grounded\repair-stage\operations\EXT_E049-CAND_002.json,687a2e6bdb2dddcaedc4952dcd2492e5f898b784ae97c4e73453d3e82d84fea2,597,2026-08-27T14:25:32.639249+00:00,
repair_stage_file,,repair_stage,benchmark\external-real-v8-grounded\repair-stage\operations\EXT_E049-CAND_003.json,0d29fce24f027e87c52e7352a6851976191cc6ac49dd250d07a5867b9889ab3e,606,2026-08-27T14:25:32.639249+00:00,
repair_stage_file,,repair_stage,benchmark\external-real-v8-grounded\repair-stage\operations\EXT_E050-CAND_001.json,fe5f450dc4ba64f021aa5ca08820f70a5b5fe5c95850e7914275a0781c039f02,586,2026-08-27T14:29:40.295533+00:00,
repair_stage_file,,repair_stage,benchmark\external-real-v8-grounded\repair-stage\operations\EXT_E050-CAND_002.json,595d8ece577338518f49d8cfa66bb4b4616138838e2657f47066467549fcf496,605,2026-08-27T14:29:40.295533+00:00,
repair_stage_file,,repair_stage,benchmark\external-real-v8-grounded\repair-stage\operations\EXT_E050-CAND_003.json,75c676ed4f5ab7e61ed7cb49674cd97ba3ffe1b5801c10e46701f6fa4d5ff5e0,614,2026-08-27T14:29:40.295533+00:00,
repair_stage_file,,repair_stage,benchmark\external-real-v8-grounded\repair-stage\operations\EXT_E051-CAND_001.json,d96b15ea81b16fd3c972dc363ed3900128426bcc662c336ecd0b90fcc02d273d,597,2026-08-27T14:29:40.295533+00:00,
repair_stage_file,,repair_stage,benchmark\external-real-v8-grounded\repair-stage\operations\EXT_E051-CAND_002.json,fcebfc802a5b5218ac2b3859609a467fd9bc625cf9502a2944ace66eef416e62,613,2026-08-27T14:29:40.296545+00:00,
repair_stage_file,,repair_stage,benchmark\external-real-v8-grounded\repair-stage\operations\EXT_E051-CAND_003.json,fc4b3ff5d078a74c38a4a88521510bff71e7d6cbaa73890cfd80f4cdb5e9dcac,624,2026-08-27T14:29:40.296545+00:00,
repair_stage_file,,repair_stage,benchmark\external-real-v8-grounded\repair-stage\operations\EXT_E052-CAND_001.json,de31761389fd05b45397aca488af150b80aab01127c0abdb811287d4a94702e7,597,2026-08-27T14:29:40.296545+00:00,
repair_stage_file,,repair_stage,benchmark\external-real-v8-grounded\repair-stage\operations\EXT_E052-CAND_002.json,9465c377e7c3d76f9238de1ec45783296949784bf6727920cabbd7edef22329d,614,2026-08-27T14:29:40.297536+00:00,
repair_stage_file,,repair_stage,benchmark\external-real-v8-grounded\repair-stage\operations\EXT_E052-CAND_003.json,00147ab9908bd509e697b675f3e9aa877439e59a3e0edb19f76fd3e2f3173a03,625,2026-08-27T14:29:40.297536+00:00,
repair_stage_file,,repair_stage,benchmark\external-real-v8-grounded\repair-stage\operations\EXT_E053-CAND_001.json,623e6d94314a4dc1876632fc66ecbdd3792b90a6b2d690126edfeee253db9ab3,597,2026-08-27T14:29:40.297536+00:00,
repair_stage_file,,repair_stage,benchmark\external-real-v8-grounded\repair-stage\operations\EXT_E053-CAND_002.json,61c865ffef1d8d258cfef562fe96b7bcb0c7f2a62b95c26a625530a99286dcea,603,2026-08-27T14:29:40.298164+00:00,
repair_stage_file,,repair_stage,benchmark\external-real-v8-grounded\repair-stage\operations\EXT_E053-CAND_003.json,fb79e87497b409ff573ba4e49aa7e4331e072ca0bdf18b15fa384ed86a328316,614,2026-08-27T14:29:40.298164+00:00,
repair_stage_file,,repair_stage,benchmark\external-real-v8-grounded\repair-stage\operations\EXT_E054-CAND_001.json,5e217bd5b9284a82f97c73101136b7aad28a2efd44eb69bad08592a890fc15df,597,2026-08-27T14:29:40.298164+00:00,
repair_stage_file,,repair_stage,benchmark\external-real-v8-grounded\repair-stage\operations\EXT_E054-CAND_002.json,8a6343d928a95dbb57b63a9989c7e539afd1dbba1e84fb3d1c443a0433480ca3,607,2026-08-27T14:29:40.298164+00:00,
repair_stage_file,,repair_stage,benchmark\external-real-v8-grounded\repair-stage\operations\EXT_E054-CAND_003.json,5568780ee3aa06748e221190fb91b7fc9d1ade8d0ec5ddb2ee12270cd27e9363,618,2026-08-27T14:29:40.298164+00:00,
repair_stage_file,,repair_stage,benchmark\external-real-v8-grounded\repair-stage\operations\EXT_E055-CAND_001.json,201b7952e9190fa867a31f785b368a21451876c00c40025cd1b0d6c0e8778398,597,2026-08-27T14:29:40.299489+00:00,
repair_stage_file,,repair_stage,benchmark\external-real-v8-grounded\repair-stage\operations\EXT_E055-CAND_002.json,16a3f7536a6b05f5d3498a946b3fc07d844b5286f68414426eb48578d55e39ba,603,2026-08-27T14:29:40.299489+00:00,
repair_stage_file,,repair_stage,benchmark\external-real-v8-grounded\repair-stage\operations\EXT_E055-CAND_003.json,79de81a1983ea2db4005de989b6154aeef9564280e84205466cfc4c7149eb2a1,614,2026-08-27T14:29:40.299489+00:00,
repair_stage_file,,repair_stage,benchmark\external-real-v8-grounded\repair-stage\operations\EXT_E056-CAND_001.json,3d2dc06e1e7f3d95305a3a2e19cc8013c2349a567c49f685f984d95c458147de,597,2026-08-27T14:25:32.643760+00:00,
repair_stage_file,,repair_stage,benchmark\external-real-v8-grounded\repair-stage\operations\EXT_E056-CAND_002.json,0d5f5f16f2bdd70cfe37a7e46c5884a84c482003ea0268cdffedd9c936fe9b41,600,2026-08-27T14:25:32.643760+00:00,
repair_stage_file,,repair_stage,benchmark\external-real-v8-grounded\repair-stage\operations\EXT_E056-CAND_003.json,b67f7467182d728eb286b2006ba767029d8b9dbaac4b96a7c9596606165b39d5,611,2026-08-27T14:25:32.643760+00:00,
repair_stage_file,,repair_stage,benchmark\external-real-v8-grounded\repair-stage\operations\EXT_E057-CAND_001.json,6b96b51390714400caa485a173280a87442c64c214bc64ba5e40ef4bfa52b15e,597,2026-08-27T14:29:40.299489+00:00,
repair_stage_file,,repair_stage,benchmark\external-real-v8-grounded\repair-stage\operations\EXT_E057-CAND_002.json,58e8d159566e78dbae594f16b3e0225c7e21dc3db0005a41d63227f0bfd3207f,602,2026-08-27T14:29:40.299489+00:00,
repair_stage_file,,repair_stage,benchmark\external-real-v8-grounded\repair-stage\operations\EXT_E057-CAND_003.json,36c8f5b685793465334c461014c4b58d5a49c502f39cadcb8ee389c316c5d746,612,2026-08-27T14:29:40.299489+00:00,
repair_stage_file,,repair_stage,benchmark\external-real-v8-grounded\repair-stage\operations\EXT_E058-CAND_001.json,70dff122e09ea4a52051453e6e80ebcb8a93f5dd9f2592413f9a7e0ae54f508a,597,2026-08-27T14:29:40.300997+00:00,
repair_stage_file,,repair_stage,benchmark\external-real-v8-grounded\repair-stage\operations\EXT_E058-CAND_002.json,c0ddd121976b2198d3d607a163386d9f849dba878f8c284c5e6062525bfe7590,612,2026-08-27T14:29:40.300997+00:00,
repair_stage_file,,repair_stage,benchmark\external-real-v8-grounded\repair-stage\operations\EXT_E058-CAND_003.json,6f76b9e501829f69be9ba9f83dd21e6f42b3353d54f14a0cdc860fe4cc8acef3,622,2026-08-27T14:29:40.300997+00:00,
repair_stage_file,,repair_stage,benchmark\external-real-v8-grounded\repair-stage\operations\EXT_E059-CAND_001.json,ccbb03429996a5c9bc1755bf853a7d18551375d8f1d3dadece20c673991d51c9,597,2026-08-27T14:29:40.300997+00:00,
repair_stage_file,,repair_stage,benchmark\external-real-v8-grounded\repair-stage\operations\EXT_E059-CAND_002.json,08871587be982c896b5db9a315e0a4a159e4edce1634be6b0f0e638e366dd6c9,604,2026-08-27T14:29:40.300997+00:00,
repair_stage_file,,repair_stage,benchmark\external-real-v8-grounded\repair-stage\operations\EXT_E059-CAND_003.json,11c14302614d8c310be319698308fa1d7685cfa28ef1e1b08c49cdd21c8bf7a7,614,2026-08-27T14:29:40.302021+00:00,
repair_stage_file,,repair_stage,benchmark\external-real-v8-grounded\repair-stage\operations\EXT_E060-CAND_001.json,aeaa3f63847852a1e90c9db28fef8ec9c5d16f43ed259b19e3f8a61008b41afc,597,2026-08-27T14:29:40.302021+00:00,
repair_stage_file,,repair_stage,benchmark\external-real-v8-grounded\repair-stage\operations\EXT_E060-CAND_002.json,996c849dfe277084f90ec47581e36cc9235907f8d4972e7f83e1f184ad207cc4,614,2026-08-27T14:29:40.302021+00:00,
repair_stage_file,,repair_stage,benchmark\external-real-v8-grounded\repair-stage\operations\EXT_E060-CAND_003.json,49b26c2c7da5c4739c1bc88456322e92e62f36fd281801593123a49e4d189968,624,2026-08-27T14:29:40.302021+00:00,
repair_stage_file,,repair_stage,benchmark\external-real-v8-grounded\repair-stage\operations\EXT_E061-CAND_001.json,95dd12a09abca9b48e1a3997a602301e5fd51631334452fc2daf252093a04c00,597,2026-08-27T14:29:40.302021+00:00,
repair_stage_file,,repair_stage,benchmark\external-real-v8-grounded\repair-stage\operations\EXT_E061-CAND_002.json,d87b87b840ee902fc5e01bfa612762b06ef557e899730d4cc48adcce396421ab,617,2026-08-27T14:29:40.303263+00:00,
repair_stage_file,,repair_stage,benchmark\external-real-v8-grounded\repair-stage\operations\EXT_E061-CAND_003.json,44b215b4ac1d6ad0dd21f1c1ce125804dbfb19d4604e14a656c8c0acca1fe327,627,2026-08-27T14:29:40.303263+00:00,
repair_stage_file,,repair_stage,benchmark\external-real-v8-grounded\repair-stage\operations\EXT_E062-CAND_001.json,b5c6499ec490e5d5c8b27cfc922bafd507ef40c226e43f7bdcaed6c62fbaeaf7,597,2026-08-27T14:29:40.303263+00:00,
repair_stage_file,,repair_stage,benchmark\external-real-v8-grounded\repair-stage\operations\EXT_E062-CAND_002.json,3d59a3c237f4cca76e1d9fccb8585bb31af48fb1e2cb78ef55cd42cabee10a3d,610,2026-08-27T14:29:40.303263+00:00,
repair_stage_file,,repair_stage,benchmark\external-real-v8-grounded\repair-stage\operations\EXT_E062-CAND_003.json,59757e9661f89bb7f134eab454bfa7e8ea7b659acbb9fccb8c6e91add232f842,620,2026-08-27T14:29:40.303263+00:00,
repair_stage_file,,repair_stage,benchmark\external-real-v8-grounded\repair-stage\operations\EXT_E063-CAND_001.json,1064ebb25648913b54df533f8c863a5476d9d1e0612a9aa02291be328d4f16fa,567,2026-08-27T14:29:40.303263+00:00,
repair_stage_file,,repair_stage,benchmark\external-real-v8-grounded\repair-stage\operations\EXT_E063-CAND_002.json,1e885ee67b77fca6403c8a40922ccf827caca749051873dbbef851bdeeec5cbf,592,2026-08-27T14:29:40.303263+00:00,
repair_stage_file,,repair_stage,benchmark\external-real-v8-grounded\repair-stage\operations\EXT_E063-CAND_003.json,282fb51444a1baef19ec0e47a41f7861bc9abd582f1dec8dbc8b53a05e6217ac,608,2026-08-27T14:29:40.304771+00:00,
repair_stage_file,,repair_stage,benchmark\external-real-v8-grounded\repair-stage\operations\EXT_E064-CAND_001.json,42fb338a3b1030253442ed65c38cd2726f70f8a29fb522ccdbb69a1e620dd9cd,567,2026-08-27T14:29:40.304771+00:00,
repair_stage_file,,repair_stage,benchmark\external-real-v8-grounded\repair-stage\operations\EXT_E064-CAND_002.json,eeb3e771eaeb2f79806547b2045fbd4b69f2afaa2ca3bffce885c0190e9e6b18,593,2026-08-27T14:29:40.304771+00:00,
repair_stage_file,,repair_stage,benchmark\external-real-v8-grounded\repair-stage\operations\EXT_E064-CAND_003.json,a4635ecfaf1b2550da5d8d8818df3e64cbae837ecefaae23332a2d55a21541ca,609,2026-08-27T14:29:40.305299+00:00,
repair_stage_file,,repair_stage,benchmark\external-real-v8-grounded\repair-stage\operations\EXT_E065-CAND_001.json,98becd925f899205b6d5d3fa90fe26964c36a8c08262c16a6db22a0d7c1b2a9e,567,2026-08-27T14:29:40.305299+00:00,
repair_stage_file,,repair_stage,benchmark\external-real-v8-grounded\repair-stage\operations\EXT_E065-CAND_002.json,c8dc5a2f17cd254174fd3bc7b8c0c9251a5d3f9e4b50529b4b1c223b100e40c1,583,2026-08-27T14:29:40.306308+00:00,
repair_stage_file,,repair_stage,benchmark\external-real-v8-grounded\repair-stage\operations\EXT_E065-CAND_003.json,c8c17b600a04d8ac496e6cd83ce191e349cac77360f34af180c86505a18be31a,599,2026-08-27T14:29:40.306308+00:00,
repair_stage_file,,repair_stage,benchmark\external-real-v8-grounded\repair-stage\operations\EXT_E066-CAND_001.json,a3f217413d0d5d06b47e8c97374900e38f0852232e5168c97eb2134b356a5a89,567,2026-08-27T14:29:40.306308+00:00,
repair_stage_file,,repair_stage,benchmark\external-real-v8-grounded\repair-stage\operations\EXT_E066-CAND_002.json,d05f5c76e267ac5c4724d79ada15834f9e6df4bde98fadea789e9ec0c43ccc22,595,2026-08-27T14:29:40.306308+00:00,
repair_stage_file,,repair_stage,benchmark\external-real-v8-grounded\repair-stage\operations\EXT_E066-CAND_003.json,6d542e182af60e7e63dbb48e05de554f1648966202ba83bc63c9146d2b4b180f,611,2026-08-27T14:29:40.306308+00:00,
repair_stage_file,,repair_stage,benchmark\external-real-v8-grounded\repair-stage\operations\EXT_E067-CAND_001.json,65cb16fefced73a660c2a930fdd38f18c84c50ac615e44d61e0c836ac8b68c66,567,2026-08-27T14:29:40.306308+00:00,
repair_stage_file,,repair_stage,benchmark\external-real-v8-grounded\repair-stage\operations\EXT_E067-CAND_002.json,e2d3924156dbc74669ffdf28784518968b7ae9135f3b72608ceb153fb499d176,584,2026-08-27T14:29:40.307668+00:00,
repair_stage_file,,repair_stage,benchmark\external-real-v8-grounded\repair-stage\operations\EXT_E067-CAND_003.json,58ff1f34ef0823c82de69078ed17ecadcb295b82ca029ef5ec8cc169e2af7afa,600,2026-08-27T14:29:40.307668+00:00,
repair_stage_file,,repair_stage,benchmark\external-real-v8-grounded\repair-stage\operations\EXT_E068-CAND_001.json,a838408aefece274bfbdc6b179a75bc728b4c5f809a40e4309b2720d61f7be46,567,2026-08-27T14:29:40.307668+00:00,
repair_stage_file,,repair_stage,benchmark\external-real-v8-grounded\repair-stage\operations\EXT_E068-CAND_002.json,a0169cb541b0a2d165615b9f02513275a7c2a72466243c0c1c43fea53455dd72,597,2026-08-27T14:29:40.307668+00:00,
repair_stage_file,,repair_stage,benchmark\external-real-v8-grounded\repair-stage\operations\EXT_E068-CAND_003.json,64a6e938fd530e30db3a6e4acdfdae6af13ab15cc48f0fe422714dc55bba4654,613,2026-08-27T14:29:40.307668+00:00,
repair_stage_file,,repair_stage,benchmark\external-real-v8-grounded\repair-stage\operations\EXT_E069-CAND_001.json,1bd0e4f3317a0c8dff3c08eaaa31925a2ff9d053d76dd1d5b0e32874a842c47f,700,2026-08-27T14:29:40.308721+00:00,
repair_stage_file,,repair_stage,benchmark\external-real-v8-grounded\repair-stage\operations\EXT_E069-CAND_002.json,826517fbd407dacdb05f72a7c2c07ea4fdedd833a1163a88a2c2eed95b14cfe0,725,2026-08-27T14:29:40.308721+00:00,
repair_stage_file,,repair_stage,benchmark\external-real-v8-grounded\repair-stage\operations\EXT_E069-CAND_003.json,717f95a135ad6a8a71afbdce735e009611f8c4821e3bc38cc2622c03e0830ebf,722,2026-08-27T14:29:40.308721+00:00,
repair_stage_file,,repair_stage,benchmark\external-real-v8-grounded\repair-stage\operations\EXT_E070-CAND_001.json,f1b25c0dcb02ce5a1c76161ee7ee721b45d2e4d9a7e50ec969c570a2ab884bce,712,2026-08-27T14:29:40.308721+00:00,
repair_stage_file,,repair_stage,benchmark\external-real-v8-grounded\repair-stage\operations\EXT_E070-CAND_002.json,bf74518829794dff1bf2b588563d3585371a33ce1c7762e5d3a04645384b81cd,687,2026-08-27T14:29:40.309721+00:00,
repair_stage_file,,repair_stage,benchmark\external-real-v8-grounded\repair-stage\operations\EXT_E070-CAND_003.json,e7961c054179d2f3d372abcbb6dc2703ca686b8f9001d2d6ef71a864aa5ff3a4,709,2026-08-27T14:29:40.309721+00:00,
repair_stage_file,,repair_stage,benchmark\external-real-v8-grounded\repair-stage\operations\EXT_E071-CAND_001.json,c06e78e295c04383aff58b7303d93c1df056fac8ea2bf5adef4ba1c96e5e151a,692,2026-08-27T14:29:40.309721+00:00,
repair_stage_file,,repair_stage,benchmark\external-real-v8-grounded\repair-stage\operations\EXT_E071-CAND_002.json,306e739791d6ee7fadbc669e88020173b8fe4b2888b391573b6b6810f20fd1e4,702,2026-08-27T14:29:40.310724+00:00,
repair_stage_file,,repair_stage,benchmark\external-real-v8-grounded\repair-stage\operations\EXT_E071-CAND_003.json,12db05204b576219ca0c603da073347bf766eaf1d7441bb4e93b3ab396839636,680,2026-08-27T14:29:40.310724+00:00,
repair_stage_file,,repair_stage,benchmark\external-real-v8-grounded\repair-stage\operations\EXT_E072-CAND_001.json,88cad3d4f184c30a062a2ebc7aa9d19c82cc1967710ce6052a2026c1f5ef9530,671,2026-08-27T14:29:40.311233+00:00,
repair_stage_file,,repair_stage,benchmark\external-real-v8-grounded\repair-stage\operations\EXT_E072-CAND_002.json,6825306cf727ea09f990d8c52d9b6316ada22f2887d970a40774558f068115b3,684,2026-08-27T14:29:40.311233+00:00,
repair_stage_file,,repair_stage,benchmark\external-real-v8-grounded\repair-stage\operations\EXT_E072-CAND_003.json,08a1f01dcf02c815f473d77f28fd7d23df4ac7c94816573d82f4e1ecdeb9556b,693,2026-08-27T14:29:40.311233+00:00,
repair_stage_file,,repair_stage,benchmark\external-real-v8-grounded\repair-stage\operations\EXT_E073-CAND_001.json,c8b7cec4b6ea67f004aee49931aefe45935330bfcee33c2fc547e3d6e4f74943,708,2026-08-27T14:29:40.311984+00:00,
repair_stage_file,,repair_stage,benchmark\external-real-v8-grounded\repair-stage\operations\EXT_E073-CAND_002.json,6eeaf75f55cf219e17492c5e0148fa895a8d09a5a693e59540630bbc934e9fce,682,2026-08-27T14:29:40.311984+00:00,
repair_stage_file,,repair_stage,benchmark\external-real-v8-grounded\repair-stage\operations\EXT_E073-CAND_003.json,e9d358baa96f1bafa86d78e9d2c1ec868ed41d2aae395b74ddc577fe6e41da74,704,2026-08-27T14:29:40.312490+00:00,
repair_stage_file,,repair_stage,benchmark\external-real-v8-grounded\repair-stage\operations\EXT_E074-CAND_001.json,2a3243472ec125fb355135df77fa58fd20fd7f2b4a7392971b02616ce5395a7d,695,2026-08-27T14:29:40.312490+00:00,
repair_stage_file,,repair_stage,benchmark\external-real-v8-grounded\repair-stage\operations\EXT_E074-CAND_002.json,8894fe58a1ca0bbdf7991ce0307c63a99c23186368bdfd64a3081e2cfc43cb24,692,2026-08-27T14:29:40.312490+00:00,
repair_stage_file,,repair_stage,benchmark\external-real-v8-grounded\repair-stage\operations\EXT_E074-CAND_003.json,227eba9bd5f74d60216d8035e17ef3ee84f8bfd35ca9fe8ad0287f2736cb0ea5,670,2026-08-27T14:29:40.312490+00:00,
repair_stage_file,,repair_stage,benchmark\external-real-v8-grounded\repair-stage\operations\EXT_E075-CAND_001.json,b4915f4cbc479c35f045819e6b2fda3ee733789dd0183411e08ac38256519e63,674,2026-08-27T14:29:40.313498+00:00,
repair_stage_file,,repair_stage,benchmark\external-real-v8-grounded\repair-stage\operations\EXT_E075-CAND_002.json,4c972f3fe5711706ede388dd94f54880609475f55391ce62b76ffd2734b7bc65,700,2026-08-27T14:29:40.313498+00:00,
repair_stage_file,,repair_stage,benchmark\external-real-v8-grounded\repair-stage\operations\EXT_E075-CAND_003.json,cf60a2a73f19ace6bec4b7d2de2961d1dc906b09136a4c90b1b24443451431e4,696,2026-08-27T14:29:40.313498+00:00,
repair_stage_file,,repair_stage,benchmark\external-real-v8-grounded\repair-stage\operations\EXT_E076-CAND_001.json,c558d6a1e06b618162c2e823e8a6ce63f84c5410d4fdaf54de83d93848336dbf,697,2026-08-27T14:29:40.313498+00:00,
repair_stage_file,,repair_stage,benchmark\external-real-v8-grounded\repair-stage\operations\EXT_E076-CAND_002.json,79d24ad1a0c99d2999cfd9bef390cb5f1c0ad32c704b5ba9712672dfe91d9e55,678,2026-08-27T14:29:40.314629+00:00,
repair_stage_file,,repair_stage,benchmark\external-real-v8-grounded\repair-stage\operations\EXT_E076-CAND_003.json,1d56c624551088d0f2538231dfd3df19fbc69bd286a992073b97c789d5b39d4a,700,2026-08-27T14:29:40.314629+00:00,
repair_stage_file,,repair_stage,benchmark\external-real-v8-grounded\repair-stage\operations\EXT_E077-CAND_001.json,91f534370de3112f4030479e488e93279f1fb55f41d9010fc2158c32ba12b990,693,2026-08-27T14:29:40.314629+00:00,
repair_stage_file,,repair_stage,benchmark\external-real-v8-grounded\repair-stage\operations\EXT_E077-CAND_002.json,f753902f132c380364518081a4117abf3551d0f9828058820e69a2fc207eee99,688,2026-08-27T14:29:40.314629+00:00,
repair_stage_file,,repair_stage,benchmark\external-real-v8-grounded\repair-stage\operations\EXT_E077-CAND_003.json,6ecfbcb46860c753809145d3b21e2df474eb4d264e000fc2cd083dc844c59418,666,2026-08-27T14:29:40.314629+00:00,
repair_stage_file,,repair_stage,benchmark\external-real-v8-grounded\repair-stage\operations\EXT_E078-CAND_001.json,2555d9cd3de6baca4c3d8d68acafbaad2ffa198ba6bcfa9e0c395a5c39eb0fd3,666,2026-08-27T14:29:40.315627+00:00,
repair_stage_file,,repair_stage,benchmark\external-real-v8-grounded\repair-stage\operations\EXT_E078-CAND_002.json,8fc9b542d8675dd6de195281bbdbb5e34b97d8029288c2f39fb6aa21116753e1,690,2026-08-27T14:29:40.315627+00:00,
repair_stage_file,,repair_stage,benchmark\external-real-v8-grounded\repair-stage\operations\EXT_E078-CAND_003.json,8f7f19c7224d9aa1a0b7ea8b9de64cb07c086b8ab8fac9282cccf1c464079626,688,2026-08-27T14:29:40.315627+00:00,
repair_stage_file,,repair_stage,benchmark\external-real-v8-grounded\repair-stage\operations\EXT_E079-CAND_001.json,c88504d0d46783e5d32c62edc0740e0ce4d7f08bada269adcff660860af23b13,694,2026-08-27T14:29:40.315627+00:00,
repair_stage_file,,repair_stage,benchmark\external-real-v8-grounded\repair-stage\operations\EXT_E079-CAND_002.json,805507448f8e3c6b3e4d508320c195371f664644f921f71b2a9074703c427a5d,672,2026-08-27T14:29:40.315627+00:00,
repair_stage_file,,repair_stage,benchmark\external-real-v8-grounded\repair-stage\operations\EXT_E079-CAND_003.json,c916f8352e2869d1025cda132f454889dd22fed00ea41f7975a815888d0e608a,694,2026-08-27T14:29:40.315627+00:00,
repair_stage_file,,repair_stage,benchmark\external-real-v8-grounded\repair-stage\operations\EXT_E080-CAND_001.json,50a2114a82b3266f55e1e56c7cda0412543e759a57e0df378025dd5ae80d1c8a,682,2026-08-27T14:29:40.317045+00:00,
repair_stage_file,,repair_stage,benchmark\external-real-v8-grounded\repair-stage\operations\EXT_E080-CAND_002.json,39d2be403005c6d5eac432f45c2a8dda090cbb0583ecaea92e63cd7e0c5aea9f,681,2026-08-27T14:29:40.317045+00:00,
repair_stage_file,,repair_stage,benchmark\external-real-v8-grounded\repair-stage\operations\EXT_E080-CAND_003.json,e928efa1b4e546aaf410350f60aa7835a054eaa4e1339115642c3f566963fb45,659,2026-08-27T14:29:40.317045+00:00,
repair_stage_file,,repair_stage,benchmark\external-real-v8-grounded\repair-stage\operations\EXT_E081-CAND_001.json,37613a4fb4f1cbff19fae6914f009187f3913310e6168f704b1b93e819602421,684,2026-08-27T14:29:40.317694+00:00,
repair_stage_file,,repair_stage,benchmark\external-real-v8-grounded\repair-stage\operations\EXT_E081-CAND_002.json,cf3fdc5b91cfe283f23ca3844ffe05e69315bb237ae466689cc1463543c3e017,706,2026-08-27T14:29:40.317694+00:00,
repair_stage_file,,repair_stage,benchmark\external-real-v8-grounded\repair-stage\operations\EXT_E081-CAND_003.json,116c2e78a13afb83fea4f7eb0628f650e48900fa4adc8e01238fba453bf6bb85,706,2026-08-27T14:29:40.317694+00:00,
repair_stage_file,,repair_stage,benchmark\external-real-v8-grounded\repair-stage\operations\EXT_E082-CAND_001.json,186deb470e762008337d78cc8561746a040128780032e94a3fab6299c3e5078d,679,2026-08-27T14:29:40.318872+00:00,
repair_stage_file,,repair_stage,benchmark\external-real-v8-grounded\repair-stage\operations\EXT_E082-CAND_002.json,a372cbf4972f0916d324dd8d0969d1c5cbdb0228ce181c859328e4c59ff0f02c,662,2026-08-27T14:29:40.318872+00:00,
repair_stage_file,,repair_stage,benchmark\external-real-v8-grounded\repair-stage\operations\EXT_E082-CAND_003.json,414abfeebadf2a07e65c836cf7701f54c3c6de1987ec128f1948444032256bff,684,2026-08-27T14:29:40.318872+00:00,
repair_stage_file,,repair_stage,benchmark\external-real-v8-grounded\repair-stage\operations\EXT_E083-CAND_001.json,0013c04aae47b752b7c9a7689b4d3f2d1d1cb9f43ce9d4221e929eb9a4b7981b,710,2026-08-27T14:29:40.319502+00:00,
repair_stage_file,,repair_stage,benchmark\external-real-v8-grounded\repair-stage\operations\EXT_E083-CAND_002.json,8c2050406f3cb427371ecb3c7092a0667f0f683c8298b150b72728e293d4c85f,705,2026-08-27T14:29:40.319502+00:00,
repair_stage_file,,repair_stage,benchmark\external-real-v8-grounded\repair-stage\operations\EXT_E083-CAND_003.json,6e117ccb54df6b2dff27248811c8cdd78c402a422d9e29f15b774ae9374f6117,683,2026-08-27T14:29:40.320036+00:00,
repair_stage_file,,repair_stage,benchmark\external-real-v8-grounded\repair-stage\operations\EXT_E084-CAND_001.json,c6697d2bddb825f67c9d11fb1d8c985aee789c8b80556cca728ba6b98c8e03ac,661,2026-08-27T14:29:40.320547+00:00,
repair_stage_file,,repair_stage,benchmark\external-real-v8-grounded\repair-stage\operations\EXT_E084-CAND_002.json,fc021870072e25ccf8a08975eee75baaf9111ec6bb316c2b3d2c8222d1b5dead,684,2026-08-27T14:29:40.320547+00:00,
repair_stage_file,,repair_stage,benchmark\external-real-v8-grounded\repair-stage\operations\EXT_E084-CAND_003.json,2557182b1de2d03b1c9d545cab48045117f0f3c5425f1d7e6f4910068dd60cdb,683,2026-08-27T14:29:40.320547+00:00,
repair_stage_file,,repair_stage,benchmark\external-real-v8-grounded\repair-stage\operations\EXT_E085-CAND_001.json,b47f2fb133cbb514ae2a8632ad7a0771283eca04c673f8f4efe1923029dff747,676,2026-08-27T14:29:40.320547+00:00,
repair_stage_file,,repair_stage,benchmark\external-real-v8-grounded\repair-stage\operations\EXT_E085-CAND_002.json,37a99eac0280821f32637a0f18931fd7847d3940c528ec181fb674aa2db28a6e,669,2026-08-27T14:29:40.320547+00:00,
repair_stage_file,,repair_stage,benchmark\external-real-v8-grounded\repair-stage\operations\EXT_E085-CAND_003.json,513d9b8b38d65d454baac311dad7a2f4f8f6389abbe2f9e1fc3a4636a1c24c08,691,2026-08-27T14:29:40.321553+00:00,
repair_stage_file,,repair_stage,benchmark\external-real-v8-grounded\repair-stage\operations\EXT_E086-CAND_001.json,2c5b6541e44a0f59ec90bdf8a4607bff208219c31d486ead3cd36a2c8adec9b4,672,2026-08-27T14:29:40.321553+00:00,
repair_stage_file,,repair_stage,benchmark\external-real-v8-grounded\repair-stage\operations\EXT_E086-CAND_002.json,34f0e91abc81d355538265890693a6eda6385c3b5aa982f2abe176ae2899ec7e,673,2026-08-27T14:29:40.321553+00:00,
repair_stage_file,,repair_stage,benchmark\external-real-v8-grounded\repair-stage\operations\EXT_E086-CAND_003.json,aaf05fbb16ea66c5050e05d572b3dd95f0601dd174d55cd1428f79cd1e3d56d7,651,2026-08-27T14:29:40.321553+00:00,
repair_stage_file,,repair_stage,benchmark\external-real-v8-grounded\repair-stage\operations\EXT_E087-CAND_001.json,74a245470afe0d895215260d4628fc24d604aed5ba821496c24d5f28fa0cee25,659,2026-08-27T14:29:40.321553+00:00,
repair_stage_file,,repair_stage,benchmark\external-real-v8-grounded\repair-stage\operations\EXT_E087-CAND_002.json,e9cd8ec4ef8b827e4908cc84a4ad62033f62a0141952e3dae2349f45aa4aeea5,691,2026-08-27T14:29:40.321553+00:00,
repair_stage_file,,repair_stage,benchmark\external-real-v8-grounded\repair-stage\operations\EXT_E087-CAND_003.json,0f3587abb8a16bff4747870acb60f4689fd8f8df13949f4443969dbfc6b424f7,681,2026-08-27T14:29:40.323060+00:00,
repair_stage_file,,repair_stage,benchmark\external-real-v8-grounded\repair-stage\operations\EXT_E088-CAND_001.json,71954b5ab902914b30ddb7314ef2ebaefd2e405176f033117f8d3cb69ccbde97,689,2026-08-27T14:29:40.323060+00:00,
repair_stage_file,,repair_stage,benchmark\external-real-v8-grounded\repair-stage\operations\EXT_E088-CAND_002.json,04f869cad5336e32af85dd62d5cfa13f4fc08267a024b3b0cc1630bd471bc88c,661,2026-08-27T14:29:40.323060+00:00,
repair_stage_file,,repair_stage,benchmark\external-real-v8-grounded\repair-stage\operations\EXT_E088-CAND_003.json,a91804265a810307ff5b965b046b65760e44771c3abf62f485e0168a34dad9a3,683,2026-08-27T14:29:40.324078+00:00,
repair_stage_file,,repair_stage,benchmark\external-real-v8-grounded\repair-stage\operations\EXT_E089-CAND_001.json,7e16a25a3c59d096935f52dd7ee5bd3a7b5aeddba88083a3d45bcb6db3aa0944,676,2026-08-27T14:29:40.324078+00:00,
repair_stage_file,,repair_stage,benchmark\external-real-v8-grounded\repair-stage\operations\EXT_E089-CAND_002.json,d08413ec426708254b08c5256d2f0c209ff13c63be0c1a43000ba0bdb6dea987,675,2026-08-27T14:29:40.324078+00:00,
repair_stage_file,,repair_stage,benchmark\external-real-v8-grounded\repair-stage\operations\EXT_E089-CAND_003.json,43ef42d3857df138ea348641e5029271f950a2321c171787538901349a112bda,653,2026-08-27T14:29:40.324078+00:00,
repair_stage_file,,repair_stage,benchmark\external-real-v8-grounded\repair-stage\operations\EXT_E090-CAND_001.json,785c32f6a9c92d9a0f8b3e5c4deb71e4803f98abe642d79850274005cb623f01,646,2026-08-27T14:29:40.324078+00:00,
repair_stage_file,,repair_stage,benchmark\external-real-v8-grounded\repair-stage\operations\EXT_E090-CAND_002.json,1fe7ffa617b1420d2b584c89d89af4c46a6b3577b2db8b53d4c32d168931eaa1,659,2026-08-27T14:29:40.325077+00:00,
repair_stage_file,,repair_stage,benchmark\external-real-v8-grounded\repair-stage\operations\EXT_E090-CAND_003.json,3bdbb1eafa7fd350995b5d7da49b4e1e15f53826da43da6110bb43a742c24edf,668,2026-08-27T14:29:40.325077+00:00,
repair_stage_file,,repair_stage,benchmark\external-real-v8-grounded\repair-stage\operations\EXT_E091-CAND_001.json,46d8e1588205a46f15bd848fae1e1903f7a15ca4821e92faa79dd18698ca3de0,643,2026-08-27T14:29:40.325077+00:00,
repair_stage_file,,repair_stage,benchmark\external-real-v8-grounded\repair-stage\operations\EXT_E091-CAND_002.json,8ced5718848409ea0e062df4fdb971d5d2d9af7756984af1a6aae092945caedf,629,2026-08-27T14:29:40.326080+00:00,
repair_stage_file,,repair_stage,benchmark\external-real-v8-grounded\repair-stage\operations\EXT_E091-CAND_003.json,ea413482c7e9737bbf82cb08797c89f0843ffa97ce27c8346931028fad5037b7,651,2026-08-27T14:29:40.326586+00:00,
repair_stage_file,,repair_stage,benchmark\external-real-v8-grounded\repair-stage\operations\EXT_E092-CAND_001.json,a92ef02d629dca6d7f0400b38fb4b9f9e70a93423dde457d1dfbc07640c59f53,717,2026-08-27T14:29:40.326586+00:00,
repair_stage_file,,repair_stage,benchmark\external-real-v8-grounded\repair-stage\operations\EXT_E092-CAND_002.json,fee8bf030033d46ccf27015447540f372f7c085874cc90fa2ebf6c944db36cd0,700,2026-08-27T14:29:40.327145+00:00,
repair_stage_file,,repair_stage,benchmark\external-real-v8-grounded\repair-stage\operations\EXT_E092-CAND_003.json,13a0684e29696fb12f8d593963e9459504a6f52f89f1bd940a0ed3b7a9819f52,678,2026-08-27T14:29:40.327145+00:00,
repair_stage_file,,repair_stage,benchmark\external-real-v8-grounded\repair-stage\operations\EXT_E093-CAND_001.json,41fd7fd62119f80efadbb646449cfecbce049faacc9dc1a53d397f74b3317006,652,2026-08-27T14:29:40.328152+00:00,
repair_stage_file,,repair_stage,benchmark\external-real-v8-grounded\repair-stage\operations\EXT_E093-CAND_002.json,cece1dc89aee59ba89476f6c08bf682d0fdf9c95929b0b7d0dcf8985f0dcc25d,681,2026-08-27T14:29:40.328152+00:00,
repair_stage_file,,repair_stage,benchmark\external-real-v8-grounded\repair-stage\operations\EXT_E093-CAND_003.json,a04e156f96e54dc7fba34d31029e2a16856304221f83c4060e0920ba04dd00e6,674,2026-08-27T14:29:40.328152+00:00,
repair_stage_file,,repair_stage,benchmark\external-real-v8-grounded\repair-stage\operations\EXT_E094-CAND_001.json,261dfda06335bc33b110d5ddc8bdb9b4fe41eed0b6c699fd0d8f13b28f2df45d,677,2026-08-27T14:29:40.328906+00:00,
repair_stage_file,,repair_stage,benchmark\external-real-v8-grounded\repair-stage\operations\EXT_E094-CAND_002.json,0a96ba70ec6e5ffa6e045eb2a47657e0d7d3b69e51e9a3fdae0ff3ce94431dbb,639,2026-08-27T14:29:40.328906+00:00,
repair_stage_file,,repair_stage,benchmark\external-real-v8-grounded\repair-stage\operations\EXT_E094-CAND_003.json,0698c118fef6ac5a6383f12ba1549975f44c2413c9f516e40c040343dbed0ced,661,2026-08-27T14:29:40.328906+00:00,
repair_stage_file,,repair_stage,benchmark\external-real-v8-grounded\repair-stage\operations\EXT_E095-CAND_001.json,39a7c4187d2742ba90bb57490c48c0293244350c8423ca55001f77adae702a28,670,2026-08-27T14:29:40.329410+00:00,
repair_stage_file,,repair_stage,benchmark\external-real-v8-grounded\repair-stage\operations\EXT_E095-CAND_002.json,82c7bbd1bbcfc8f4d43ab1f2da913ca3d88e4f602ed47b019658ccc8187153f6,675,2026-08-27T14:29:40.329410+00:00,
repair_stage_file,,repair_stage,benchmark\external-real-v8-grounded\repair-stage\operations\EXT_E095-CAND_003.json,57e8ecca506236d9e2bbfcdf05f010db00df342db8bd73229b5ad25c7dc6ea41,653,2026-08-27T14:29:40.329410+00:00,
repair_stage_file,,repair_stage,benchmark\external-real-v8-grounded\repair-stage\operations\EXT_E096-CAND_001.json,58d85397f843b93273bdc265259f7a437180a6fc994ce72be6e3d29daf2d9ac9,652,2026-08-27T14:29:40.330120+00:00,
repair_stage_file,,repair_stage,benchmark\external-real-v8-grounded\repair-stage\operations\EXT_E096-CAND_002.json,f4e8264011fd61eec5f26bf7f056d226e9a7d6bab5a42e8ff905aa9c18b7729e,666,2026-08-27T14:29:40.330120+00:00,
repair_stage_file,,repair_stage,benchmark\external-real-v8-grounded\repair-stage\operations\EXT_E096-CAND_003.json,7222f2c06d97f0d431c10911120c30f2a1153bf3d3c1a1df2cc029c6b5859aa1,674,2026-08-27T14:29:40.330635+00:00,
repair_stage_file,,repair_stage,benchmark\external-real-v8-grounded\repair-stage\operations\EXT_E097-CAND_001.json,4ce9fdf135bc251caf1d9dd7783ce85a79e6447ca3f18654531ba34886ba737e,663,2026-08-27T14:29:40.330635+00:00,
repair_stage_file,,repair_stage,benchmark\external-real-v8-grounded\repair-stage\operations\EXT_E097-CAND_002.json,3cc0ac5fb47b5c8d355865aa76f85133fff156be7322bd94f9773e9ead0a74c9,644,2026-08-27T14:29:40.331642+00:00,
repair_stage_file,,repair_stage,benchmark\external-real-v8-grounded\repair-stage\operations\EXT_E097-CAND_003.json,966c08032e2012c52c58d8884a68d82ac1726cdef5449d2d72b1a1d07deb616e,666,2026-08-27T14:29:40.331642+00:00,
repair_stage_file,,repair_stage,benchmark\external-real-v8-grounded\repair-stage\operations\EXT_E098-CAND_001.json,1733bc2f176bd4b6ae7bde204da80dd1298ddff1bb53d99acd74a469325cc47c,666,2026-08-27T14:29:40.331642+00:00,
repair_stage_file,,repair_stage,benchmark\external-real-v8-grounded\repair-stage\operations\EXT_E098-CAND_002.json,cb4db3165373845c566951e9aa80241e6463c53ee800ca5e558c1a0b7eb3e5ae,657,2026-08-27T14:29:40.331642+00:00,
repair_stage_file,,repair_stage,benchmark\external-real-v8-grounded\repair-stage\operations\EXT_E098-CAND_003.json,af3646e7085afa2c06fa6ba8675319fcdc15522d0917032360c7884256244c61,635,2026-08-27T14:29:40.331642+00:00,
repair_stage_file,,repair_stage,benchmark\external-real-v8-grounded\repair-stage\operations\EXT_E099-CAND_001.json,12fbfda3485155a63ae7dc8b7ad51e77630a862e1aa70f56305f3626073aa056,635,2026-08-27T14:29:40.331642+00:00,
repair_stage_file,,repair_stage,benchmark\external-real-v8-grounded\repair-stage\operations\EXT_E099-CAND_002.json,a6695db1cd72002b473c650bb055abc0cf91c0f5d8476fba9b3c32ac93eb03be,649,2026-08-27T14:29:40.332915+00:00,
repair_stage_file,,repair_stage,benchmark\external-real-v8-grounded\repair-stage\operations\EXT_E099-CAND_003.json,f9471aff58bb6f090d667fb13f1b02b66d6ad216ddf97e160c0f25cdb6e70f15,657,2026-08-27T14:29:40.332915+00:00,
repair_stage_file,,repair_stage,benchmark\external-real-v8-grounded\repair-stage\operations\EXT_E100-CAND_001.json,1486694d40ff45f16c90dab374323a419e53a20e31ffe9bf87174aa572dfdf05,716,2026-08-27T14:29:40.332915+00:00,
repair_stage_file,,repair_stage,benchmark\external-real-v8-grounded\repair-stage\operations\EXT_E100-CAND_002.json,0fe8178079881e26f3645d22b1a9eb79ac39ea218d0ee165a70dad832e47e3f9,717,2026-08-27T14:29:40.332915+00:00,
repair_stage_file,,repair_stage,benchmark\external-real-v8-grounded\repair-stage\operations\EXT_E100-CAND_003.json,dcedd567754972759eb91a9882cbfdb9d7663fb58ede3ce641919c6a565b9c62,739,2026-08-27T14:29:40.332915+00:00,
repair_stage_file,,repair_stage,benchmark\external-real-v8-grounded\repair-stage\operations\EXT_E101-CAND_001.json,ca8bfce917ac828c341129b48dbd0f714401df755ec66a68397f2c11e6d4288c,731,2026-08-27T14:29:40.333914+00:00,
repair_stage_file,,repair_stage,benchmark\external-real-v8-grounded\repair-stage\operations\EXT_E101-CAND_002.json,14e03ef62f9d17ec370ce5e0ae06a8a2f23b769fe7c815c13f79ae3250869ca8,741,2026-08-27T14:29:40.333914+00:00,
repair_stage_file,,repair_stage,benchmark\external-real-v8-grounded\repair-stage\operations\EXT_E101-CAND_003.json,fd1b15f5d2a31b3cda7df5cb9b88bf7b712dc12f4a04811880e40c0ed6f2cbbe,719,2026-08-27T14:29:40.333914+00:00,
repair_stage_file,,repair_stage,benchmark\external-real-v8-grounded\repair-stage\operations\EXT_E102-CAND_001.json,f933e9780884b66bf678b4f024a25826f95133939ecc0d1faa6cd8e4f67dbcc3,727,2026-08-27T14:29:40.333914+00:00,
repair_stage_file,,repair_stage,benchmark\external-real-v8-grounded\repair-stage\operations\EXT_E102-CAND_002.json,8448c4d0b681dc8e2990edc3a9e036a7413b5fe675a4fbacfe4007cb9aca89f0,742,2026-08-27T14:29:40.334914+00:00,
repair_stage_file,,repair_stage,benchmark\external-real-v8-grounded\repair-stage\operations\EXT_E102-CAND_003.json,0826b98c48f38f8ae84504fe6a038b08ec8a638a9f554a446979816c459eed3f,749,2026-08-27T14:29:40.334914+00:00,
repair_stage_file,,repair_stage,benchmark\external-real-v8-grounded\repair-stage\operations\EXT_E103-CAND_001.json,11b922cf9cac61138cdd366afed12fc0ee52787566d06398c73b426b7f2172e6,711,2026-08-27T14:29:40.334914+00:00,
repair_stage_file,,repair_stage,benchmark\external-real-v8-grounded\repair-stage\operations\EXT_E103-CAND_002.json,609368985b410a19d752f91ea940d12196ff12380eccdd123048883d52c00e30,694,2026-08-27T14:29:40.334914+00:00,
repair_stage_file,,repair_stage,benchmark\external-real-v8-grounded\repair-stage\operations\EXT_E103-CAND_003.json,540e96f70908601d259d87e421cbf1c047972951409b748ae5681c8d1b3aab40,716,2026-08-27T14:29:40.334914+00:00,
repair_stage_file,,repair_stage,benchmark\external-real-v8-grounded\repair-stage\operations\EXT_E104-CAND_001.json,bd42496666e965fb645d96f6dadb2ebdc35f742fcc6623d004d2427c68fac4e2,714,2026-08-27T14:29:40.334914+00:00,
repair_stage_file,,repair_stage,benchmark\external-real-v8-grounded\repair-stage\operations\EXT_E104-CAND_002.json,bc89f4b837415920675bc45006d8e62e8ee9dec61d79feb2143f94793015a47d,725,2026-08-27T14:29:40.336421+00:00,
repair_stage_file,,repair_stage,benchmark\external-real-v8-grounded\repair-stage\operations\EXT_E104-CAND_003.json,49df3a399b62bec604066c613a91e70d5e2b9715ff7f6c2969ba1bce6dcf5acf,703,2026-08-27T14:29:40.336421+00:00,
repair_stage_file,,repair_stage,benchmark\external-real-v8-grounded\repair-stage\operations\EXT_E105-CAND_001.json,d70140a9ddc8d121c01eea4a12f2453420d1d2918ec43db9004a6b7040caf6e6,711,2026-08-27T14:29:40.336421+00:00,
repair_stage_file,,repair_stage,benchmark\external-real-v8-grounded\repair-stage\operations\EXT_E105-CAND_002.json,18a31afc0c16d4c1b0707c8110201929c8b416b7806f6405b64490eac865b44b,731,2026-08-27T14:29:40.336421+00:00,
repair_stage_file,,repair_stage,benchmark\external-real-v8-grounded\repair-stage\operations\EXT_E105-CAND_003.json,8f1a4086ea125d0e1ccc3f78c60a8306cd4c0e789dae8d9dcf2f3bcf80feb112,733,2026-08-27T14:29:40.336421+00:00,
repair_stage_file,,repair_stage,benchmark\external-real-v8-grounded\repair-stage\operations\EXT_E106-CAND_001.json,6f2943cc0a65d12f113ab845bc40070f1b92ee1b0365b3a37c33ec1e512664b6,648,2026-08-27T14:29:40.337430+00:00,
repair_stage_file,,repair_stage,benchmark\external-real-v8-grounded\repair-stage\operations\EXT_E106-CAND_002.json,5eae695ad0f8c358e04a34bcc190049cc776efeefdd49fc7f27b100d4555684b,628,2026-08-27T14:29:40.337430+00:00,
repair_stage_file,,repair_stage,benchmark\external-real-v8-grounded\repair-stage\operations\EXT_E106-CAND_003.json,c8d66fc9174e30b364a66267ba3b54c1d6ec3ebb2ea2ba5e83fd1deafd832d07,650,2026-08-27T14:29:40.337430+00:00,
repair_stage_file,,repair_stage,benchmark\external-real-v8-grounded\repair-stage\operations\EXT_E107-CAND_001.json,2298de4b5085fd6c8c098d01c2b83fc9ee9dbdc4147a086cad2a44afaee451f2,650,2026-08-27T14:29:40.337430+00:00,
repair_stage_file,,repair_stage,benchmark\external-real-v8-grounded\repair-stage\operations\EXT_E107-CAND_002.json,d39b282a498c86b4b8227866887213bfc9330d3f0cdb697e1ce25e6d674a49f8,655,2026-08-27T14:29:40.338427+00:00,
repair_stage_file,,repair_stage,benchmark\external-real-v8-grounded\repair-stage\operations\EXT_E107-CAND_003.json,9d42c7d1dac7fe53c356f278ba54c641b217655ae84d61573b85fa365568f177,633,2026-08-27T14:29:40.338427+00:00,
repair_stage_file,,repair_stage,benchmark\external-real-v8-grounded\repair-stage\operations\EXT_E108-CAND_001.json,1241ce94d501e409b64e89b61ee2d8ce099a58afc56c8ec781a677583a2188e1,661,2026-08-27T14:29:40.338427+00:00,
repair_stage_file,,repair_stage,benchmark\external-real-v8-grounded\repair-stage\operations\EXT_E108-CAND_002.json,95c2630509dbee2ced3f779dfd3d963018342a2d8cd6f9de6534e3b3b1a5ba94,679,2026-08-27T14:29:40.338427+00:00,
repair_stage_file,,repair_stage,benchmark\external-real-v8-grounded\repair-stage\operations\EXT_E108-CAND_003.json,05aff7af6bd8e3717d861f2982abca742e5c205d24a3e8e438545c342e05ceeb,683,2026-08-27T14:29:40.338427+00:00,
repair_stage_file,,repair_stage,benchmark\external-real-v8-grounded\repair-stage\operations\EXT_E109-CAND_001.json,54ab613a879642f407a3f9fa3506d60f158a9c9ca17cf3ba2a375472ede34470,656,2026-08-27T14:29:40.338427+00:00,
repair_stage_file,,repair_stage,benchmark\external-real-v8-grounded\repair-stage\operations\EXT_E109-CAND_002.json,8678d72f55e0891a81df82df5516bf31f074b60840a563716b681503a42481ea,642,2026-08-27T14:29:40.338427+00:00,
repair_stage_file,,repair_stage,benchmark\external-real-v8-grounded\repair-stage\operations\EXT_E109-CAND_003.json,30f159bce072c2da3d56a75f51b770fa3a8bc5d9a74ce5012d13459c3ba71db3,664,2026-08-27T14:29:40.339911+00:00,
repair_stage_file,,repair_stage,benchmark\external-real-v8-grounded\repair-stage\operations\EXT_E110-CAND_001.json,71d9c850c1e74901704b2d1fa432095265681af84988624d3000b39e21b4169d,673,2026-08-27T14:29:40.339911+00:00,
repair_stage_file,,repair_stage,benchmark\external-real-v8-grounded\repair-stage\operations\EXT_E110-CAND_002.json,0697c32ea6c17e8f2a1ed32cea6ebc74ea324f5dfd4faadabffe47af99c49a94,680,2026-08-27T14:29:40.339911+00:00,
repair_stage_file,,repair_stage,benchmark\external-real-v8-grounded\repair-stage\operations\EXT_E110-CAND_003.json,ff2424bbf0dd5bb9271cf9fb403dd063a065a5a42ab58fbc0b2e2dc1e3368098,658,2026-08-27T14:29:40.339911+00:00,
repair_stage_file,,repair_stage,benchmark\external-real-v8-grounded\repair-stage\operations\EXT_E111-CAND_001.json,28a53394a79adc38c4f0296631b3ef7177bf3a71622f86ccbc8e7eec746d5bb5,662,2026-08-27T14:29:40.340909+00:00,
repair_stage_file,,repair_stage,benchmark\external-real-v8-grounded\repair-stage\operations\EXT_E111-CAND_002.json,d5f758cf68079db2a4e86707b0761bcc165d2101d0dba1be6e9388a6392a6187,677,2026-08-27T14:29:40.340909+00:00,
repair_stage_file,,repair_stage,benchmark\external-real-v8-grounded\repair-stage\operations\EXT_E111-CAND_003.json,9ee912a21e65055ba50b9c3284dfcfd20c2099dc2a57352bdddd620f0bfe7fd4,684,2026-08-27T14:29:40.340909+00:00,
repair_stage_file,,repair_stage,benchmark\external-real-v8-grounded\repair-stage\operations\EXT_E112-CAND_001.json,87dc4b8856b4d8a1bd8562dd3a96ebf14bcb0055b1d4b654408259670fad97ef,678,2026-08-27T14:29:40.340909+00:00,
repair_stage_file,,repair_stage,benchmark\external-real-v8-grounded\repair-stage\operations\EXT_E112-CAND_002.json,dba0cefaed04d0f19c03045d94248a9ec5c3ca1c46e30fd5a0117c25ac6e8699,655,2026-08-27T14:29:40.340909+00:00,
repair_stage_file,,repair_stage,benchmark\external-real-v8-grounded\repair-stage\operations\EXT_E112-CAND_003.json,5f677936fc7b139781a19f0b7240344c5603ea6cabc46993a033d8cbff94d0b7,677,2026-08-27T14:29:40.342068+00:00,
repair_stage_file,,repair_stage,benchmark\external-real-v8-grounded\repair-stage\operations\EXT_E113-CAND_001.json,1d016aa1d50d9242481d4ca39a1e11525e1a08c02910dc3ffacd8b4de42af530,647,2026-08-27T14:29:40.342068+00:00,
repair_stage_file,,repair_stage,benchmark\external-real-v8-grounded\repair-stage\operations\EXT_E113-CAND_002.json,a4b3ca5159874e81ad181c4344f903e22a00b3527be29e04621dd98a26f96b8b,656,2026-08-27T14:29:40.343138+00:00,
repair_stage_file,,repair_stage,benchmark\external-real-v8-grounded\repair-stage\operations\EXT_E113-CAND_003.json,23aace48ae8a9c69fa1c6cc9ca331256dbef3e4df36b94cbec51bb9b3f47e40b,634,2026-08-27T14:29:40.343138+00:00,
repair_stage_file,,repair_stage,benchmark\external-real-v8-grounded\repair-stage\operations\EXT_E114-CAND_001.json,832b823f986ddbe06d610595c2d43f5d757e1e8b622940b3467ed0b998f38076,622,2026-08-27T14:29:40.343138+00:00,
repair_stage_file,,repair_stage,benchmark\external-real-v8-grounded\repair-stage\operations\EXT_E114-CAND_002.json,80a84bac2fcc1b15343adb51903cd05c7f784efb2ab4216aa599a8bd001a45f5,645,2026-08-27T14:29:40.343138+00:00,
repair_stage_file,,repair_stage,benchmark\external-real-v8-grounded\repair-stage\operations\EXT_E114-CAND_003.json,8f321e3d3cfaee49664aff7c2f2b88ff7b248423307f24e7c6f6c28dc2664e03,644,2026-08-27T14:29:40.344141+00:00,
repair_stage_file,,repair_stage,benchmark\external-real-v8-grounded\repair-stage\operations\EXT_E115-CAND_001.json,a10c5dc4bde973f43b6d5ea98eb19c2df0f17a087484ae03607f95b17fcf5f30,660,2026-08-27T14:29:40.344141+00:00,
repair_stage_file,,repair_stage,benchmark\external-real-v8-grounded\repair-stage\operations\EXT_E115-CAND_002.json,ab6337e0dc6399819091d840e22c8dac6311d8189eabecad6872f398b3e2c991,631,2026-08-27T14:29:40.344141+00:00,
repair_stage_file,,repair_stage,benchmark\external-real-v8-grounded\repair-stage\operations\EXT_E115-CAND_003.json,dfb4872f2502e4b87ee705715e6aa01c7c326574740fdd4fc11d4be6bbfe1979,653,2026-08-27T14:29:40.344141+00:00,
repair_stage_file,,repair_stage,benchmark\external-real-v8-grounded\repair-stage\operations\EXT_E116-CAND_001.json,a227006eb1c0fd37ae613d11c0cba7050faa6b0fbb999f81004b1f25e4319644,658,2026-08-27T14:29:40.345266+00:00,
repair_stage_file,,repair_stage,benchmark\external-real-v8-grounded\repair-stage\operations\EXT_E116-CAND_002.json,ecf15229411f64aee061dd19274f10c0ae34a2fa4160b1495c9e162b961ff313,651,2026-08-27T14:29:40.345266+00:00,
repair_stage_file,,repair_stage,benchmark\external-real-v8-grounded\repair-stage\operations\EXT_E116-CAND_003.json,0be379091486df5893a307f1746f3c7e7b9942776f583954bef5c83fe4a5b885,629,2026-08-27T14:29:40.345266+00:00,
repair_stage_file,,repair_stage,benchmark\external-real-v8-grounded\repair-stage\operations\EXT_E117-CAND_001.json,4b620f1afabb930d9df3cdbc0c6d78c16a0a84179c831581daaa1ae45ad76f3f,635,2026-08-27T14:29:40.345266+00:00,
repair_stage_file,,repair_stage,benchmark\external-real-v8-grounded\repair-stage\operations\EXT_E117-CAND_002.json,ca15bf5af54ca3c405eacb829696997ae0e8eb98f2fc74a2b9bd87a007623bc7,655,2026-08-27T14:29:40.345266+00:00,
repair_stage_file,,repair_stage,benchmark\external-real-v8-grounded\repair-stage\operations\EXT_E117-CAND_003.json,e711059bb63e005d8efd1343d6cb60fc7171964077bac640b8ca56edf557c6e8,657,2026-08-27T14:29:40.345266+00:00,
repair_stage_file,,repair_stage,benchmark\external-real-v8-grounded\repair-stage\operations\EXT_E118-CAND_001.json,e57a281e11839cae1f6b300efa1fbbd64740aded11d9dbe357ec167762803ae5,656,2026-08-27T14:29:40.346774+00:00,
repair_stage_file,,repair_stage,benchmark\external-real-v8-grounded\repair-stage\operations\EXT_E118-CAND_002.json,cc7b8f3c865fcbd71ed0d3c6ee9a3d9086cccc8b85fc1942d7dc978540276cf0,637,2026-08-27T14:29:40.346774+00:00,
repair_stage_file,,repair_stage,benchmark\external-real-v8-grounded\repair-stage\operations\EXT_E118-CAND_003.json,681b4c9b6e870f74027135122726437efb774afdf1ebcf8b28d2f040219fee79,659,2026-08-27T14:29:40.346774+00:00,
repair_stage_file,,repair_stage,benchmark\external-real-v8-grounded\repair-stage\operations\EXT_E119-CAND_001.json,4523e8d2dbd3fa3962c707984f7ce0b18ca11671078112c9f9a58f8b5b22364c,667,2026-08-27T14:29:40.346774+00:00,
repair_stage_file,,repair_stage,benchmark\external-real-v8-grounded\repair-stage\operations\EXT_E119-CAND_002.json,8523886af7de00dfaac4f6030a3c6f61a44d8c145bd772ca029cbb86b952a445,667,2026-08-27T14:29:40.347780+00:00,
repair_stage_file,,repair_stage,benchmark\external-real-v8-grounded\repair-stage\operations\EXT_E119-CAND_003.json,6fe83eb5f9691c8ed960b6e861b4d53875c6894522ba31dbda76dc532c7f4da3,645,2026-08-27T14:29:40.347780+00:00,
repair_stage_file,,repair_stage,benchmark\external-real-v8-grounded\repair-stage\operations\EXT_E120-CAND_001.json,0e7328ce194bd93cf200b7e3e030e8bf8199ae435f59a8cdfd28c62b39389659,618,2026-08-27T14:29:40.347780+00:00,
repair_stage_file,,repair_stage,benchmark\external-real-v8-grounded\repair-stage\operations\EXT_E120-CAND_002.json,fad4556ed64c9322e5d266b2450eda6b0d5c21ff418678a9e6b1d56b6c825e4e,640,2026-08-27T14:29:40.348780+00:00,
repair_stage_file,,repair_stage,benchmark\external-real-v8-grounded\repair-stage\operations\EXT_E120-CAND_003.json,dcd94868e63d744bd00ce286bf088e1e5732bff53bc1345b2ea8eef1546c30fc,640,2026-08-27T14:29:40.348780+00:00,
repair_stage_file,,repair_stage,benchmark\external-real-v8-grounded\repair-stage\operations\EXT_E121-CAND_001.json,ba0a12ed5d0a2e1033590ab6165269445fbf7f759706628429845c9c75ed9f6a,645,2026-08-27T14:29:40.348780+00:00,
repair_stage_file,,repair_stage,benchmark\external-real-v8-grounded\repair-stage\operations\EXT_E121-CAND_002.json,1cfea22bbbeb1f3961d87a6df729d6ae44b37b6e374c7ec32b7d1a92a66585b8,622,2026-08-27T14:29:40.348780+00:00,
repair_stage_file,,repair_stage,benchmark\external-real-v8-grounded\repair-stage\operations\EXT_E121-CAND_003.json,255d77d9184ffbb189fac41ce3e3de6d7f5db2a90521948d3a2185b79f0510c0,644,2026-08-27T14:29:40.348780+00:00,
repair_stage_file,,repair_stage,benchmark\external-real-v8-grounded\repair-stage\operations\EXT_E122-CAND_001.json,dc3faf2378cdbfa22816b9b2ce88addc0aa24939954f120aca7d690c9a5048b4,664,2026-08-27T14:29:40.349783+00:00,
repair_stage_file,,repair_stage,benchmark\external-real-v8-grounded\repair-stage\operations\EXT_E122-CAND_002.json,fd7629fc1729d76916f45ed32071fe615570dadf9ca8dc6e20cc7a7b9364efc5,667,2026-08-27T14:29:40.349783+00:00,
repair_stage_file,,repair_stage,benchmark\external-real-v8-grounded\repair-stage\operations\EXT_E122-CAND_003.json,bd609f850a9ed59f3c71a2f85f373073b2d669b0fa521a8896df0408d21b23bb,645,2026-08-27T14:29:40.349783+00:00,
repair_stage_file,,repair_stage,benchmark\external-real-v8-grounded\repair-stage\operations\EXT_E123-CAND_001.json,7c1775fbdab64788b930713aeaa68676ffb5db0d37a6b0bd0a9ce34cf784fb11,621,2026-08-27T14:29:40.350784+00:00,
repair_stage_file,,repair_stage,benchmark\external-real-v8-grounded\repair-stage\operations\EXT_E123-CAND_002.json,6bde7c9f5af2dce91013ff21b243f83dd7ea64731b5a8ae69ef5176d40cd4156,658,2026-08-27T14:29:40.350784+00:00,
repair_stage_file,,repair_stage,benchmark\external-real-v8-grounded\repair-stage\operations\EXT_E123-CAND_003.json,416248f1e543182bdc7833de4ee8a3ca3c08ee2533367bfb80d7107970a8d8a8,643,2026-08-27T14:29:40.351291+00:00,
repair_stage_file,,repair_stage,benchmark\external-real-v8-grounded\repair-stage\operations\EXT_E124-CAND_001.json,cf57363a73dbc85ed4df65be9637dc3421b320a8e39b9fcefeda02b09b665013,664,2026-08-27T14:29:40.351291+00:00,
repair_stage_file,,repair_stage,benchmark\external-real-v8-grounded\repair-stage\operations\EXT_E124-CAND_002.json,7202df55cc897dd17307f543fa0b8ae985b02426780400329adc4eb289141ea0,645,2026-08-27T14:29:40.351291+00:00,
repair_stage_file,,repair_stage,benchmark\external-real-v8-grounded\repair-stage\operations\EXT_E124-CAND_003.json,ce57de24df97ab4e68e522a7ca9967e6c2b1dc94d0727d3409751176ed862608,667,2026-08-27T14:29:40.351291+00:00,
repair_stage_file,,repair_stage,benchmark\external-real-v8-grounded\repair-stage\operations\EXT_E125-CAND_001.json,840d60445bd8d2cd327eae3071774bd853bd074daf2b5a021e427fdd06aec187,658,2026-08-27T14:29:40.352309+00:00,
repair_stage_file,,repair_stage,benchmark\external-real-v8-grounded\repair-stage\operations\EXT_E125-CAND_002.json,e21ccc22bcbc5320e24860983c8a919328fbe1049853a4ba0ddc5ad3179677b6,651,2026-08-27T14:29:40.352309+00:00,
repair_stage_file,,repair_stage,benchmark\external-real-v8-grounded\repair-stage\operations\EXT_E125-CAND_003.json,e5b1e6bab9c9f451e03372fb81e7e9f742decbceebf079bebb5e884b88bf2fe5,629,2026-08-27T14:29:40.352309+00:00,
repair_stage_file,,repair_stage,benchmark\external-real-v8-grounded\repair-stage\operations\EXT_E126-CAND_001.json,3b6343dcc8d13d77c76ccfff93ff5fdb82e7237607675301bf0d087a7a7d088a,639,2026-08-27T14:29:40.352309+00:00,
repair_stage_file,,repair_stage,benchmark\external-real-v8-grounded\repair-stage\operations\EXT_E126-CAND_002.json,4f26320141839a43c18c5f10c48117aa99ca593020225857d3ea6f29ebd1ee4d,656,2026-08-27T14:29:40.353316+00:00,
repair_stage_file,,repair_stage,benchmark\external-real-v8-grounded\repair-stage\operations\EXT_E126-CAND_003.json,cb1f0639e2cd40c82cb49b8d48dd850dcd8c001b75b65120bbb90e0d5903f63e,661,2026-08-27T14:29:40.353316+00:00,
repair_stage_file,,repair_stage,benchmark\external-real-v8-grounded\repair-stage\operations\EXT_E127-CAND_001.json,5d5b7750f5dfe8d90b3199f56031f7540c1475e36b312ac07a0d26e7466dd698,629,2026-08-27T14:29:40.353316+00:00,
repair_stage_file,,repair_stage,benchmark\external-real-v8-grounded\repair-stage\operations\EXT_E127-CAND_002.json,45a55b4140e2ba370604b3890611b4c49bee4ef7e1d0d14293ae5c596af3e27a,613,2026-08-27T14:29:40.353316+00:00,
repair_stage_file,,repair_stage,benchmark\external-real-v8-grounded\repair-stage\operations\EXT_E127-CAND_003.json,5b1921cd9fb9b9b250671244fa0b5c4fd1d7857cf968dff38b86ac1282bec1b5,635,2026-08-27T14:29:40.354317+00:00,
repair_stage_file,,repair_stage,benchmark\external-real-v8-grounded\repair-stage\operations\EXT_E128-CAND_001.json,44a2a668c95c86dbac116176f91f054d77ae5656b609ca3c4be6723efb549112,658,2026-08-27T14:29:40.354317+00:00,
repair_stage_file,,repair_stage,benchmark\external-real-v8-grounded\repair-stage\operations\EXT_E128-CAND_002.json,baa97d031ebef326da6627615cf0c283cd120f2f84f5940cb6d96034f8f31454,657,2026-08-27T14:29:40.354317+00:00,
repair_stage_file,,repair_stage,benchmark\external-real-v8-grounded\repair-stage\operations\EXT_E128-CAND_003.json,0173d39a555dbd5657d34289749b4d70f2e9e23034f31c181acdd2b8784d98ab,635,2026-08-27T14:29:40.354317+00:00,
repair_stage_file,,repair_stage,benchmark\external-real-v8-grounded\repair-stage\operations\EXT_E129-CAND_001.json,2f5ec9869465106ebcdfee9ad1bb550f1daefd5a658e36159e74ee7709e9bf4e,627,2026-08-27T14:29:40.354317+00:00,
repair_stage_file,,repair_stage,benchmark\external-real-v8-grounded\repair-stage\operations\EXT_E129-CAND_002.json,164bb2839905f042ae69608ad22124d83d7ac9e5a5de44042ac7db2eab7de2d4,650,2026-08-27T14:29:40.354317+00:00,
repair_stage_file,,repair_stage,benchmark\external-real-v8-grounded\repair-stage\operations\EXT_E129-CAND_003.json,6cceb8dd11b93db5d6c0290cff72860b8065a8b6506c44aefa8e92e362a84bd6,649,2026-08-27T14:29:40.355492+00:00,
repair_stage_file,,repair_stage,benchmark\external-real-v8-grounded\repair-stage\operations\EXT_E130-CAND_001.json,1334e20794838b71a141fd342041daf15697fbe98630f3aada7373f4319fc6ca,681,2026-08-27T14:29:40.355492+00:00,
repair_stage_file,,repair_stage,benchmark\external-real-v8-grounded\repair-stage\operations\EXT_E130-CAND_002.json,98ce05c9bc6b708d6cdecd3c91180f8ce44b326c11b8ff7b5a7b6813297b2cd6,662,2026-08-27T14:29:40.355492+00:00,
repair_stage_file,,repair_stage,benchmark\external-real-v8-grounded\repair-stage\operations\EXT_E130-CAND_003.json,225e1718ef95edd1f7c21ecee582d9f09a1ddb877f988dc5d8fe50685143d019,684,2026-08-27T14:29:40.355492+00:00,
repair_stage_file,,repair_stage,benchmark\external-real-v8-grounded\repair-stage\operations\EXT_E131-CAND_001.json,0605173344d18114ddcd9ef078ea8eb54626ee50d2c8434431f045af4ac08ffa,662,2026-08-27T14:29:40.355492+00:00,
repair_stage_file,,repair_stage,benchmark\external-real-v8-grounded\repair-stage\operations\EXT_E131-CAND_002.json,faa5449e5a598ba7bdf7372e65c200e37b79982f1bbfaedf5f86ea0ca3a5959c,667,2026-08-27T14:29:40.355492+00:00,
repair_stage_file,,repair_stage,benchmark\external-real-v8-grounded\repair-stage\operations\EXT_E131-CAND_003.json,59e67adc24e22c8848c264f13c7caca123c7cd448490b94499288ddc80d15465,645,2026-08-27T14:29:40.357001+00:00,
repair_stage_file,,repair_stage,benchmark\external-real-v8-grounded\repair-stage\operations\EXT_E132-CAND_001.json,bbbdec39e21e35636eb1965e73a4dd4ad682a4b2420e4c1812d74f3e923667c5,623,2026-08-27T14:29:40.357001+00:00,
repair_stage_file,,repair_stage,benchmark\external-real-v8-grounded\repair-stage\operations\EXT_E132-CAND_002.json,dcae7efecfe0cbf4ff8c630008338d072fcafa57adbf2753b5f6a4f22829557f,651,2026-08-27T14:29:40.357001+00:00,
repair_stage_file,,repair_stage,benchmark\external-real-v8-grounded\repair-stage\operations\EXT_E132-CAND_003.json,bee70fca5a9ac89b50a085d895b95839f76d024dcb769c4a4555486aae313ac7,645,2026-08-27T14:29:40.357001+00:00,
repair_stage_file,,repair_stage,benchmark\external-real-v8-grounded\repair-stage\operations\EXT_E133-CAND_001.json,e1b11a8b9bca57e77eaea37904821656e77bb9d4aa67d287e88f1ddbd2c05026,669,2026-08-27T14:29:40.357001+00:00,
repair_stage_file,,repair_stage,benchmark\external-real-v8-grounded\repair-stage\operations\EXT_E133-CAND_002.json,f35321c3088c9071c1f3552422d01cba2d9b8c1caac90cc87adc7be9a23afd71,645,2026-08-27T14:29:40.358008+00:00,
repair_stage_file,,repair_stage,benchmark\external-real-v8-grounded\repair-stage\operations\EXT_E133-CAND_003.json,012b4d2a62cf35b34f90aa12c2454ff10a5b0ded1b47c6781fbe7ccd6fa4e886,667,2026-08-27T14:29:40.358008+00:00,
repair_stage_file,,repair_stage,benchmark\external-real-v8-grounded\repair-stage\operations\EXT_E134-CAND_001.json,73992a912900e5b3fc7d73bc179a6926f58eec3eb0798e85afbc230cddf909aa,669,2026-08-27T14:29:40.358008+00:00,
repair_stage_file,,repair_stage,benchmark\external-real-v8-grounded\repair-stage\operations\EXT_E134-CAND_002.json,187bee7a1423a854b29ef6f38c15b14b9bf474107b6bfc472eaec8df58579876,664,2026-08-27T14:29:40.358008+00:00,
repair_stage_file,,repair_stage,benchmark\external-real-v8-grounded\repair-stage\operations\EXT_E134-CAND_003.json,e7a1d3a793996e7367dba2aa94bf67d30a3b6b43842cc319bfb458ac9b69a8b3,642,2026-08-27T14:29:40.359008+00:00,
repair_stage_file,,repair_stage,benchmark\external-real-v8-grounded\repair-stage\operations\EXT_E136-CAND_001.json,1e4152ed6ec1d0936c4bc2e22e8fe0049c86f02b01331db97b6e9863eb658641,664,2026-08-27T14:29:40.359008+00:00,
repair_stage_file,,repair_stage,benchmark\external-real-v8-grounded\repair-stage\operations\EXT_E136-CAND_002.json,84d1b52d30dc6752e1f8e65c7efa1cfc09bf6f51aece4f4cb506853115acb6ad,644,2026-08-27T14:29:40.359008+00:00,
repair_stage_file,,repair_stage,benchmark\external-real-v8-grounded\repair-stage\operations\EXT_E136-CAND_003.json,d69599ced93589ad7000682c8fa65dc17f85f57edb436cae6327fb12c495cf3f,666,2026-08-27T14:29:40.359008+00:00,
repair_stage_file,,repair_stage,benchmark\external-real-v8-grounded\repair-stage\operations\EXT_E137-CAND_001.json,38ef21fb332d646489131c34347e7241ff6319c7ac6eacb0fdb30fa9b56821af,675,2026-08-27T14:29:40.359008+00:00,
repair_stage_file,,repair_stage,benchmark\external-real-v8-grounded\repair-stage\operations\EXT_E137-CAND_002.json,0f5533555f67799263a5a38f8ac082d5b4ea2cc12d5b8abf82423130f97e15d2,686,2026-08-27T14:29:40.359008+00:00,
repair_stage_file,,repair_stage,benchmark\external-real-v8-grounded\repair-stage\operations\EXT_E137-CAND_003.json,2834b64ac035c7b02bbde8dd26f9aeb5f456f8d5f6b841cd03d063fd678841ce,664,2026-08-27T14:29:40.359008+00:00,
repair_stage_file,,repair_stage,benchmark\external-real-v8-grounded\repair-stage\operations\EXT_E139-CAND_001.json,4fd2a0c5177afe93683cfd14052a7254a07e5d5b37fa058592020e740b3984ba,671,2026-08-27T14:29:40.360494+00:00,
repair_stage_file,,repair_stage,benchmark\external-real-v8-grounded\repair-stage\operations\EXT_E139-CAND_002.json,61962c3fd65779d3a8aba7491fc911f6433b5fb3eb42c2f9c0d453ac19c99ac8,650,2026-08-27T14:29:40.360494+00:00,
repair_stage_file,,repair_stage,benchmark\external-real-v8-grounded\repair-stage\operations\EXT_E139-CAND_003.json,ec4cfeb14df27da2094ea46bab039e34af829cfdb57e3697f9f104b9059c2999,672,2026-08-27T14:29:40.361002+00:00,
repair_stage_file,,repair_stage,benchmark\external-real-v8-grounded\repair-stage\operations\EXT_E140-CAND_001.json,778b00de66e59065460b6470552d1ab879db90afbff06e2d6cee212233cc9d04,694,2026-08-27T14:29:40.361002+00:00,
repair_stage_file,,repair_stage,benchmark\external-real-v8-grounded\repair-stage\operations\EXT_E140-CAND_002.json,9ebc9310c4440de516f6869ed138e31507cbe0c0444b1fa590ce7adde461bcff,687,2026-08-27T14:29:40.361002+00:00,
repair_stage_file,,repair_stage,benchmark\external-real-v8-grounded\repair-stage\operations\EXT_E140-CAND_003.json,c17daee54083521dde22e9c316ba17c3aad5abc9674f63a26166a19a154999e5,665,2026-08-27T14:29:40.361002+00:00,
repair_stage_file,,repair_stage,benchmark\external-real-v8-grounded\repair-stage\operations\EXT_E141-CAND_001.json,86b55b8936d561948b07f279a868d5a76f52732393ea3503db2a5cf89b02138c,656,2026-08-27T14:29:40.361002+00:00,
repair_stage_file,,repair_stage,benchmark\external-real-v8-grounded\repair-stage\operations\EXT_E141-CAND_002.json,91a8febf48e54312af6f703c6ed01a40a0da52d7ca1db8b882faaf1fdad549c5,684,2026-08-27T14:29:40.362525+00:00,
repair_stage_file,,repair_stage,benchmark\external-real-v8-grounded\repair-stage\operations\EXT_E141-CAND_003.json,efc61e26376b381b0e6a86bfddeca60aa76f31cfe24a9a91985ed1baf01d2f0b,678,2026-08-27T14:29:40.362525+00:00,
repair_stage_file,,repair_stage,benchmark\external-real-v8-grounded\repair-stage\operations\EXT_E142-CAND_001.json,40ce9c08fe83237c8e0cb13452cf5166293df82ce529ddc55bfac2b080756d7e,683,2026-08-27T14:29:40.362525+00:00,
repair_stage_file,,repair_stage,benchmark\external-real-v8-grounded\repair-stage\operations\EXT_E142-CAND_002.json,65dafa3dfa1b465bf33a91871a3102e43b1ff79b31897f54078da93fe0e06ae7,656,2026-08-27T14:29:40.362525+00:00,
repair_stage_file,,repair_stage,benchmark\external-real-v8-grounded\repair-stage\operations\EXT_E142-CAND_003.json,8f59fbeb311076a3a0268705eaf58bff5b26ab02ddfb69cdf571058887e1ef27,678,2026-08-27T14:29:40.362525+00:00,
repair_stage_file,,repair_stage,benchmark\external-real-v8-grounded\repair-stage\operations\EXT_E144-CAND_001.json,6e3568702695113b83ced51c6339e7214f7ab485d7748ee0dc67edccf3db2e77,641,2026-08-27T14:29:40.363532+00:00,
repair_stage_file,,repair_stage,benchmark\external-real-v8-grounded\repair-stage\operations\EXT_E144-CAND_002.json,880ca6e4f5d4ea147f57dd478687b16dc092a9d9b2316da925e13000078148e2,668,2026-08-27T14:29:40.363532+00:00,
repair_stage_file,,repair_stage,benchmark\external-real-v8-grounded\repair-stage\operations\EXT_E144-CAND_003.json,35ac6af7b2f50438190cdfdf82c9678eb62680fcca75ddc8b9458813bca4e90d,663,2026-08-27T14:29:40.364534+00:00,
repair_stage_file,,repair_stage,benchmark\external-real-v8-grounded\repair-stage\operations\EXT_E145-CAND_001.json,b03a027dd030892bc78d0872d86dfefb8d490d2fa968c0455bcc9be08085099b,684,2026-08-27T14:29:40.365637+00:00,
repair_stage_file,,repair_stage,benchmark\external-real-v8-grounded\repair-stage\operations\EXT_E145-CAND_002.json,576ac61a8fdd32afe90f1614771fbe48639465881992fcff3bad4f1e5a6fb1bc,658,2026-08-27T14:29:40.365637+00:00,
repair_stage_file,,repair_stage,benchmark\external-real-v8-grounded\repair-stage\operations\EXT_E145-CAND_003.json,b776bfb81f0076b34eca0680056c403bba7621b126e823d689f52a9319e21625,680,2026-08-27T14:29:40.365637+00:00,
repair_stage_file,,repair_stage,benchmark\external-real-v8-grounded\repair-stage\operations\EXT_E146-CAND_001.json,cddfa37e6b7e8feebdebc5868905b1bf2d0d7a05d50dfcb87fd633a2fa8f268e,689,2026-08-27T14:29:40.365637+00:00,
repair_stage_file,,repair_stage,benchmark\external-real-v8-grounded\repair-stage\operations\EXT_E146-CAND_002.json,920a792a4a79dbef6d5813626663d4b890dcd91ba5e4d733daa8994af1803edf,684,2026-08-27T14:29:40.366635+00:00,
repair_stage_file,,repair_stage,benchmark\external-real-v8-grounded\repair-stage\operations\EXT_E146-CAND_003.json,ef564ee87a6d6f592ba4c6a38cfd1a21715eb03c0900030874d544e88cac00ec,662,2026-08-27T14:29:40.366635+00:00,
repair_stage_file,,repair_stage,benchmark\external-real-v8-grounded\repair-stage\operations\EXT_E147-CAND_001.json,5e7bf451bb96f2b8588766655ef451ac3575f8523f21f483e5e797e5f584b9ab,650,2026-08-27T14:29:40.366635+00:00,
repair_stage_file,,repair_stage,benchmark\external-real-v8-grounded\repair-stage\operations\EXT_E147-CAND_002.json,73f159743002573c9318543c351ef90e9746ec3bb00e0beedd5569573aed2b4f,676,2026-08-27T14:29:40.367140+00:00,
repair_stage_file,,repair_stage,benchmark\external-real-v8-grounded\repair-stage\operations\EXT_E147-CAND_003.json,e8051c4ce88b23351aa98708d16dca372682fb52064cad058df3d997d5f54fab,672,2026-08-27T14:29:40.367140+00:00,
repair_stage_file,,repair_stage,benchmark\external-real-v8-grounded\repair-stage\operations\EXT_E148-CAND_001.json,acb770d3930d9770065ec51a3bcd98e16428d96964b59ad79e19d0408ec19bac,661,2026-08-27T14:29:40.367140+00:00,
repair_stage_file,,repair_stage,benchmark\external-real-v8-grounded\repair-stage\operations\EXT_E148-CAND_002.json,d5a103f5925cbb33183d6aeaecdb6a355672de0f97198b5eceb2ef3c3a5aa7dc,641,2026-08-27T14:29:40.368145+00:00,
repair_stage_file,,repair_stage,benchmark\external-real-v8-grounded\repair-stage\operations\EXT_E148-CAND_003.json,dac86e94e51b205f8d2f78de027518f13d3961c398ed8af9680fe57102c2ec02,663,2026-08-27T14:29:40.368145+00:00,
repair_stage_file,,repair_stage,benchmark\external-real-v8-grounded\repair-stage\operations\EXT_E149-CAND_001.json,e443e68616e55d08194b400427b9849f859d5f4376963f581e581ef5e951a541,670,2026-08-27T14:29:40.368145+00:00,
repair_stage_file,,repair_stage,benchmark\external-real-v8-grounded\repair-stage\operations\EXT_E149-CAND_002.json,6933551ff25052a2d2db661de6043871c2a8f35caa066cda76c5852e1ac9fd72,672,2026-08-27T14:29:40.368145+00:00,
repair_stage_file,,repair_stage,benchmark\external-real-v8-grounded\repair-stage\operations\EXT_E149-CAND_003.json,8f6a8c455826f048d55286a70ff847e929008c6a05e5c9c5ee799b99388e3d55,650,2026-08-27T14:29:40.369145+00:00,
repair_stage_file,,repair_stage,benchmark\external-real-v8-grounded\repair-stage\operations\EXT_E153-CAND_001.json,2bb02e7086f959cd83dde44890308b46addf298bf5493ead77837ab9ce46aa67,667,2026-08-27T14:29:40.369145+00:00,
repair_stage_file,,repair_stage,benchmark\external-real-v8-grounded\repair-stage\operations\EXT_E153-CAND_002.json,c251afa75029332741b1aa0059fc25ceb39c575996a884428812eb932e62143c,684,2026-08-27T14:29:40.369145+00:00,
repair_stage_file,,repair_stage,benchmark\external-real-v8-grounded\repair-stage\operations\EXT_E153-CAND_003.json,402b90b725941b6fb7d51d81db8cec408c115c9e15de13fd95eaa5d8ab0d73fa,689,2026-08-27T14:29:40.369145+00:00,
repair_stage_file,,repair_stage,benchmark\external-real-v8-grounded\repair-stage\operations\EXT_E154-CAND_001.json,316f451a99a9f63a72684d01fb2ff39a123762f537bd10b28dba74eb0dec5f47,680,2026-08-27T14:29:40.370652+00:00,
repair_stage_file,,repair_stage,benchmark\external-real-v8-grounded\repair-stage\operations\EXT_E154-CAND_002.json,a9340c080e4994870227bccbe11ed9ad08836ec346cf371149532676da02c2f0,660,2026-08-27T14:29:40.370652+00:00,
repair_stage_file,,repair_stage,benchmark\external-real-v8-grounded\repair-stage\operations\EXT_E154-CAND_003.json,78481c965f3f76cb7087288f1107bdb0722cae64f91801d09e01ac0a06a11809,682,2026-08-27T14:29:40.370652+00:00,
repair_stage_file,,repair_stage,benchmark\external-real-v8-grounded\repair-stage\operations\EXT_E155-CAND_001.json,0935be4f66ecb213ad2625cfbdd61112043468f4fd72cb31fe9540a5727cc873,705,2026-08-27T14:29:40.370652+00:00,
repair_stage_file,,repair_stage,benchmark\external-real-v8-grounded\repair-stage\operations\EXT_E155-CAND_002.json,c799138301f07e9bab5181081629f47c9c04e1a0d8e3ad959be259648dab53fc,697,2026-08-27T14:29:40.371674+00:00,
repair_stage_file,,repair_stage,benchmark\external-real-v8-grounded\repair-stage\operations\EXT_E155-CAND_003.json,388091b9bbf25030741ef69e60c5041513c42d93cb80228378ecf2217dc2bf05,675,2026-08-27T14:29:40.371674+00:00,
repair_stage_file,,repair_stage,benchmark\external-real-v8-grounded\repair-stage\operations\EXT_E156-CAND_001.json,0838f5d3d916d42d46465267a94097b5f44332143faec888b7c70c5143e834e1,640,2026-08-27T14:29:40.371674+00:00,
repair_stage_file,,repair_stage,benchmark\external-real-v8-grounded\repair-stage\operations\EXT_E156-CAND_002.json,cf65a2d0e306bc1e75be50b5ef3c079fb2ea7006201a1d606bfef2393febe0ec,664,2026-08-27T14:29:40.371674+00:00,
repair_stage_file,,repair_stage,benchmark\external-real-v8-grounded\repair-stage\operations\EXT_E156-CAND_003.json,cfffeabaa1bcb82446a754f5bf51e5e4bee6e53f0f81e4ee27d04edd6841b4f7,662,2026-08-27T14:29:40.371674+00:00,
repair_stage_file,,repair_stage,benchmark\external-real-v8-grounded\repair-stage\operations\EXT_E157-CAND_001.json,9c8b17f662351a78cf35743b977df55d56571b080a97c77b67fe42a0fbadfd9d,690,2026-08-27T14:29:40.372687+00:00,
repair_stage_file,,repair_stage,benchmark\external-real-v8-grounded\repair-stage\operations\EXT_E157-CAND_002.json,5521dbecc24e0763476f15b4c37de799036e0fbc43159bfde8de543e014f1fa9,665,2026-08-27T14:29:40.372687+00:00,
repair_stage_file,,repair_stage,benchmark\external-real-v8-grounded\repair-stage\operations\EXT_E157-CAND_003.json,c3dcabbbb39702ed5e58ebef47562ca505b400ae652db54ead5bcbf73269355d,687,2026-08-27T14:29:40.372687+00:00,
repair_stage_file,,repair_stage,benchmark\external-real-v8-grounded\repair-stage\operations\EXT_E160-CAND_001.json,3021d01abcf16b986773cf0d091e71dd5c31a5b57e710e074063eb4bca6586b0,698,2026-08-27T14:29:40.372687+00:00,
repair_stage_file,,repair_stage,benchmark\external-real-v8-grounded\repair-stage\operations\EXT_E160-CAND_002.json,c2cdf75f36572b2c8fa3b8c380c25c75c671a0eac1330659893179280bbe8d96,680,2026-08-27T14:29:40.373697+00:00,
repair_stage_file,,repair_stage,benchmark\external-real-v8-grounded\repair-stage\operations\EXT_E160-CAND_003.json,44ad5acc477939d179426b40962c6b8b4e84f48224787fd0394f5f3c4812905a,702,2026-08-27T14:29:40.373697+00:00,
repair_stage_file,,repair_stage,benchmark\external-real-v8-grounded\repair-stage\operations\EXT_E161-CAND_001.json,3eff182f69601188bc10cdd04d0c99704c4b56061839b398f10aae1c903a929a,668,2026-08-27T14:29:40.373697+00:00,
repair_stage_file,,repair_stage,benchmark\external-real-v8-grounded\repair-stage\operations\EXT_E161-CAND_002.json,5533d402235497d8ee849e83349249e0fae6cbb1a6f7ebef266663982cbd7a22,672,2026-08-27T14:29:40.373697+00:00,
repair_stage_file,,repair_stage,benchmark\external-real-v8-grounded\repair-stage\operations\EXT_E161-CAND_003.json,590b7539d01855a1cea4af7aaef3f70c8ecd03209cdf833e20aafa0297175bd5,650,2026-08-27T14:29:40.374706+00:00,
repair_stage_file,,repair_stage,benchmark\external-real-v8-grounded\repair-stage\operations\EXT_E162-CAND_001.json,1ae938cd3a3968741936fcc9d8d0b162beaf2bd069722265412560a6f24c6bbe,683,2026-08-27T14:29:40.374706+00:00,
repair_stage_file,,repair_stage,benchmark\external-real-v8-grounded\repair-stage\operations\EXT_E162-CAND_002.json,65ced093a3bc2197c428af4fc54e3f48580d87ba9919ae181e1de7f767593dd2,701,2026-08-27T14:29:40.374706+00:00,
repair_stage_file,,repair_stage,benchmark\external-real-v8-grounded\repair-stage\operations\EXT_E162-CAND_003.json,3b1281e6b9461b5bf9885ecd8734af8c1d8ce4a97aafce2a75d30c0c6ecbf572,705,2026-08-27T14:29:40.374706+00:00,
repair_stage_file,,repair_stage,benchmark\external-real-v8-grounded\repair-stage\operations\EXT_E163-CAND_001.json,cdc5515e6d324877cf95e57219a0bb94d5ef5ad69165d5e941b97bf1f2be02ad,667,2026-08-27T14:29:40.374706+00:00,
repair_stage_file,,repair_stage,benchmark\external-real-v8-grounded\repair-stage\operations\EXT_E163-CAND_002.json,ed9f377bf9fb2aafdf58206cee1d861b4699172a936888806995fca10b4d37ce,649,2026-08-27T14:29:40.374706+00:00,
repair_stage_file,,repair_stage,benchmark\external-real-v8-grounded\repair-stage\operations\EXT_E163-CAND_003.json,139346327b9b105d49bb07c7d2aa3e194e9c64cafd50d014f267ff5df1b2f31c,671,2026-08-27T14:29:40.376216+00:00,
repair_stage_file,,repair_stage,benchmark\external-real-v8-grounded\repair-stage\operations\EXT_E164-CAND_001.json,0e27e3befcbbd9b2f619ae7a5ecaa1074685142a0442ed15a4ba56c68e1b57a5,667,2026-08-27T14:29:40.376216+00:00,
repair_stage_file,,repair_stage,benchmark\external-real-v8-grounded\repair-stage\operations\EXT_E164-CAND_002.json,a26ce0ec83e796e47a3b93e309f44ffeea8415b46b5e06f50cead498238b7eed,671,2026-08-27T14:29:40.376216+00:00,
repair_stage_file,,repair_stage,benchmark\external-real-v8-grounded\repair-stage\operations\EXT_E164-CAND_003.json,68a6571b8fbc5995a69f7a8b0ea788feebb9f8f8aa7038a48681eac83fffcdb9,649,2026-08-27T14:29:40.377226+00:00,
repair_stage_file,,repair_stage,benchmark\external-real-v8-grounded\repair-stage\operations\EXT_E165-CAND_001.json,d8d8dbc3052f4937a9cce6ce70391024c0fa426a72f3e26169429d02f70e2659,655,2026-08-27T14:29:40.377226+00:00,
repair_stage_file,,repair_stage,benchmark\external-real-v8-grounded\repair-stage\operations\EXT_E165-CAND_002.json,3486a87458ed4250122c5db1b6e52ac693f64e63d0cdf3f19c0aba3e2fea60d0,673,2026-08-27T14:29:40.377733+00:00,
repair_stage_file,,repair_stage,benchmark\external-real-v8-grounded\repair-stage\operations\EXT_E165-CAND_003.json,72d753e2a35c67225784f1b9d533e009055ed44896f9b9a84a66514a64e13f09,677,2026-08-27T14:29:40.377733+00:00,
repair_stage_file,,repair_stage,benchmark\external-real-v8-grounded\repair-stage\operations\EXT_E166-CAND_001.json,c35c775e7d12dd94a85e3534b5e863a4dfe704c125d57b1b9624890db1cd3110,687,2026-08-27T14:29:40.377733+00:00,
repair_stage_file,,repair_stage,benchmark\external-real-v8-grounded\repair-stage\operations\EXT_E166-CAND_002.json,dcf468f8170cb37a798752e109f76006b9207b250727fc30240c3add5b671c31,669,2026-08-27T14:29:40.378734+00:00,
repair_stage_file,,repair_stage,benchmark\external-real-v8-grounded\repair-stage\operations\EXT_E166-CAND_003.json,2aa7b2d0f6a2f325248d982a9f4beaba8e7028283f7bc0928a9d07f9fd133542,691,2026-08-27T14:29:40.378734+00:00,
repair_stage_file,,repair_stage,benchmark\external-real-v8-grounded\repair-stage\operations\EXT_E167-CAND_001.json,5970bffe085b4ff4ec41bc3c97f8ad6bb890b70ae8def868a74fb792c0012322,695,2026-08-27T14:29:40.378734+00:00,
repair_stage_file,,repair_stage,benchmark\external-real-v8-grounded\repair-stage\operations\EXT_E167-CAND_002.json,689446667653ecdc3d6949ac6c36f61254d2f4345a4fc986b7f254dea7b4b843,699,2026-08-27T14:29:40.378734+00:00,
repair_stage_file,,repair_stage,benchmark\external-real-v8-grounded\repair-stage\operations\EXT_E167-CAND_003.json,d36cae9b1845067050871bc8bfe55ef222db05885dc3e5d4a059284d9f9a5a02,677,2026-08-27T14:29:40.379824+00:00,
repair_stage_file,,repair_stage,benchmark\external-real-v8-grounded\repair-stage\operations\EXT_E168-CAND_001.json,21bd931dff27d1746544b96ebad57cc0f9da547174306c65ca49e57e245b2afc,674,2026-08-27T14:29:40.379824+00:00,
repair_stage_file,,repair_stage,benchmark\external-real-v8-grounded\repair-stage\operations\EXT_E168-CAND_002.json,205c5b3269ac7fa03b717330ac72f7255949d8e7b8ce5ff7433247ba63c16846,692,2026-08-27T14:29:40.379824+00:00,
repair_stage_file,,repair_stage,benchmark\external-real-v8-grounded\repair-stage\operations\EXT_E168-CAND_003.json,fe082a87706f164d7c9635d0b4303fccf2732aea8ed14161e399759275ab7a99,696,2026-08-27T14:29:40.379824+00:00,
repair_stage_file,,repair_stage,benchmark\external-real-v8-grounded\repair-stage\operations\EXT_E169-CAND_001.json,e69a456ac0a43931a5d2e3a09a21d8b8d7d848e7dbb0d51542b18978edad0899,677,2026-08-27T14:29:40.379824+00:00,
repair_stage_file,,repair_stage,benchmark\external-real-v8-grounded\repair-stage\operations\EXT_E169-CAND_002.json,d9b5de286ad09b71c96842f3cfba1ac61d7a20938bb547ef8abf07b1a2d7a564,646,2026-08-27T14:29:40.380824+00:00,
repair_stage_file,,repair_stage,benchmark\external-real-v8-grounded\repair-stage\operations\EXT_E169-CAND_003.json,590088a4eccb3e1d129515e455c6010ffd9a9a267e0d281dfab644f3ae7dabb9,668,2026-08-27T14:29:40.380824+00:00,
repair_stage_file,,repair_stage,benchmark\external-real-v8-grounded\repair-stage\operations\EXT_E170-CAND_001.json,cf076faaab366db0a7c521f1477e621718ce27ea1d530354e0acd1ac1d7ff58c,678,2026-08-27T14:29:40.380824+00:00,
repair_stage_file,,repair_stage,benchmark\external-real-v8-grounded\repair-stage\operations\EXT_E170-CAND_002.json,a1aa6bf402205abb37bc5328f202609c53778a05371626dabe439c3440ee3722,675,2026-08-27T14:29:40.380824+00:00,
repair_stage_file,,repair_stage,benchmark\external-real-v8-grounded\repair-stage\operations\EXT_E170-CAND_003.json,d7a5c62b53eff5d54522b545b6aa79a22dc265d8a567d554a51340d5ee7ac576,653,2026-08-27T14:29:40.380824+00:00,
repair_stage_file,,repair_stage,benchmark\external-real-v8-grounded\repair-stage\operations\EXT_E171-CAND_001.json,94200bc9becca74b861268ca54824cd3ef25f9223c9ba17ad846b8b921aca33d,670,2026-08-27T14:29:40.380824+00:00,
repair_stage_file,,repair_stage,benchmark\external-real-v8-grounded\repair-stage\operations\EXT_E171-CAND_002.json,abd5187980cb34cc2127ab26b98c8b6517a8ad694fa85cae05e6e81ca776cf9c,688,2026-08-27T14:29:40.382200+00:00,
repair_stage_file,,repair_stage,benchmark\external-real-v8-grounded\repair-stage\operations\EXT_E171-CAND_003.json,c78fbc1302489197739494a3728613e399bca69a8cea44b97e669b036b8ebedd,692,2026-08-27T14:29:40.382200+00:00,
repair_stage_file,,repair_stage,benchmark\external-real-v8-grounded\repair-stage\operations\EXT_E172-CAND_001.json,4e443cb0d088a432300434a53edee1c5ae20be5b82ab77d16e14963ce3350786,653,2026-08-27T14:29:40.382200+00:00,
repair_stage_file,,repair_stage,benchmark\external-real-v8-grounded\repair-stage\operations\EXT_E172-CAND_002.json,8b279c195ebd26fcc525ad89ce6bac6d27b221d95aa1e87c609b2a4140002da9,628,2026-08-27T14:29:40.382200+00:00,
repair_stage_file,,repair_stage,benchmark\external-real-v8-grounded\repair-stage\operations\EXT_E172-CAND_003.json,b3354b00c370ee755a382fe70a6c0c17023e3f62263657d7eb46e03dcc2296d8,650,2026-08-27T14:29:40.382200+00:00,
repair_stage_file,,repair_stage,benchmark\external-real-v8-grounded\repair-stage\operations\EXT_E173-CAND_001.json,a1fe9427168d730393a2c4ff88ef18fff8b2a079fa3563e83521d8b7badac803,687,2026-08-27T14:29:40.383200+00:00,
repair_stage_file,,repair_stage,benchmark\external-real-v8-grounded\repair-stage\operations\EXT_E173-CAND_002.json,2d468bc3779d7623e2cf5264ff115adb388687dabbe290cfa410e7e6490ebade,676,2026-08-27T14:29:40.383200+00:00,
repair_stage_file,,repair_stage,benchmark\external-real-v8-grounded\repair-stage\operations\EXT_E173-CAND_003.json,b9214d62b7a1a4cca754c221012762fc3fe7dbfb630c42333384732039dc26ad,654,2026-08-27T14:29:40.383200+00:00,
repair_stage_file,,repair_stage,benchmark\external-real-v8-grounded\repair-stage\operations\EXT_E174-CAND_001.json,0726b50b81b738c26d5bf185e556fac1759dde362b2941bbb8d84d3ef1d6482c,673,2026-08-27T14:29:40.383200+00:00,
repair_stage_file,,repair_stage,benchmark\external-real-v8-grounded\repair-stage\operations\EXT_E174-CAND_002.json,71c7e5edd4c5cf8e32d833d03fec727e4a21df4969e47e85d5f882fbc09695e0,694,2026-08-27T14:29:40.383200+00:00,
repair_stage_file,,repair_stage,benchmark\external-real-v8-grounded\repair-stage\operations\EXT_E174-CAND_003.json,355122984a28c1fc165cd58ac0f047523a07852b393871118529bee57da42ac2,695,2026-08-27T14:29:40.384283+00:00,
repair_stage_file,,repair_stage,benchmark\external-real-v8-grounded\repair-stage\operations\EXT_E175-CAND_001.json,c3d5ee9a2a9952079ba3cc5ffc7b195f0eca6399ee47033189a2df0914f2dde9,668,2026-08-27T14:29:40.384283+00:00,
repair_stage_file,,repair_stage,benchmark\external-real-v8-grounded\repair-stage\operations\EXT_E175-CAND_002.json,0f43732c453a97a443fc41f8e0238afd7e928b0808bde5179ed66b2454ecca67,644,2026-08-27T14:29:40.384283+00:00,
repair_stage_file,,repair_stage,benchmark\external-real-v8-grounded\repair-stage\operations\EXT_E175-CAND_003.json,5ab55ed1846ed3e80d748e5b6c600248c4b3a25ad505625955418a6e40350609,666,2026-08-27T14:29:40.384283+00:00,
repair_stage_file,,repair_stage,benchmark\external-real-v8-grounded\repair-stage\operations\EXT_E176-CAND_001.json,b24d45fd8321a02c906beea54b1cff6cfebfc9ed0588e3185c1cfbf5e2740363,661,2026-08-27T14:29:40.385277+00:00,
repair_stage_file,,repair_stage,benchmark\external-real-v8-grounded\repair-stage\operations\EXT_E176-CAND_002.json,246f534842d6615eda45e5d2b97a1ddc6ad51381481ee1ad03ca314e4a1272e8,656,2026-08-27T14:29:40.385277+00:00,
repair_stage_file,,repair_stage,benchmark\external-real-v8-grounded\repair-stage\operations\EXT_E176-CAND_003.json,743beb363a8844b664c724afd23888fcfbe0b8b14718aa3a63dd11416e7fa108,634,2026-08-27T14:29:40.385277+00:00,
repair_stage_file,,repair_stage,benchmark\external-real-v8-grounded\repair-stage\operations\EXT_E177-CAND_001.json,e48622b9c71c892e79035a754cdfe5f9211cd44a109585d7f5a8b6e01c812e1b,686,2026-08-27T14:29:40.385277+00:00,
repair_stage_file,,repair_stage,benchmark\external-real-v8-grounded\repair-stage\operations\EXT_E177-CAND_002.json,35a6f37e1481bece59d1196abcb1f7cb8eb995083c608ba5c8e5061f1fd6f023,694,2026-08-27T14:29:40.385277+00:00,
repair_stage_file,,repair_stage,benchmark\external-real-v8-grounded\repair-stage\operations\EXT_E177-CAND_003.json,6c443bb34db11b47d8f121a95fd8aed6133f50f4f67a98c3310799d53e71faa9,708,2026-08-27T14:29:40.385277+00:00,
repair_stage_file,,repair_stage,benchmark\external-real-v8-grounded\repair-stage\operations\EXT_E178-CAND_001.json,9e61b625582f1aed9532377756b697b41801e2e3dc654a22f96b7ea34e7d35fd,666,2026-08-27T14:29:40.386386+00:00,
repair_stage_file,,repair_stage,benchmark\external-real-v8-grounded\repair-stage\operations\EXT_E178-CAND_002.json,578b5b4804d858b204f48d292bf2f853f15024f3425487fc2078ed8467cc845f,650,2026-08-27T14:29:40.386386+00:00,
repair_stage_file,,repair_stage,benchmark\external-real-v8-grounded\repair-stage\operations\EXT_E178-CAND_003.json,b7569d64fd4766a6d41420d7ded6ee6215e72c02a0d543c8498393c23f4e09a9,672,2026-08-27T14:29:40.386386+00:00,
repair_stage_file,,repair_stage,benchmark\external-real-v8-grounded\repair-stage\operations\EXT_E179-CAND_001.json,c63b68154b8faf972fa952a7d4f948251539e0adac8918bbc9635b6d704de45f,653,2026-08-27T14:29:40.386386+00:00,
repair_stage_file,,repair_stage,benchmark\external-real-v8-grounded\repair-stage\operations\EXT_E179-CAND_002.json,a84e098a19ccb588eeda43441ccae647956fbb460f5ee27b77abe5eb7837ffe1,659,2026-08-27T14:29:40.387383+00:00,
repair_stage_file,,repair_stage,benchmark\external-real-v8-grounded\repair-stage\operations\EXT_E179-CAND_003.json,b29999fa650a725e9934b579fe1622160c72daa73511fa7848c0c2891122d703,637,2026-08-27T14:29:40.387383+00:00,
repair_stage_file,,repair_stage,benchmark\external-real-v8-grounded\repair-stage\operations\EXT_E180-CAND_001.json,19a69fa4518458d8d0e225a1d3140f9f3133fa903e557a895216698cb8c48e3e,654,2026-08-27T14:29:40.387383+00:00,
repair_stage_file,,repair_stage,benchmark\external-real-v8-grounded\repair-stage\operations\EXT_E180-CAND_002.json,3fbd3015126ccd2da28a715bb0b8f679ba8cbe1287cd313f4c92d19aad299245,670,2026-08-27T14:29:40.387383+00:00,
repair_stage_file,,repair_stage,benchmark\external-real-v8-grounded\repair-stage\operations\EXT_E180-CAND_003.json,0e46fc6160cc3a48d1d5d09aa23339cea9fdcc3350ed8c7b565f244630a06171,676,2026-08-27T14:29:40.387383+00:00,
repair_stage_file,,repair_stage,benchmark\external-real-v8-grounded\repair-stage\operations\EXT_E181-CAND_001.json,fe4ffa7cb7821a59868c78e38482e4f53ed0e8937a8d1ef1dd072f54c99c5ca6,692,2026-08-27T14:29:40.388594+00:00,
repair_stage_file,,repair_stage,benchmark\external-real-v8-grounded\repair-stage\operations\EXT_E181-CAND_002.json,d5301d9703fdaf8950771fdafa7eddb1601c602c118e2824f7b2f72cd69f6601,676,2026-08-27T14:29:40.388594+00:00,
repair_stage_file,,repair_stage,benchmark\external-real-v8-grounded\repair-stage\operations\EXT_E181-CAND_003.json,0721a62f821e7ee50b62e6f0a55e8b9397ba7975aa41fe909a51ec96d3eae98d,698,2026-08-27T14:29:40.388594+00:00,
repair_stage_file,,repair_stage,benchmark\external-real-v8-grounded\repair-stage\operations\EXT_E182-CAND_001.json,6d2cd7465d54f96df1abb285524b69880265658936a74fee9ef7363f3bf5ca66,683,2026-08-27T14:25:32.730968+00:00,
repair_stage_file,,repair_stage,benchmark\external-real-v8-grounded\repair-stage\operations\EXT_E182-CAND_002.json,e6388c595570b267a757ffec9b4427758138bf7be42ed13f8c8362382dbf13ac,670,2026-08-27T14:25:32.730968+00:00,
repair_stage_file,,repair_stage,benchmark\external-real-v8-grounded\repair-stage\operations\EXT_E182-CAND_003.json,aefb530274e110fff74afdeee71549b01e29ce201376aefdc4ffd6f04caf33e3,648,2026-08-27T14:25:32.730968+00:00,
repair_stage_file,,repair_stage,benchmark\external-real-v8-grounded\repair-stage\operations\EXT_E183-CAND_001.json,ca054c7dc9cea36595370b57e015b65cf3449f3250169bb29e4cc2ef0565b6da,652,2026-08-27T14:29:40.388594+00:00,
repair_stage_file,,repair_stage,benchmark\external-real-v8-grounded\repair-stage\operations\EXT_E183-CAND_002.json,f5951b327af123fd6c4ba8b37670076da9f300c3298cdf319ade065619b42d72,668,2026-08-27T14:29:40.388594+00:00,
repair_stage_file,,repair_stage,benchmark\external-real-v8-grounded\repair-stage\operations\EXT_E183-CAND_003.json,0bbe5e6cede8047747dc4a5bcdfe7ec86005928f8df38705fdd26cd1a9142c7a,674,2026-08-27T14:29:40.389883+00:00,
repair_stage_file,,repair_stage,benchmark\external-real-v8-grounded\repair-stage\operations\EXT_E184-CAND_001.json,19bb2e16960d6966846fc6ba6d7b8878b01a05d2cbc6146abb1467bb4b0defad,685,2026-08-27T14:29:40.389883+00:00,
repair_stage_file,,repair_stage,benchmark\external-real-v8-grounded\repair-stage\operations\EXT_E184-CAND_002.json,d84310f3b93b7f5aff0f2c7c40599e3dab9285480b7fd3361b76d2fcac413e14,663,2026-08-27T14:29:40.389883+00:00,
repair_stage_file,,repair_stage,benchmark\external-real-v8-grounded\repair-stage\operations\EXT_E184-CAND_003.json,f84989ce8a0e27f761beff5053a9f87eed42df56ea34bdf067b3722170feeb66,685,2026-08-27T14:29:40.389883+00:00,
repair_stage_file,,repair_stage,benchmark\external-real-v8-grounded\repair-stage\operations\EXT_E185-CAND_001.json,b31c9ce376fbd0ca5cdbec9515d1d410e8f1c82783176891efe4b7e84c4ce027,671,2026-08-27T14:29:40.390883+00:00,
repair_stage_file,,repair_stage,benchmark\external-real-v8-grounded\repair-stage\operations\EXT_E185-CAND_002.json,1dbf022fcb61ce16a1b9137c5a5a48ad8d9a3e5540a4bc9af2b2e0844ba17d48,677,2026-08-27T14:29:40.390883+00:00,
repair_stage_file,,repair_stage,benchmark\external-real-v8-grounded\repair-stage\operations\EXT_E185-CAND_003.json,f00e4b25705dd3a3aed9372a5242da6056f04269a1d9b503e1cf68e27777be53,655,2026-08-27T14:29:40.390883+00:00,
repair_stage_file,,repair_stage,benchmark\external-real-v8-grounded\repair-stage\operations\EXT_E186-CAND_001.json,75e90c579de595c307e871f9db33bdee3608a1a8ff6aeb42c2ed85a733366213,671,2026-08-27T14:29:40.391389+00:00,
repair_stage_file,,repair_stage,benchmark\external-real-v8-grounded\repair-stage\operations\EXT_E186-CAND_002.json,09a38b0912fdfe8d7f31322c3e5256facdd1498ae18bc931df4d1704a1b46277,695,2026-08-27T14:29:40.391389+00:00,
repair_stage_file,,repair_stage,benchmark\external-real-v8-grounded\repair-stage\operations\EXT_E186-CAND_003.json,f852ccf91db49b7be04a0a2ac00bf046e9fc4e5da7ae1392175f1dc6829d30c3,693,2026-08-27T14:29:40.391389+00:00,
repair_stage_file,,repair_stage,benchmark\external-real-v8-grounded\repair-stage\operations\EXT_E187-CAND_001.json,544e1e925424da687ead169477755ee508e1dc505e4e40da20c2a6e4bd3da97f,667,2026-08-27T14:29:40.391389+00:00,
repair_stage_file,,repair_stage,benchmark\external-real-v8-grounded\repair-stage\operations\EXT_E187-CAND_002.json,660841ae97effe65b1963e9add4bce4d17dcfbc60d37df8ca523a0340d3ccc75,645,2026-08-27T14:29:40.392392+00:00,
repair_stage_file,,repair_stage,benchmark\external-real-v8-grounded\repair-stage\operations\EXT_E187-CAND_003.json,2bb3e09fc337afd5d8287d45d4748191a52fd399750f1fc9b8c984709f11c2ee,667,2026-08-27T14:29:40.392392+00:00,
repair_stage_file,,repair_stage,benchmark\external-real-v8-grounded\repair-stage\operations\EXT_E188-CAND_001.json,f98c0dcbad46d412f2c7cc36c3fcc740b3426419711f71d6ff16d04887e4f14e,674,2026-08-27T14:29:40.392392+00:00,
repair_stage_file,,repair_stage,benchmark\external-real-v8-grounded\repair-stage\operations\EXT_E188-CAND_002.json,92ab331012813f388feb6ec7bb0aa5d4a2a0d14222ff426d3f5f566c25ea96f3,666,2026-08-27T14:29:40.393401+00:00,
repair_stage_file,,repair_stage,benchmark\external-real-v8-grounded\repair-stage\operations\EXT_E188-CAND_003.json,1c8589e9cb04b36e03a958b9f75a2bdb16e1bcd818ba97fd705503aaba75a23e,644,2026-08-27T14:29:40.393986+00:00,
repair_stage_file,,repair_stage,benchmark\external-real-v8-grounded\repair-stage\operations\EXT_E189-CAND_001.json,bcaf5e6eb5b7b81e95000e7d101b43419ec736edca48ef1d9be11079b868ca7e,674,2026-08-27T14:29:40.393986+00:00,
repair_stage_file,,repair_stage,benchmark\external-real-v8-grounded\repair-stage\operations\EXT_E189-CAND_002.json,d87529175273f4c535ec3a1a441ec20e058258196d0ae63d187cfa51b1c252f5,690,2026-08-27T14:29:40.393986+00:00,
repair_stage_file,,repair_stage,benchmark\external-real-v8-grounded\repair-stage\operations\EXT_E189-CAND_003.json,700bb662d803f0c6ca13f6465f6a82194e30f4c170b1f13834984057925b13d0,696,2026-08-27T14:29:40.393986+00:00,
repair_stage_file,,repair_stage,benchmark\external-real-v8-grounded\repair-stage\operations\EXT_E190-CAND_001.json,f12d9fd6edb1175451e2dca10a875518bbd9fe08e0f3f8333151afbe609c5220,676,2026-08-27T14:29:40.393986+00:00,
repair_stage_file,,repair_stage,benchmark\external-real-v8-grounded\repair-stage\operations\EXT_E190-CAND_002.json,eec14613e8d38201923e58aecd7f83c7799774c7f456a95fd0cf40babf6e9a02,660,2026-08-27T14:29:40.395000+00:00,
repair_stage_file,,repair_stage,benchmark\external-real-v8-grounded\repair-stage\operations\EXT_E190-CAND_003.json,7167a8101fe1c66efb23556c052ad5e7b377efefe1728f85c80f3ab60a33b41f,682,2026-08-27T14:29:40.395000+00:00,
repair_stage_file,,repair_stage,benchmark\external-real-v8-grounded\repair-stage\operations\EXT_E191-CAND_001.json,96e18d94549b8465c0555003e4b441c8773a57fa851e0fd2e3de41957f3ee9b5,674,2026-08-27T14:29:40.395000+00:00,
repair_stage_file,,repair_stage,benchmark\external-real-v8-grounded\repair-stage\operations\EXT_E191-CAND_002.json,af3921e31807853213ad49ad1c3deb4d34fa6acb3bad892f86f4c73d09b41c9c,678,2026-08-27T14:29:40.395997+00:00,
repair_stage_file,,repair_stage,benchmark\external-real-v8-grounded\repair-stage\operations\EXT_E191-CAND_003.json,ff2c9cc159e347a2cf38cb5adf5183ead107688735c6d554ea30adb41265dbec,656,2026-08-27T14:29:40.395997+00:00,
repair_stage_file,,repair_stage,benchmark\external-real-v8-grounded\repair-stage\operations\EXT_E192-CAND_001.json,8c41ef9fab1c188fabaa592ff82274286b357aeff09be2f6538449707588d36e,652,2026-08-27T14:29:40.395997+00:00,
repair_stage_file,,repair_stage,benchmark\external-real-v8-grounded\repair-stage\operations\EXT_E192-CAND_002.json,e53f74c9179b1fc62537e228928229c8dd478b6e0c1300c82fab28989bbe478f,682,2026-08-27T14:29:40.395997+00:00,
repair_stage_file,,repair_stage,benchmark\external-real-v8-grounded\repair-stage\operations\EXT_E192-CAND_003.json,ebe56c691c34dc0b091853841e46470cc58274edc858687d78b23c9d7f9d553b,674,2026-08-27T14:29:40.395997+00:00,
repair_stage_file,,repair_stage,benchmark\external-real-v8-grounded\repair-stage\operations\EXT_E193-CAND_001.json,856c679b73152fc5461349d3b2a81b7f5df7caee37debdf9cdabfe249fea3c79,695,2026-08-27T14:29:40.395997+00:00,
repair_stage_file,,repair_stage,benchmark\external-real-v8-grounded\repair-stage\operations\EXT_E193-CAND_002.json,c7f4f27147bcf5f25edb462e08ba463b3744455849ccaeb72907723f1eec13e3,661,2026-08-27T14:29:40.397624+00:00,
repair_stage_file,,repair_stage,benchmark\external-real-v8-grounded\repair-stage\operations\EXT_E193-CAND_003.json,82672aab179edb1f26a4bc073b1a37ca72fbdc10242676bb66edee329ddea626,683,2026-08-27T14:29:40.397624+00:00,
repair_stage_file,,repair_stage,benchmark\external-real-v8-grounded\repair-stage\operations\EXT_E195-CAND_001.json,a13a7cf8fe503e0298edc8b5f4930b469bc33292d4e17f5c423af58978aef499,644,2026-08-27T14:29:40.397624+00:00,
repair_stage_file,,repair_stage,benchmark\external-real-v8-grounded\repair-stage\operations\EXT_E195-CAND_002.json,e8798e7cffb2d5cd7dfcdc07ae6c4a99bbd45046270a92e8f560afc07ae274a4,666,2026-08-27T14:29:40.397624+00:00,
repair_stage_file,,repair_stage,benchmark\external-real-v8-grounded\repair-stage\operations\EXT_E195-CAND_003.json,a4e071a3357134273ca997b61190748cdf6718b4fc58cb04e0276d9efa1c129d,666,2026-08-27T14:29:40.397624+00:00,
repair_stage_file,,repair_stage,benchmark\external-real-v8-grounded\repair-stage\operations\EXT_E196-CAND_001.json,f663ec52e21b9f7056c509de3e295421530c1bb951794694728b526fd5d54fee,667,2026-08-27T14:29:40.398631+00:00,
repair_stage_file,,repair_stage,benchmark\external-real-v8-grounded\repair-stage\operations\EXT_E196-CAND_002.json,7a98a889ac8bc7a2c82a0456864c6ba45a8f926aa5416d7b8c67e739005a9370,655,2026-08-27T14:29:40.398631+00:00,
repair_stage_file,,repair_stage,benchmark\external-real-v8-grounded\repair-stage\operations\EXT_E196-CAND_003.json,df51134ee1f2f065044910fa548617125e0447a7a1a55b3d5d1062ffa863e2c1,677,2026-08-27T14:29:40.398631+00:00,
repair_stage_file,,repair_stage,benchmark\external-real-v8-grounded\repair-stage\operations\EXT_E197-CAND_001.json,cb10cbeb6fc02c9a9f50af9655d5ed36a49470b0f2b2f42417e89ff8cfab30da,655,2026-08-27T14:29:40.398631+00:00,
repair_stage_file,,repair_stage,benchmark\external-real-v8-grounded\repair-stage\operations\EXT_E197-CAND_002.json,4689bc0e4a4dea143b75c9b0b9cfd135e292499ee218b603c2c2c249e5dc272a,665,2026-08-27T14:29:40.398631+00:00,
repair_stage_file,,repair_stage,benchmark\external-real-v8-grounded\repair-stage\operations\EXT_E197-CAND_003.json,c4ff06d9858d2ce6ee87f90fa5747d339b265cecd3c5a949ed0bb690df60ac10,643,2026-08-27T14:29:40.399814+00:00,
repair_stage_file,,repair_stage,benchmark\external-real-v8-grounded\repair-stage\operations\EXT_E198-CAND_001.json,388c51f949282274326450948c1a1621a157c71e33b3dbb4d39fa977921d6b26,655,2026-08-27T14:29:40.399814+00:00,
repair_stage_file,,repair_stage,benchmark\external-real-v8-grounded\repair-stage\operations\EXT_E198-CAND_002.json,4afcc6837070781c45b7706f7729184b59c7298acb379ecc7b58b1aabb7ca9cd,675,2026-08-27T14:29:40.399814+00:00,
repair_stage_file,,repair_stage,benchmark\external-real-v8-grounded\repair-stage\operations\EXT_E198-CAND_003.json,d00edb53b7af7df6c70bbfeb024a03d0eb839d7382e667a2d3fab179995893c2,677,2026-08-27T14:29:40.399814+00:00,
repair_stage_file,,repair_stage,benchmark\external-real-v8-grounded\repair-stage\operations\EXT_E199-CAND_001.json,7aa5083034c65f8cfcfb546d671c149c4da61e9752259ac096e7008a9c03f57d,651,2026-08-27T14:29:40.399814+00:00,
repair_stage_file,,repair_stage,benchmark\external-real-v8-grounded\repair-stage\operations\EXT_E199-CAND_002.json,d965d72d05eba90a77be9bbfb11d1b6b0490d0e367b90f3e245debc5876ab34a,625,2026-08-27T14:29:40.400814+00:00,
repair_stage_file,,repair_stage,benchmark\external-real-v8-grounded\repair-stage\operations\EXT_E199-CAND_003.json,7e2620f2f59646e92c352f7800fbd2d65f77b5115738f189dd9a60d1877f21ff,647,2026-08-27T14:29:40.400814+00:00,
repair_stage_file,,repair_stage,benchmark\external-real-v8-grounded\repair-stage\operations\EXT_E200-CAND_001.json,50b0219432e1b3058cefb0044e4bb2a9e296f0e43264224ae56229b99be5b124,645,2026-08-27T14:29:40.400814+00:00,
repair_stage_file,,repair_stage,benchmark\external-real-v8-grounded\repair-stage\operations\EXT_E200-CAND_002.json,a6c786ea0777af178e1ada7ef1373e7ec0f667c4cba90f9568cd8c3b03bd178d,641,2026-08-27T14:29:40.400814+00:00,
repair_stage_file,,repair_stage,benchmark\external-real-v8-grounded\repair-stage\operations\EXT_E200-CAND_003.json,8c93464d116ed7867177a9180f429f9f65615dc901b9a6e9cd9c759b2a1e654e,619,2026-08-27T14:29:40.400814+00:00,
repair_stage_file,,repair_stage,benchmark\external-real-v8-grounded\repair-stage\operations\EXT_E201-CAND_001.json,8d84097df5471f3b165030e8ae80741a172f385254db5ec7ea8140bb1a58b52b,640,2026-08-27T14:29:40.401964+00:00,
repair_stage_file,,repair_stage,benchmark\external-real-v8-grounded\repair-stage\operations\EXT_E201-CAND_002.json,5be498807795ecaaf89eb9be8d2798b77094be2b6c9a8d3d5940dcc52cd97d4e,666,2026-08-27T14:29:40.401964+00:00,
repair_stage_file,,repair_stage,benchmark\external-real-v8-grounded\repair-stage\operations\EXT_E201-CAND_003.json,3942c02f04d74ac954e7b2dd397a08bcc308210218c086e37c4d83e5e7f04786,662,2026-08-27T14:29:40.401964+00:00,
repair_stage_file,,repair_stage,benchmark\external-real-v8-grounded\repair-stage\operations\EXT_E202-CAND_001.json,0dc1746da79031ccdd1a314910605d0f338fd2a8a6fb2e37141a830040f08b9f,659,2026-08-27T14:29:40.403352+00:00,
repair_stage_file,,repair_stage,benchmark\external-real-v8-grounded\repair-stage\operations\EXT_E202-CAND_002.json,cc80abaf208d7cb33b6d98b2c7275399f100f36b5380f4fdab7cfad6a00fceb0,633,2026-08-27T14:29:40.403352+00:00,
repair_stage_file,,repair_stage,benchmark\external-real-v8-grounded\repair-stage\operations\EXT_E202-CAND_003.json,e421ac514ff7dd5423bdbaf43eccd7b46f7158ec5f245707750cfd7963ac9371,655,2026-08-27T14:29:40.403856+00:00,
repair_stage_file,,repair_stage,benchmark\external-real-v8-grounded\repair-stage\operations\EXT_E203-CAND_001.json,a7303f9b7d2293dec45589214b90c496f6171c330933c57077873351304a8162,665,2026-08-27T14:29:40.403856+00:00,
repair_stage_file,,repair_stage,benchmark\external-real-v8-grounded\repair-stage\operations\EXT_E203-CAND_002.json,e8a7ac33b66b8e9f892023e7233518e849a4f0e4f3c2b558143986bfec267137,665,2026-08-27T14:29:40.403856+00:00,
repair_stage_file,,repair_stage,benchmark\external-real-v8-grounded\repair-stage\operations\EXT_E203-CAND_003.json,1c8884b291e6b62f725dffbba72937c82e824c18c90081d1efccbca9029f0034,643,2026-08-27T14:29:40.403856+00:00,
repair_stage_file,,repair_stage,benchmark\external-real-v8-grounded\repair-stage\operations\EXT_E205-CAND_001.json,492a276fd5486ce0ba1ca15cb2d0914dc739ad7c5bf00c2b05df7383038c936d,667,2026-08-27T14:29:40.403856+00:00,
repair_stage_file,,repair_stage,benchmark\external-real-v8-grounded\repair-stage\operations\EXT_E205-CAND_002.json,22fb89ab9abfef92e3fa2ca7ec79e6bbd4c68faa3b11d67e76e85d600d852755,645,2026-08-27T14:29:40.404870+00:00,
repair_stage_file,,repair_stage,benchmark\external-real-v8-grounded\repair-stage\operations\EXT_E205-CAND_003.json,ea3c034af84162f9b79abadeb188c6e353087017148829b80b58f33e60e8f050,667,2026-08-27T14:29:40.404870+00:00,
repair_stage_file,,repair_stage,benchmark\external-real-v8-grounded\repair-stage\operations\EXT_E206-CAND_001.json,8e6cf8f7d3b30fc7a625827689ccecf690685dd3a16bb1d6d648b2aff6e5db10,653,2026-08-27T14:29:40.404870+00:00,
repair_stage_file,,repair_stage,benchmark\external-real-v8-grounded\repair-stage\operations\EXT_E206-CAND_002.json,f4b159be092f4ec455aa5131de4d1ae4e9526ff7376bb2e66c407ba010a68b8f,663,2026-08-27T14:29:40.404870+00:00,
repair_stage_file,,repair_stage,benchmark\external-real-v8-grounded\repair-stage\operations\EXT_E206-CAND_003.json,4a454f54dfd6f6f17021ce20a1b67d52cd890346bdb9b87ce7e9120eb15e0994,641,2026-08-27T14:29:40.404870+00:00,
repair_stage_file,,repair_stage,benchmark\external-real-v8-grounded\repair-stage\operations\EXT_E207-CAND_001.json,e6e7b1a821c87d53eb09484ff279a11c587fdfcd7846dcf1e88bf632d47473e1,622,2026-08-27T14:29:40.404870+00:00,
repair_stage_file,,repair_stage,benchmark\external-real-v8-grounded\repair-stage\operations\EXT_E207-CAND_002.json,036180ea3b93d79f570471250a9fda29760a2b16ca6619c21176d04bf8e1a598,655,2026-08-27T14:29:40.404870+00:00,
repair_stage_file,,repair_stage,benchmark\external-real-v8-grounded\repair-stage\operations\EXT_E207-CAND_003.json,9be62343a2baa85fc80709aa6495de1ffab0d4a54a3f51a652ee498903fbf4a1,644,2026-08-27T14:29:40.406389+00:00,
repair_stage_file,,repair_stage,benchmark\external-real-v8-grounded\repair-stage\operations\EXT_E208-CAND_001.json,286a736e164faf5522449d0e00b2358e40a8dec7dd51f59966fd58789b129ac3,661,2026-08-27T14:29:40.406389+00:00,
repair_stage_file,,repair_stage,benchmark\external-real-v8-grounded\repair-stage\operations\EXT_E208-CAND_002.json,9241788e9f14d6d37b69470ed9baf0a861ef0c16516cc43b5a82a0c3053f7ac5,628,2026-08-27T14:29:40.406389+00:00,
repair_stage_file,,repair_stage,benchmark\external-real-v8-grounded\repair-stage\operations\EXT_E208-CAND_003.json,d33796cf81a298ee1d29cde7aa0ea4a8b4411feeec77ea25ee81599be02d9fd3,650,2026-08-27T14:29:40.406389+00:00,
repair_stage_file,,repair_stage,benchmark\external-real-v8-grounded\repair-stage\operations\EXT_E209-CAND_001.json,2a80925fbed9cb409785289f1c84a20a135d9d0fc4485d3a1d29ce21f3ed013c,653,2026-08-27T14:29:40.407906+00:00,
repair_stage_file,,repair_stage,benchmark\external-real-v8-grounded\repair-stage\operations\EXT_E209-CAND_002.json,344cace5caa1c19419f7a55c118df008c1b0adf2bf2df6c6a3206adfc312c9a2,657,2026-08-27T14:29:40.407906+00:00,
repair_stage_file,,repair_stage,benchmark\external-real-v8-grounded\repair-stage\operations\EXT_E209-CAND_003.json,39713d36768342ee2d12d1c76c74284d1bdc7cb9b591eb79b3689d363d6f7237,635,2026-08-27T14:29:40.407906+00:00,
repair_stage_file,,repair_stage,benchmark\external-real-v8-grounded\repair-stage\operations\EXT_E210-CAND_001.json,6e619f0593c5b810403c1d6af5a9274fd773f01ffc9a1914f9a3a0e4e4436437,640,2026-08-27T14:29:40.407906+00:00,
repair_stage_file,,repair_stage,benchmark\external-real-v8-grounded\repair-stage\operations\EXT_E210-CAND_002.json,b14b4e6150283deba4f4654848d44e4c707b25a3af56cc082b47720c2d9d5162,658,2026-08-27T14:29:40.407906+00:00,
repair_stage_file,,repair_stage,benchmark\external-real-v8-grounded\repair-stage\operations\EXT_E210-CAND_003.json,37a792b91f27b1111ff3fe57c58f9c3f2b86a27aa4c880fc044359a5a3bf8c5f,662,2026-08-27T14:29:40.407906+00:00,
repair_stage_file,,repair_stage,benchmark\external-real-v8-grounded\repair-stage\operations\EXT_E211-CAND_001.json,2ee5421eb7f967cdaf53865ae36497b31c6baca796142d9cd2d9ae53ba6f434c,652,2026-08-27T14:29:40.408995+00:00,
repair_stage_file,,repair_stage,benchmark\external-real-v8-grounded\repair-stage\operations\EXT_E211-CAND_002.json,9120f30eeee723928f13bdc89a6f6854660c63b44a1f94bd87b9c4468a65057c,634,2026-08-27T14:29:40.408995+00:00,
repair_stage_file,,repair_stage,benchmark\external-real-v8-grounded\repair-stage\operations\EXT_E211-CAND_003.json,cee0001c9f5717a0a88e4833e3c5e6a9510e9f259a5b04fa78e3e3986aa291cc,656,2026-08-27T14:29:40.408995+00:00,
repair_stage_file,,repair_stage,benchmark\external-real-v8-grounded\repair-stage\operations\EXT_E212-CAND_001.json,bb19ace82b28fefe5ad3210290b0aeae16e94337538533c84091dfd6e0b1b2be,666,2026-08-27T14:29:40.408995+00:00,
repair_stage_file,,repair_stage,benchmark\external-real-v8-grounded\repair-stage\operations\EXT_E212-CAND_002.json,2856818189d4deb304b29ce81238518617a9a7ce9a66dc167af3b1ade69a3e28,670,2026-08-27T14:29:40.408995+00:00,
repair_stage_file,,repair_stage,benchmark\external-real-v8-grounded\repair-stage\operations\EXT_E212-CAND_003.json,3fff90a6c551b9730c7875c0e9d6335d2d45ba3a68fb7b1deff29a8b754d3a51,648,2026-08-27T14:29:40.408995+00:00,
repair_stage_file,,repair_stage,benchmark\external-real-v8-grounded\repair-stage\operations\EXT_E213-CAND_001.json,018bb699db6e5a85c040cae599f9560370f25ffe8eb0d249e2db9f5ed7549942,640,2026-08-27T14:29:40.410281+00:00,
repair_stage_file,,repair_stage,benchmark\external-real-v8-grounded\repair-stage\operations\EXT_E213-CAND_002.json,5c08f86bdbd29d5729d6a561db652a50622173994ef95b7437ffc94f7f6256eb,653,2026-08-27T14:29:40.410281+00:00,
repair_stage_file,,repair_stage,benchmark\external-real-v8-grounded\repair-stage\operations\EXT_E213-CAND_003.json,685a97403850c658916cec48138a072112b961ceb77cc1f1c4fdd20b2012bbe5,662,2026-08-27T14:29:40.410789+00:00,
upper_bound_rule,,upper_bound_rules,benchmark\external-real-v8-grounded\rules\ACCESS.md,9e0e2a43163927f096f9ab49fa0b77b5650527608bc3f1545eec18ef1fd01049,98,2026-08-27T14:29:40.654560+00:00,
upper_bound_rule,,upper_bound_rules,benchmark\external-real-v8-grounded\rules\BLIND_FORBIDDEN.md,f6a44f3f801624beed4739a42163ff33c2e6f45a0ed428253be0208f07ea1af2,110,2026-08-27T14:29:40.653467+00:00,
upper_bound_rule,,upper_bound_rules,benchmark\external-real-v8-grounded\rules\EXT_E001-formal-policy.json,15c6038899408ff1dd451d9e146aafc47cd2f3340ee18519bb3196ec68eece46,1493,2026-08-27T11:54:53.583241+00:00,
upper_bound_rule,,upper_bound_rules,benchmark\external-real-v8-grounded\rules\EXT_E002-formal-policy.json,5d2e52c33e40e79a21094528c9224a462373b5015c136cfb557f36117a896bb0,1463,2026-08-27T11:54:53.588868+00:00,
upper_bound_rule,,upper_bound_rules,benchmark\external-real-v8-grounded\rules\EXT_E003-formal-policy.json,2dba9d6ad17a569a3c1d14a49f6e784deca9033cc8a24a80351bc17eb68342e5,1587,2026-08-27T11:54:53.594390+00:00,
upper_bound_rule,,upper_bound_rules,benchmark\external-real-v8-grounded\rules\EXT_E004-formal-policy.json,1caa7246253319ed2c98f0956b6e293fa45c4d97b307d23b2c5a0b37fc353765,1200,2026-08-27T11:54:53.598823+00:00,
upper_bound_rule,,upper_bound_rules,benchmark\external-real-v8-grounded\rules\EXT_E005-formal-policy.json,e418cf719d664b1de59d5f4b1198bfb0debbc2bf1bfec043746d23cb0ef3bd11,1201,2026-08-27T11:54:53.598823+00:00,
upper_bound_rule,,upper_bound_rules,benchmark\external-real-v8-grounded\rules\EXT_E006-formal-policy.json,98bc9781eff3960b0b83c2e4d2916fc23a77d20fc8fca18ccb1be6dedb8b627e,1201,2026-08-27T11:54:53.599950+00:00,
upper_bound_rule,,upper_bound_rules,benchmark\external-real-v8-grounded\rules\EXT_E007-formal-policy.json,3531f4c056558cf23737a95bd0b7b2b9cf1738e3351a703b3f6fc9955b4d8785,1198,2026-08-27T11:54:53.604693+00:00,
upper_bound_rule,,upper_bound_rules,benchmark\external-real-v8-grounded\rules\EXT_E008-formal-policy.json,555a2ff3a9ac0bf0127d348a336a16190636634a568fcc52e5f9142d140eae6a,1198,2026-08-27T11:54:53.609910+00:00,
upper_bound_rule,,upper_bound_rules,benchmark\external-real-v8-grounded\rules\EXT_E009-formal-policy.json,2ee7a29e572d3b20f196a7963b377f29532da110cc468b1923474dd5e3b0d3a3,1197,2026-08-27T11:54:53.614366+00:00,
upper_bound_rule,,upper_bound_rules,benchmark\external-real-v8-grounded\rules\EXT_E010-formal-policy.json,8eb0ba96b8e07db0521deacab996f447e62a1c2b07a4a7b74950f2ad2468b6fe,1197,2026-08-27T11:54:53.615845+00:00,
upper_bound_rule,,upper_bound_rules,benchmark\external-real-v8-grounded\rules\EXT_E011-formal-policy.json,38aff6fda55e687f1bf144da529cc301c0843821131b5ec6fffc7730a4e816ce,1198,2026-08-27T11:54:53.622385+00:00,
upper_bound_rule,,upper_bound_rules,benchmark\external-real-v8-grounded\rules\EXT_E012-formal-policy.json,41ae6261f0f2d9d3dab7f0a25037ffc22ff18f297c41b93f0f0007ba742f5add,1199,2026-08-27T11:54:53.623378+00:00,
upper_bound_rule,,upper_bound_rules,benchmark\external-real-v8-grounded\rules\EXT_E013-formal-policy.json,ddc4e514dc3aa6de6bb99801c301a87d983555b74629489357be1463d669119e,1208,2026-08-27T11:54:53.623378+00:00,
upper_bound_rule,,upper_bound_rules,benchmark\external-real-v8-grounded\rules\EXT_E014-formal-policy.json,62068aecea8ed3daf635a32cab8bcaf85660fcc89bfbbf8b15919eb20cdd03b9,1208,2026-08-27T11:54:53.624926+00:00,
upper_bound_rule,,upper_bound_rules,benchmark\external-real-v8-grounded\rules\EXT_E015-formal-policy.json,e818b7376f692290471e15b9a754518c84fc15f7c7390bc56594d54465d54d91,1209,2026-08-27T11:54:53.624926+00:00,
upper_bound_rule,,upper_bound_rules,benchmark\external-real-v8-grounded\rules\EXT_E016-formal-policy.json,8c7ea528aad6a9fe399ebf517f34d4bb8e0bfa21e4ffdebca88c330b5bc21b75,1210,2026-08-27T11:54:53.626201+00:00,
upper_bound_rule,,upper_bound_rules,benchmark\external-real-v8-grounded\rules\EXT_E017-formal-policy.json,54682c150af34d2b5463377761417c92662978caedab836c121a0ca4e3b64738,1210,2026-08-27T11:54:53.626201+00:00,
upper_bound_rule,,upper_bound_rules,benchmark\external-real-v8-grounded\rules\EXT_E018-formal-policy.json,e7e174aee9b27d86598566769b867caff6cb06859fd3d948bdb3df8869d289ac,1210,2026-08-27T11:54:53.627631+00:00,
upper_bound_rule,,upper_bound_rules,benchmark\external-real-v8-grounded\rules\EXT_E019-formal-policy.json,f0a2a05e2a2f6d9d02dd198ab0d21d8517156241c641319722eb97d7ed4a7f9a,1210,2026-08-27T11:54:53.628631+00:00,
upper_bound_rule,,upper_bound_rules,benchmark\external-real-v8-grounded\rules\EXT_E020-formal-policy.json,f8f9698055d795472a419027f2e02c0dceb234e410062496d28799414867264c,1207,2026-08-27T11:54:53.629628+00:00,
upper_bound_rule,,upper_bound_rules,benchmark\external-real-v8-grounded\rules\EXT_E021-formal-policy.json,dc2e231e23efee665ec59f892ea9211d9fc0b4e43638965f23e85abd36ba5436,1208,2026-08-27T11:54:53.634532+00:00,
upper_bound_rule,,upper_bound_rules,benchmark\external-real-v8-grounded\rules\EXT_E022-formal-policy.json,be642b5d8f51fceee26e7d64a91a232c7133953f6dc6fa48f7897e1865b46eed,1208,2026-08-27T11:54:53.640063+00:00,
upper_bound_rule,,upper_bound_rules,benchmark\external-real-v8-grounded\rules\EXT_E023-formal-policy.json,1985e6c5d353ad60981196c54f4d91a8e84b7497ad4a3cba9588e8113dcb8322,1208,2026-08-27T11:54:53.645262+00:00,
upper_bound_rule,,upper_bound_rules,benchmark\external-real-v8-grounded\rules\EXT_E024-formal-policy.json,4e2d432ec89a50cb352158c06eac905dac14309917543f55a9b89a60cb6a18d2,1208,2026-08-27T11:54:53.646301+00:00,
upper_bound_rule,,upper_bound_rules,benchmark\external-real-v8-grounded\rules\EXT_E025-formal-policy.json,7a05655ad1211b588b4ca6e2e96e82abe1d374d9fd1ac4a1492717bb551e0179,1246,2026-08-27T11:54:53.646301+00:00,
upper_bound_rule,,upper_bound_rules,benchmark\external-real-v8-grounded\rules\EXT_E026-formal-policy.json,f596b6b97d5be9c036eeaaf97396c0cfadccf75fd9222ba3cdea946b32c31d64,1255,2026-08-27T11:54:53.647707+00:00,
upper_bound_rule,,upper_bound_rules,benchmark\external-real-v8-grounded\rules\EXT_E027-formal-policy.json,c2ef16c73ed0d76769e04b11191a6cce95ba8b4696362314c44bdf9936d9f196,1260,2026-08-27T11:54:53.653765+00:00,
upper_bound_rule,,upper_bound_rules,benchmark\external-real-v8-grounded\rules\EXT_E028-formal-policy.json,c926827d4d8ffda8aecc6cb21be28ff58a38dd804da8f1b8bab2ca53111e0f3c,1263,2026-08-27T11:54:53.660382+00:00,
upper_bound_rule,,upper_bound_rules,benchmark\external-real-v8-grounded\rules\EXT_E029-formal-policy.json,41ca3a10eb1580ea8153b8e8317e999655dbfb6b220cfef8b1821c8c6b811a83,1258,2026-08-27T11:54:53.661376+00:00,
upper_bound_rule,,upper_bound_rules,benchmark\external-real-v8-grounded\rules\EXT_E030-formal-policy.json,67563ee22bef018a9d66614e916c2c80e5381c5e2c91e3f10590f7809e9bd0a0,1236,2026-08-27T11:54:53.661376+00:00,
upper_bound_rule,,upper_bound_rules,benchmark\external-real-v8-grounded\rules\EXT_E031-formal-policy.json,3ee9dced90a180755a5d50f2480793175a78d8d3facb610ad4691908deec42e2,1124,2026-08-27T11:54:53.668053+00:00,
upper_bound_rule,,upper_bound_rules,benchmark\external-real-v8-grounded\rules\EXT_E032-formal-policy.json,029d3673a9caca4f6d0c791322d30d93065c927d2b13306ba28c5c5937728969,1136,2026-08-27T11:54:53.674228+00:00,
upper_bound_rule,,upper_bound_rules,benchmark\external-real-v8-grounded\rules\EXT_E033-formal-policy.json,d5f64b1c368138cd605e3131817e8457b64873fe94cc8e272af0b935649c51ef,1134,2026-08-27T11:54:53.680690+00:00,
upper_bound_rule,,upper_bound_rules,benchmark\external-real-v8-grounded\rules\EXT_E034-formal-policy.json,397ba034cc8ab4c2ca6555b18901fab8bcdbe78a06333e10247bade460ecb8ce,1143,2026-08-27T11:54:53.684970+00:00,
upper_bound_rule,,upper_bound_rules,benchmark\external-real-v8-grounded\rules\EXT_E035-formal-policy.json,6a6299c249b04008ad0583d520bc6190c8d0c9f34625bbe94c8409a3b6c0909c,1135,2026-08-27T11:54:53.686311+00:00,
upper_bound_rule,,upper_bound_rules,benchmark\external-real-v8-grounded\rules\EXT_E036-formal-policy.json,a53e6237aeffc4b53c70f2e5ca38e8f4ee71dc82c8bfbcd6a42eda5ddb5d38e2,1145,2026-08-27T11:54:53.690800+00:00,
upper_bound_rule,,upper_bound_rules,benchmark\external-real-v8-grounded\rules\EXT_E037-formal-policy.json,dc7f56969f592e028125a519cbcb960777f8f7c1ccaddb0ff8d2a4323b4d2907,1115,2026-08-27T11:54:53.692202+00:00,
upper_bound_rule,,upper_bound_rules,benchmark\external-real-v8-grounded\rules\EXT_E038-formal-policy.json,95628bd6280d64234919fd4d7b9d275a7dde87e047ebea073da0a5372acdddce,1120,2026-08-27T11:54:53.696405+00:00,
upper_bound_rule,,upper_bound_rules,benchmark\external-real-v8-grounded\rules\EXT_E039-formal-policy.json,e88769e4f5d0f33a91e238fe3ef4661c1c5d466ac0c447a1d61810eccc1e1a54,1150,2026-08-27T11:54:53.698409+00:00,
upper_bound_rule,,upper_bound_rules,benchmark\external-real-v8-grounded\rules\EXT_E040-formal-policy.json,c750a363fd5de69b68a29c69976aa73dd6a29d73814d38758ffab9087fa6affe,1131,2026-08-27T11:54:53.698409+00:00,
upper_bound_rule,,upper_bound_rules,benchmark\external-real-v8-grounded\rules\EXT_E041-formal-policy.json,cf291a27295c787f5bae029603f798f3ce3986795b77822cea6ca9059af57d80,1135,2026-08-27T11:54:53.699404+00:00,
upper_bound_rule,,upper_bound_rules,benchmark\external-real-v8-grounded\rules\EXT_E042-formal-policy.json,02d07d8fab7c13e23e38b3eccc22a5b93c48ec4d4751e4ccf6e6b079bb2c7815,1133,2026-08-27T11:54:53.704099+00:00,
upper_bound_rule,,upper_bound_rules,benchmark\external-real-v8-grounded\rules\EXT_E043-formal-policy.json,b0f8679a860528c52431ff1e8972b409193ada6ec9dc8fff7e16d4ed0d90401c,1125,2026-08-27T11:54:53.705611+00:00,
upper_bound_rule,,upper_bound_rules,benchmark\external-real-v8-grounded\rules\EXT_E044-formal-policy.json,a7de78ea9a37d2c9c5f7e8d43eba620d5dde26184db29621ca12fe3a768ba394,1121,2026-08-27T11:54:53.707035+00:00,
upper_bound_rule,,upper_bound_rules,benchmark\external-real-v8-grounded\rules\EXT_E045-formal-policy.json,057dc8d7e4bf00fa1543f10208439fde290ca584b3fc84eb46d041daeb79b967,1133,2026-08-27T11:54:53.711518+00:00,
upper_bound_rule,,upper_bound_rules,benchmark\external-real-v8-grounded\rules\EXT_E046-formal-policy.json,bd8db7a54bd3a3132d7e20b6abc68a4857ffbfc7e75e3efcce2cab571c5c4e72,1149,2026-08-27T11:54:53.716568+00:00,
upper_bound_rule,,upper_bound_rules,benchmark\external-real-v8-grounded\rules\EXT_E047-formal-policy.json,163f1d9e8ceb50e4e868c63bb394969b9b933f3cdeedfa384c0f601b38575186,1143,2026-08-27T11:54:53.721211+00:00,
upper_bound_rule,,upper_bound_rules,benchmark\external-real-v8-grounded\rules\EXT_E048-formal-policy.json,0f19b585eeaa81084d7285fd15afb9cf7dfc86e08034d0466d35577f79c7edf6,1136,2026-08-27T11:54:53.722708+00:00,
upper_bound_rule,,upper_bound_rules,benchmark\external-real-v8-grounded\rules\EXT_E050-formal-policy.json,ace8cf84b16d8f930a4c856075fecd452ad380fe80d12a612317370fbea8fb65,1138,2026-08-27T11:54:53.724222+00:00,
upper_bound_rule,,upper_bound_rules,benchmark\external-real-v8-grounded\rules\EXT_E051-formal-policy.json,09df6c44183d2d342f9de4814d45547548c36a370f835fd5b6d181c5a4779b54,1139,2026-08-27T11:54:53.724222+00:00,
upper_bound_rule,,upper_bound_rules,benchmark\external-real-v8-grounded\rules\EXT_E052-formal-policy.json,fdaaaa87f53ffca9ea9e8890108eee0da5ff6ec1a24f7e0c53a25e7b5efe1c5b,1142,2026-08-27T11:54:53.729674+00:00,
upper_bound_rule,,upper_bound_rules,benchmark\external-real-v8-grounded\rules\EXT_E053-formal-policy.json,aee2c97ec9f354f518e1a1e45620a2ce7b02d3f825fe0f15da0edf78b2301a35,1129,2026-08-27T11:54:53.730682+00:00,
upper_bound_rule,,upper_bound_rules,benchmark\external-real-v8-grounded\rules\EXT_E054-formal-policy.json,dac1dbf027af6b5f576ac46b7be7137e74fcca0be7002c2bd8b6e6118ab018b0,1135,2026-08-27T11:54:53.731681+00:00,
upper_bound_rule,,upper_bound_rules,benchmark\external-real-v8-grounded\rules\EXT_E055-formal-policy.json,5ab0343e56721c1f050c9b0db91ca54e33acb6ebf8be7cf83915a2ba8ca28ffa,1131,2026-08-27T11:54:53.732686+00:00,
upper_bound_rule,,upper_bound_rules,benchmark\external-real-v8-grounded\rules\EXT_E057-formal-policy.json,1198f4e19c8fa21e303ba5db8c74352281543354c2d60dba2b587ff083849ca6,1118,2026-08-27T11:54:53.740349+00:00,
upper_bound_rule,,upper_bound_rules,benchmark\external-real-v8-grounded\rules\EXT_E058-formal-policy.json,7106e000e947efdaf8cb60f1cfacbc527ad4572852292c4a9b6c2694ef4f2f01,1134,2026-08-27T11:54:53.741349+00:00,
upper_bound_rule,,upper_bound_rules,benchmark\external-real-v8-grounded\rules\EXT_E059-formal-policy.json,e84048f5f141683322224d9289bcbd0208c07d5eab5e43f2b8816a8df9f16e0e,1124,2026-08-27T11:54:53.745544+00:00,
upper_bound_rule,,upper_bound_rules,benchmark\external-real-v8-grounded\rules\EXT_E060-formal-policy.json,7c1e97d52889737fd3775fc3e1b396a8a85556ef35ccbc70b946209bb8c5eb3b,1130,2026-08-27T11:54:53.747048+00:00,
upper_bound_rule,,upper_bound_rules,benchmark\external-real-v8-grounded\rules\EXT_E061-formal-policy.json,c64fe20e58578ad4b78c1b2e7b4b7c25c7b5222addd27305883373a54298df83,1139,2026-08-27T11:54:53.747048+00:00,
upper_bound_rule,,upper_bound_rules,benchmark\external-real-v8-grounded\rules\EXT_E062-formal-policy.json,5a67ac62b177e26d71c418ee4e27e1a777b0db834cf2ccc9c4eba805fa3f242e,1130,2026-08-27T11:54:53.751637+00:00,
upper_bound_rule,,upper_bound_rules,benchmark\external-real-v8-grounded\rules\EXT_E063-formal-policy.json,f6f6d4a2064b1a91ec125906306a5c5d22e89310e5e48b54b63908ea512bfb04,1126,2026-08-27T11:54:53.752968+00:00,
upper_bound_rule,,upper_bound_rules,benchmark\external-real-v8-grounded\rules\EXT_E064-formal-policy.json,7f69079a7eb12bcb6c3f80c0f347a1e5c55e89ec1ca54a1bad84643c7c5d4d85,1131,2026-08-27T11:54:53.758330+00:00,
upper_bound_rule,,upper_bound_rules,benchmark\external-real-v8-grounded\rules\EXT_E065-formal-policy.json,48ff54fcc4f56c7bea4e816d49bc25c946814c8a15a9982cdc82a7e13b5725a5,1123,2026-08-27T11:54:53.762787+00:00,
upper_bound_rule,,upper_bound_rules,benchmark\external-real-v8-grounded\rules\EXT_E066-formal-policy.json,764c95a84fa7ef2046417d266bc8ce69f928d7046c815c994b5fa96a6ddb7f2e,1129,2026-08-27T11:54:53.768703+00:00,
upper_bound_rule,,upper_bound_rules,benchmark\external-real-v8-grounded\rules\EXT_E067-formal-policy.json,0389aef4d852b27b8153a3eead9b3569fe32288d85fbf97d0af9762a786ba483,1122,2026-08-27T11:54:53.769856+00:00,
upper_bound_rule,,upper_bound_rules,benchmark\external-real-v8-grounded\rules\EXT_E068-formal-policy.json,90e9620899e64b45c62c2d7be5d859e6e22b932d1f601a0c3c6be2d332e4b42b,1137,2026-08-27T11:54:53.774438+00:00,
upper_bound_rule,,upper_bound_rules,benchmark\external-real-v8-grounded\rules\EXT_E069-formal-policy.json,9714ab2a3e69705f8a3545f8814845c92b12ed414c980b5e740fe12a7c6cd162,1355,2026-08-27T11:54:53.781103+00:00,
upper_bound_rule,,upper_bound_rules,benchmark\external-real-v8-grounded\rules\EXT_E070-formal-policy.json,46b9444c0b77c36727394d4ec50c78acfd6273c79eaae721acb3a7319c0fc6dd,1353,2026-08-27T11:54:53.782226+00:00,
upper_bound_rule,,upper_bound_rules,benchmark\external-real-v8-grounded\rules\EXT_E071-formal-policy.json,7d877c8f0a1636b4e2ec2f5a823a9da479aa55ae0ca9ace9e4fea1b2b54b296d,1350,2026-08-27T11:54:53.790835+00:00,
upper_bound_rule,,upper_bound_rules,benchmark\external-real-v8-grounded\rules\EXT_E072-formal-policy.json,ba16f913b17e03c15c97701a2eb6fd9f2ae72e21500ca99e87fd9d7dfffe0ce2,1343,2026-08-27T11:54:53.791840+00:00,
upper_bound_rule,,upper_bound_rules,benchmark\external-real-v8-grounded\rules\EXT_E073-formal-policy.json,19423d19bda1c9b098cd033dacf12e753efdc04bec52a35d26922e6c29eb9a0d,1344,2026-08-27T11:54:53.792909+00:00,
upper_bound_rule,,upper_bound_rules,benchmark\external-real-v8-grounded\rules\EXT_E074-formal-policy.json,81192db3adcccae5f8652f85870f42b4e9c8a51fc6a4a6ae3f01634dc1cc567d,1347,2026-08-27T11:54:53.798689+00:00,
upper_bound_rule,,upper_bound_rules,benchmark\external-real-v8-grounded\rules\EXT_E075-formal-policy.json,eb939221399311c90d0ab844b3b2c5da8c356072a788fdfce5cf62c18b52a15d,1340,2026-08-27T11:54:53.799694+00:00,
upper_bound_rule,,upper_bound_rules,benchmark\external-real-v8-grounded\rules\EXT_E076-formal-policy.json,16040003f1db4618aa4a18484d9cd997cff9483d1a9baf371e35be39e64d5c15,1347,2026-08-27T11:54:53.800894+00:00,
upper_bound_rule,,upper_bound_rules,benchmark\external-real-v8-grounded\rules\EXT_E077-formal-policy.json,dc689bb25094315a7d58f65c1053ad4da85e948d5bdb89fbdc7afc10c85d11f4,1343,2026-08-27T11:54:53.802378+00:00,
upper_bound_rule,,upper_bound_rules,benchmark\external-real-v8-grounded\rules\EXT_E078-formal-policy.json,cdc064f9867017a47888aa81dffc98875cbe42c465c3733ab5a42eb16e14337d,1342,2026-08-27T11:54:53.802378+00:00,
upper_bound_rule,,upper_bound_rules,benchmark\external-real-v8-grounded\rules\EXT_E079-formal-policy.json,1b75844a4987b8c91c19fc2064f53f98d860a760a28e4b3534381cd37c7ca7fb,1342,2026-08-27T11:54:53.804149+00:00,
upper_bound_rule,,upper_bound_rules,benchmark\external-real-v8-grounded\rules\EXT_E080-formal-policy.json,e6af0aaa43dad19be92ae12edb3cc5864fd5e63ab36d330a755930613457667e,1343,2026-08-27T11:54:53.810767+00:00,
upper_bound_rule,,upper_bound_rules,benchmark\external-real-v8-grounded\rules\EXT_E081-formal-policy.json,b610594d122622950368876623caa204907afc2a3603bf144b49fb6630740c5c,1358,2026-08-27T11:54:53.811787+00:00,
upper_bound_rule,,upper_bound_rules,benchmark\external-real-v8-grounded\rules\EXT_E082-formal-policy.json,493da80b1814f71c33d01fd0ba60c4d3ce0c4b38f2431f75627474e5cb14cefe,1345,2026-08-27T11:54:53.811787+00:00,
upper_bound_rule,,upper_bound_rules,benchmark\external-real-v8-grounded\rules\EXT_E083-formal-policy.json,f0d96901fb25f8af1d85d4cb3333b9ee9ec8371a4b286fa9016c9905780ba511,1351,2026-08-27T11:54:53.813287+00:00,
upper_bound_rule,,upper_bound_rules,benchmark\external-real-v8-grounded\rules\EXT_E084-formal-policy.json,916f131873361abb23d2b19376fa23ac38b96157b10f415ee08ef73733e74e77,1341,2026-08-27T11:54:53.819490+00:00,
upper_bound_rule,,upper_bound_rules,benchmark\external-real-v8-grounded\rules\EXT_E085-formal-policy.json,7bc8c954b813cff178f69e6d1abe6a0a96a9b84797ea4f94af84560309bee067,1353,2026-08-27T11:54:53.824717+00:00,
upper_bound_rule,,upper_bound_rules,benchmark\external-real-v8-grounded\rules\EXT_E086-formal-policy.json,ffecb9c3ec94e8151dd4c88c5563be2a3baa7797e98e229f9b60f1c804518d66,1321,2026-08-27T11:54:53.825379+00:00,
upper_bound_rule,,upper_bound_rules,benchmark\external-real-v8-grounded\rules\EXT_E087-formal-policy.json,a81ec08967ddc6c53154eeccde13efb2af2325076a2e83a14c055947252519c9,1334,2026-08-27T11:54:53.826389+00:00,
upper_bound_rule,,upper_bound_rules,benchmark\external-real-v8-grounded\rules\EXT_E088-formal-policy.json,e763a7800484cfd06f858925df5bd573bb833d62fdbf6e70e30d05aa9e86fa87,1334,2026-08-27T11:54:53.827714+00:00,
upper_bound_rule,,upper_bound_rules,benchmark\external-real-v8-grounded\rules\EXT_E089-formal-policy.json,8ae8d9b9275a18bafc00204ae2b8da19000714dec6fe8e5933a3608ded63f0ea,1329,2026-08-27T11:54:53.829738+00:00,
upper_bound_rule,,upper_bound_rules,benchmark\external-real-v8-grounded\rules\EXT_E090-formal-policy.json,09bc33df36aad8e573ca6763186b3f84853f5a4d6065beff56aa476d4ec96d2f,1329,2026-08-27T11:54:53.830763+00:00,
upper_bound_rule,,upper_bound_rules,benchmark\external-real-v8-grounded\rules\EXT_E091-formal-policy.json,180aca517855fb7d74dba411d67decb978c334ff66cbed5e3c2f82ebfee429a5,1320,2026-08-27T11:54:53.836606+00:00,
upper_bound_rule,,upper_bound_rules,benchmark\external-real-v8-grounded\rules\EXT_E092-formal-policy.json,53c6e6f50ba835431e8287f6afe395304c69fd24b5c76793588d63c694956c1a,1341,2026-08-27T11:54:53.836606+00:00,
upper_bound_rule,,upper_bound_rules,benchmark\external-real-v8-grounded\rules\EXT_E093-formal-policy.json,06bdc5a33c9dbc3c7b9bb7b0d32d27ec783e813a6a02bcd8c434fde5a494055c,1329,2026-08-27T11:54:53.838821+00:00,
upper_bound_rule,,upper_bound_rules,benchmark\external-real-v8-grounded\rules\EXT_E094-formal-policy.json,85c5e3523baa7c1af6d1accd12878b95bf3bc25741921c22b8cb2e397082f146,1318,2026-08-27T11:54:53.840294+00:00,
upper_bound_rule,,upper_bound_rules,benchmark\external-real-v8-grounded\rules\EXT_E095-formal-policy.json,5c46f3183858a70dda83807d0bcf680399546f9d7ecf00da4d3de4db2bb7f7fa,1331,2026-08-27T11:54:53.846884+00:00,
upper_bound_rule,,upper_bound_rules,benchmark\external-real-v8-grounded\rules\EXT_E096-formal-policy.json,9a28cf0ff214d0f92d4ba00b0e4e20fd811d39017cfe049b0336beefa33412c5,1332,2026-08-27T11:54:53.847890+00:00,
upper_bound_rule,,upper_bound_rules,benchmark\external-real-v8-grounded\rules\EXT_E097-formal-policy.json,869c721db75d60dcf2061e002680ed0ec4fb9803609a6b334297befa6cd3f9ce,1327,2026-08-27T11:54:53.853878+00:00,
upper_bound_rule,,upper_bound_rules,benchmark\external-real-v8-grounded\rules\EXT_E098-formal-policy.json,0e06393f41016371d0af4b192889b1fde00a329eb2e25c289141959262bb7d09,1317,2026-08-27T11:54:53.854878+00:00,
upper_bound_rule,,upper_bound_rules,benchmark\external-real-v8-grounded\rules\EXT_E099-formal-policy.json,07a2e7703ab231eccbda76835cadbdde7268f9317a3baf7d1353a177cde9590b,1324,2026-08-27T11:54:53.855950+00:00,
upper_bound_rule,,upper_bound_rules,benchmark\external-real-v8-grounded\rules\EXT_E100-formal-policy.json,65cc95f25ad6b760957dbb766bf1d64b47c82f288ae148e6091f0a56d394b61a,1339,2026-08-27T11:54:53.856950+00:00,
upper_bound_rule,,upper_bound_rules,benchmark\external-real-v8-grounded\rules\EXT_E101-formal-policy.json,f489f511e305fecf06a9f029cd9fe928f9388c0da4a888d0740a61b5012e09a8,1340,2026-08-27T11:54:53.856950+00:00,
upper_bound_rule,,upper_bound_rules,benchmark\external-real-v8-grounded\rules\EXT_E102-formal-policy.json,3a1667137cb64729840cb5dcb36f1cc10d68db7b9e55cc6038ff94ebbcebcde9,1337,2026-08-27T11:54:53.864093+00:00,
upper_bound_rule,,upper_bound_rules,benchmark\external-real-v8-grounded\rules\EXT_E103-formal-policy.json,763d420faa10d459bd303a77bb0b0be8157a9bd4076232c66cab1a0922029b6f,1331,2026-08-27T11:54:53.865089+00:00,
upper_bound_rule,,upper_bound_rules,benchmark\external-real-v8-grounded\rules\EXT_E104-formal-policy.json,6a04e8b80a762a8c1ec13516ee4ff36e3a4367347eb3bdb269d5752d11d55804,1337,2026-08-27T11:54:53.865089+00:00,
upper_bound_rule,,upper_bound_rules,benchmark\external-real-v8-grounded\rules\EXT_E105-formal-policy.json,7096dab19aac89861967b007de7a24227d84cefbeeda199a2da0e3a24eb8e6cf,1338,2026-08-27T11:54:53.866505+00:00,
upper_bound_rule,,upper_bound_rules,benchmark\external-real-v8-grounded\rules\EXT_E106-formal-policy.json,75b8a9fd8b4cee721416a6cd4b558201c540bb65ab1378bfb8fba0f046bfb3c9,1316,2026-08-27T11:54:53.872600+00:00,
upper_bound_rule,,upper_bound_rules,benchmark\external-real-v8-grounded\rules\EXT_E107-formal-policy.json,bffc8d22ffa106636825a54fc0f6294fb752fb7b3396cd2a221a14303b68d2be,1319,2026-08-27T11:54:53.873600+00:00,
upper_bound_rule,,upper_bound_rules,benchmark\external-real-v8-grounded\rules\EXT_E108-formal-policy.json,9cfb18fb2eb6bfd54915f472a40704be52363e58dd893a9c87934f79dc5a989f,1334,2026-08-27T11:54:53.879113+00:00,
upper_bound_rule,,upper_bound_rules,benchmark\external-real-v8-grounded\rules\EXT_E109-formal-policy.json,718927d10d910f36914b40f31b7cbc9850244feedc845e302eb226d5557fc67d,1334,2026-08-27T11:54:53.883781+00:00,
upper_bound_rule,,upper_bound_rules,benchmark\external-real-v8-grounded\rules\EXT_E110-formal-policy.json,49241d7717e1b8ef437b4ee43e7f0d43ff2b016dff49a99cf8d1f88feec754fe,1329,2026-08-27T11:54:53.888582+00:00,
upper_bound_rule,,upper_bound_rules,benchmark\external-real-v8-grounded\rules\EXT_E111-formal-policy.json,5c1e21b1cfb117f916df33f2c46f296cab957c0a3246809be5790423804fcfbd,1331,2026-08-27T11:54:53.890049+00:00,
upper_bound_rule,,upper_bound_rules,benchmark\external-real-v8-grounded\rules\EXT_E112-formal-policy.json,35dffe4c71d94bb9071e7703159e2a48a9e19053b0d6d7135dd1bdd6e1807fb7,1327,2026-08-27T11:54:53.890049+00:00,
upper_bound_rule,,upper_bound_rules,benchmark\external-real-v8-grounded\rules\EXT_E113-formal-policy.json,a7579c87d7bd1b578a2c4dfa7e6a2b668c31f2ab42a229cb130129f29dd05c80,1319,2026-08-27T11:54:53.892438+00:00,
upper_bound_rule,,upper_bound_rules,benchmark\external-real-v8-grounded\rules\EXT_E114-formal-policy.json,dcc6834c2ddd2d1a700c80c2c62b53a424814aefb28209a29fac0da8975a73b3,1303,2026-08-27T11:54:53.897725+00:00,
upper_bound_rule,,upper_bound_rules,benchmark\external-real-v8-grounded\rules\EXT_E115-formal-policy.json,bb8e46cf27b915fdb69955a33a7fda468351dfd534d33306b08273763606bb54,1313,2026-08-27T11:54:53.903153+00:00,
upper_bound_rule,,upper_bound_rules,benchmark\external-real-v8-grounded\rules\EXT_E116-formal-policy.json,ab2dc009455cb21e4cd6246803039c02c7b347d1952b2464d308b09056108e31,1309,2026-08-27T11:54:53.908624+00:00,
upper_bound_rule,,upper_bound_rules,benchmark\external-real-v8-grounded\rules\EXT_E117-formal-policy.json,d25990e75f8782be361e91affd39c96a898f92809a3a6020894f16551517720f,1312,2026-08-27T11:54:53.908624+00:00,
upper_bound_rule,,upper_bound_rules,benchmark\external-real-v8-grounded\rules\EXT_E118-formal-policy.json,1ea23b8e0fad03d196361eebe9175152aeda42e8337fcb5d6733bc3a10003281,1313,2026-08-27T11:54:53.909794+00:00,
upper_bound_rule,,upper_bound_rules,benchmark\external-real-v8-grounded\rules\EXT_E119-formal-policy.json,93442cb5eb29e4132db74c0522db2ed365ecf49e3b90f3a77809be6cfe341483,1324,2026-08-27T11:54:53.910794+00:00,
upper_bound_rule,,upper_bound_rules,benchmark\external-real-v8-grounded\rules\EXT_E120-formal-policy.json,014f85144cc1e4549bb38dc1e4036bdeb3e5416bfac0654185fe3e6fa2fee3d8,1308,2026-08-27T11:54:53.915221+00:00,
upper_bound_rule,,upper_bound_rules,benchmark\external-real-v8-grounded\rules\EXT_E121-formal-policy.json,7bb3f52a085f6178e1a6cf253ff5bde22c3a364fe6de4cbd4b71d8b1dbb8810c,1309,2026-08-27T11:54:53.916512+00:00,
upper_bound_rule,,upper_bound_rules,benchmark\external-real-v8-grounded\rules\EXT_E122-formal-policy.json,57c054c4ffd7fd13d55a848dc6bc88987176efc14936ffd1fd2d7d5f507a3384,1329,2026-08-27T11:54:53.917521+00:00,
upper_bound_rule,,upper_bound_rules,benchmark\external-real-v8-grounded\rules\EXT_E123-formal-policy.json,c79d6beca95faf0e89960151e2f83f56f78bd645da48be729d1d9df873b60ea2,1305,2026-08-27T11:54:53.918803+00:00,
upper_bound_rule,,upper_bound_rules,benchmark\external-real-v8-grounded\rules\EXT_E124-formal-policy.json,cab94f027ffe1a8f29a7f27e2d034eb8a76c7b9634b15de34535024b3be43cd0,1323,2026-08-27T11:54:53.923829+00:00,
upper_bound_rule,,upper_bound_rules,benchmark\external-real-v8-grounded\rules\EXT_E125-formal-policy.json,817ef8c2d2dfb6ebee6db542f982d4a3e75af63eafa50da1ad916bc71866d9bc,1311,2026-08-27T11:54:53.928632+00:00,
upper_bound_rule,,upper_bound_rules,benchmark\external-real-v8-grounded\rules\EXT_E126-formal-policy.json,c934b1db392cc56e440c32a70198d0ffd3f97e5523bc9cebbdfc48feb841abd1,1327,2026-08-27T11:54:53.934278+00:00,
upper_bound_rule,,upper_bound_rules,benchmark\external-real-v8-grounded\rules\EXT_E127-formal-policy.json,8301a5d6332d6782453a417fcd7381b1ca55e1a2ef4179b1f0bb26fa1e094a7a,1298,2026-08-27T11:54:53.934278+00:00,
upper_bound_rule,,upper_bound_rules,benchmark\external-real-v8-grounded\rules\EXT_E128-formal-policy.json,120b3b8e5cc373dd6682323239f9bb24fff4c6bc04e77838b40ec5e912b63cd3,1311,2026-08-27T11:54:53.935282+00:00,
upper_bound_rule,,upper_bound_rules,benchmark\external-real-v8-grounded\rules\EXT_E129-formal-policy.json,8e3008ed45968d1b75b78ca85173f74b4b2cdc8953259229f81e752210f7182b,1315,2026-08-27T11:54:53.936278+00:00,
upper_bound_rule,,upper_bound_rules,benchmark\external-real-v8-grounded\rules\EXT_E130-formal-policy.json,edc322d0fa29fabd8660c53f98f9217dc8fda9190fa3baebe8466497b4f79291,1335,2026-08-27T11:54:53.937279+00:00,
upper_bound_rule,,upper_bound_rules,benchmark\external-real-v8-grounded\rules\EXT_E131-formal-policy.json,40989944bfcbf597b92e4460b3b404492ac9e917d1b575f984cfc0af956bf310,1325,2026-08-27T11:54:53.937279+00:00,
upper_bound_rule,,upper_bound_rules,benchmark\external-real-v8-grounded\rules\EXT_E132-formal-policy.json,f438c568517c06ee434b62e0a37d0ea0de0ca7cff0ed96797a7e2b4c59d94100,1314,2026-08-27T11:54:53.938716+00:00,
upper_bound_rule,,upper_bound_rules,benchmark\external-real-v8-grounded\rules\EXT_E133-formal-policy.json,6f3131f5b1ef0ac12a1d8fb5fe32168e5a90c443e411cacc83ec7a2961088c70,1322,2026-08-27T11:54:53.945164+00:00,
upper_bound_rule,,upper_bound_rules,benchmark\external-real-v8-grounded\rules\EXT_E134-formal-policy.json,ab3d28f19e0aa1810fa8626104d927994d23a8d83cd0dc2fafcd02ce80cd9504,1309,2026-08-27T11:54:53.945164+00:00,
upper_bound_rule,,upper_bound_rules,benchmark\external-real-v8-grounded\rules\EXT_E136-formal-policy.json,d45063ae1407808cde6ea5a12faa104d04b2fc6cc94c14162e2bf4b40770f179,1322,2026-08-27T11:54:53.950958+00:00,
upper_bound_rule,,upper_bound_rules,benchmark\external-real-v8-grounded\rules\EXT_E137-formal-policy.json,ae61e0ac36827eb529c49406244e083e5bc2cfb8eaf4336a4aa9ff3a0f4a849b,1327,2026-08-27T11:54:53.951959+00:00,
upper_bound_rule,,upper_bound_rules,benchmark\external-real-v8-grounded\rules\EXT_E139-formal-policy.json,13b26c8559f5b45ffd55248bca072249cc5e2cab38c13357447baf65f50672b1,1325,2026-08-27T11:54:53.958560+00:00,
upper_bound_rule,,upper_bound_rules,benchmark\external-real-v8-grounded\rules\EXT_E140-formal-policy.json,eeb261eb8e953ff4900c5801447b7899e6c90a40987bab910cac3fe0ca6aff7d,1327,2026-08-27T11:54:53.959999+00:00,
upper_bound_rule,,upper_bound_rules,benchmark\external-real-v8-grounded\rules\EXT_E141-formal-policy.json,a28dc64b4455cd4495d9a496daa89f5fa0bbd053a14e6c5f4509a17f9f743ed8,1320,2026-08-27T11:54:53.964133+00:00,
upper_bound_rule,,upper_bound_rules,benchmark\external-real-v8-grounded\rules\EXT_E142-formal-policy.json,811e6f21b41712bb5c2dea7a59ac5f151347a6f5e7b662b15a834ba00e222884,1321,2026-08-27T11:54:53.965632+00:00,
upper_bound_rule,,upper_bound_rules,benchmark\external-real-v8-grounded\rules\EXT_E144-formal-policy.json,61459bbaafbee9fd40e32ff7e22941639f67f57f8bd78b3a3b54d7aefeb2167d,1317,2026-08-27T11:54:53.967135+00:00,
upper_bound_rule,,upper_bound_rules,benchmark\external-real-v8-grounded\rules\EXT_E145-formal-policy.json,7fe91693b70d6769ac40902ac155a50bdb1ba0fbb5bec2e9323e2fd155e51845,1324,2026-08-27T11:54:53.968136+00:00,
upper_bound_rule,,upper_bound_rules,benchmark\external-real-v8-grounded\rules\EXT_E146-formal-policy.json,111bde83f0a3bbeec24c3e1209f89c80124d3fb4f62d8e9460b60b291baf01fb,1329,2026-08-27T11:54:53.969189+00:00,
upper_bound_rule,,upper_bound_rules,benchmark\external-real-v8-grounded\rules\EXT_E147-formal-policy.json,2aafc37472d1423aefa4fc5b624e5005700b6367080175eb6e1c3ca8ea1842f4,1326,2026-08-27T11:54:53.969189+00:00,
upper_bound_rule,,upper_bound_rules,benchmark\external-real-v8-grounded\rules\EXT_E148-formal-policy.json,6bab7d13368883e53892c27f75da694f4280359c95d8b5a425674a7f2df6f3f5,1304,2026-08-27T11:54:53.970524+00:00,
upper_bound_rule,,upper_bound_rules,benchmark\external-real-v8-grounded\rules\EXT_E149-formal-policy.json,14bbe1c49aadebc6b0b27f0ec8726b950225f4d6df08b0c3cf3c23531c3e7d5f,1314,2026-08-27T11:54:53.971905+00:00,
upper_bound_rule,,upper_bound_rules,benchmark\external-real-v8-grounded\rules\EXT_E153-formal-policy.json,7324d065212bb7d15e0ac0c535d3dd4d45464973d472db17bf87f53577dd76d6,1331,2026-08-27T11:54:53.984696+00:00,
upper_bound_rule,,upper_bound_rules,benchmark\external-real-v8-grounded\rules\EXT_E154-formal-policy.json,8c171e2a836a4fe0cf9848edf4a03bb7f4bc0316f9a1204263f82b178c17095b,1324,2026-08-27T11:54:53.986028+00:00,
upper_bound_rule,,upper_bound_rules,benchmark\external-real-v8-grounded\rules\EXT_E155-formal-policy.json,3b2c13983ed383fe7d8556be11984f571561fda02416173f22e8925ffa5de860,1328,2026-08-27T11:54:53.990537+00:00,
upper_bound_rule,,upper_bound_rules,benchmark\external-real-v8-grounded\rules\EXT_E156-formal-policy.json,72ba55ab1f2082b28c342c1e87c9e880ede59b52fb4257b51d5916a008c6891c,1316,2026-08-27T11:54:53.990537+00:00,
upper_bound_rule,,upper_bound_rules,benchmark\external-real-v8-grounded\rules\EXT_E157-formal-policy.json,7c514c346ac074af8e02884d70c868b5696515bcce1aa9f756bb232a09aa66ac,1325,2026-08-27T11:54:53.995771+00:00,
upper_bound_rule,,upper_bound_rules,benchmark\external-real-v8-grounded\rules\EXT_E160-formal-policy.json,3aa27b339fc9c1cbab2201121c292d7d968b81326d32ba587bb21d1bdb476fb3,1336,2026-08-27T11:54:54.002659+00:00,
upper_bound_rule,,upper_bound_rules,benchmark\external-real-v8-grounded\rules\EXT_E161-formal-policy.json,cdb67f7f060e69905c64ca79656850b71c62ef36bb1463cefc3d656a61915719,1322,2026-08-27T11:54:54.002659+00:00,
upper_bound_rule,,upper_bound_rules,benchmark\external-real-v8-grounded\rules\EXT_E162-formal-policy.json,e9cf87c1fd4d2072b25f7f95bbfae03d37de44e35d0461ff86303347357c3d76,1338,2026-08-27T11:54:54.003658+00:00,
upper_bound_rule,,upper_bound_rules,benchmark\external-real-v8-grounded\rules\EXT_E163-formal-policy.json,e9ac7627c3aa4370319310268605666a1bce7304b6e48313705651c60e13bc3d,1320,2026-08-27T11:54:54.003658+00:00,
upper_bound_rule,,upper_bound_rules,benchmark\external-real-v8-grounded\rules\EXT_E164-formal-policy.json,7fa615d4a1a3aa1a1f85b59cca013eacf50b3e8a896e92ccd914926c86e2c53e,1316,2026-08-27T11:54:54.005110+00:00,
upper_bound_rule,,upper_bound_rules,benchmark\external-real-v8-grounded\rules\EXT_E165-formal-policy.json,a6adc8231747b937d14f496be713170237a6e6aba426aee4862a0d0fbb3384c2,1320,2026-08-27T11:54:54.010125+00:00,
upper_bound_rule,,upper_bound_rules,benchmark\external-real-v8-grounded\rules\EXT_E166-formal-policy.json,ba3b9bb57953a2aad4c140f87791850ba5986a27f5bc37486ed5f28dfda5e132,1328,2026-08-27T11:54:54.015487+00:00,
upper_bound_rule,,upper_bound_rules,benchmark\external-real-v8-grounded\rules\EXT_E167-formal-policy.json,806c7ad5ae5841325a9e4dd1e57ebdf6ea8e729665e967f39eb49a5ea23e4d5e,1334,2026-08-27T11:54:54.020535+00:00,
upper_bound_rule,,upper_bound_rules,benchmark\external-real-v8-grounded\rules\EXT_E168-formal-policy.json,87f279358cd176f1544109ebe4f1fcc6f3f93261f9a0622698b49a218b948888,1332,2026-08-27T11:54:54.024543+00:00,
upper_bound_rule,,upper_bound_rules,benchmark\external-real-v8-grounded\rules\EXT_E169-formal-policy.json,e74020da36d1915b9849037fe7e099d124ba99d6be190161b70af5bea404d4c6,1309,2026-08-27T11:54:54.027088+00:00,
upper_bound_rule,,upper_bound_rules,benchmark\external-real-v8-grounded\rules\EXT_E170-formal-policy.json,fae0f7346c513c6c496756e46ba7ef053e73497bb682f47b9b888e0c9f92fab9,1317,2026-08-27T11:54:54.031986+00:00,
upper_bound_rule,,upper_bound_rules,benchmark\external-real-v8-grounded\rules\EXT_E171-formal-policy.json,f01672e19b767a5693c4ab8576fe98c3d5e0e0d0b9b6fdf613bf748b9a9807eb,1328,2026-08-27T11:54:54.032985+00:00,
upper_bound_rule,,upper_bound_rules,benchmark\external-real-v8-grounded\rules\EXT_E172-formal-policy.json,ce7bbb7cfde65a3a4dd35e8cfcc99a81b3646dc6062c5119f566feee198489b8,1301,2026-08-27T11:54:54.032985+00:00,
upper_bound_rule,,upper_bound_rules,benchmark\external-real-v8-grounded\rules\EXT_E173-formal-policy.json,fe310ebfe2f43d91a2f161ab81345cbe52179aa19cbeecbf397a59e6f03719e0,1317,2026-08-27T11:54:54.034470+00:00,
upper_bound_rule,,upper_bound_rules,benchmark\external-real-v8-grounded\rules\EXT_E174-formal-policy.json,22469549e49b9f6d261a5a2ca25c1e5e23ad372202ae9d76ff69f86714b303a0,1345,2026-08-27T11:54:54.039717+00:00,
upper_bound_rule,,upper_bound_rules,benchmark\external-real-v8-grounded\rules\EXT_E175-formal-policy.json,0443c4cd2bd999c11f676f9118179be737ae70b9bfad0acf14e47583de4000c6,1326,2026-08-27T11:54:54.040717+00:00,
upper_bound_rule,,upper_bound_rules,benchmark\external-real-v8-grounded\rules\EXT_E176-formal-policy.json,eb71cc5e4452a24dbf8975364b268801ac957820f719eb360e287211877baa79,1335,2026-08-27T11:54:54.047040+00:00,
upper_bound_rule,,upper_bound_rules,benchmark\external-real-v8-grounded\rules\EXT_E177-formal-policy.json,f051054e9d86cc446e4df75c27542f467dfc93b36f143bb05564bdda6a6e6063,1358,2026-08-27T11:54:54.048042+00:00,
upper_bound_rule,,upper_bound_rules,benchmark\external-real-v8-grounded\rules\EXT_E178-formal-policy.json,26abe882c1db08a28e9011f87f55fd58f38c45c6f6f7cf69b1ebaab02782e37b,1336,2026-08-27T11:54:54.054011+00:00,
upper_bound_rule,,upper_bound_rules,benchmark\external-real-v8-grounded\rules\EXT_E179-formal-policy.json,3790a9517055fce9818bf08f1e3a2570ffcd72c9101ff523f314a395a154b84f,1326,2026-08-27T11:54:54.055019+00:00,
upper_bound_rule,,upper_bound_rules,benchmark\external-real-v8-grounded\rules\EXT_E180-formal-policy.json,ed3cb685c189fa510eb638222abc17730aded73fd1aa73aedcf9ff08cb5dc59f,1340,2026-08-27T11:54:54.056022+00:00,
upper_bound_rule,,upper_bound_rules,benchmark\external-real-v8-grounded\rules\EXT_E181-formal-policy.json,a917b6397a9a9adc1cb441afd3fc19809bcc98edb9b64b3da84e1f986e5d02f4,1358,2026-08-27T11:54:54.061453+00:00,
upper_bound_rule,,upper_bound_rules,benchmark\external-real-v8-grounded\rules\EXT_E183-formal-policy.json,0f75253e544bd1fd8fb3179cfac70b1df7934a073d0357f616cdf01f6daea3e1,1342,2026-08-27T11:54:54.072483+00:00,
upper_bound_rule,,upper_bound_rules,benchmark\external-real-v8-grounded\rules\EXT_E184-formal-policy.json,53dd30f42afd284adcfc84a3273f92984adf4d42ebb0563798eae6115f51287d,1350,2026-08-27T11:54:54.072483+00:00,
upper_bound_rule,,upper_bound_rules,benchmark\external-real-v8-grounded\rules\EXT_E185-formal-policy.json,765f377f7983cfa88ead1c02ea74a35498e31845b3bf8565cb58e18d80889556,1338,2026-08-27T11:54:54.073778+00:00,
upper_bound_rule,,upper_bound_rules,benchmark\external-real-v8-grounded\rules\EXT_E186-formal-policy.json,93ee4d9baa07bb67b8620d200c47121bf66f4c373f14dd5a2f1152069c5efc28,1352,2026-08-27T11:54:54.079777+00:00,
upper_bound_rule,,upper_bound_rules,benchmark\external-real-v8-grounded\rules\EXT_E187-formal-policy.json,1c1058918b0e3fee427ae4db2990742ddeeddc45d142c6ffc0cd1c7d1199e3f1,1338,2026-08-27T11:54:54.079777+00:00,
upper_bound_rule,,upper_bound_rules,benchmark\external-real-v8-grounded\rules\EXT_E188-formal-policy.json,7626e0fdffbe90d8c4b267f28a050768b74326341f42773d1e03b31850327ba6,1336,2026-08-27T11:54:54.086214+00:00,
upper_bound_rule,,upper_bound_rules,benchmark\external-real-v8-grounded\rules\EXT_E189-formal-policy.json,643d3d6e62fea1e171420e5c740e1697460e8c05c98c1d8861d72e60fe64a1c9,1352,2026-08-27T11:54:54.087214+00:00,
upper_bound_rule,,upper_bound_rules,benchmark\external-real-v8-grounded\rules\EXT_E190-formal-policy.json,472d530ce5a8bd32fd99fbcd931939d5d457506ab343a8673dba0a298d1ab590,1346,2026-08-27T11:54:54.088451+00:00,
upper_bound_rule,,upper_bound_rules,benchmark\external-real-v8-grounded\rules\EXT_E191-formal-policy.json,a4d26b76c1e94386a65de15546233597687f6e65e74f4ee07157a4e83800ca97,1346,2026-08-27T11:54:54.092622+00:00,
upper_bound_rule,,upper_bound_rules,benchmark\external-real-v8-grounded\rules\EXT_E192-formal-policy.json,efcc95fface05f773ae49417a60cfdda899441119d49cf53da46ce0cbc5bbd3b,1344,2026-08-27T11:54:54.094104+00:00,
upper_bound_rule,,upper_bound_rules,benchmark\external-real-v8-grounded\rules\EXT_E193-formal-policy.json,9ade1f72cc5e03acafb3b20d721b1210bd8b2bb600bf0010335664c9895b4093,1346,2026-08-27T11:54:54.099766+00:00,
upper_bound_rule,,upper_bound_rules,benchmark\external-real-v8-grounded\rules\EXT_E195-formal-policy.json,e8b34e1b86f1f9fd340252b6f59512d981560214bb5a3645aff98b22de3e62b4,1302,2026-08-27T11:54:54.100957+00:00,
upper_bound_rule,,upper_bound_rules,benchmark\external-real-v8-grounded\rules\EXT_E196-formal-policy.json,12e57d3d921063f95cea2852357868c156638bcaf086cbba736ac13048a1648d,1326,2026-08-27T11:54:54.106632+00:00,
upper_bound_rule,,upper_bound_rules,benchmark\external-real-v8-grounded\rules\EXT_E197-formal-policy.json,6987e7dde715cf3f6868ad34c356b6077b4422219abf7dac0d62d6e6fd22fe6a,1320,2026-08-27T11:54:54.112417+00:00,
upper_bound_rule,,upper_bound_rules,benchmark\external-real-v8-grounded\rules\EXT_E198-formal-policy.json,91e6f3c3fc70ef9405cd8c7bd53ad9edecf1a955d1db5d5310835caa932c23b8,1318,2026-08-27T11:54:54.113416+00:00,
upper_bound_rule,,upper_bound_rules,benchmark\external-real-v8-grounded\rules\EXT_E199-formal-policy.json,c4c6207b5baa20a85bdb30981466328ae21b1d7caa94b7716b989c06b3dfc284,1292,2026-08-27T11:54:54.117763+00:00,
upper_bound_rule,,upper_bound_rules,benchmark\external-real-v8-grounded\rules\EXT_E200-formal-policy.json,52e9c1f452390d9e483bd9cab1dcb3a8604a494e716ebd1b472e757aa55e8025,1288,2026-08-27T11:54:54.120257+00:00,
upper_bound_rule,,upper_bound_rules,benchmark\external-real-v8-grounded\rules\EXT_E201-formal-policy.json,b19acacf6853b04fa69a657e2868a30e3d03a7ee2c81a7f88c9fbacdeb7cb488,1302,2026-08-27T11:54:54.120257+00:00,
upper_bound_rule,,upper_bound_rules,benchmark\external-real-v8-grounded\rules\EXT_E202-formal-policy.json,632f72d7ebc2f093482043e9b4d96822f66e24fd3f23bc09ea07469893ec26dc,1302,2026-08-27T11:54:54.121598+00:00,
upper_bound_rule,,upper_bound_rules,benchmark\external-real-v8-grounded\rules\EXT_E203-formal-policy.json,df97398c3981d68f685408903b790e01a2679c6c66e695136a5489d105e26401,1316,2026-08-27T11:54:54.121598+00:00,
upper_bound_rule,,upper_bound_rules,benchmark\external-real-v8-grounded\rules\EXT_E205-formal-policy.json,116f2b66cdcc4355e857f4ac7fcf5c29f9d58842f8b87dae5f2e5a8c835effda,1302,2026-08-27T11:54:54.133105+00:00,
upper_bound_rule,,upper_bound_rules,benchmark\external-real-v8-grounded\rules\EXT_E206-formal-policy.json,55469a71bb53cfa55d362027880f264ba0a9e74495ee3610d16319f5ba51090f,1312,2026-08-27T11:54:54.134512+00:00,
upper_bound_rule,,upper_bound_rules,benchmark\external-real-v8-grounded\rules\EXT_E207-formal-policy.json,fcab48e9d816e4e87b0a95076977ac6b02afb77c841ba222de45be482a976a07,1293,2026-08-27T11:54:54.135957+00:00,
upper_bound_rule,,upper_bound_rules,benchmark\external-real-v8-grounded\rules\EXT_E208-formal-policy.json,858bcd5fe93f7c7fb304cb9bb380c08e9df6afcf864c1df17bcf98339d3c0563,1297,2026-08-27T11:54:54.141218+00:00,
upper_bound_rule,,upper_bound_rules,benchmark\external-real-v8-grounded\rules\EXT_E209-formal-policy.json,99c52a90ea697cf55d525f720f20a8c0f38332356c2a50acdab560d6035b7077,1306,2026-08-27T11:54:54.142258+00:00,
upper_bound_rule,,upper_bound_rules,benchmark\external-real-v8-grounded\rules\EXT_E210-formal-policy.json,1c78268c8298146ccaeea39224ba88509851daaaf9ca42c944dc2c2a96e90c33,1300,2026-08-27T11:54:54.142258+00:00,
upper_bound_rule,,upper_bound_rules,benchmark\external-real-v8-grounded\rules\EXT_E211-formal-policy.json,595b9496dc0b4a0ed0c0c0c4b445c53e630859744b61e1c229e2f0b4ac71ec71,1296,2026-08-27T11:54:54.143615+00:00,
upper_bound_rule,,upper_bound_rules,benchmark\external-real-v8-grounded\rules\EXT_E212-formal-policy.json,da2a208feef43ce88ea5e8c874a34d6e2fad4011dacfa886b89248551d1bbc33,1310,2026-08-27T11:54:54.148135+00:00,
upper_bound_rule,,upper_bound_rules,benchmark\external-real-v8-grounded\rules\EXT_E213-formal-policy.json,41bb9da60b674b5a92682bb83f36e986eee21213fb89f4892095bd01136b4df7,1319,2026-08-27T11:54:54.149205+00:00,
