split,event_id,semantic_type,run,seed,method,status,selected_option_id,selected_candidate_id,selected_value,reason,candidate_order,runtime_ms,response_mode,prompt_eval_count,eval_count,done_reason,raw_content,policy_loaded,applicable_rule,allowed_values,survivor_count,decision_path,qwen_called,oracle_candidate_id,oracle_value,oracle_correct
external,EXT_E001,TEMPORAL_VERSION,1,20260820,DIRECT_FREE,SELECTED,OPTION_B,CAND_002,spring=1100;summer_autumn=900;total=2000,The case context specifies the evaluation of Beijing's 2026 policy. Document EXT_DOC_001_2026 is authoritative for 2026 (effective 2026-01-01 to 2026-12-31). It explicitly lists '叶,OPTION_A=CAND_001|OPTION_B=CAND_002|OPTION_C=CAND_003,3144,json_schema,1244,116,stop,"{
  ""abstain"": false,
  ""value"": ""spring=1100;summer_autumn=900;total=2000"",
  ""reason"": ""The case context specifies the evaluation of Beijing's 2026 policy. Document EXT_DOC_001_2026 is authoritative for 2026 (effective 2026-01-01 to 2026-12-31). It explicitly lists '叶""
}",,,,,,True,CAND_002,spring=1100;summer_autumn=900;total=2000,True
external,EXT_E001,TEMPORAL_VERSION,1,20260820,OPTION_VALUE_ONLY,SELECTED,OPTION_B,CAND_002,spring=1100;summer_autumn=900;total=2000,The case context specifies the evaluation of the 'Beijing 2026 Policy Agricultural Insurance Unified Reference Terms'. Document EXT_DOC_001_2026 is effective from 2026-01-01 to 202,OPTION_A=CAND_001|OPTION_B=CAND_002|OPTION_C=CAND_003,2583,json_schema,1382,84,stop,"{
  ""abstain"": false,
  ""option_id"": ""OPTION_B"",
  ""reason"": ""The case context specifies the evaluation of the 'Beijing 2026 Policy Agricultural Insurance Unified Reference Terms'. Document EXT_DOC_001_2026 is effective from 2026-01-01 to 202""
}",,,,,,True,CAND_002,spring=1100;summer_autumn=900;total=2000,True
external,EXT_E001,TEMPORAL_VERSION,1,20260820,OPTION_FORMAL_OPERATION,SELECTED,OPTION_B,CAND_002,spring=1100;summer_autumn=900;total=2000,The 2026 policy document (EXT_DOC_001_2026) is the authoritative source for the evaluation period. It explicitly states that the insurance amount for rotation vegetables is split: ,OPTION_A=CAND_001|OPTION_B=CAND_002|OPTION_C=CAND_003,2606,json_schema,1930,73,stop,"{
  ""abstain"": false,
  ""option_id"": ""OPTION_B"",
  ""reason"": ""The 2026 policy document (EXT_DOC_001_2026) is the authoritative source for the evaluation period. It explicitly states that the insurance amount for rotation vegetables is split: ""}",,,,,,True,CAND_002,spring=1100;summer_autumn=900;total=2000,True
external,EXT_E001,TEMPORAL_VERSION,1,20260820,OPTION_FORMAL_POLICY,SELECTED,OPTION_B,CAND_002,spring=1100;summer_autumn=900;total=2000,"The assessment year is 2026 and the source revision year is 2026. According to formal_policy rule EXT_E001_2026_SEASONAL_SPLIT (priority 300), when requires_seasonal_split is true,",OPTION_A=CAND_001|OPTION_B=CAND_002|OPTION_C=CAND_003,2713,json_schema,2338,84,stop,"{
  ""abstain"": false,
  ""option_id"": ""OPTION_B"",
  ""reason"": ""The assessment year is 2026 and the source revision year is 2026. According to formal_policy rule EXT_E001_2026_SEASONAL_SPLIT (priority 300), when requires_seasonal_split is true,""}",True,,,,,True,CAND_002,spring=1100;summer_autumn=900;total=2000,True
external,EXT_E001,TEMPORAL_VERSION,1,20260820,OPTION_FORMAL_POLICY_HARD_GATE,SELECTED,OPTION_B,CAND_002,spring=1100;summer_autumn=900;total=2000,deterministic gate selected EXT_E001_2026_SEASONAL_SPLIT,OPTION_A=CAND_001|OPTION_B=CAND_002|OPTION_C=CAND_003,0,formal_policy_hard_gate,0,0,,,True,EXT_E001_2026_SEASONAL_SPLIT,spring=1100;summer_autumn=900;total=2000,1,DETERMINISTIC_SELECT,False,CAND_002,spring=1100;summer_autumn=900;total=2000,True
external,EXT_E002,CROSS_SENTENCE_SCOPE,1,20260820,DIRECT_FREE,SELECTED,OPTION_C,CAND_002,five_level_definition=level1_no_lodging;level2_lt30;level3_30_45;level4_45_60;level5_gt60,The 2026 policy document (EXT_DOC_002_2026) is the authoritative source for the 2026 insurance year. The evidence explicitly states that the interpretation section adds a five-lodg,OPTION_A=CAND_001|OPTION_B=CAND_003|OPTION_C=CAND_002,3690,json_schema,1164,117,stop,"{
  ""abstain"": false,
  ""value"": ""five_level_definition=level1_no_lodging;level2_lt30;level3_30_45;level4_45_60;level5_gt60"",
  ""reason"": ""The 2026 policy document (EXT_DOC_002_2026) is the authoritative source for the 2026 insurance year. The evidence explicitly states that the interpretation section adds a five-lodg""
}",,,,,,True,CAND_002,five_level_definition=level1_no_lodging;level2_lt30;level3_30_45;level4_45_60;level5_gt60,True
external,EXT_E002,CROSS_SENTENCE_SCOPE,1,20260820,OPTION_VALUE_ONLY,SELECTED,OPTION_C,CAND_002,five_level_definition=level1_no_lodging;level2_lt30;level3_30_45;level4_45_60;level5_gt60,The 2026 source document (EXT_DOC_002_2026) is effective from 2026-01-01 and explicitly adds a five-level lodging definition in its interpretation section. The evidence summary for,OPTION_A=CAND_001|OPTION_B=CAND_003|OPTION_C=CAND_002,3118,json_schema,1317,82,stop,"{
  ""abstain"": false,
  ""option_id"": ""OPTION_C"",
  ""reason"": ""The 2026 source document (EXT_DOC_002_2026) is effective from 2026-01-01 and explicitly adds a five-level lodging definition in its interpretation section. The evidence summary for""
}",,,,,,True,CAND_002,five_level_definition=level1_no_lodging;level2_lt30;level3_30_45;level4_45_60;level5_gt60,True
external,EXT_E002,CROSS_SENTENCE_SCOPE,1,20260820,OPTION_FORMAL_OPERATION,SELECTED,OPTION_C,CAND_002,five_level_definition=level1_no_lodging;level2_lt30;level3_30_45;level4_45_60;level5_gt60,The 2026 source document (EXT_DOC_002_2026) explicitly defines a five-level lodging hazard interpretation in its comparison table. The evidence note confirms this definition is the,OPTION_A=CAND_001|OPTION_B=CAND_003|OPTION_C=CAND_002,2803,json_schema,1868,73,stop,"{
  ""abstain"": false,
  ""option_id"": ""OPTION_C"",
  ""reason"": ""The 2026 source document (EXT_DOC_002_2026) explicitly defines a five-level lodging hazard interpretation in its comparison table. The evidence note confirms this definition is the""
}",,,,,,True,CAND_002,five_level_definition=level1_no_lodging;level2_lt30;level3_30_45;level4_45_60;level5_gt60,True
external,EXT_E002,CROSS_SENTENCE_SCOPE,1,20260820,OPTION_FORMAL_POLICY,SELECTED,OPTION_C,CAND_002,five_level_definition=level1_no_lodging;level2_lt30;level3_30_45;level4_45_60;level5_gt60,The source document EXT_DOC_002_2026 (effective 2026) contains a definition added in the interpretation section with five lodging levels. This matches rule EXT_E002_FIVE_LEVEL_INER,OPTION_A=CAND_001|OPTION_B=CAND_003|OPTION_C=CAND_002,2817,json_schema,2264,79,stop,"{
  ""abstain"": false,
  ""option_id"": ""OPTION_C"",
  ""reason"": ""The source document EXT_DOC_002_2026 (effective 2026) contains a definition added in the interpretation section with five lodging levels. This matches rule EXT_E002_FIVE_LEVEL_INER""
}",True,,,,,True,CAND_002,five_level_definition=level1_no_lodging;level2_lt30;level3_30_45;level4_45_60;level5_gt60,True
external,EXT_E002,CROSS_SENTENCE_SCOPE,1,20260820,OPTION_FORMAL_POLICY_HARD_GATE,SELECTED,OPTION_C,CAND_002,five_level_definition=level1_no_lodging;level2_lt30;level3_30_45;level4_45_60;level5_gt60,deterministic gate selected EXT_E002_FIVE_LEVEL_INTERPRETATION_SCOPE,OPTION_A=CAND_001|OPTION_B=CAND_003|OPTION_C=CAND_002,0,formal_policy_hard_gate,0,0,,,True,EXT_E002_FIVE_LEVEL_INTERPRETATION_SCOPE,five_level_definition=level1_no_lodging;level2_lt30;level3_30_45;level4_45_60;level5_gt60,1,DETERMINISTIC_SELECT,False,CAND_002,five_level_definition=level1_no_lodging;level2_lt30;level3_30_45;level4_45_60;level5_gt60,True
external,EXT_E003,GENERAL_RULE_EXCEPTION,1,20260820,DIRECT_FREE,REJECTED_OUT_OF_CANDIDATE,,,,value outside candidate set: 'accident_date_limit_times_loss_rate',OPTION_A=CAND_001|OPTION_B=CAND_002|OPTION_C=CAND_003,3304,json_schema,1080,89,stop,"{
  ""abstain"": false,
  ""value"": ""accident_date_limit_times_loss_rate"",
  ""reason"": ""The 2026 policy document (EXT_DOC_003_2026) is authoritative for the event date (2026-08-26). It explicitly changes the freeze damage compensation formula from the old method to 'a""
}",,,,,,True,CAND_002,formula=accident_date_limit_times_loss_rate,False
external,EXT_E003,GENERAL_RULE_EXCEPTION,1,20260820,OPTION_VALUE_ONLY,SELECTED,OPTION_B,CAND_002,formula=accident_date_limit_times_loss_rate,"The case context specifies evaluating the 'Beijing 2026 Policy Agricultural Insurance General Terms'. The evidence note explicitly states that for the 2026 text, the calculation is",OPTION_A=CAND_001|OPTION_B=CAND_002|OPTION_C=CAND_003,2921,json_schema,1198,68,stop,"{
  ""abstain"": false,
  ""option_id"": ""OPTION_B"",
  ""reason"": ""The case context specifies evaluating the 'Beijing 2026 Policy Agricultural Insurance General Terms'. The evidence note explicitly states that for the 2026 text, the calculation is""
}",,,,,,True,CAND_002,formula=accident_date_limit_times_loss_rate,True
external,EXT_E003,GENERAL_RULE_EXCEPTION,1,20260820,OPTION_FORMAL_OPERATION,SELECTED,OPTION_B,CAND_002,formula=accident_date_limit_times_loss_rate,The 2026 policy document (effective 2026-01-01) explicitly changes the freeze damage compensation formula for pear planting insurance from the old method (based on effective amount,OPTION_A=CAND_001|OPTION_B=CAND_002|OPTION_C=CAND_003,2900,json_schema,1740,73,stop,"{
  ""abstain"": false,
  ""option_id"": ""OPTION_B"",
  ""reason"": ""The 2026 policy document (effective 2026-01-01) explicitly changes the freeze damage compensation formula for pear planting insurance from the old method (based on effective amount""
}",,,,,,True,CAND_002,formula=accident_date_limit_times_loss_rate,True
external,EXT_E003,GENERAL_RULE_EXCEPTION,1,20260820,OPTION_FORMAL_POLICY,SELECTED,OPTION_B,CAND_002,formula=accident_date_limit_times_loss_rate,The case context specifies evaluating the 2026 policy terms (effective 2026-01-01). The formal_policy rule EXT_E003_2026_ACCIDENT_DATE_LIMIT_FORMULA applies to source_revision_year,OPTION_A=CAND_001|OPTION_B=CAND_002|OPTION_C=CAND_003,2962,json_schema,2151,83,stop,"{
  ""abstain"": false,
  ""option_id"": ""OPTION_B"",
  ""reason"": ""The case context specifies evaluating the 2026 policy terms (effective 2026-01-01). The formal_policy rule EXT_E003_2026_ACCIDENT_DATE_LIMIT_FORMULA applies to source_revision_year"" }",True,,,,,True,CAND_002,formula=accident_date_limit_times_loss_rate,True
external,EXT_E003,GENERAL_RULE_EXCEPTION,1,20260820,OPTION_FORMAL_POLICY_HARD_GATE,SELECTED,OPTION_B,CAND_002,formula=accident_date_limit_times_loss_rate,deterministic gate selected EXT_E003_2026_ACCIDENT_DATE_LIMIT_FORMULA,OPTION_A=CAND_001|OPTION_B=CAND_002|OPTION_C=CAND_003,0,formal_policy_hard_gate,0,0,,,True,EXT_E003_2026_ACCIDENT_DATE_LIMIT_FORMULA,formula=accident_date_limit_times_loss_rate,1,DETERMINISTIC_SELECT,False,CAND_002,formula=accident_date_limit_times_loss_rate,True
external,EXT_E004,TEMPORAL_VERSION,1,20260820,DIRECT_FREE,SELECTED,OPTION_B,CAND_002,wcag22_added=2.4.11;level=AA,EXT_DOC_004_NEW (WCAG 2.2 change summary) published on 2023-10-05 explicitly lists '2.4.11 Focus Not Obscured Minimum' as a new success criterion with conformance level AA. EXT_DOC,OPTION_A=CAND_003|OPTION_B=CAND_002|OPTION_C=CAND_001,3369,json_schema,888,103,stop,"{
  ""abstain"": false,
  ""value"": ""wcag22_added=2.4.11;level=AA"",
  ""reason"": ""EXT_DOC_004_NEW (WCAG 2.2 change summary) published on 2023-10-05 explicitly lists '2.4.11 Focus Not Obscured Minimum' as a new success criterion with conformance level AA. EXT_DOC""
}",,,,,,True,CAND_002,wcag22_added=2.4.11;level=AA,True
external,EXT_E004,TEMPORAL_VERSION,1,20260820,OPTION_VALUE_ONLY,SELECTED,OPTION_B,CAND_002,wcag22_added=2.4.11;level=AA,"The source document EXT_DOC_004_NEW (WCAG 2.2 change summary) explicitly lists success criterion 2.4.11 with conformance level AA. This makes OPTION_B the only factually supported,",OPTION_A=CAND_003|OPTION_B=CAND_002|OPTION_C=CAND_001,3045,json_schema,1016,76,stop,"{
  ""abstain"": false,
  ""option_id"": ""OPTION_B"",
  ""reason"": ""The source document EXT_DOC_004_NEW (WCAG 2.2 change summary) explicitly lists success criterion 2.4.11 with conformance level AA. This makes OPTION_B the only factually supported,""}",,,,,,True,CAND_002,wcag22_added=2.4.11;level=AA,True
external,EXT_E004,TEMPORAL_VERSION,1,20260820,OPTION_FORMAL_OPERATION,SELECTED,OPTION_B,CAND_002,wcag22_added=2.4.11;level=AA,The source document EXT_DOC_004_NEW (What is New in WCAG 2.2) explicitly lists success criterion 2.4.11 Focus Not Obscured Minimum with conformance level AA. Option B correctly enc,OPTION_A=CAND_003|OPTION_B=CAND_002|OPTION_C=CAND_001,3199,json_schema,1567,80,stop,"{
  ""abstain"": false,
  ""option_id"": ""OPTION_B"",
  ""reason"": ""The source document EXT_DOC_004_NEW (What is New in WCAG 2.2) explicitly lists success criterion 2.4.11 Focus Not Obscured Minimum with conformance level AA. Option B correctly enc""
}",,,,,,True,CAND_002,wcag22_added=2.4.11;level=AA,True
external,EXT_E004,TEMPORAL_VERSION,1,20260820,OPTION_FORMAL_POLICY,SELECTED,OPTION_B,CAND_002,wcag22_added=2.4.11;level=AA,"The formal_policy rule EXT_E004_NEW_PUBLIC_CHANGE has priority 300 and applies when selected_revision is 'new'. It explicitly allows only the value 'wcag22_added=2.4.11;level=AA'.
",OPTION_A=CAND_003|OPTION_B=CAND_002|OPTION_C=CAND_001,3127,json_schema,1890,84,stop,"{
  ""abstain"": false,
  ""option_id"": ""OPTION_B"",
  ""reason"": ""The formal_policy rule EXT_E004_NEW_PUBLIC_CHANGE has priority 300 and applies when selected_revision is 'new'. It explicitly allows only the value 'wcag22_added=2.4.11;level=AA'.\n""
}",True,,,,,True,CAND_002,wcag22_added=2.4.11;level=AA,True
external,EXT_E004,TEMPORAL_VERSION,1,20260820,OPTION_FORMAL_POLICY_HARD_GATE,SELECTED,OPTION_B,CAND_002,wcag22_added=2.4.11;level=AA,deterministic gate selected EXT_E004_NEW_PUBLIC_CHANGE,OPTION_A=CAND_003|OPTION_B=CAND_002|OPTION_C=CAND_001,0,formal_policy_hard_gate,0,0,,,True,EXT_E004_NEW_PUBLIC_CHANGE,wcag22_added=2.4.11;level=AA,1,DETERMINISTIC_SELECT,False,CAND_002,wcag22_added=2.4.11;level=AA,True
external,EXT_E005,TEMPORAL_VERSION,1,20260820,DIRECT_FREE,SELECTED,OPTION_C,CAND_002,wcag22_added=2.4.12;level=AAA,The public evidence note explicitly states that the W3C WCAG 2.2 change page lists '2.4.12 Focus Not Obscured Enhanced with conformance level AAA'. This directly supports CAND_002.,OPTION_A=CAND_003|OPTION_B=CAND_001|OPTION_C=CAND_002,3215,json_schema,888,90,stop,"{
  ""abstain"": false,
  ""value"": ""wcag22_added=2.4.12;level=AAA"",
  ""reason"": ""The public evidence note explicitly states that the W3C WCAG 2.2 change page lists '2.4.12 Focus Not Obscured Enhanced with conformance level AAA'. This directly supports CAND_002.""}",,,,,,True,CAND_002,wcag22_added=2.4.12;level=AAA,True
external,EXT_E005,TEMPORAL_VERSION,1,20260820,OPTION_VALUE_ONLY,SELECTED,OPTION_C,CAND_002,wcag22_added=2.4.12;level=AAA,The source document EXT_DOC_005_NEW ('What is New in WCAG 2.2') explicitly lists success criterion 2.4.12 Focus Not Obscured Enhanced with conformance level AAA as a new addition. ,OPTION_A=CAND_003|OPTION_B=CAND_001|OPTION_C=CAND_002,3018,json_schema,1016,78,stop,"{
  ""abstain"": false,
  ""option_id"": ""OPTION_C"",
  ""reason"": ""The source document EXT_DOC_005_NEW ('What is New in WCAG 2.2') explicitly lists success criterion 2.4.12 Focus Not Obscured Enhanced with conformance level AAA as a new addition. ""}",,,,,,True,CAND_002,wcag22_added=2.4.12;level=AAA,True
external,EXT_E005,TEMPORAL_VERSION,1,20260820,OPTION_FORMAL_OPERATION,SELECTED,OPTION_C,CAND_002,wcag22_added=2.4.12;level=AAA,The source document EXT_DOC_005_NEW ('What is New in WCAG 2.2') explicitly lists success criterion 2.4.12 Focus Not Obscured Enhanced with conformance level AAA. Option C correctly,OPTION_A=CAND_003|OPTION_B=CAND_001|OPTION_C=CAND_002,3047,json_schema,1567,79,stop,"{
  ""abstain"": false,
  ""option_id"": ""OPTION_C"",
  ""reason"": ""The source document EXT_DOC_005_NEW ('What is New in WCAG 2.2') explicitly lists success criterion 2.4.12 Focus Not Obscured Enhanced with conformance level AAA. Option C correctly""
}",,,,,,True,CAND_002,wcag22_added=2.4.12;level=AAA,True
external,EXT_E005,TEMPORAL_VERSION,1,20260820,OPTION_FORMAL_POLICY,SELECTED,OPTION_C,CAND_002,wcag22_added=2.4.12;level=AAA,The formal_policy rule EXT_E005_NEW_PUBLIC_CHANGE has priority 300 and applies because public_change_present is true and selected_revision is 'new'. This rule explicitly allows the,OPTION_A=CAND_003|OPTION_B=CAND_001|OPTION_C=CAND_002,2670,json_schema,1890,69,stop,"{
  ""abstain"": false,
  ""option_id"": ""OPTION_C"",
  ""reason"": ""The formal_policy rule EXT_E005_NEW_PUBLIC_CHANGE has priority 300 and applies because public_change_present is true and selected_revision is 'new'. This rule explicitly allows the""
}",True,,,,,True,CAND_002,wcag22_added=2.4.12;level=AAA,True
external,EXT_E005,TEMPORAL_VERSION,1,20260820,OPTION_FORMAL_POLICY_HARD_GATE,SELECTED,OPTION_C,CAND_002,wcag22_added=2.4.12;level=AAA,deterministic gate selected EXT_E005_NEW_PUBLIC_CHANGE,OPTION_A=CAND_003|OPTION_B=CAND_001|OPTION_C=CAND_002,0,formal_policy_hard_gate,0,0,,,True,EXT_E005_NEW_PUBLIC_CHANGE,wcag22_added=2.4.12;level=AAA,1,DETERMINISTIC_SELECT,False,CAND_002,wcag22_added=2.4.12;level=AAA,True
external,EXT_E006,TEMPORAL_VERSION,1,20260820,DIRECT_FREE,SELECTED,OPTION_B,CAND_002,wcag22_added=2.4.13;level=AAA,The public evidence note explicitly states that the W3C WCAG 2.2 change page lists success criterion 2.4.13 Focus Appearance with conformance level AAA. This directly supports CAND,OPTION_A=CAND_003|OPTION_B=CAND_002|OPTION_C=CAND_001,3120,json_schema,880,85,stop,"{
  ""abstain"": false,
  ""value"": ""wcag22_added=2.4.13;level=AAA"",
  ""reason"": ""The public evidence note explicitly states that the W3C WCAG 2.2 change page lists success criterion 2.4.13 Focus Appearance with conformance level AAA. This directly supports CAND""
}",,,,,,True,CAND_002,wcag22_added=2.4.13;level=AAA,True
external,EXT_E006,TEMPORAL_VERSION,1,20260820,OPTION_VALUE_ONLY,SELECTED,OPTION_B,CAND_002,wcag22_added=2.4.13;level=AAA,The source document EXT_DOC_006_NEW (WCAG 2.2 change summary) explicitly lists success criterion 2.4.13 Focus Appearance with conformance level AAA. The public evidence note also ',OPTION_A=CAND_003|OPTION_B=CAND_002|OPTION_C=CAND_001,3113,json_schema,1008,75,stop,"{
  ""abstain"": false,
  ""option_id"": ""OPTION_B"",
  ""reason"": ""The source document EXT_DOC_006_NEW (WCAG 2.2 change summary) explicitly lists success criterion 2.4.13 Focus Appearance with conformance level AAA. The public evidence note also '""
}",,,,,,True,CAND_002,wcag22_added=2.4.13;level=AAA,True
external,EXT_E006,TEMPORAL_VERSION,1,20260820,OPTION_FORMAL_OPERATION,SELECTED,OPTION_B,CAND_002,wcag22_added=2.4.13;level=AAA,The source document EXT_DOC_006_NEW ('What is New in WCAG 2.2') explicitly lists success criterion 2.4.13 Focus Appearance with conformance level AAA. OPTION_B sets the new value ',OPTION_A=CAND_003|OPTION_B=CAND_002|OPTION_C=CAND_001,3235,json_schema,1559,79,stop,"{
  ""abstain"": false,
  ""option_id"": ""OPTION_B"",
  ""reason"": ""The source document EXT_DOC_006_NEW ('What is New in WCAG 2.2') explicitly lists success criterion 2.4.13 Focus Appearance with conformance level AAA. OPTION_B sets the new value '""

}",,,,,,True,CAND_002,wcag22_added=2.4.13;level=AAA,True
external,EXT_E006,TEMPORAL_VERSION,1,20260820,OPTION_FORMAL_POLICY,SELECTED,OPTION_B,CAND_002,wcag22_added=2.4.13;level=AAA,The formal_policy rule EXT_E006_NEW_PUBLIC_CHANGE has priority 300 and applies because public_change_present is true and selected_revision is 'new'. Its allowed_values strictly限定为',OPTION_A=CAND_003|OPTION_B=CAND_002|OPTION_C=CAND_001,2697,json_schema,1882,69,stop,"{
  ""abstain"": false,
  ""option_id"": ""OPTION_B"",
  ""reason"": ""The formal_policy rule EXT_E006_NEW_PUBLIC_CHANGE has priority 300 and applies because public_change_present is true and selected_revision is 'new'. Its allowed_values strictly限定为'""}",True,,,,,True,CAND_002,wcag22_added=2.4.13;level=AAA,True
external,EXT_E006,TEMPORAL_VERSION,1,20260820,OPTION_FORMAL_POLICY_HARD_GATE,SELECTED,OPTION_B,CAND_002,wcag22_added=2.4.13;level=AAA,deterministic gate selected EXT_E006_NEW_PUBLIC_CHANGE,OPTION_A=CAND_003|OPTION_B=CAND_002|OPTION_C=CAND_001,0,formal_policy_hard_gate,0,0,,,True,EXT_E006_NEW_PUBLIC_CHANGE,wcag22_added=2.4.13;level=AAA,1,DETERMINISTIC_SELECT,False,CAND_002,wcag22_added=2.4.13;level=AAA,True
external,EXT_E007,TEMPORAL_VERSION,1,20260820,DIRECT_FREE,SELECTED,OPTION_C,CAND_002,wcag22_added=2.5.7;level=AA,Document EXT_DOC_007_NEW (WCAG 2.2 change summary) published on 2023-10-05 explicitly lists success criterion 2.5.7 Dragging Movements with conformance level AA as a new addition. ,OPTION_A=CAND_001|OPTION_B=CAND_003|OPTION_C=CAND_002,3460,json_schema,878,98,stop,"{
  ""abstain"": false,
  ""value"": ""wcag22_added=2.5.7;level=AA"",
  ""reason"": ""Document EXT_DOC_007_NEW (WCAG 2.2 change summary) published on 2023-10-05 explicitly lists success criterion 2.5.7 Dragging Movements with conformance level AA as a new addition. ""
}",,,,,,True,CAND_002,wcag22_added=2.5.7;level=AA,True
external,EXT_E007,TEMPORAL_VERSION,1,20260820,OPTION_VALUE_ONLY,SELECTED,OPTION_C,CAND_002,wcag22_added=2.5.7;level=AA,"The source document EXT_DOC_007_NEW ('What is New in WCAG 2.2', effective 2023-10-05) explicitly lists success criterion 2.5.7 Dragging Movements as a new addition to WCAG 2.2 with",OPTION_A=CAND_001|OPTION_B=CAND_003|OPTION_C=CAND_002,3459,json_schema,1004,92,stop,"{
  ""abstain"": false,
  ""option_id"": ""OPTION_C"",
  ""reason"": ""The source document EXT_DOC_007_NEW ('What is New in WCAG 2.2', effective 2023-10-05) explicitly lists success criterion 2.5.7 Dragging Movements as a new addition to WCAG 2.2 with""
}",,,,,,True,CAND_002,wcag22_added=2.5.7;level=AA,True
external,EXT_E007,TEMPORAL_VERSION,1,20260820,OPTION_FORMAL_OPERATION,SELECTED,OPTION_C,CAND_002,wcag22_added=2.5.7;level=AA,The source document EXT_DOC_007_NEW (WCAG 2.2 change summary) explicitly lists success criterion 2.5.7 Dragging Movements with conformance level AA. OPTION_C correctly updates the ,OPTION_A=CAND_001|OPTION_B=CAND_003|OPTION_C=CAND_002,3011,json_schema,1552,75,stop,"{
  ""abstain"": false,
  ""option_id"": ""OPTION_C"",
  ""reason"": ""The source document EXT_DOC_007_NEW (WCAG 2.2 change summary) explicitly lists success criterion 2.5.7 Dragging Movements with conformance level AA. OPTION_C correctly updates the ""}",,,,,,True,CAND_002,wcag22_added=2.5.7;level=AA,True
external,EXT_E007,TEMPORAL_VERSION,1,20260820,OPTION_FORMAL_POLICY,SELECTED,OPTION_C,CAND_002,wcag22_added=2.5.7;level=AA,"The formal_policy rule EXT_E007_NEW_PUBLIC_CHANGE matches the facts (public_change_present=true, selected_revision=new) with priority 300. Its allowed_values list contains only 'wc",OPTION_A=CAND_001|OPTION_B=CAND_003|OPTION_C=CAND_002,2762,json_schema,1873,71,stop,"{
  ""abstain"": false,
  ""option_id"": ""OPTION_C"",
  ""reason"": ""The formal_policy rule EXT_E007_NEW_PUBLIC_CHANGE matches the facts (public_change_present=true, selected_revision=new) with priority 300. Its allowed_values list contains only 'wc""
}",True,,,,,True,CAND_002,wcag22_added=2.5.7;level=AA,True
external,EXT_E007,TEMPORAL_VERSION,1,20260820,OPTION_FORMAL_POLICY_HARD_GATE,SELECTED,OPTION_C,CAND_002,wcag22_added=2.5.7;level=AA,deterministic gate selected EXT_E007_NEW_PUBLIC_CHANGE,OPTION_A=CAND_001|OPTION_B=CAND_003|OPTION_C=CAND_002,0,formal_policy_hard_gate,0,0,,,True,EXT_E007_NEW_PUBLIC_CHANGE,wcag22_added=2.5.7;level=AA,1,DETERMINISTIC_SELECT,False,CAND_002,wcag22_added=2.5.7;level=AA,True
external,EXT_E008,TEMPORAL_VERSION,1,20260820,DIRECT_FREE,SELECTED,OPTION_C,CAND_002,wcag22_added=2.5.8;level=AA,"The document EXT_DOC_008_NEW (What is New in WCAG 2.2), effective from 2023-10-05, explicitly lists success criterion 2.5.8 Target Size Minimum as a new addition at conformance AA.",OPTION_A=CAND_001|OPTION_B=CAND_003|OPTION_C=CAND_002,3591,json_schema,876,98,stop,"{
  ""abstain"": false,
  ""value"": ""wcag22_added=2.5.8;level=AA"",
  ""reason"": ""The document EXT_DOC_008_NEW (What is New in WCAG 2.2), effective from 2023-10-05, explicitly lists success criterion 2.5.8 Target Size Minimum as a new addition at conformance AA.""}",,,,,,True,CAND_002,wcag22_added=2.5.8;level=AA,True
external,EXT_E008,TEMPORAL_VERSION,1,20260820,OPTION_VALUE_ONLY,SELECTED,OPTION_C,CAND_002,wcag22_added=2.5.8;level=AA,The source document EXT_DOC_008_NEW (WCAG 2.2 change summary) explicitly lists success criterion 2.5.8 Target Size Minimum with conformance level AA. This matches candidate value ',OPTION_A=CAND_001|OPTION_B=CAND_003|OPTION_C=CAND_002,3073,json_schema,1002,73,stop,"{
  ""abstain"": false,
  ""option_id"": ""OPTION_C"",
  ""reason"": ""The source document EXT_DOC_008_NEW (WCAG 2.2 change summary) explicitly lists success criterion 2.5.8 Target Size Minimum with conformance level AA. This matches candidate value '""}",,,,,,True,CAND_002,wcag22_added=2.5.8;level=AA,True
external,EXT_E008,TEMPORAL_VERSION,1,20260820,OPTION_FORMAL_OPERATION,SELECTED,OPTION_C,CAND_002,wcag22_added=2.5.8;level=AA,Document EXT_DOC_008_NEW (WCAG 2.2 change summary) explicitly lists success criterion 2.5.8 with conformance level AA. OPTION_C correctly updates the status to 'wcag22_added=2.5.8;,OPTION_A=CAND_001|OPTION_B=CAND_003|OPTION_C=CAND_002,3333,json_schema,1550,85,stop,"{
  ""abstain"": false,
  ""option_id"": ""OPTION_C"",
  ""reason"": ""Document EXT_DOC_008_NEW (WCAG 2.2 change summary) explicitly lists success criterion 2.5.8 with conformance level AA. OPTION_C correctly updates the status to 'wcag22_added=2.5.8;""
}",,,,,,True,CAND_002,wcag22_added=2.5.8;level=AA,True
external,EXT_E008,TEMPORAL_VERSION,1,20260820,OPTION_FORMAL_POLICY,SELECTED,OPTION_C,CAND_002,wcag22_added=2.5.8;level=AA,The formal_policy rule EXT_E008_NEW_PUBLIC_CHANGE has priority 300 and applies when selected_revision is 'new'. Its allowed_values strictly contain only 'wcag22_added=2.5.8;level=2,OPTION_A=CAND_001|OPTION_B=CAND_003|OPTION_C=CAND_002,3254,json_schema,1871,80,stop,"{
  ""abstain"": false,
  ""option_id"": ""OPTION_C"",
  ""reason"": ""The formal_policy rule EXT_E008_NEW_PUBLIC_CHANGE has priority 300 and applies when selected_revision is 'new'. Its allowed_values strictly contain only 'wcag22_added=2.5.8;level=2""
}",True,,,,,True,CAND_002,wcag22_added=2.5.8;level=AA,True
external,EXT_E008,TEMPORAL_VERSION,1,20260820,OPTION_FORMAL_POLICY_HARD_GATE,SELECTED,OPTION_C,CAND_002,wcag22_added=2.5.8;level=AA,deterministic gate selected EXT_E008_NEW_PUBLIC_CHANGE,OPTION_A=CAND_001|OPTION_B=CAND_003|OPTION_C=CAND_002,0,formal_policy_hard_gate,0,0,,,True,EXT_E008_NEW_PUBLIC_CHANGE,wcag22_added=2.5.8;level=AA,1,DETERMINISTIC_SELECT,False,CAND_002,wcag22_added=2.5.8;level=AA,True
external,EXT_E009,TEMPORAL_VERSION,1,20260820,DIRECT_FREE,SELECTED,OPTION_A,CAND_002,wcag22_added=3.2.6;level=A,The public evidence note explicitly states that the W3C WCAG 2.2 change page lists success criterion 3.2.6 with conformance level A. This directly supports CAND_002 over CAND_001 (,OPTION_A=CAND_002|OPTION_B=CAND_001|OPTION_C=CAND_003,3266,json_schema,875,89,stop,"{
  ""abstain"": false,
  ""value"": ""wcag22_added=3.2.6;level=A"",
  ""reason"": ""The public evidence note explicitly states that the W3C WCAG 2.2 change page lists success criterion 3.2.6 with conformance level A. This directly supports CAND_002 over CAND_001 (""}",,,,,,True,CAND_002,wcag22_added=3.2.6;level=A,True
external,EXT_E009,TEMPORAL_VERSION,1,20260820,OPTION_VALUE_ONLY,SELECTED,OPTION_A,CAND_002,wcag22_added=3.2.6;level=A,The source document EXT_DOC_009_NEW (WCAG 2.2 change summary) explicitly lists success criterion 3.2.6 Consistent Help with conformance level A as a new addition in WCAG 2.2. The E,OPTION_A=CAND_002|OPTION_B=CAND_001|OPTION_C=CAND_003,3349,json_schema,1000,83,stop,"{
  ""abstain"": false,
  ""option_id"": ""OPTION_A"",
  ""reason"": ""The source document EXT_DOC_009_NEW (WCAG 2.2 change summary) explicitly lists success criterion 3.2.6 Consistent Help with conformance level A as a new addition in WCAG 2.2. The E""
}",,,,,,True,CAND_002,wcag22_added=3.2.6;level=A,True
external,EXT_E009,TEMPORAL_VERSION,1,20260820,OPTION_FORMAL_OPERATION,SELECTED,OPTION_A,CAND_002,wcag22_added=3.2.6;level=A,Document EXT_DOC_009_NEW (WCAG 2.2 change summary) explicitly lists success criterion 3.2.6 Consistent Help with conformance level A as a new addition in WCAG 2.2. This contradicts,OPTION_A=CAND_002|OPTION_B=CAND_001|OPTION_C=CAND_003,3369,json_schema,1548,82,stop,"{
  ""abstain"": false,
  ""option_id"": ""OPTION_A"",
  ""reason"": ""Document EXT_DOC_009_NEW (WCAG 2.2 change summary) explicitly lists success criterion 3.2.6 Consistent Help with conformance level A as a new addition in WCAG 2.2. This contradicts""
}",,,,,,True,CAND_002,wcag22_added=3.2.6;level=A,True
external,EXT_E009,TEMPORAL_VERSION,1,20260820,OPTION_FORMAL_POLICY,SELECTED,OPTION_A,CAND_002,wcag22_added=3.2.6;level=A,The formal_policy rule EXT_E009_NEW_PUBLIC_CHANGE applies because public_change_present is true and selected_revision is 'new'. This rule explicitly allows only the value 'wcag22_3,OPTION_A=CAND_002|OPTION_B=CAND_001|OPTION_C=CAND_003,2952,json_schema,1868,71,stop,"{
  ""abstain"": false,
  ""option_id"": ""OPTION_A"",
  ""reason"": ""The formal_policy rule EXT_E009_NEW_PUBLIC_CHANGE applies because public_change_present is true and selected_revision is 'new'. This rule explicitly allows only the value 'wcag22_3""
}",True,,,,,True,CAND_002,wcag22_added=3.2.6;level=A,True
external,EXT_E009,TEMPORAL_VERSION,1,20260820,OPTION_FORMAL_POLICY_HARD_GATE,SELECTED,OPTION_A,CAND_002,wcag22_added=3.2.6;level=A,deterministic gate selected EXT_E009_NEW_PUBLIC_CHANGE,OPTION_A=CAND_002|OPTION_B=CAND_001|OPTION_C=CAND_003,0,formal_policy_hard_gate,0,0,,,True,EXT_E009_NEW_PUBLIC_CHANGE,wcag22_added=3.2.6;level=A,1,DETERMINISTIC_SELECT,False,CAND_002,wcag22_added=3.2.6;level=A,True
external,EXT_E010,TEMPORAL_VERSION,1,20260820,DIRECT_FREE,SELECTED,OPTION_C,CAND_002,wcag22_added=3.3.7;level=A,The source document EXT_DOC_010_NEW (WCAG 2.2 change summary) explicitly lists success criterion 3.3.7 Redundant Entry with conformance level A as a new addition in WCAG 2.2. This ,OPTION_A=CAND_001|OPTION_B=CAND_003|OPTION_C=CAND_002,3364,json_schema,877,93,stop,"{
  ""abstain"": false,
  ""value"": ""wcag22_added=3.3.7;level=A"",
  ""reason"": ""The source document EXT_DOC_010_NEW (WCAG 2.2 change summary) explicitly lists success criterion 3.3.7 Redundant Entry with conformance level A as a new addition in WCAG 2.2. This ""}",,,,,,True,CAND_002,wcag22_added=3.3.7;level=A,True
external,EXT_E010,TEMPORAL_VERSION,1,20260820,OPTION_VALUE_ONLY,SELECTED,OPTION_C,CAND_002,wcag22_added=3.3.7;level=A,The source document EXT_DOC_010_NEW (WCAG 2.2 change summary) explicitly lists success criterion 3.3.7 Redundant Entry with conformance level A. This directly supports OPTION_C. WC,OPTION_A=CAND_001|OPTION_B=CAND_003|OPTION_C=CAND_002,3257,json_schema,1002,78,stop,"{
  ""abstain"": false,
  ""option_id"": ""OPTION_C"",
  ""reason"": ""The source document EXT_DOC_010_NEW (WCAG 2.2 change summary) explicitly lists success criterion 3.3.7 Redundant Entry with conformance level A. This directly supports OPTION_C. WC""
}",,,,,,True,CAND_002,wcag22_added=3.3.7;level=A,True
external,EXT_E010,TEMPORAL_VERSION,1,20260820,OPTION_FORMAL_OPERATION,SELECTED,OPTION_C,CAND_002,wcag22_added=3.3.7;level=A,The source document EXT_DOC_010_NEW ('What is New in WCAG 2.2') explicitly lists success criterion 3.3.7 Redundant Entry with conformance level A as a new addition in WCAG 2.2. The,OPTION_A=CAND_001|OPTION_B=CAND_003|OPTION_C=CAND_002,3377,json_schema,1550,83,stop,"{
  ""abstain"": false,
  ""option_id"": ""OPTION_C"",
  ""reason"": ""The source document EXT_DOC_010_NEW ('What is New in WCAG 2.2') explicitly lists success criterion 3.3.7 Redundant Entry with conformance level A as a new addition in WCAG 2.2. The""}",,,,,,True,CAND_002,wcag22_added=3.3.7;level=A,True
external,EXT_E010,TEMPORAL_VERSION,1,20260820,OPTION_FORMAL_POLICY,SELECTED,OPTION_C,CAND_002,wcag22_added=3.3.7;level=A,The formal_policy rule EXT_E010_NEW_PUBLIC_CHANGE has priority 300 and applies when selected_revision is 'new'. It explicitly allows only 'wcag22_added=3.3.7;level=A'. The source_e,OPTION_A=CAND_001|OPTION_B=CAND_003|OPTION_C=CAND_002,3171,json_schema,1870,81,stop,"{
  ""abstain"": false,
  ""option_id"": ""OPTION_C"",
  ""reason"": ""The formal_policy rule EXT_E010_NEW_PUBLIC_CHANGE has priority 300 and applies when selected_revision is 'new'. It explicitly allows only 'wcag22_added=3.3.7;level=A'. The source_e""
}",True,,,,,True,CAND_002,wcag22_added=3.3.7;level=A,True
external,EXT_E010,TEMPORAL_VERSION,1,20260820,OPTION_FORMAL_POLICY_HARD_GATE,SELECTED,OPTION_C,CAND_002,wcag22_added=3.3.7;level=A,deterministic gate selected EXT_E010_NEW_PUBLIC_CHANGE,OPTION_A=CAND_001|OPTION_B=CAND_003|OPTION_C=CAND_002,0,formal_policy_hard_gate,0,0,,,True,EXT_E010_NEW_PUBLIC_CHANGE,wcag22_added=3.3.7;level=A,1,DETERMINISTIC_SELECT,False,CAND_002,wcag22_added=3.3.7;level=A,True
external,EXT_E011,TEMPORAL_VERSION,1,20260820,DIRECT_FREE,SELECTED,OPTION_A,CAND_002,wcag22_added=3.3.8;level=AA,EXT_DOC_011_NEW (WCAG 2.2 change summary) explicitly lists 3.3.8 Accessible Authentication Minimum as a new criterion with conformance level AA. EXT_DOC_011_OLD (WCAG 2.1) does not,OPTION_A=CAND_002|OPTION_B=CAND_003|OPTION_C=CAND_001,3633,json_schema,878,99,stop,"{
  ""abstain"": false,
  ""value"": ""wcag22_added=3.3.8;level=AA"",
  ""reason"": ""EXT_DOC_011_NEW (WCAG 2.2 change summary) explicitly lists 3.3.8 Accessible Authentication Minimum as a new criterion with conformance level AA. EXT_DOC_011_OLD (WCAG 2.1) does not""
}",,,,,,True,CAND_002,wcag22_added=3.3.8;level=AA,True
external,EXT_E011,TEMPORAL_VERSION,1,20260820,OPTION_VALUE_ONLY,SELECTED,OPTION_A,CAND_002,wcag22_added=3.3.8;level=AA,The source document EXT_DOC_011_NEW (WCAG 2.2 change summary) explicitly lists success criterion 3.3.8 Accessible Authentication Minimum with conformance level AA as a new addition,OPTION_A=CAND_002|OPTION_B=CAND_003|OPTION_C=CAND_001,3007,json_schema,1004,73,stop,"{
  ""abstain"": false,
  ""option_id"": ""OPTION_A"",
  ""reason"": ""The source document EXT_DOC_011_NEW (WCAG 2.2 change summary) explicitly lists success criterion 3.3.8 Accessible Authentication Minimum with conformance level AA as a new addition""
}",,,,,,True,CAND_002,wcag22_added=3.3.8;level=AA,True
external,EXT_E011,TEMPORAL_VERSION,1,20260820,OPTION_FORMAL_OPERATION,SELECTED,OPTION_A,CAND_002,wcag22_added=3.3.8;level=AA,Document EXT_DOC_011_NEW (WCAG 2.2 change summary) explicitly lists success criterion 3.3.8 with conformance level AA. Option A correctly updates the status to 'wcag22_added=3.3.8;,OPTION_A=CAND_002|OPTION_B=CAND_003|OPTION_C=CAND_001,3391,json_schema,1552,85,stop,"{
  ""abstain"": false,
  ""option_id"": ""OPTION_A"",
  ""reason"": ""Document EXT_DOC_011_NEW (WCAG 2.2 change summary) explicitly lists success criterion 3.3.8 with conformance level AA. Option A correctly updates the status to 'wcag22_added=3.3.8;""
}",,,,,,True,CAND_002,wcag22_added=3.3.8;level=AA,True
external,EXT_E011,TEMPORAL_VERSION,1,20260820,OPTION_FORMAL_POLICY,SELECTED,OPTION_A,CAND_002,wcag22_added=3.3.8;level=AA,The formal_policy rule EXT_E011_NEW_PUBLIC_CHANGE applies because public_change_present is true and selected_revision is 'new'. This rule explicitly allows only the value 'wcag22_3,OPTION_A=CAND_002|OPTION_B=CAND_003|OPTION_C=CAND_001,3124,json_schema,1873,71,stop,"{
  ""abstain"": false,
  ""option_id"": ""OPTION_A"",
  ""reason"": ""The formal_policy rule EXT_E011_NEW_PUBLIC_CHANGE applies because public_change_present is true and selected_revision is 'new'. This rule explicitly allows only the value 'wcag22_3""
}",True,,,,,True,CAND_002,wcag22_added=3.3.8;level=AA,True
external,EXT_E011,TEMPORAL_VERSION,1,20260820,OPTION_FORMAL_POLICY_HARD_GATE,SELECTED,OPTION_A,CAND_002,wcag22_added=3.3.8;level=AA,deterministic gate selected EXT_E011_NEW_PUBLIC_CHANGE,OPTION_A=CAND_002|OPTION_B=CAND_003|OPTION_C=CAND_001,0,formal_policy_hard_gate,0,0,,,True,EXT_E011_NEW_PUBLIC_CHANGE,wcag22_added=3.3.8;level=AA,1,DETERMINISTIC_SELECT,False,CAND_002,wcag22_added=3.3.8;level=AA,True
external,EXT_E012,TEMPORAL_VERSION,1,20260820,DIRECT_FREE,SELECTED,OPTION_A,CAND_002,wcag22_added=3.3.9;level=AAA,The document EXT_DOC_012_NEW (WCAG 2.2 change summary) explicitly lists success criterion 3.3.9 Accessible Authentication Enhanced with conformance level AAA as a new addition. The,OPTION_A=CAND_002|OPTION_B=CAND_001|OPTION_C=CAND_003,3427,json_schema,878,85,stop,"{
  ""abstain"": false,
  ""value"": ""wcag22_added=3.3.9;level=AAA"",
  ""reason"": ""The document EXT_DOC_012_NEW (WCAG 2.2 change summary) explicitly lists success criterion 3.3.9 Accessible Authentication Enhanced with conformance level AAA as a new addition. The""}",,,,,,True,CAND_002,wcag22_added=3.3.9;level=AAA,True
external,EXT_E012,TEMPORAL_VERSION,1,20260820,OPTION_VALUE_ONLY,SELECTED,OPTION_A,CAND_002,wcag22_added=3.3.9;level=AAA,Document EXT_DOC_012_NEW (WCAG 2.2 change summary) published on 2023-10-05 explicitly lists success criterion 3.3.9 Accessible Authentication Enhanced with conformance level AAA as,OPTION_A=CAND_002|OPTION_B=CAND_001|OPTION_C=CAND_003,3175,json_schema,1004,82,stop,"{
  ""abstain"": false,
  ""option_id"": ""OPTION_A"",
  ""reason"": ""Document EXT_DOC_012_NEW (WCAG 2.2 change summary) published on 2023-10-05 explicitly lists success criterion 3.3.9 Accessible Authentication Enhanced with conformance level AAA as""
}",,,,,,True,CAND_002,wcag22_added=3.3.9;level=AAA,True
external,EXT_E012,TEMPORAL_VERSION,1,20260820,OPTION_FORMAL_OPERATION,SELECTED,OPTION_A,CAND_002,wcag22_added=3.3.9;level=AAA,The source document EXT_DOC_012_NEW ('What is New in WCAG 2.2') explicitly lists success criterion 3.3.9 Accessible Authentication Enhanced with conformance level AAA. This contrad,OPTION_A=CAND_002|OPTION_B=CAND_001|OPTION_C=CAND_003,2928,json_schema,1552,73,stop,"{
  ""abstain"": false,
  ""option_id"": ""OPTION_A"",
  ""reason"": ""The source document EXT_DOC_012_NEW ('What is New in WCAG 2.2') explicitly lists success criterion 3.3.9 Accessible Authentication Enhanced with conformance level AAA. This contrad""}",,,,,,True,CAND_002,wcag22_added=3.3.9;level=AAA,True
external,EXT_E012,TEMPORAL_VERSION,1,20260820,OPTION_FORMAL_POLICY,SELECTED,OPTION_A,CAND_002,wcag22_added=3.3.9;level=AAA,"The formal_policy rule EXT_E012_NEW_PUBLIC_CHANGE has priority 300 and matches the facts (public_change_present=true, selected_revision=new). Its allowed_values list contains only ",OPTION_A=CAND_002|OPTION_B=CAND_001|OPTION_C=CAND_003,2965,json_schema,1873,70,stop,"{
  ""abstain"": false,
  ""option_id"": ""OPTION_A"",
  ""reason"": ""The formal_policy rule EXT_E012_NEW_PUBLIC_CHANGE has priority 300 and matches the facts (public_change_present=true, selected_revision=new). Its allowed_values list contains only ""

  }",True,,,,,True,CAND_002,wcag22_added=3.3.9;level=AAA,True
external,EXT_E012,TEMPORAL_VERSION,1,20260820,OPTION_FORMAL_POLICY_HARD_GATE,SELECTED,OPTION_A,CAND_002,wcag22_added=3.3.9;level=AAA,deterministic gate selected EXT_E012_NEW_PUBLIC_CHANGE,OPTION_A=CAND_002|OPTION_B=CAND_001|OPTION_C=CAND_003,0,formal_policy_hard_gate,0,0,,,True,EXT_E012_NEW_PUBLIC_CHANGE,wcag22_added=3.3.9;level=AAA,1,DETERMINISTIC_SELECT,False,CAND_002,wcag22_added=3.3.9;level=AAA,True
external,EXT_E013,CROSS_SENTENCE_SCOPE,1,20260820,DIRECT_FREE,SELECTED,OPTION_C,CAND_002,wcag21_cross_scope=1.3.4;level=AA,EXT_DOC_013_NEW (effective 2018-06-05) supersedes EXT_DOC_013_OLD regarding WCAG 2.1 additions. The evidence note explicitly states that the new criteria list includes '1.3.4 at AA,OPTION_A=CAND_001|OPTION_B=CAND_003|OPTION_C=CAND_002,3898,json_schema,880,103,stop,"{
  ""abstain"": false,
  ""value"": ""wcag21_cross_scope=1.3.4;level=AA"",
  ""reason"": ""EXT_DOC_013_NEW (effective 2018-06-05) supersedes EXT_DOC_013_OLD regarding WCAG 2.1 additions. The evidence note explicitly states that the new criteria list includes '1.3.4 at AA""
}",,,,,,True,CAND_002,wcag21_cross_scope=1.3.4;level=AA,True
external,EXT_E013,CROSS_SENTENCE_SCOPE,1,20260820,OPTION_VALUE_ONLY,SELECTED,OPTION_C,CAND_002,wcag21_cross_scope=1.3.4;level=AA,The source document EXT_DOC_013_NEW (WCAG 2.1 change summary) explicitly lists the addition of success criterion 1.3.4 Orientation at conformance level AA. The target requires a WC,OPTION_A=CAND_001|OPTION_B=CAND_003|OPTION_C=CAND_002,3131,json_schema,1008,75,stop,"{
  ""abstain"": false,
  ""option_id"": ""OPTION_C"",
  ""reason"": ""The source document EXT_DOC_013_NEW (WCAG 2.1 change summary) explicitly lists the addition of success criterion 1.3.4 Orientation at conformance level AA. The target requires a WC""
}",,,,,,True,CAND_002,wcag21_cross_scope=1.3.4;level=AA,True
external,EXT_E013,CROSS_SENTENCE_SCOPE,1,20260820,OPTION_FORMAL_OPERATION,SELECTED,OPTION_C,CAND_002,wcag21_cross_scope=1.3.4;level=AA,Document EXT_DOC_013_NEW (effective 2018-06-05) explicitly lists '1.3.4 Orientation' as a new addition at conformance level AA. OPTION_C correctly updates the scope to reflect this,OPTION_A=CAND_001|OPTION_B=CAND_003|OPTION_C=CAND_002,3204,json_schema,1556,82,stop,"{
  ""abstain"": false,
  ""option_id"": ""OPTION_C"",
  ""reason"": ""Document EXT_DOC_013_NEW (effective 2018-06-05) explicitly lists '1.3.4 Orientation' as a new addition at conformance level AA. OPTION_C correctly updates the scope to reflect this""
}",,,,,,True,CAND_002,wcag21_cross_scope=1.3.4;level=AA,True
external,EXT_E013,CROSS_SENTENCE_SCOPE,1,20260820,OPTION_FORMAL_POLICY,SELECTED,OPTION_C,CAND_002,wcag21_cross_scope=1.3.4;level=AA,The formal_policy rule EXT_E013_NEW_PUBLIC_CHANGE applies because public_change_present is true and selected_revision is 'new'. This rule explicitly allows only 'wcag21_cross_scope,OPTION_A=CAND_001|OPTION_B=CAND_003|OPTION_C=CAND_002,2564,json_schema,1878,69,stop,"{
  ""abstain"": false,
  ""option_id"": ""OPTION_C"",
  ""reason"": ""The formal_policy rule EXT_E013_NEW_PUBLIC_CHANGE applies because public_change_present is true and selected_revision is 'new'. This rule explicitly allows only 'wcag21_cross_scope""
}",True,,,,,True,CAND_002,wcag21_cross_scope=1.3.4;level=AA,True
external,EXT_E013,CROSS_SENTENCE_SCOPE,1,20260820,OPTION_FORMAL_POLICY_HARD_GATE,SELECTED,OPTION_C,CAND_002,wcag21_cross_scope=1.3.4;level=AA,deterministic gate selected EXT_E013_NEW_PUBLIC_CHANGE,OPTION_A=CAND_001|OPTION_B=CAND_003|OPTION_C=CAND_002,0,formal_policy_hard_gate,0,0,,,True,EXT_E013_NEW_PUBLIC_CHANGE,wcag21_cross_scope=1.3.4;level=AA,1,DETERMINISTIC_SELECT,False,CAND_002,wcag21_cross_scope=1.3.4;level=AA,True
external,EXT_E014,CROSS_SENTENCE_SCOPE,1,20260820,DIRECT_FREE,SELECTED,OPTION_C,CAND_002,wcag21_cross_scope=1.3.5;level=AA,EXT_DOC_014_NEW (effective 2018-06-05) supersedes EXT_DOC_014_OLD for WCAG 2.1 additions. The evidence note explicitly states that the new criteria list includes '1.3.5 Identify at,OPTION_A=CAND_001|OPTION_B=CAND_003|OPTION_C=CAND_002,3460,json_schema,884,103,stop,"{
  ""abstain"": false,
  ""value"": ""wcag21_cross_scope=1.3.5;level=AA"",
  ""reason"": ""EXT_DOC_014_NEW (effective 2018-06-05) supersedes EXT_DOC_014_OLD for WCAG 2.1 additions. The evidence note explicitly states that the new criteria list includes '1.3.5 Identify at""
}",,,,,,True,CAND_002,wcag21_cross_scope=1.3.5;level=AA,True
external,EXT_E014,CROSS_SENTENCE_SCOPE,1,20260820,OPTION_VALUE_ONLY,SELECTED,OPTION_C,CAND_002,wcag21_cross_scope=1.3.5;level=AA,The source document EXT_DOC_014_NEW (effective from 2018-06-05) explicitly lists the addition of success criterion 1.3.5 Identify Input Purpose at conformance level AA. The target ,OPTION_A=CAND_001|OPTION_B=CAND_003|OPTION_C=CAND_002,2868,json_schema,1012,78,stop,"{
  ""abstain"": false,
  ""option_id"": ""OPTION_C"",
  ""reason"": ""The source document EXT_DOC_014_NEW (effective from 2018-06-05) explicitly lists the addition of success criterion 1.3.5 Identify Input Purpose at conformance level AA. The target ""}",,,,,,True,CAND_002,wcag21_cross_scope=1.3.5;level=AA,True
external,EXT_E014,CROSS_SENTENCE_SCOPE,1,20260820,OPTION_FORMAL_OPERATION,SELECTED,OPTION_C,CAND_002,wcag21_cross_scope=1.3.5;level=AA,The source document EXT_DOC_014_NEW ('What is New in WCAG 2.1') explicitly lists success criterion 1.3.5 Identify Input Purpose at conformance level AA as a new addition to WCAG 2.,OPTION_A=CAND_001|OPTION_B=CAND_003|OPTION_C=CAND_002,3109,json_schema,1560,79,stop,"{
  ""abstain"": false,
  ""option_id"": ""OPTION_C"",
  ""reason"": ""The source document EXT_DOC_014_NEW ('What is New in WCAG 2.1') explicitly lists success criterion 1.3.5 Identify Input Purpose at conformance level AA as a new addition to WCAG 2.""}",,,,,,True,CAND_002,wcag21_cross_scope=1.3.5;level=AA,True
external,EXT_E014,CROSS_SENTENCE_SCOPE,1,20260820,OPTION_FORMAL_POLICY,SELECTED,OPTION_C,CAND_002,wcag21_cross_scope=1.3.5;level=AA,The formal_policy rule EXT_E014_NEW_PUBLIC_CHANGE has priority 300 and applies when public_change_present is true and selected_revision is 'new'. Its allowed_values strictly define,OPTION_A=CAND_001|OPTION_B=CAND_003|OPTION_C=CAND_002,2872,json_schema,1882,69,stop,"{
  ""abstain"": false,
  ""option_id"": ""OPTION_C"",
  ""reason"": ""The formal_policy rule EXT_E014_NEW_PUBLIC_CHANGE has priority 300 and applies when public_change_present is true and selected_revision is 'new'. Its allowed_values strictly define""
}",True,,,,,True,CAND_002,wcag21_cross_scope=1.3.5;level=AA,True
external,EXT_E014,CROSS_SENTENCE_SCOPE,1,20260820,OPTION_FORMAL_POLICY_HARD_GATE,SELECTED,OPTION_C,CAND_002,wcag21_cross_scope=1.3.5;level=AA,deterministic gate selected EXT_E014_NEW_PUBLIC_CHANGE,OPTION_A=CAND_001|OPTION_B=CAND_003|OPTION_C=CAND_002,0,formal_policy_hard_gate,0,0,,,True,EXT_E014_NEW_PUBLIC_CHANGE,wcag21_cross_scope=1.3.5;level=AA,1,DETERMINISTIC_SELECT,False,CAND_002,wcag21_cross_scope=1.3.5;level=AA,True
external,EXT_E015,CROSS_SENTENCE_SCOPE,1,20260820,DIRECT_FREE,SELECTED,OPTION_A,CAND_002,wcag21_cross_scope=1.3.6;level=AAA,The source document EXT_DOC_015_NEW (effective from 2018-06-05) explicitly lists '1.3.6 Identify Purpose' as a new addition at level AAA. The previous standard (EXT_DOC_015_OLD) is,OPTION_A=CAND_002|OPTION_B=CAND_001|OPTION_C=CAND_003,3918,json_schema,882,101,stop,"{
  ""abstain"": false,
  ""value"": ""wcag21_cross_scope=1.3.6;level=AAA"",
  ""reason"": ""The source document EXT_DOC_015_NEW (effective from 2018-06-05) explicitly lists '1.3.6 Identify Purpose' as a new addition at level AAA. The previous standard (EXT_DOC_015_OLD) is""
}",,,,,,True,CAND_002,wcag21_cross_scope=1.3.6;level=AAA,True
external,EXT_E015,CROSS_SENTENCE_SCOPE,1,20260820,OPTION_VALUE_ONLY,SELECTED,OPTION_A,CAND_002,wcag21_cross_scope=1.3.6;level=AAA,"The document EXT_DOC_015_NEW (WCAG 2.1 change summary) published on 2018-06-05 explicitly lists '1.3.6 Identify Purpose' as a new addition at level AAA. This supersedes the status,",OPTION_A=CAND_002|OPTION_B=CAND_001|OPTION_C=CAND_003,3365,json_schema,1010,88,stop,"{
  ""abstain"": false,
  ""option_id"": ""OPTION_A"",
  ""reason"": ""The document EXT_DOC_015_NEW (WCAG 2.1 change summary) published on 2018-06-05 explicitly lists '1.3.6 Identify Purpose' as a new addition at level AAA. This supersedes the status,""
}",,,,,,True,CAND_002,wcag21_cross_scope=1.3.6;level=AAA,True
external,EXT_E015,CROSS_SENTENCE_SCOPE,1,20260820,OPTION_FORMAL_OPERATION,SELECTED,OPTION_A,CAND_002,wcag21_cross_scope=1.3.6;level=AAA,Document EXT_DOC_015_NEW (effective from 2018-06-05) supersedes EXT_DOC_015_OLD. It explicitly lists WCAG 2.1 addition 1.3.6 Identify Purpose at level AAA. The evidence supports C2,OPTION_A=CAND_002|OPTION_B=CAND_001|OPTION_C=CAND_003,3706,json_schema,1558,92,stop,"{
  ""abstain"": false,
  ""option_id"": ""OPTION_A"",
  ""reason"": ""Document EXT_DOC_015_NEW (effective from 2018-06-05) supersedes EXT_DOC_015_OLD. It explicitly lists WCAG 2.1 addition 1.3.6 Identify Purpose at level AAA. The evidence supports C2""
}",,,,,,True,CAND_002,wcag21_cross_scope=1.3.6;level=AAA,True
external,EXT_E015,CROSS_SENTENCE_SCOPE,1,20260820,OPTION_FORMAL_POLICY,SELECTED,OPTION_A,CAND_002,wcag21_cross_scope=1.3.6;level=AAA,The formal_policy rule EXT_E015_NEW_PUBLIC_CHANGE has priority 300 and applies because public_change_present is true and selected_revision is 'new'. Its allowed_values strictly enl,OPTION_A=CAND_002|OPTION_B=CAND_001|OPTION_C=CAND_003,2829,json_schema,1880,70,stop,"{
  ""abstain"": false,
  ""option_id"": ""OPTION_A"",
  ""reason"": ""The formal_policy rule EXT_E015_NEW_PUBLIC_CHANGE has priority 300 and applies because public_change_present is true and selected_revision is 'new'. Its allowed_values strictly enl""
}",True,,,,,True,CAND_002,wcag21_cross_scope=1.3.6;level=AAA,True
external,EXT_E015,CROSS_SENTENCE_SCOPE,1,20260820,OPTION_FORMAL_POLICY_HARD_GATE,SELECTED,OPTION_A,CAND_002,wcag21_cross_scope=1.3.6;level=AAA,deterministic gate selected EXT_E015_NEW_PUBLIC_CHANGE,OPTION_A=CAND_002|OPTION_B=CAND_001|OPTION_C=CAND_003,0,formal_policy_hard_gate,0,0,,,True,EXT_E015_NEW_PUBLIC_CHANGE,wcag21_cross_scope=1.3.6;level=AAA,1,DETERMINISTIC_SELECT,False,CAND_002,wcag21_cross_scope=1.3.6;level=AAA,True
external,EXT_E016,CROSS_SENTENCE_SCOPE,1,20260820,DIRECT_FREE,SELECTED,OPTION_A,CAND_002,wcag21_cross_scope=1.4.10;level=AA,Document EXT_DOC_016_NEW (effective from 2018-06-05) supersedes EXT_DOC_016_OLD (effective to 2018-06-04). The evidence note explicitly states that the WCAG 2.1 change page lists ',OPTION_A=CAND_002|OPTION_B=CAND_003|OPTION_C=CAND_001,3901,json_schema,888,110,stop,"{
  ""abstain"": false,
  ""value"": ""wcag21_cross_scope=1.4.10;level=AA"",
  ""reason"": ""Document EXT_DOC_016_NEW (effective from 2018-06-05) supersedes EXT_DOC_016_OLD (effective to 2018-06-04). The evidence note explicitly states that the WCAG 2.1 change page lists '"" }",,,,,,True,CAND_002,wcag21_cross_scope=1.4.10;level=AA,True
external,EXT_E016,CROSS_SENTENCE_SCOPE,1,20260820,OPTION_VALUE_ONLY,SELECTED,OPTION_A,CAND_002,wcag21_cross_scope=1.4.10;level=AA,The source document EXT_DOC_016_NEW ('What is New in WCAG 2.1') published on 2018-06-05 explicitly lists the addition of success criterion 1.4.10 Reflow at conformance level AA. It,OPTION_A=CAND_002|OPTION_B=CAND_003|OPTION_C=CAND_001,3323,json_schema,1018,89,stop,"{
  ""abstain"": false,
  ""option_id"": ""OPTION_A"",
  ""reason"": ""The source document EXT_DOC_016_NEW ('What is New in WCAG 2.1') published on 2018-06-05 explicitly lists the addition of success criterion 1.4.10 Reflow at conformance level AA. It""
}",,,,,,True,CAND_002,wcag21_cross_scope=1.4.10;level=AA,True
external,EXT_E016,CROSS_SENTENCE_SCOPE,1,20260820,OPTION_FORMAL_OPERATION,SELECTED,OPTION_A,CAND_002,wcag21_cross_scope=1.4.10;level=AA,"The source document EXT_DOC_016_NEW ('What is New in WCAG 2.1') explicitly lists success criterion 1.4.10 Reflow at conformance level AA as a new addition to WCAG 2.1. Therefore, '",OPTION_A=CAND_002|OPTION_B=CAND_003|OPTION_C=CAND_001,3679,json_schema,1569,86,stop,"{
  ""abstain"": false,
  ""option_id"": ""OPTION_A"",
  ""reason"": ""The source document EXT_DOC_016_NEW ('What is New in WCAG 2.1') explicitly lists success criterion 1.4.10 Reflow at conformance level AA as a new addition to WCAG 2.1. Therefore, '""
}",,,,,,True,CAND_002,wcag21_cross_scope=1.4.10;level=AA,True
external,EXT_E016,CROSS_SENTENCE_SCOPE,1,20260820,OPTION_FORMAL_POLICY,SELECTED,OPTION_A,CAND_002,wcag21_cross_scope=1.4.10;level=AA,The formal_policy rule EXT_E016_NEW_PUBLIC_CHANGE (priority 300) applies because public_change_present is true and selected_revision is 'new'. This rule explicitly allows only 'wcg,OPTION_A=CAND_002|OPTION_B=CAND_003|OPTION_C=CAND_001,2881,json_schema,1893,73,stop,"{
  ""abstain"": false,
  ""option_id"": ""OPTION_A"",
  ""reason"": ""The formal_policy rule EXT_E016_NEW_PUBLIC_CHANGE (priority 300) applies because public_change_present is true and selected_revision is 'new'. This rule explicitly allows only 'wcg""

  }",True,,,,,True,CAND_002,wcag21_cross_scope=1.4.10;level=AA,True
external,EXT_E016,CROSS_SENTENCE_SCOPE,1,20260820,OPTION_FORMAL_POLICY_HARD_GATE,SELECTED,OPTION_A,CAND_002,wcag21_cross_scope=1.4.10;level=AA,deterministic gate selected EXT_E016_NEW_PUBLIC_CHANGE,OPTION_A=CAND_002|OPTION_B=CAND_003|OPTION_C=CAND_001,0,formal_policy_hard_gate,0,0,,,True,EXT_E016_NEW_PUBLIC_CHANGE,wcag21_cross_scope=1.4.10;level=AA,1,DETERMINISTIC_SELECT,False,CAND_002,wcag21_cross_scope=1.4.10;level=AA,True
external,EXT_E017,CROSS_SENTENCE_SCOPE,1,20260820,DIRECT_FREE,SELECTED,OPTION_C,CAND_002,wcag21_cross_scope=1.4.11;level=AA,EXT_DOC_017_NEW (effective from 2018-06-05) explicitly lists WCAG 2.1 additions including criterion 1.4.11 at level AA. EXT_DOC_017_OLD is superseded for this new content. The text,OPTION_A=CAND_001|OPTION_B=CAND_003|OPTION_C=CAND_002,3662,json_schema,890,106,stop,"{
  ""abstain"": false,
  ""value"": ""wcag21_cross_scope=1.4.11;level=AA"",
  ""reason"": ""EXT_DOC_017_NEW (effective from 2018-06-05) explicitly lists WCAG 2.1 additions including criterion 1.4.11 at level AA. EXT_DOC_017_OLD is superseded for this new content. The text""
}",,,,,,True,CAND_002,wcag21_cross_scope=1.4.11;level=AA,True
external,EXT_E017,CROSS_SENTENCE_SCOPE,1,20260820,OPTION_VALUE_ONLY,SELECTED,OPTION_C,CAND_002,wcag21_cross_scope=1.4.11;level=AA,The source document EXT_DOC_017_NEW (WCAG 2.1 change summary) explicitly lists the addition of criterion 1.4.11 Non-text Contrast at conformance level AA. The evidence note states:,OPTION_A=CAND_001|OPTION_B=CAND_003|OPTION_C=CAND_002,3131,json_schema,1020,75,stop,"{
  ""abstain"": false,
  ""option_id"": ""OPTION_C"",
  ""reason"": ""The source document EXT_DOC_017_NEW (WCAG 2.1 change summary) explicitly lists the addition of criterion 1.4.11 Non-text Contrast at conformance level AA. The evidence note states:""}",,,,,,True,CAND_002,wcag21_cross_scope=1.4.11;level=AA,True
external,EXT_E017,CROSS_SENTENCE_SCOPE,1,20260820,OPTION_FORMAL_OPERATION,SELECTED,OPTION_C,CAND_002,wcag21_cross_scope=1.4.11;level=AA,The source document EXT_DOC_017_NEW ('What is New in WCAG 2.1') explicitly lists 'Non-text Contrast' (1.4.11) as a new success criterion at conformance level AA. The public_evidenc,OPTION_A=CAND_001|OPTION_B=CAND_003|OPTION_C=CAND_002,3628,json_schema,1571,84,stop,"{
  ""abstain"": false,
  ""option_id"": ""OPTION_C"",
  ""reason"": ""The source document EXT_DOC_017_NEW ('What is New in WCAG 2.1') explicitly lists 'Non-text Contrast' (1.4.11) as a new success criterion at conformance level AA. The public_evidenc""
}",,,,,,True,CAND_002,wcag21_cross_scope=1.4.11;level=AA,True
external,EXT_E017,CROSS_SENTENCE_SCOPE,1,20260820,OPTION_FORMAL_POLICY,SELECTED,OPTION_C,CAND_002,wcag21_cross_scope=1.4.11;level=AA,The formal_policy rule EXT_E017_NEW_PUBLIC_CHANGE applies because public_change_present is true and selected_revision is 'new'. This rule explicitly allows only 'wcag21_cross_scope,OPTION_A=CAND_001|OPTION_B=CAND_003|OPTION_C=CAND_002,2755,json_schema,1895,69,stop,"{
  ""abstain"": false,
  ""option_id"": ""OPTION_C"",
  ""reason"": ""The formal_policy rule EXT_E017_NEW_PUBLIC_CHANGE applies because public_change_present is true and selected_revision is 'new'. This rule explicitly allows only 'wcag21_cross_scope""
}",True,,,,,True,CAND_002,wcag21_cross_scope=1.4.11;level=AA,True
external,EXT_E017,CROSS_SENTENCE_SCOPE,1,20260820,OPTION_FORMAL_POLICY_HARD_GATE,SELECTED,OPTION_C,CAND_002,wcag21_cross_scope=1.4.11;level=AA,deterministic gate selected EXT_E017_NEW_PUBLIC_CHANGE,OPTION_A=CAND_001|OPTION_B=CAND_003|OPTION_C=CAND_002,0,formal_policy_hard_gate,0,0,,,True,EXT_E017_NEW_PUBLIC_CHANGE,wcag21_cross_scope=1.4.11;level=AA,1,DETERMINISTIC_SELECT,False,CAND_002,wcag21_cross_scope=1.4.11;level=AA,True
external,EXT_E018,CROSS_SENTENCE_SCOPE,1,20260820,DIRECT_FREE,SELECTED,OPTION_C,CAND_002,wcag21_cross_scope=1.4.12;level=AA,The public evidence note explicitly states that the W3C WCAG 2.1 change page lists '1.4.12 Text Spacing at level AA' as a new addition. CAND_002 matches this specific scope (criter,OPTION_A=CAND_001|OPTION_B=CAND_003|OPTION_C=CAND_002,3702,json_schema,890,96,stop,"{
  ""abstain"": false,
  ""value"": ""wcag21_cross_scope=1.4.12;level=AA"",
  ""reason"": ""The public evidence note explicitly states that the W3C WCAG 2.1 change page lists '1.4.12 Text Spacing at level AA' as a new addition. CAND_002 matches this specific scope (criter""
}",,,,,,True,CAND_002,wcag21_cross_scope=1.4.12;level=AA,True
external,EXT_E018,CROSS_SENTENCE_SCOPE,1,20260820,OPTION_VALUE_ONLY,SELECTED,OPTION_C,CAND_002,wcag21_cross_scope=1.4.12;level=AA,The source document EXT_DOC_018_NEW (WCAG 2.1 change summary) explicitly lists the addition of success criterion 1.4.12 Text Spacing at conformance level AA. The evidence note and ,OPTION_A=CAND_001|OPTION_B=CAND_003|OPTION_C=CAND_002,3333,json_schema,1020,79,stop,"{
  ""abstain"": false,
  ""option_id"": ""OPTION_C"",
  ""reason"": ""The source document EXT_DOC_018_NEW (WCAG 2.1 change summary) explicitly lists the addition of success criterion 1.4.12 Text Spacing at conformance level AA. The evidence note and ""

  }",,,,,,True,CAND_002,wcag21_cross_scope=1.4.12;level=AA,True
external,EXT_E018,CROSS_SENTENCE_SCOPE,1,20260820,OPTION_FORMAL_OPERATION,SELECTED,OPTION_C,CAND_002,wcag21_cross_scope=1.4.12;level=AA,The source document EXT_DOC_018_NEW ('What is New in WCAG 2.1') explicitly lists '1.4.12 Text Spacing' as a new addition at conformance level AA. The evidence note confirms this. C,OPTION_A=CAND_001|OPTION_B=CAND_003|OPTION_C=CAND_002,3521,json_schema,1571,83,stop,"{
  ""abstain"": false,
  ""option_id"": ""OPTION_C"",
  ""reason"": ""The source document EXT_DOC_018_NEW ('What is New in WCAG 2.1') explicitly lists '1.4.12 Text Spacing' as a new addition at conformance level AA. The evidence note confirms this. C""
}",,,,,,True,CAND_002,wcag21_cross_scope=1.4.12;level=AA,True
external,EXT_E018,CROSS_SENTENCE_SCOPE,1,20260820,OPTION_FORMAL_POLICY,SELECTED,OPTION_C,CAND_002,wcag21_cross_scope=1.4.12;level=AA,The formal_policy rule EXT_E018_NEW_PUBLIC_CHANGE has priority 300 and applies because public_change_present is true and selected_revision is 'new'. Its allowed_values strictly enl,OPTION_A=CAND_001|OPTION_B=CAND_003|OPTION_C=CAND_002,2968,json_schema,1895,70,stop,"{
  ""abstain"": false,
  ""option_id"": ""OPTION_C"",
  ""reason"": ""The formal_policy rule EXT_E018_NEW_PUBLIC_CHANGE has priority 300 and applies because public_change_present is true and selected_revision is 'new'. Its allowed_values strictly enl""
}",True,,,,,True,CAND_002,wcag21_cross_scope=1.4.12;level=AA,True
external,EXT_E018,CROSS_SENTENCE_SCOPE,1,20260820,OPTION_FORMAL_POLICY_HARD_GATE,SELECTED,OPTION_C,CAND_002,wcag21_cross_scope=1.4.12;level=AA,deterministic gate selected EXT_E018_NEW_PUBLIC_CHANGE,OPTION_A=CAND_001|OPTION_B=CAND_003|OPTION_C=CAND_002,0,formal_policy_hard_gate,0,0,,,True,EXT_E018_NEW_PUBLIC_CHANGE,wcag21_cross_scope=1.4.12;level=AA,1,DETERMINISTIC_SELECT,False,CAND_002,wcag21_cross_scope=1.4.12;level=AA,True
external,EXT_E019,CROSS_SENTENCE_SCOPE,1,20260820,DIRECT_FREE,SELECTED,OPTION_A,CAND_002,wcag21_cross_scope=1.4.13;level=AA,EXT_DOC_019_NEW (effective 2018-06-05) supersedes EXT_DOC_019_OLD. The evidence note explicitly states that the new addition includes '1.4.13 Content on Hover or Focus at level AA',OPTION_A=CAND_002|OPTION_B=CAND_003|OPTION_C=CAND_001,3674,json_schema,894,101,stop,"{
  ""abstain"": false,
  ""value"": ""wcag21_cross_scope=1.4.13;level=AA"",
  ""reason"": ""EXT_DOC_019_NEW (effective 2018-06-05) supersedes EXT_DOC_019_OLD. The evidence note explicitly states that the new addition includes '1.4.13 Content on Hover or Focus at level AA'""}",,,,,,True,CAND_002,wcag21_cross_scope=1.4.13;level=AA,True
external,EXT_E019,CROSS_SENTENCE_SCOPE,1,20260820,OPTION_VALUE_ONLY,SELECTED,OPTION_A,CAND_002,wcag21_cross_scope=1.4.13;level=AA,The source document EXT_DOC_019_NEW (WCAG 2.1 change summary) explicitly lists the addition of success criterion 1.4.13 at conformance level AA. This satisfies the target predicate,OPTION_A=CAND_002|OPTION_B=CAND_003|OPTION_C=CAND_001,2986,json_schema,1024,75,stop,"{
  ""abstain"": false,
  ""option_id"": ""OPTION_A"",
  ""reason"": ""The source document EXT_DOC_019_NEW (WCAG 2.1 change summary) explicitly lists the addition of success criterion 1.4.13 at conformance level AA. This satisfies the target predicate""
}",,,,,,True,CAND_002,wcag21_cross_scope=1.4.13;level=AA,True
external,EXT_E019,CROSS_SENTENCE_SCOPE,1,20260820,OPTION_FORMAL_OPERATION,SELECTED,OPTION_A,CAND_002,wcag21_cross_scope=1.4.13;level=AA,Document EXT_DOC_019_NEW (effective from 2018-06-05) explicitly adds success criterion 1.4.13 at conformance level AA. This supersedes the status in EXT_DOC_019_OLD where it was 'c,OPTION_A=CAND_002|OPTION_B=CAND_003|OPTION_C=CAND_001,3539,json_schema,1575,90,stop,"{
  ""abstain"": false,
  ""option_id"": ""OPTION_A"",
  ""reason"": ""Document EXT_DOC_019_NEW (effective from 2018-06-05) explicitly adds success criterion 1.4.13 at conformance level AA. This supersedes the status in EXT_DOC_019_OLD where it was 'c""
}",,,,,,True,CAND_002,wcag21_cross_scope=1.4.13;level=AA,True
external,EXT_E019,CROSS_SENTENCE_SCOPE,1,20260820,OPTION_FORMAL_POLICY,SELECTED,OPTION_A,CAND_002,wcag21_cross_scope=1.4.13;level=AA,The formal_policy rule EXT_E019_NEW_PUBLIC_CHANGE has priority 300 and applies because public_change_present is true and selected_revision is 'new'. This rule explicitly allows the,OPTION_A=CAND_002|OPTION_B=CAND_003|OPTION_C=CAND_001,2881,json_schema,1899,69,stop,"{
  ""abstain"": false,
  ""option_id"": ""OPTION_A"",
  ""reason"": ""The formal_policy rule EXT_E019_NEW_PUBLIC_CHANGE has priority 300 and applies because public_change_present is true and selected_revision is 'new'. This rule explicitly allows the""
}",True,,,,,True,CAND_002,wcag21_cross_scope=1.4.13;level=AA,True
external,EXT_E019,CROSS_SENTENCE_SCOPE,1,20260820,OPTION_FORMAL_POLICY_HARD_GATE,SELECTED,OPTION_A,CAND_002,wcag21_cross_scope=1.4.13;level=AA,deterministic gate selected EXT_E019_NEW_PUBLIC_CHANGE,OPTION_A=CAND_002|OPTION_B=CAND_003|OPTION_C=CAND_001,0,formal_policy_hard_gate,0,0,,,True,EXT_E019_NEW_PUBLIC_CHANGE,wcag21_cross_scope=1.4.13;level=AA,1,DETERMINISTIC_SELECT,False,CAND_002,wcag21_cross_scope=1.4.13;level=AA,True
external,EXT_E020,CROSS_SENTENCE_SCOPE,1,20260820,DIRECT_FREE,SELECTED,OPTION_C,CAND_002,wcag21_cross_scope=2.1.4;level=A,EXT_DOC_020_NEW (effective 2018-06-05) explicitly lists the addition of success criterion 2.1.4 at conformance level A. EXT_DOC_020_OLD is superseded for this new criterion. The 'A,OPTION_A=CAND_001|OPTION_B=CAND_003|OPTION_C=CAND_002,3859,json_schema,885,101,stop,"{
  ""abstain"": false,
  ""value"": ""wcag21_cross_scope=2.1.4;level=A"",
  ""reason"": ""EXT_DOC_020_NEW (effective 2018-06-05) explicitly lists the addition of success criterion 2.1.4 at conformance level A. EXT_DOC_020_OLD is superseded for this new criterion. The 'A""
}",,,,,,True,CAND_002,wcag21_cross_scope=2.1.4;level=A,True
external,EXT_E020,CROSS_SENTENCE_SCOPE,1,20260820,OPTION_VALUE_ONLY,SELECTED,OPTION_C,CAND_002,wcag21_cross_scope=2.1.4;level=A,The source document EXT_DOC_020_NEW (effective from 2018-06-05) explicitly lists the addition of success criterion 2.1.4 Character Key Shortcuts at conformance level A. The target ,OPTION_A=CAND_001|OPTION_B=CAND_003|OPTION_C=CAND_002,3404,json_schema,1012,79,stop,"{
  ""abstain"": false,
  ""option_id"": ""OPTION_C"",
  ""reason"": ""The source document EXT_DOC_020_NEW (effective from 2018-06-05) explicitly lists the addition of success criterion 2.1.4 Character Key Shortcuts at conformance level A. The target ""}",,,,,,True,CAND_002,wcag21_cross_scope=2.1.4;level=A,True
external,EXT_E020,CROSS_SENTENCE_SCOPE,1,20260820,OPTION_FORMAL_OPERATION,SELECTED,OPTION_C,CAND_002,wcag21_cross_scope=2.1.4;level=A,Document EXT_DOC_020_NEW (effective 2018-06-05) explicitly lists WCAG 2.1.4 Character Key Shortcuts as a new addition at conformance level A. The target value must preserve the con,OPTION_A=CAND_001|OPTION_B=CAND_003|OPTION_C=CAND_002,3486,json_schema,1560,84,stop,"{
  ""abstain"": false,
  ""option_id"": ""OPTION_C"",
  ""reason"": ""Document EXT_DOC_020_NEW (effective 2018-06-05) explicitly lists WCAG 2.1.4 Character Key Shortcuts as a new addition at conformance level A. The target value must preserve the con""
}",,,,,,True,CAND_002,wcag21_cross_scope=2.1.4;level=A,True
external,EXT_E020,CROSS_SENTENCE_SCOPE,1,20260820,OPTION_FORMAL_POLICY,SELECTED,OPTION_C,CAND_002,wcag21_cross_scope=2.1.4;level=A,The case context requires assessing WCAG 2.1 addition 2.1.4. The formal_policy rule EXT_E020_NEW_PUBLIC_CHANGE applies because public_change_present is true and selected_revision (,OPTION_A=CAND_001|OPTION_B=CAND_003|OPTION_C=CAND_002,3161,json_schema,1881,74,stop,"{
  ""abstain"": false,
  ""option_id"": ""OPTION_C"",
  ""reason"": ""The case context requires assessing WCAG 2.1 addition 2.1.4. The formal_policy rule EXT_E020_NEW_PUBLIC_CHANGE applies because public_change_present is true and selected_revision (""

    }",True,,,,,True,CAND_002,wcag21_cross_scope=2.1.4;level=A,True
external,EXT_E020,CROSS_SENTENCE_SCOPE,1,20260820,OPTION_FORMAL_POLICY_HARD_GATE,SELECTED,OPTION_C,CAND_002,wcag21_cross_scope=2.1.4;level=A,deterministic gate selected EXT_E020_NEW_PUBLIC_CHANGE,OPTION_A=CAND_001|OPTION_B=CAND_003|OPTION_C=CAND_002,0,formal_policy_hard_gate,0,0,,,True,EXT_E020_NEW_PUBLIC_CHANGE,wcag21_cross_scope=2.1.4;level=A,1,DETERMINISTIC_SELECT,False,CAND_002,wcag21_cross_scope=2.1.4;level=A,True
external,EXT_E021,CROSS_SENTENCE_SCOPE,1,20260820,DIRECT_FREE,SELECTED,OPTION_C,CAND_002,wcag21_cross_scope=4.1.3;level=AA,EXT_DOC_021_NEW (effective from 2018-06-05) supersedes EXT_DOC_021_OLD for WCAG 2.1 additions. The document explicitly lists 'Status Messages' as a new success criterion at conform,OPTION_A=CAND_001|OPTION_B=CAND_003|OPTION_C=CAND_002,3791,json_schema,882,101,stop,"{
  ""abstain"": false,
  ""value"": ""wcag21_cross_scope=4.1.3;level=AA"",
  ""reason"": ""EXT_DOC_021_NEW (effective from 2018-06-05) supersedes EXT_DOC_021_OLD for WCAG 2.1 additions. The document explicitly lists 'Status Messages' as a new success criterion at conform""
}",,,,,,True,CAND_002,wcag21_cross_scope=4.1.3;level=AA,True
external,EXT_E021,CROSS_SENTENCE_SCOPE,1,20260820,OPTION_VALUE_ONLY,SELECTED,OPTION_C,CAND_002,wcag21_cross_scope=4.1.3;level=AA,The source document EXT_DOC_021_NEW (WCAG 2.1 change summary) explicitly lists the addition of success criterion 4.1.3 Status Messages at conformance level AA. This satisfies the ',OPTION_A=CAND_001|OPTION_B=CAND_003|OPTION_C=CAND_002,3045,json_schema,1010,75,stop,"{
  ""abstain"": false,
  ""option_id"": ""OPTION_C"",
  ""reason"": ""The source document EXT_DOC_021_NEW (WCAG 2.1 change summary) explicitly lists the addition of success criterion 4.1.3 Status Messages at conformance level AA. This satisfies the '""
}",,,,,,True,CAND_002,wcag21_cross_scope=4.1.3;level=AA,True
external,EXT_E021,CROSS_SENTENCE_SCOPE,1,20260820,OPTION_FORMAL_OPERATION,SELECTED,OPTION_C,CAND_002,wcag21_cross_scope=4.1.3;level=AA,Document EXT_DOC_021_NEW (effective 2018-06-05) explicitly adds WCAG 2.1 criterion 4.1.3 at conformance level AA. OPTION_C correctly updates the scope to 'wcag21_cross_scope=4.1.3;,OPTION_A=CAND_001|OPTION_B=CAND_003|OPTION_C=CAND_002,3571,json_schema,1558,95,stop,"{
  ""abstain"": false,
  ""option_id"": ""OPTION_C"",
  ""reason"": ""Document EXT_DOC_021_NEW (effective 2018-06-05) explicitly adds WCAG 2.1 criterion 4.1.3 at conformance level AA. OPTION_C correctly updates the scope to 'wcag21_cross_scope=4.1.3;""
}",,,,,,True,CAND_002,wcag21_cross_scope=4.1.3;level=AA,True
external,EXT_E021,CROSS_SENTENCE_SCOPE,1,20260820,OPTION_FORMAL_POLICY,SELECTED,OPTION_C,CAND_002,wcag21_cross_scope=4.1.3;level=AA,The formal_policy rule EXT_E021_NEW_PUBLIC_CHANGE has priority 300 and applies when public_change_present is true and selected_revision is 'new'. Its allowed_values list contains ',OPTION_A=CAND_001|OPTION_B=CAND_003|OPTION_C=CAND_002,2722,json_schema,1880,68,stop,"{
  ""abstain"": false,
  ""option_id"": ""OPTION_C"",
  ""reason"": ""The formal_policy rule EXT_E021_NEW_PUBLIC_CHANGE has priority 300 and applies when public_change_present is true and selected_revision is 'new'. Its allowed_values list contains '""}",True,,,,,True,CAND_002,wcag21_cross_scope=4.1.3;level=AA,True
external,EXT_E021,CROSS_SENTENCE_SCOPE,1,20260820,OPTION_FORMAL_POLICY_HARD_GATE,SELECTED,OPTION_C,CAND_002,wcag21_cross_scope=4.1.3;level=AA,deterministic gate selected EXT_E021_NEW_PUBLIC_CHANGE,OPTION_A=CAND_001|OPTION_B=CAND_003|OPTION_C=CAND_002,0,formal_policy_hard_gate,0,0,,,True,EXT_E021_NEW_PUBLIC_CHANGE,wcag21_cross_scope=4.1.3;level=AA,1,DETERMINISTIC_SELECT,False,CAND_002,wcag21_cross_scope=4.1.3;level=AA,True
external,EXT_E022,GENERAL_RULE_EXCEPTION,1,20260820,DIRECT_FREE,SELECTED,OPTION_C,CAND_002,wcag21_input_rule=2.5.1;level=A,EXT_DOC_022_NEW (effective from 2018-06-05) supersedes EXT_DOC_022_OLD. The document explicitly lists '2.5.1 Pointer Gestures' as a new addition at conformance level A.,OPTION_A=CAND_001|OPTION_B=CAND_003|OPTION_C=CAND_002,3403,json_schema,875,99,stop,"{
  ""abstain"": false,
  ""value"": ""wcag21_input_rule=2.5.1;level=A"",
  ""reason"": ""EXT_DOC_022_NEW (effective from 2018-06-05) supersedes EXT_DOC_022_OLD. The document explicitly lists '2.5.1 Pointer Gestures' as a new addition at conformance level A.""
}",,,,,,True,CAND_002,wcag21_input_rule=2.5.1;level=A,True
external,EXT_E022,GENERAL_RULE_EXCEPTION,1,20260820,OPTION_VALUE_ONLY,SELECTED,OPTION_C,CAND_002,wcag21_input_rule=2.5.1;level=A,Document EXT_DOC_022_NEW (WCAG 2.1 change summary) is the most authoritative and current source regarding WCAG 2.1 additions. It explicitly lists '2.5.1 Pointer Gestures' as a new/,OPTION_A=CAND_001|OPTION_B=CAND_003|OPTION_C=CAND_002,3039,json_schema,1002,80,stop,"{
  ""abstain"": false,
  ""option_id"": ""OPTION_C"",
  ""reason"": ""Document EXT_DOC_022_NEW (WCAG 2.1 change summary) is the most authoritative and current source regarding WCAG 2.1 additions. It explicitly lists '2.5.1 Pointer Gestures' as a new/""}",,,,,,True,CAND_002,wcag21_input_rule=2.5.1;level=A,True
external,EXT_E022,GENERAL_RULE_EXCEPTION,1,20260820,OPTION_FORMAL_OPERATION,SELECTED,OPTION_C,CAND_002,wcag21_input_rule=2.5.1;level=A,Document EXT_DOC_022_NEW (WCAG 2.1 change summary) explicitly lists '2.5.1 Pointer Gestures' as a new success criterion added at conformance level A. This contradicts the previous ,OPTION_A=CAND_001|OPTION_B=CAND_003|OPTION_C=CAND_002,3006,json_schema,1550,77,stop,"{
  ""abstain"": false,
  ""option_id"": ""OPTION_C"",
  ""reason"": ""Document EXT_DOC_022_NEW (WCAG 2.1 change summary) explicitly lists '2.5.1 Pointer Gestures' as a new success criterion added at conformance level A. This contradicts the previous ""}",,,,,,True,CAND_002,wcag21_input_rule=2.5.1;level=A,True
external,EXT_E022,GENERAL_RULE_EXCEPTION,1,20260820,OPTION_FORMAL_POLICY,SELECTED,OPTION_C,CAND_002,wcag21_input_rule=2.5.1;level=A,"The formal_policy rule EXT_E022_NEW_PUBLIC_CHANGE matches the facts (public_change_present=true, selected_revision=new) with priority 300. Its allowed_values list contains only 'wc",OPTION_A=CAND_001|OPTION_B=CAND_003|OPTION_C=CAND_002,2750,json_schema,1871,71,stop,"{
  ""abstain"": false,
  ""option_id"": ""OPTION_C"",
  ""reason"": ""The formal_policy rule EXT_E022_NEW_PUBLIC_CHANGE matches the facts (public_change_present=true, selected_revision=new) with priority 300. Its allowed_values list contains only 'wc""
}",True,,,,,True,CAND_002,wcag21_input_rule=2.5.1;level=A,True
external,EXT_E022,GENERAL_RULE_EXCEPTION,1,20260820,OPTION_FORMAL_POLICY_HARD_GATE,SELECTED,OPTION_C,CAND_002,wcag21_input_rule=2.5.1;level=A,deterministic gate selected EXT_E022_NEW_PUBLIC_CHANGE,OPTION_A=CAND_001|OPTION_B=CAND_003|OPTION_C=CAND_002,0,formal_policy_hard_gate,0,0,,,True,EXT_E022_NEW_PUBLIC_CHANGE,wcag21_input_rule=2.5.1;level=A,1,DETERMINISTIC_SELECT,False,CAND_002,wcag21_input_rule=2.5.1;level=A,True
external,EXT_E023,GENERAL_RULE_EXCEPTION,1,20260820,DIRECT_FREE,SELECTED,OPTION_A,CAND_002,wcag21_input_rule=2.5.2;level=A,EXT_DOC_023_NEW (effective from 2018-06-05) supersedes EXT_DOC_023_OLD. It explicitly lists 2.5.2 Pointer Cancellation as a new input modality criterion at level A.,OPTION_A=CAND_002|OPTION_B=CAND_003|OPTION_C=CAND_001,3338,json_schema,875,98,stop,"{
  ""abstain"": false,
  ""value"": ""wcag21_input_rule=2.5.2;level=A"",
  ""reason"": ""EXT_DOC_023_NEW (effective from 2018-06-05) supersedes EXT_DOC_023_OLD. It explicitly lists 2.5.2 Pointer Cancellation as a new input modality criterion at level A.""
}",,,,,,True,CAND_002,wcag21_input_rule=2.5.2;level=A,True
external,EXT_E023,GENERAL_RULE_EXCEPTION,1,20260820,OPTION_VALUE_ONLY,SELECTED,OPTION_A,CAND_002,wcag21_input_rule=2.5.2;level=A,Document EXT_DOC_023_NEW (WCAG 2.1 change summary) is the most authoritative and currently effective source regarding WCAG 2.1 additions. It explicitly lists 2.5.2 Pointer Cancells,OPTION_A=CAND_002|OPTION_B=CAND_003|OPTION_C=CAND_001,3161,json_schema,1002,79,stop,"{
  ""abstain"": false,
  ""option_id"": ""OPTION_A"",
  ""reason"": ""Document EXT_DOC_023_NEW (WCAG 2.1 change summary) is the most authoritative and currently effective source regarding WCAG 2.1 additions. It explicitly lists 2.5.2 Pointer Cancells""
}",,,,,,True,CAND_002,wcag21_input_rule=2.5.2;level=A,True
external,EXT_E023,GENERAL_RULE_EXCEPTION,1,20260820,OPTION_FORMAL_OPERATION,SELECTED,OPTION_A,CAND_002,wcag21_input_rule=2.5.2;level=A,The source document EXT_DOC_023_NEW (WCAG 2.1 change summary) explicitly lists success criterion 2.5.2 Pointer Cancellation as a new addition at conformance level A. This contrad候选,OPTION_A=CAND_002|OPTION_B=CAND_003|OPTION_C=CAND_001,3066,json_schema,1550,77,stop,"{
  ""abstain"": false,
  ""option_id"": ""OPTION_A"",
  ""reason"": ""The source document EXT_DOC_023_NEW (WCAG 2.1 change summary) explicitly lists success criterion 2.5.2 Pointer Cancellation as a new addition at conformance level A. This contrad候选""
}",,,,,,True,CAND_002,wcag21_input_rule=2.5.2;level=A,True
external,EXT_E023,GENERAL_RULE_EXCEPTION,1,20260820,OPTION_FORMAL_POLICY,SELECTED,OPTION_A,CAND_002,wcag21_input_rule=2.5.2;level=A,"The formal_policy rule EXT_E023_NEW_PUBLIC_CHANGE has priority 300 and matches the facts (public_change_present=true, selected_revision=new), allowing only 'wcag21_input_rule=2.5.2",OPTION_A=CAND_002|OPTION_B=CAND_003|OPTION_C=CAND_001,2789,json_schema,1871,78,stop,"{
  ""abstain"": false,
  ""option_id"": ""OPTION_A"",
  ""reason"": ""The formal_policy rule EXT_E023_NEW_PUBLIC_CHANGE has priority 300 and matches the facts (public_change_present=true, selected_revision=new), allowing only 'wcag21_input_rule=2.5.2""
}",True,,,,,True,CAND_002,wcag21_input_rule=2.5.2;level=A,True
external,EXT_E023,GENERAL_RULE_EXCEPTION,1,20260820,OPTION_FORMAL_POLICY_HARD_GATE,SELECTED,OPTION_A,CAND_002,wcag21_input_rule=2.5.2;level=A,deterministic gate selected EXT_E023_NEW_PUBLIC_CHANGE,OPTION_A=CAND_002|OPTION_B=CAND_003|OPTION_C=CAND_001,0,formal_policy_hard_gate,0,0,,,True,EXT_E023_NEW_PUBLIC_CHANGE,wcag21_input_rule=2.5.2;level=A,1,DETERMINISTIC_SELECT,False,CAND_002,wcag21_input_rule=2.5.2;level=A,True
external,EXT_E024,GENERAL_RULE_EXCEPTION,1,20260820,DIRECT_FREE,SELECTED,OPTION_A,CAND_002,wcag21_input_rule=2.5.3;level=A,EXT_DOC_024_NEW (effective 2018-06-05) supersedes EXT_DOC_024_OLD for WCAG 2.1 requirements. The document explicitly lists 2.5.3 Label in Name as a new input modality-related added,OPTION_A=CAND_002|OPTION_B=CAND_001|OPTION_C=CAND_003,3677,json_schema,875,104,stop,"{
  ""abstain"": false,
  ""value"": ""wcag21_input_rule=2.5.3;level=A"",
  ""reason"": ""EXT_DOC_024_NEW (effective 2018-06-05) supersedes EXT_DOC_024_OLD for WCAG 2.1 requirements. The document explicitly lists 2.5.3 Label in Name as a new input modality-related added""
}",,,,,,True,CAND_002,wcag21_input_rule=2.5.3;level=A,True
external,EXT_E024,GENERAL_RULE_EXCEPTION,1,20260820,OPTION_VALUE_ONLY,SELECTED,OPTION_A,CAND_002,wcag21_input_rule=2.5.3;level=A,"WCAG 2.1 (effective 2018-06-05) superseded WCAG 2.0. The 'What is New in WCAG 2.1' document explicitly lists 2.5.3 Label in Name as a new success criterion added at Level A, making",OPTION_A=CAND_002|OPTION_B=CAND_001|OPTION_C=CAND_003,3491,json_schema,1002,96,stop,"{
  ""abstain"": false,
  ""option_id"": ""OPTION_A"",
  ""reason"": ""WCAG 2.1 (effective 2018-06-05) superseded WCAG 2.0. The 'What is New in WCAG 2.1' document explicitly lists 2.5.3 Label in Name as a new success criterion added at Level A, making""
}",,,,,,True,CAND_002,wcag21_input_rule=2.5.3;level=A,True
external,EXT_E024,GENERAL_RULE_EXCEPTION,1,20260820,OPTION_FORMAL_OPERATION,SELECTED,OPTION_A,CAND_002,wcag21_input_rule=2.5.3;level=A,EXT_DOC_024_NEW (effective 2018-06-05) supersedes EXT_DOC_024_OLD. The new document explicitly lists '2.5.3 Label in Name' as a new input modality related success criterion at conA,OPTION_A=CAND_002|OPTION_B=CAND_001|OPTION_C=CAND_003,3486,json_schema,1550,90,stop,"{
  ""abstain"": false,
  ""option_id"": ""OPTION_A"",
  ""reason"": ""EXT_DOC_024_NEW (effective 2018-06-05) supersedes EXT_DOC_024_OLD. The new document explicitly lists '2.5.3 Label in Name' as a new input modality related success criterion at conA""
}",,,,,,True,CAND_002,wcag21_input_rule=2.5.3;level=A,True
external,EXT_E024,GENERAL_RULE_EXCEPTION,1,20260820,OPTION_FORMAL_POLICY,SELECTED,OPTION_A,CAND_002,wcag21_input_rule=2.5.3;level=A,"The formal_policy rule EXT_E024_NEW_PUBLIC_CHANGE has priority 300 and conditions (public_change_present=true, selected_revision=new) which match the current context. Its allowed值是",OPTION_A=CAND_002|OPTION_B=CAND_001|OPTION_C=CAND_003,2785,json_schema,1871,70,stop,"{
  ""abstain"": false,
  ""option_id"": ""OPTION_A"",
  ""reason"": ""The formal_policy rule EXT_E024_NEW_PUBLIC_CHANGE has priority 300 and conditions (public_change_present=true, selected_revision=new) which match the current context. Its allowed值是""
}",True,,,,,True,CAND_002,wcag21_input_rule=2.5.3;level=A,True
external,EXT_E024,GENERAL_RULE_EXCEPTION,1,20260820,OPTION_FORMAL_POLICY_HARD_GATE,SELECTED,OPTION_A,CAND_002,wcag21_input_rule=2.5.3;level=A,deterministic gate selected EXT_E024_NEW_PUBLIC_CHANGE,OPTION_A=CAND_002|OPTION_B=CAND_001|OPTION_C=CAND_003,0,formal_policy_hard_gate,0,0,,,True,EXT_E024_NEW_PUBLIC_CHANGE,wcag21_input_rule=2.5.3;level=A,1,DETERMINISTIC_SELECT,False,CAND_002,wcag21_input_rule=2.5.3;level=A,True
external,EXT_E025,GENERAL_RULE_EXCEPTION,1,20260820,DIRECT_FREE,SELECTED,OPTION_B,CAND_002,risk_management_text=updated_context_setting,The source document EXT_DOC_025_NEW (NIST SP 800-63-4) is authoritative and effective from 2025-08-01. The evidence note explicitly states that the landing page lists a substantial,OPTION_A=CAND_003|OPTION_B=CAND_002|OPTION_C=CAND_001,3109,json_schema,876,88,stop,"{
  ""abstain"": false,
  ""value"": ""risk_management_text=updated_context_setting"",
  ""reason"": ""The source document EXT_DOC_025_NEW (NIST SP 800-63-4) is authoritative and effective from 2025-08-01. The evidence note explicitly states that the landing page lists a substantial""
}",,,,,,True,CAND_002,risk_management_text=updated_context_setting,True
external,EXT_E025,GENERAL_RULE_EXCEPTION,1,20260820,OPTION_VALUE_ONLY,SELECTED,OPTION_B,CAND_002,risk_management_text=updated_context_setting,The target predicate 'revision change status' for subject 'NIST SP 800-63-4 risk_management_context' corresponds to the specific content change described in the evidence: 'Updates',OPTION_A=CAND_003|OPTION_B=CAND_002|OPTION_C=CAND_001,3116,json_schema,990,70,stop,"{
  ""abstain"": false,
  ""option_id"": ""OPTION_B"",
  ""reason"": ""The target predicate 'revision change status' for subject 'NIST SP 800-63-4 risk_management_context' corresponds to the specific content change described in the evidence: 'Updates'""}",,,,,,True,CAND_002,risk_management_text=updated_context_setting,True
external,EXT_E025,GENERAL_RULE_EXCEPTION,1,20260820,OPTION_FORMAL_OPERATION,ABSTAIN,,,,Evidence Note states the change is 'Updates text and context setting for risk management'. Candidate CAND_002 ('risk_management_text=updated_context_setting') matches this literal.,OPTION_A=CAND_003|OPTION_B=CAND_002|OPTION_C=CAND_001,3039,json_schema,1553,65,stop,"{
  ""abstain"": true,
  ""option_id"": ""ABSTAIN"",
  ""reason"": ""Evidence Note states the change is 'Updates text and context setting for risk management'. Candidate CAND_002 ('risk_management_text=updated_context_setting') matches this literal.""}",,,,,,True,CAND_002,risk_management_text=updated_context_setting,False
external,EXT_E025,GENERAL_RULE_EXCEPTION,1,20260820,OPTION_FORMAL_POLICY,SELECTED,OPTION_B,CAND_002,risk_management_text=updated_context_setting,The formal_policy rule EXT_E025_NEW_PUBLIC_CHANGE applies because public_change_present is true and selected_revision is 'new'. This rule restricts allowed_values to ['risk_mgmt=up,OPTION_A=CAND_003|OPTION_B=CAND_002|OPTION_C=CAND_001,2916,json_schema,1879,69,stop,"{
  ""abstain"": false,
  ""option_id"": ""OPTION_B"",
  ""reason"": ""The formal_policy rule EXT_E025_NEW_PUBLIC_CHANGE applies because public_change_present is true and selected_revision is 'new'. This rule restricts allowed_values to ['risk_mgmt=up""
}",True,,,,,True,CAND_002,risk_management_text=updated_context_setting,True
external,EXT_E025,GENERAL_RULE_EXCEPTION,1,20260820,OPTION_FORMAL_POLICY_HARD_GATE,SELECTED,OPTION_B,CAND_002,risk_management_text=updated_context_setting,deterministic gate selected EXT_E025_NEW_PUBLIC_CHANGE,OPTION_A=CAND_003|OPTION_B=CAND_002|OPTION_C=CAND_001,0,formal_policy_hard_gate,0,0,,,True,EXT_E025_NEW_PUBLIC_CHANGE,risk_management_text=updated_context_setting,1,DETERMINISTIC_SELECT,False,CAND_002,risk_management_text=updated_context_setting,True
external,EXT_E026,GENERAL_RULE_EXCEPTION,1,20260820,DIRECT_FREE,REJECTED_OUT_OF_CANDIDATE,,,,value outside candidate set: 'recommended_added',OPTION_A=CAND_003|OPTION_B=CAND_001|OPTION_C=CAND_002,3156,json_schema,869,85,stop,"{
  ""abstain"": false,
  ""value"": ""recommended_added"",
  ""reason"": ""The source document EXT_DOC_026_NEW (NIST SP 800-63-4) is authoritative and effective from 2025-08-01. The public evidence note explicitly states that Revision 4 adds 'recommended'""
}",,,,,,True,CAND_002,continuous_evaluation_metrics=recommended_added,False
external,EXT_E026,GENERAL_RULE_EXCEPTION,1,20260820,OPTION_VALUE_ONLY,SELECTED,OPTION_C,CAND_002,continuous_evaluation_metrics=recommended_added,"The NIST SP 800-63-4 document (EXT_DOC_026_NEW), effective from 2025-08-01, explicitly lists the change 'Adds recommended continuous evaluation metrics' as a substantial content in",OPTION_A=CAND_003|OPTION_B=CAND_001|OPTION_C=CAND_002,3187,json_schema,982,84,stop,"{
  ""abstain"": false,
  ""option_id"": ""OPTION_C"",
  ""reason"": ""The NIST SP 800-63-4 document (EXT_DOC_026_NEW), effective from 2025-08-01, explicitly lists the change 'Adds recommended continuous evaluation metrics' as a substantial content in""
}",,,,,,True,CAND_002,continuous_evaluation_metrics=recommended_added,True
external,EXT_E026,GENERAL_RULE_EXCEPTION,1,20260820,OPTION_FORMAL_OPERATION,SELECTED,OPTION_C,CAND_002,continuous_evaluation_metrics=recommended_added,The NIST SP 800-63-4 Revision 4 (effective 2025-08-01) explicitly adds 'recommended continuous evaluation metrics' as a change. OPTION_C correctly reflects this by setting the new_,OPTION_A=CAND_003|OPTION_B=CAND_001|OPTION_C=CAND_002,3171,json_schema,1542,81,stop,"{
  ""abstain"": false,
  ""option_id"": ""OPTION_C"",
  ""reason"": ""The NIST SP 800-63-4 Revision 4 (effective 2025-08-01) explicitly adds 'recommended continuous evaluation metrics' as a change. OPTION_C correctly reflects this by setting the new_""}",,,,,,True,CAND_002,continuous_evaluation_metrics=recommended_added,True
external,EXT_E026,GENERAL_RULE_EXCEPTION,1,20260820,OPTION_FORMAL_POLICY,SELECTED,OPTION_C,CAND_002,continuous_evaluation_metrics=recommended_added,The formal_policy rule EXT_E026_NEW_PUBLIC_CHANGE applies because public_change_present is true and selected_revision is 'new'. This rule allows only 'continuous_evaluation_metrics,OPTION_A=CAND_003|OPTION_B=CAND_001|OPTION_C=CAND_002,2524,json_schema,1866,65,stop,"{
  ""abstain"": false,
  ""option_id"": ""OPTION_C"",
  ""reason"": ""The formal_policy rule EXT_E026_NEW_PUBLIC_CHANGE applies because public_change_present is true and selected_revision is 'new'. This rule allows only 'continuous_evaluation_metrics""
}",True,,,,,True,CAND_002,continuous_evaluation_metrics=recommended_added,True
external,EXT_E026,GENERAL_RULE_EXCEPTION,1,20260820,OPTION_FORMAL_POLICY_HARD_GATE,SELECTED,OPTION_C,CAND_002,continuous_evaluation_metrics=recommended_added,deterministic gate selected EXT_E026_NEW_PUBLIC_CHANGE,OPTION_A=CAND_003|OPTION_B=CAND_001|OPTION_C=CAND_002,0,formal_policy_hard_gate,0,0,,,True,EXT_E026_NEW_PUBLIC_CHANGE,continuous_evaluation_metrics=recommended_added,1,DETERMINISTIC_SELECT,False,CAND_002,continuous_evaluation_metrics=recommended_added,True
external,EXT_E027,GENERAL_RULE_EXCEPTION,1,20260820,DIRECT_FREE,SELECTED,OPTION_B,CAND_002,fraud_requirements=expanded_identity_proofing,The source document EXT_DOC_027_NEW (NIST SP 800-63-4) is authoritative and effective from 2025-08-01. The public evidence explicitly states that the substantial content change in ,OPTION_A=CAND_001|OPTION_B=CAND_002|OPTION_C=CAND_003,3078,json_schema,890,87,stop,"{
  ""abstain"": false,
  ""value"": ""fraud_requirements=expanded_identity_proofing"",
  ""reason"": ""The source document EXT_DOC_027_NEW (NIST SP 800-63-4) is authoritative and effective from 2025-08-01. The public evidence explicitly states that the substantial content change in ""}",,,,,,True,CAND_002,fraud_requirements=expanded_identity_proofing,True
external,EXT_E027,GENERAL_RULE_EXCEPTION,1,20260820,OPTION_VALUE_ONLY,SELECTED,OPTION_B,CAND_002,fraud_requirements=expanded_identity_proofing,The public_evidence_note explicitly states that the NIST SP 800-63-4 Revision 4 (effective 2025-08-01) includes a substantial content change: 'Expands fraud requirements and for id,OPTION_A=CAND_001|OPTION_B=CAND_002|OPTION_C=CAND_003,3238,json_schema,1008,83,stop,"{
  ""abstain"": false,
  ""option_id"": ""OPTION_B"",
  ""reason"": ""The public_evidence_note explicitly states that the NIST SP 800-63-4 Revision 4 (effective 2025-08-01) includes a substantial content change: 'Expands fraud requirements and for id""
}",,,,,,True,CAND_002,fraud_requirements=expanded_identity_proofing,True
external,EXT_E027,GENERAL_RULE_EXCEPTION,1,20260820,OPTION_FORMAL_OPERATION,SELECTED,OPTION_B,CAND_002,fraud_requirements=expanded_identity_proofing,The NIST SP 800-63-4 (2025) document explicitly states the change expands fraud requirements and recommendations for identity proofing processes. CAND_002 ('fraud_requirements=...=,OPTION_A=CAND_001|OPTION_B=CAND_002|OPTION_C=CAND_003,3037,json_schema,1577,76,stop,"{
  ""abstain"": false,
  ""option_id"": ""OPTION_B"",
  ""reason"": ""The NIST SP 800-63-4 (2025) document explicitly states the change expands fraud requirements and recommendations for identity proofing processes. CAND_002 ('fraud_requirements=...=""}",,,,,,True,CAND_002,fraud_requirements=expanded_identity_proofing,True
external,EXT_E027,GENERAL_RULE_EXCEPTION,1,20260820,OPTION_FORMAL_POLICY,SELECTED,OPTION_B,CAND_002,fraud_requirements=expanded_identity_proofing,The formal_policy rule EXT_E027_NEW_PUBLIC_CHANGE applies because public_change_present is true and selected_revision is 'new'. This rule allows only 'fraud_requirements=expanded_?,OPTION_A=CAND_001|OPTION_B=CAND_002|OPTION_C=CAND_003,2713,json_schema,1906,67,stop,"{
  ""abstain"": false,
  ""option_id"": ""OPTION_B"",
  ""reason"": ""The formal_policy rule EXT_E027_NEW_PUBLIC_CHANGE applies because public_change_present is true and selected_revision is 'new'. This rule allows only 'fraud_requirements=expanded_?""}",True,,,,,True,CAND_002,fraud_requirements=expanded_identity_proofing,True
external,EXT_E027,GENERAL_RULE_EXCEPTION,1,20260820,OPTION_FORMAL_POLICY_HARD_GATE,SELECTED,OPTION_B,CAND_002,fraud_requirements=expanded_identity_proofing,deterministic gate selected EXT_E027_NEW_PUBLIC_CHANGE,OPTION_A=CAND_001|OPTION_B=CAND_002|OPTION_C=CAND_003,0,formal_policy_hard_gate,0,0,,,True,EXT_E027_NEW_PUBLIC_CHANGE,fraud_requirements=expanded_identity_proofing,1,DETERMINISTIC_SELECT,False,CAND_002,fraud_requirements=expanded_identity_proofing,True
external,EXT_E028,GENERAL_RULE_EXCEPTION,1,20260820,DIRECT_FREE,REJECTED_OUT_OF_CANDIDATE,,,,value outside candidate set: 'identity_proofing_roles_types=restructured_roles_and_types',OPTION_A=CAND_003|OPTION_B=CAND_001|OPTION_C=CAND_002,3458,json_schema,904,95,stop,"{
  ""abstain"": false,
  ""value"": ""identity_proofing_roles_types=restructured_roles_and_types"",
  ""reason"": ""The NIST SP 800-63-4 document (EXT_DOC_028_NEW), effective from 2025-08-01, explicitly lists the change 'Restructures the identity proofing controls to better define roles and of'.""
}",,,,,,True,CAND_002,identity_proofing_controls=restructured_roles_and_types,False
external,EXT_E028,GENERAL_RULE_EXCEPTION,1,20260820,OPTION_VALUE_ONLY,SELECTED,OPTION_C,CAND_002,identity_proofing_controls=restructured_roles_and_types,The target predicate 'revision change status' for subject 'NIST SP 800-63-4 identity_proofing_roles_types' is explicitly defined in the source document EXT_DOC_028_NEW as: 'Restrct,OPTION_A=CAND_003|OPTION_B=CAND_001|OPTION_C=CAND_002,3165,json_schema,1022,79,stop,"{
  ""abstain"": false,
  ""option_id"": ""OPTION_C"",
  ""reason"": ""The target predicate 'revision change status' for subject 'NIST SP 800-63-4 identity_proofing_roles_types' is explicitly defined in the source document EXT_DOC_028_NEW as: 'Restrct""
}",,,,,,True,CAND_002,identity_proofing_controls=restructured_roles_and_types,True
external,EXT_E028,GENERAL_RULE_EXCEPTION,1,20260820,OPTION_FORMAL_OPERATION,SELECTED,OPTION_C,CAND_002,identity_proofing_controls=restructured_roles_and_types,The target change explicitly states 'Restructures the identity proofing controls to better define roles and types of identity proofing'. CAND_002 ('identity_proofing_controls=re结构化,OPTION_A=CAND_003|OPTION_B=CAND_001|OPTION_C=CAND_002,2928,json_schema,1588,68,stop,"{
  ""abstain"": false,
  ""option_id"": ""OPTION_C"",
  ""reason"": ""The target change explicitly states 'Restructures the identity proofing controls to better define roles and types of identity proofing'. CAND_002 ('identity_proofing_controls=re结构化""
}",,,,,,True,CAND_002,identity_proofing_controls=restructured_roles_and_types,True
external,EXT_E028,GENERAL_RULE_EXCEPTION,1,20260820,OPTION_FORMAL_POLICY,SELECTED,OPTION_C,CAND_002,identity_proofing_controls=restructured_roles_and_types,The formal_policy rule EXT_E028_NEW_PUBLIC_CHANGE applies because public_change_present is true and selected_revision is 'new'. This rule allows only the value 'identity_proofing_\,OPTION_A=CAND_003|OPTION_B=CAND_001|OPTION_C=CAND_002,2818,json_schema,1917,69,stop,"{
  ""abstain"": false,
  ""option_id"": ""OPTION_C"",
  ""reason"": ""The formal_policy rule EXT_E028_NEW_PUBLIC_CHANGE applies because public_change_present is true and selected_revision is 'new'. This rule allows only the value 'identity_proofing_\\""
}",True,,,,,True,CAND_002,identity_proofing_controls=restructured_roles_and_types,True
external,EXT_E028,GENERAL_RULE_EXCEPTION,1,20260820,OPTION_FORMAL_POLICY_HARD_GATE,SELECTED,OPTION_C,CAND_002,identity_proofing_controls=restructured_roles_and_types,deterministic gate selected EXT_E028_NEW_PUBLIC_CHANGE,OPTION_A=CAND_003|OPTION_B=CAND_001|OPTION_C=CAND_002,0,formal_policy_hard_gate,0,0,,,True,EXT_E028_NEW_PUBLIC_CHANGE,identity_proofing_controls=restructured_roles_and_types,1,DETERMINISTIC_SELECT,False,CAND_002,identity_proofing_controls=restructured_roles_and_types,True
external,EXT_E029,GENERAL_RULE_EXCEPTION,1,20260820,DIRECT_FREE,SELECTED,OPTION_A,CAND_002,controls_added=injection_attacks_and_forged_media,The source document EXT_DOC_029_NEW (NIST SP 800-63-4) is the most authoritative and currently effective document (effective from 2025-08-01). The public evidence explicitly states,OPTION_A=CAND_002|OPTION_B=CAND_003|OPTION_C=CAND_001,3545,json_schema,895,95,stop,"{
  ""abstain"": false,
  ""value"": ""controls_added=injection_attacks_and_forged_media"",
  ""reason"": ""The source document EXT_DOC_029_NEW (NIST SP 800-63-4) is the most authoritative and currently effective document (effective from 2025-08-01). The public evidence explicitly states""

      }",,,,,,True,CAND_002,controls_added=injection_attacks_and_forged_media,True
external,EXT_E029,GENERAL_RULE_EXCEPTION,1,20260820,OPTION_VALUE_ONLY,SELECTED,OPTION_A,CAND_002,controls_added=injection_attacks_and_forged_media,"The NIST SP 800-63-4 document (EXT_DOC_029_NEW), effective from 2025-08-01, explicitly states the change 'Adds controls for addressing injection attacks and forged media'. This is ",OPTION_A=CAND_002|OPTION_B=CAND_003|OPTION_C=CAND_001,3296,json_schema,1018,84,stop,"{
  ""abstain"": false,
  ""option_id"": ""OPTION_A"",
  ""reason"": ""The NIST SP 800-63-4 document (EXT_DOC_029_NEW), effective from 2025-08-01, explicitly states the change 'Adds controls for addressing injection attacks and forged media'. This is ""}",,,,,,True,CAND_002,controls_added=injection_attacks_and_forged_media,True
external,EXT_E029,GENERAL_RULE_EXCEPTION,1,20260820,OPTION_FORMAL_OPERATION,SELECTED,OPTION_A,CAND_002,controls_added=injection_attacks_and_forged_media,The NIST SP 800-63-4 (2025) document explicitly states that Revision 4 adds controls for addressing injection attacks and forged media. This confirms the change is integrated into ,OPTION_A=CAND_002|OPTION_B=CAND_003|OPTION_C=CAND_001,2932,json_schema,1593,73,stop,"{
  ""abstain"": false,
  ""option_id"": ""OPTION_A"",
  ""reason"": ""The NIST SP 800-63-4 (2025) document explicitly states that Revision 4 adds controls for addressing injection attacks and forged media. This confirms the change is integrated into ""}",,,,,,True,CAND_002,controls_added=injection_attacks_and_forged_media,True
external,EXT_E029,GENERAL_RULE_EXCEPTION,1,20260820,OPTION_FORMAL_POLICY,SELECTED,OPTION_A,CAND_002,controls_added=injection_attacks_and_forged_media,The formal_policy rule EXT_E029_NEW_PUBLIC_CHANGE (priority 300) applies because public_change_present is true and selected_revision is 'new'. Its allowed_values list contains only,OPTION_A=CAND_002|OPTION_B=CAND_003|OPTION_C=CAND_001,2730,json_schema,1927,70,stop,"{
  ""abstain"": false,
  ""option_id"": ""OPTION_A"",
  ""reason"": ""The formal_policy rule EXT_E029_NEW_PUBLIC_CHANGE (priority 300) applies because public_change_present is true and selected_revision is 'new'. Its allowed_values list contains only""
}",True,,,,,True,CAND_002,controls_added=injection_attacks_and_forged_media,True
external,EXT_E029,GENERAL_RULE_EXCEPTION,1,20260820,OPTION_FORMAL_POLICY_HARD_GATE,SELECTED,OPTION_A,CAND_002,controls_added=injection_attacks_and_forged_media,deterministic gate selected EXT_E029_NEW_PUBLIC_CHANGE,OPTION_A=CAND_002|OPTION_B=CAND_003|OPTION_C=CAND_001,0,formal_policy_hard_gate,0,0,,,True,EXT_E029_NEW_PUBLIC_CHANGE,controls_added=injection_attacks_and_forged_media,1,DETERMINISTIC_SELECT,False,CAND_002,controls_added=injection_attacks_and_forged_media,True
external,EXT_E030,GENERAL_RULE_EXCEPTION,1,20260820,DIRECT_FREE,SELECTED,OPTION_B,CAND_002,syncable_authenticators=integrated,"The NIST SP 800-63-4 document (EXT_DOC_030_NEW), effective from 2025-08-01, explicitly lists 'Integrates syncable authenticators' as a substantial content change in its final July ",OPTION_A=CAND_001|OPTION_B=CAND_002|OPTION_C=CAND_003,3583,json_schema,878,93,stop,"{
  ""abstain"": false,
  ""value"": ""syncable_authenticators=integrated"",
  ""reason"": ""The NIST SP 800-63-4 document (EXT_DOC_030_NEW), effective from 2025-08-01, explicitly lists 'Integrates syncable authenticators' as a substantial content change in its final July ""
}",,,,,,True,CAND_002,syncable_authenticators=integrated,True
external,EXT_E030,GENERAL_RULE_EXCEPTION,1,20260820,OPTION_VALUE_ONLY,SELECTED,OPTION_B,CAND_002,syncable_authenticators=integrated,"The NIST SP 800-63-4 (Revision 4) document, effective from 2025-08-01, explicitly lists 'Integrates syncable authenticators' as a substantial content change. This directly supports",OPTION_A=CAND_001|OPTION_B=CAND_002|OPTION_C=CAND_003,3375,json_schema,994,85,stop,"{
  ""abstain"": false,
  ""option_id"": ""OPTION_B"",
  ""reason"": ""The NIST SP 800-63-4 (Revision 4) document, effective from 2025-08-01, explicitly lists 'Integrates syncable authenticators' as a substantial content change. This directly supports""
}",,,,,,True,CAND_002,syncable_authenticators=integrated,True
external,EXT_E030,GENERAL_RULE_EXCEPTION,1,20260820,OPTION_FORMAL_OPERATION,SELECTED,OPTION_B,CAND_002,syncable_authenticators=integrated,The NIST SP 800-63-4 Revision 4 (effective 2025-08-01) explicitly integrates syncable authenticators as a substantial content change. This contradicts the old value 'nist63_3status,OPTION_A=CAND_001|OPTION_B=CAND_002|OPTION_C=CAND_003,3379,json_schema,1560,86,stop,"{
  ""abstain"": false,
  ""option_id"": ""OPTION_B"",
  ""reason"": ""The NIST SP 800-63-4 Revision 4 (effective 2025-08-01) explicitly integrates syncable authenticators as a substantial content change. This contradicts the old value 'nist63_3status""
}",,,,,,True,CAND_002,syncable_authenticators=integrated,True
external,EXT_E030,GENERAL_RULE_EXCEPTION,1,20260820,OPTION_FORMAL_POLICY,SELECTED,OPTION_B,CAND_002,syncable_authenticators=integrated,The formal_policy rule EXT_E030_NEW_PUBLIC_CHANGE applies because public_change_present is true and selected_revision is 'new'. This rule allows only 'syncable_authenticators=inted,OPTION_A=CAND_001|OPTION_B=CAND_002|OPTION_C=CAND_003,2864,json_schema,1887,69,stop,"{
  ""abstain"": false,
  ""option_id"": ""OPTION_B"",
  ""reason"": ""The formal_policy rule EXT_E030_NEW_PUBLIC_CHANGE applies because public_change_present is true and selected_revision is 'new'. This rule allows only 'syncable_authenticators=inted""
}",True,,,,,True,CAND_002,syncable_authenticators=integrated,True
external,EXT_E030,GENERAL_RULE_EXCEPTION,1,20260820,OPTION_FORMAL_POLICY_HARD_GATE,SELECTED,OPTION_B,CAND_002,syncable_authenticators=integrated,deterministic gate selected EXT_E030_NEW_PUBLIC_CHANGE,OPTION_A=CAND_001|OPTION_B=CAND_002|OPTION_C=CAND_003,0,formal_policy_hard_gate,0,0,,,True,EXT_E030_NEW_PUBLIC_CHANGE,syncable_authenticators=integrated,1,DETERMINISTIC_SELECT,False,CAND_002,syncable_authenticators=integrated,True
external,EXT_E001,TEMPORAL_VERSION,2,20260821,DIRECT_FREE,SELECTED,OPTION_B,CAND_002,spring=1100;summer_autumn=900;total=2000,The target event is in 2026. The document EXT_DOC_001_2026 (effective 2026-01-01 to 2026-12-31) is the authoritative source for this period. It explicitly states that for '叶类、根茎类蔬菜,OPTION_A=CAND_003|OPTION_B=CAND_002|OPTION_C=CAND_001,4462,json_schema,1244,120,stop,"{
  ""abstain"": false,
  ""value"": ""spring=1100;summer_autumn=900;total=2000"",
  ""reason"": ""The target event is in 2026. The document EXT_DOC_001_2026 (effective 2026-01-01 to 2026-12-31) is the authoritative source for this period. It explicitly states that for '叶类、根茎类蔬菜""
}",,,,,,True,CAND_002,spring=1100;summer_autumn=900;total=2000,True
external,EXT_E001,TEMPORAL_VERSION,2,20260821,OPTION_VALUE_ONLY,SELECTED,OPTION_B,CAND_002,spring=1100;summer_autumn=900;total=2000,"The case context specifies evaluating the terms effective in Beijing for 2026. The document EXT_DOC_001_2026 is effective from 2026-01-01 to 2026-12-31, making it the authoritative",OPTION_A=CAND_003|OPTION_B=CAND_002|OPTION_C=CAND_001,3718,json_schema,1382,91,stop,"{
  ""abstain"": false,
  ""option_id"": ""OPTION_B"",
  ""reason"": ""The case context specifies evaluating the terms effective in Beijing for 2026. The document EXT_DOC_001_2026 is effective from 2026-01-01 to 2026-12-31, making it the authoritative""
}",,,,,,True,CAND_002,spring=1100;summer_autumn=900;total=2000,True
external,EXT_E001,TEMPORAL_VERSION,2,20260821,OPTION_FORMAL_OPERATION,SELECTED,OPTION_B,CAND_002,spring=1100;summer_autumn=900;total=2000,"The 2026 policy document (EXT_DOC_001_2026) explicitly states on page 13 and 119 that the insurance amount for rotation vegetables is split into spring=1100 and summer/autumn=900, ",OPTION_A=CAND_003|OPTION_B=CAND_002|OPTION_C=CAND_001,3383,json_schema,1930,89,stop,"{
  ""abstain"": false,
  ""option_id"": ""OPTION_B"",
  ""reason"": ""The 2026 policy document (EXT_DOC_001_2026) explicitly states on page 13 and 119 that the insurance amount for rotation vegetables is split into spring=1100 and summer/autumn=900, ""}",,,,,,True,CAND_002,spring=1100;summer_autumn=900;total=2000,True
external,EXT_E001,TEMPORAL_VERSION,2,20260821,OPTION_FORMAL_POLICY,SELECTED,OPTION_B,CAND_002,spring=1100;summer_autumn=900;total=2000,"The assessment year is 2026 and the source revision year is 2026. The formal_policy rule EXT_E001_2026_SEASONAL_SPLIT (priority 300) applies, requiring a seasonal split with values",OPTION_A=CAND_003|OPTION_B=CAND_002|OPTION_C=CAND_001,3139,json_schema,2338,85,stop,"{
  ""abstain"": false,
  ""option_id"": ""OPTION_B"",
  ""reason"": ""The assessment year is 2026 and the source revision year is 2026. The formal_policy rule EXT_E001_2026_SEASONAL_SPLIT (priority 300) applies, requiring a seasonal split with values""
}",True,,,,,True,CAND_002,spring=1100;summer_autumn=900;total=2000,True
external,EXT_E001,TEMPORAL_VERSION,2,20260821,OPTION_FORMAL_POLICY_HARD_GATE,SELECTED,OPTION_B,CAND_002,spring=1100;summer_autumn=900;total=2000,deterministic gate selected EXT_E001_2026_SEASONAL_SPLIT,OPTION_A=CAND_003|OPTION_B=CAND_002|OPTION_C=CAND_001,0,formal_policy_hard_gate,0,0,,,True,EXT_E001_2026_SEASONAL_SPLIT,spring=1100;summer_autumn=900;total=2000,1,DETERMINISTIC_SELECT,False,CAND_002,spring=1100;summer_autumn=900;total=2000,True
external,EXT_E002,CROSS_SENTENCE_SCOPE,2,20260821,DIRECT_FREE,SELECTED,OPTION_B,CAND_002,five_level_definition=level1_no_lodging;level2_lt30;level3_30_45;level4_45_60;level5_gt60,The 2026 policy document (EXT_DOC_002_2026) is effective from 2026-01-01 and explicitly defines a five-level lodging hazard interpretation in the comparison table. The evidence sup,OPTION_A=CAND_001|OPTION_B=CAND_002|OPTION_C=CAND_003,4360,json_schema,1164,120,stop,"{
  ""abstain"": false,
  ""value"": ""five_level_definition=level1_no_lodging;level2_lt30;level3_30_45;level4_45_60;level5_gt60"",
  ""reason"": ""The 2026 policy document (EXT_DOC_002_2026) is effective from 2026-01-01 and explicitly defines a five-level lodging hazard interpretation in the comparison table. The evidence sup""

}",,,,,,True,CAND_002,five_level_definition=level1_no_lodging;level2_lt30;level3_30_45;level4_45_60;level5_gt60,True
external,EXT_E002,CROSS_SENTENCE_SCOPE,2,20260821,OPTION_VALUE_ONLY,SELECTED,OPTION_B,CAND_002,five_level_definition=level1_no_lodging;level2_lt30;level3_30_45;level4_45_60;level5_gt60,"The 2026 policy document (EXT_DOC_002_2026) explicitly defines a five-level lodging hazard interpretation (no lodging, <30°, 30-45°, 45-60°, >60°). The evidence note confirms this ",OPTION_A=CAND_001|OPTION_B=CAND_002|OPTION_C=CAND_003,3593,json_schema,1317,91,stop,"{
  ""abstain"": false,
  ""option_id"": ""OPTION_B"",
  ""reason"": ""The 2026 policy document (EXT_DOC_002_2026) explicitly defines a five-level lodging hazard interpretation (no lodging, <30°, 30-45°, 45-60°, >60°). The evidence note confirms this ""}",,,,,,True,CAND_002,five_level_definition=level1_no_lodging;level2_lt30;level3_30_45;level4_45_60;level5_gt60,True
external,EXT_E002,CROSS_SENTENCE_SCOPE,2,20260821,OPTION_FORMAL_OPERATION,SELECTED,OPTION_B,CAND_002,five_level_definition=level1_no_lodging;level2_lt30;level3_30_45;level4_45_60;level5_gt60,"The 2026 policy document (EXT_DOC_002_2026) explicitly defines a five-level lodging hazard interpretation (no lodging, <30°, 30-45°, 45-60°, >60°). The evidence note confirms this ",OPTION_A=CAND_001|OPTION_B=CAND_002|OPTION_C=CAND_003,3468,json_schema,1868,91,stop,"{
  ""abstain"": false,
  ""option_id"": ""OPTION_B"",
  ""reason"": ""The 2026 policy document (EXT_DOC_002_2026) explicitly defines a five-level lodging hazard interpretation (no lodging, <30°, 30-45°, 45-60°, >60°). The evidence note confirms this ""}",,,,,,True,CAND_002,five_level_definition=level1_no_lodging;level2_lt30;level3_30_45;level4_45_60;level5_gt60,True
external,EXT_E002,CROSS_SENTENCE_SCOPE,2,20260821,OPTION_FORMAL_POLICY,SELECTED,OPTION_B,CAND_002,five_level_definition=level1_no_lodging;level2_lt30;level3_30_45;level4_45_60;level5_gt60,"The source document EXT_DOC_002_2026 has effective_from '2026-01-01', satisfying the condition source_revision_year='2026'. The evidence note confirms that the interpretation adds ",OPTION_A=CAND_001|OPTION_B=CAND_002|OPTION_C=CAND_003,3126,json_schema,2264,79,stop,"{
  ""abstain"": false,
  ""option_id"": ""OPTION_B"",
  ""reason"": ""The source document EXT_DOC_002_2026 has effective_from '2026-01-01', satisfying the condition source_revision_year='2026'. The evidence note confirms that the interpretation adds ""}",True,,,,,True,CAND_002,five_level_definition=level1_no_lodging;level2_lt30;level3_30_45;level4_45_60;level5_gt60,True
external,EXT_E002,CROSS_SENTENCE_SCOPE,2,20260821,OPTION_FORMAL_POLICY_HARD_GATE,SELECTED,OPTION_B,CAND_002,five_level_definition=level1_no_lodging;level2_lt30;level3_30_45;level4_45_60;level5_gt60,deterministic gate selected EXT_E002_FIVE_LEVEL_INTERPRETATION_SCOPE,OPTION_A=CAND_001|OPTION_B=CAND_002|OPTION_C=CAND_003,0,formal_policy_hard_gate,0,0,,,True,EXT_E002_FIVE_LEVEL_INTERPRETATION_SCOPE,five_level_definition=level1_no_lodging;level2_lt30;level3_30_45;level4_45_60;level5_gt60,1,DETERMINISTIC_SELECT,False,CAND_002,five_level_definition=level1_no_lodging;level2_lt30;level3_30_45;level4_45_60;level5_gt60,True
external,EXT_E003,GENERAL_RULE_EXCEPTION,2,20260821,DIRECT_FREE,REJECTED_OUT_OF_CANDIDATE,,,,value outside candidate set: 'accident_date_limit_times_loss_rate',OPTION_A=CAND_003|OPTION_B=CAND_002|OPTION_C=CAND_001,3702,json_schema,1080,87,stop,"{
  ""abstain"": false,
  ""value"": ""accident_date_limit_times_loss_rate"",
  ""reason"": ""The 2026 policy document (EXT_DOC_003_2026) is the authoritative source for the event in 2026. It explicitly changes the calculation method from the old formula to 'accident-date'（""
}",,,,,,True,CAND_002,formula=accident_date_limit_times_loss_rate,False
external,EXT_E003,GENERAL_RULE_EXCEPTION,2,20260821,OPTION_VALUE_ONLY,SELECTED,OPTION_B,CAND_002,formula=accident_date_limit_times_loss_rate,"The case context specifies evaluating the 'Beijing 2026 Policy Agricultural Insurance Unified Reference Terms'. The evidence note states that for the 2026 text, the calculation for",OPTION_A=CAND_003|OPTION_B=CAND_002|OPTION_C=CAND_001,3026,json_schema,1198,68,stop,"{
  ""abstain"": false,
  ""option_id"": ""OPTION_B"",
  ""reason"": ""The case context specifies evaluating the 'Beijing 2026 Policy Agricultural Insurance Unified Reference Terms'. The evidence note states that for the 2026 text, the calculation for""
}",,,,,,True,CAND_002,formula=accident_date_limit_times_loss_rate,True
external,EXT_E003,GENERAL_RULE_EXCEPTION,2,20260821,OPTION_FORMAL_OPERATION,ABSTAIN,,,,"Evidence summary states the 2026 text changes calculation to 'accident-date per-mu compensation limit multiplied by the loss rate' (matching CAND_002). However, OPTION_B uses 'acc'",OPTION_A=CAND_003|OPTION_B=CAND_002|OPTION_C=CAND_001,3135,json_schema,1740,74,stop,"{
  ""abstain"": true,
  ""option_id"": ""ABSTAIN"",
  ""reason"": ""Evidence summary states the 2026 text changes calculation to 'accident-date per-mu compensation limit multiplied by the loss rate' (matching CAND_002). However, OPTION_B uses 'acc'""}",,,,,,True,CAND_002,formula=accident_date_limit_times_loss_rate,False
external,EXT_E003,GENERAL_RULE_EXCEPTION,2,20260821,OPTION_FORMAL_POLICY,SELECTED,OPTION_B,CAND_002,formula=accident_date_limit_times_loss_rate,The case context specifies evaluating the 2026 policy terms (effective 2026-01-01). The formal_policy rule 'EXT_E003_2026_ACCIDENT_DATE_LIMIT_FORMULA' applies to source_revision_20,OPTION_A=CAND_003|OPTION_B=CAND_002|OPTION_C=CAND_001,3345,json_schema,2151,87,stop,"{
  ""abstain"": false,
  ""option_id"": ""OPTION_B"",
  ""reason"": ""The case context specifies evaluating the 2026 policy terms (effective 2026-01-01). The formal_policy rule 'EXT_E003_2026_ACCIDENT_DATE_LIMIT_FORMULA' applies to source_revision_20""

}",True,,,,,True,CAND_002,formula=accident_date_limit_times_loss_rate,True
external,EXT_E003,GENERAL_RULE_EXCEPTION,2,20260821,OPTION_FORMAL_POLICY_HARD_GATE,SELECTED,OPTION_B,CAND_002,formula=accident_date_limit_times_loss_rate,deterministic gate selected EXT_E003_2026_ACCIDENT_DATE_LIMIT_FORMULA,OPTION_A=CAND_003|OPTION_B=CAND_002|OPTION_C=CAND_001,0,formal_policy_hard_gate,0,0,,,True,EXT_E003_2026_ACCIDENT_DATE_LIMIT_FORMULA,formula=accident_date_limit_times_loss_rate,1,DETERMINISTIC_SELECT,False,CAND_002,formula=accident_date_limit_times_loss_rate,True
external,EXT_E004,TEMPORAL_VERSION,2,20260821,DIRECT_FREE,SELECTED,OPTION_B,CAND_002,wcag22_added=2.4.11;level=AA,The public evidence note explicitly states that the W3C WCAG 2.2 change page lists '2.4.11 Focus Not Obscured Minimum with conformance level AA'. This directly supports CAND_002. W,OPTION_A=CAND_003|OPTION_B=CAND_002|OPTION_C=CAND_001,3371,json_schema,888,93,stop,"{
  ""abstain"": false,
  ""value"": ""wcag22_added=2.4.11;level=AA"",
  ""reason"": ""The public evidence note explicitly states that the W3C WCAG 2.2 change page lists '2.4.11 Focus Not Obscured Minimum with conformance level AA'. This directly supports CAND_002. W""
}",,,,,,True,CAND_002,wcag22_added=2.4.11;level=AA,True
external,EXT_E004,TEMPORAL_VERSION,2,20260821,OPTION_VALUE_ONLY,SELECTED,OPTION_B,CAND_002,wcag22_added=2.4.11;level=AA,The source document EXT_DOC_004_NEW ('What is New in WCAG 2.2') explicitly lists success criterion 2.4.11 with conformance level AA. The candidate value for OPTION_A (level=AAA) is,OPTION_A=CAND_003|OPTION_B=CAND_002|OPTION_C=CAND_001,3294,json_schema,1016,82,stop,"{
  ""abstain"": false,
  ""option_id"": ""OPTION_B"",
  ""reason"": ""The source document EXT_DOC_004_NEW ('What is New in WCAG 2.2') explicitly lists success criterion 2.4.11 with conformance level AA. The candidate value for OPTION_A (level=AAA) is""
}",,,,,,True,CAND_002,wcag22_added=2.4.11;level=AA,True
external,EXT_E004,TEMPORAL_VERSION,2,20260821,OPTION_FORMAL_OPERATION,SELECTED,OPTION_B,CAND_002,wcag22_added=2.4.11;level=AA,The source document EXT_DOC_004_NEW ('What is New in WCAG 2.2') explicitly lists success criterion 2.4.11 with conformance level AA. Option B correctly updates the status to 'wcag2,OPTION_A=CAND_003|OPTION_B=CAND_002|OPTION_C=CAND_001,3538,json_schema,1567,81,stop,"{
  ""abstain"": false,
  ""option_id"": ""OPTION_B"",
  ""reason"": ""The source document EXT_DOC_004_NEW ('What is New in WCAG 2.2') explicitly lists success criterion 2.4.11 with conformance level AA. Option B correctly updates the status to 'wcag2""
}",,,,,,True,CAND_002,wcag22_added=2.4.11;level=AA,True
external,EXT_E004,TEMPORAL_VERSION,2,20260821,OPTION_FORMAL_POLICY,SELECTED,OPTION_B,CAND_002,wcag22_added=2.4.11;level=AA,The formal_policy rule EXT_E004_NEW_PUBLIC_CHANGE applies because public_change_present is true and selected_revision is 'new'. This rule explicitly allows only the value 'wcag22_2,OPTION_A=CAND_003|OPTION_B=CAND_002|OPTION_C=CAND_001,2899,json_schema,1890,71,stop,"{
  ""abstain"": false,
  ""option_id"": ""OPTION_B"",
  ""reason"": ""The formal_policy rule EXT_E004_NEW_PUBLIC_CHANGE applies because public_change_present is true and selected_revision is 'new'. This rule explicitly allows only the value 'wcag22_2""
}",True,,,,,True,CAND_002,wcag22_added=2.4.11;level=AA,True
external,EXT_E004,TEMPORAL_VERSION,2,20260821,OPTION_FORMAL_POLICY_HARD_GATE,SELECTED,OPTION_B,CAND_002,wcag22_added=2.4.11;level=AA,deterministic gate selected EXT_E004_NEW_PUBLIC_CHANGE,OPTION_A=CAND_003|OPTION_B=CAND_002|OPTION_C=CAND_001,0,formal_policy_hard_gate,0,0,,,True,EXT_E004_NEW_PUBLIC_CHANGE,wcag22_added=2.4.11;level=AA,1,DETERMINISTIC_SELECT,False,CAND_002,wcag22_added=2.4.11;level=AA,True
external,EXT_E005,TEMPORAL_VERSION,2,20260821,DIRECT_FREE,SELECTED,OPTION_C,CAND_002,wcag22_added=2.4.12;level=AAA,The public evidence note explicitly states that the W3C WCAG 2.2 change page lists '2.4.12 Focus Not Obscured Enhanced with conformance level AAA'. This directly supports CAND_002.,OPTION_A=CAND_003|OPTION_B=CAND_001|OPTION_C=CAND_002,3248,json_schema,888,91,stop,"{
  ""abstain"": false,
  ""value"": ""wcag22_added=2.4.12;level=AAA"",
  ""reason"": ""The public evidence note explicitly states that the W3C WCAG 2.2 change page lists '2.4.12 Focus Not Obscured Enhanced with conformance level AAA'. This directly supports CAND_002.""
}",,,,,,True,CAND_002,wcag22_added=2.4.12;level=AAA,True
external,EXT_E005,TEMPORAL_VERSION,2,20260821,OPTION_VALUE_ONLY,SELECTED,OPTION_C,CAND_002,wcag22_added=2.4.12;level=AAA,"The source document EXT_DOC_005_NEW (What is New in WCAG 2.2) explicitly lists success criterion 2.4.12 Focus Not Obscured Enhanced with conformance level AAA. Therefore, the value",OPTION_A=CAND_003|OPTION_B=CAND_001|OPTION_C=CAND_002,3109,json_schema,1016,80,stop,"{
  ""abstain"": false,
  ""option_id"": ""OPTION_C"",
  ""reason"": ""The source document EXT_DOC_005_NEW (What is New in WCAG 2.2) explicitly lists success criterion 2.4.12 Focus Not Obscured Enhanced with conformance level AAA. Therefore, the value""
}",,,,,,True,CAND_002,wcag22_added=2.4.12;level=AAA,True
external,EXT_E005,TEMPORAL_VERSION,2,20260821,OPTION_FORMAL_OPERATION,SELECTED,OPTION_C,CAND_002,wcag22_added=2.4.12;level=AAA,"The source document EXT_DOC_005_NEW ('What is New in WCAG 2.2') explicitly lists '2.4.12 Focus Not Obscured Enhanced' with conformance level AAA. OPTION_A sets the level to AA, and",OPTION_A=CAND_003|OPTION_B=CAND_001|OPTION_C=CAND_002,3391,json_schema,1567,82,stop,"{
  ""abstain"": false,
  ""option_id"": ""OPTION_C"",
  ""reason"": ""The source document EXT_DOC_005_NEW ('What is New in WCAG 2.2') explicitly lists '2.4.12 Focus Not Obscured Enhanced' with conformance level AAA. OPTION_A sets the level to AA, and""}",,,,,,True,CAND_002,wcag22_added=2.4.12;level=AAA,True
external,EXT_E005,TEMPORAL_VERSION,2,20260821,OPTION_FORMAL_POLICY,SELECTED,OPTION_C,CAND_002,wcag22_added=2.4.12;level=AAA,The formal_policy rule EXT_E005_NEW_PUBLIC_CHANGE has priority 300 and applies because public_change_present is true and selected_revision is 'new'. Its allowed_values list only [',OPTION_A=CAND_003|OPTION_B=CAND_001|OPTION_C=CAND_002,3225,json_schema,1890,70,stop,"{
  ""abstain"": false,
  ""option_id"": ""OPTION_C"",
  ""reason"": ""The formal_policy rule EXT_E005_NEW_PUBLIC_CHANGE has priority 300 and applies because public_change_present is true and selected_revision is 'new'. Its allowed_values list only ['""

}",True,,,,,True,CAND_002,wcag22_added=2.4.12;level=AAA,True
external,EXT_E005,TEMPORAL_VERSION,2,20260821,OPTION_FORMAL_POLICY_HARD_GATE,SELECTED,OPTION_C,CAND_002,wcag22_added=2.4.12;level=AAA,deterministic gate selected EXT_E005_NEW_PUBLIC_CHANGE,OPTION_A=CAND_003|OPTION_B=CAND_001|OPTION_C=CAND_002,0,formal_policy_hard_gate,0,0,,,True,EXT_E005_NEW_PUBLIC_CHANGE,wcag22_added=2.4.12;level=AAA,1,DETERMINISTIC_SELECT,False,CAND_002,wcag22_added=2.4.12;level=AAA,True
external,EXT_E006,TEMPORAL_VERSION,2,20260821,DIRECT_FREE,SELECTED,OPTION_A,CAND_002,wcag22_added=2.4.13;level=AAA,The source document EXT_DOC_006_NEW (What is New in WCAG 2.2) explicitly lists success criterion 2.4.13 Focus Appearance with conformance level AAA as a new addition in WCAG 2.2. W,OPTION_A=CAND_002|OPTION_B=CAND_001|OPTION_C=CAND_003,3620,json_schema,880,97,stop,"{
  ""abstain"": false,
  ""value"": ""wcag22_added=2.4.13;level=AAA"",
  ""reason"": ""The source document EXT_DOC_006_NEW (What is New in WCAG 2.2) explicitly lists success criterion 2.4.13 Focus Appearance with conformance level AAA as a new addition in WCAG 2.2. W""
}",,,,,,True,CAND_002,wcag22_added=2.4.13;level=AAA,True
external,EXT_E006,TEMPORAL_VERSION,2,20260821,OPTION_VALUE_ONLY,SELECTED,OPTION_A,CAND_002,wcag22_added=2.4.13;level=AAA,The source document EXT_DOC_006_NEW (WCAG 2.2 change summary) explicitly lists success criterion 2.4.13 Focus Appearance with conformance level AAA. The public evidence note states,OPTION_A=CAND_002|OPTION_B=CAND_001|OPTION_C=CAND_003,3041,json_schema,1008,74,stop,"{
  ""abstain"": false,
  ""option_id"": ""OPTION_A"",
  ""reason"": ""The source document EXT_DOC_006_NEW (WCAG 2.2 change summary) explicitly lists success criterion 2.4.13 Focus Appearance with conformance level AAA. The public evidence note states""
}",,,,,,True,CAND_002,wcag22_added=2.4.13;level=AAA,True
external,EXT_E006,TEMPORAL_VERSION,2,20260821,OPTION_FORMAL_OPERATION,SELECTED,OPTION_A,CAND_002,wcag22_added=2.4.13;level=AAA,Document EXT_DOC_006_NEW (WCAG 2.2 change summary) explicitly lists success criterion 2.4.13 Focus Appearance with conformance level AAA. This evidence supports replacing the WCAG ,OPTION_A=CAND_002|OPTION_B=CAND_001|OPTION_C=CAND_003,3135,json_schema,1559,76,stop,"{
  ""abstain"": false,
  ""option_id"": ""OPTION_A"",
  ""reason"": ""Document EXT_DOC_006_NEW (WCAG 2.2 change summary) explicitly lists success criterion 2.4.13 Focus Appearance with conformance level AAA. This evidence supports replacing the WCAG ""

}",,,,,,True,CAND_002,wcag22_added=2.4.13;level=AAA,True
external,EXT_E006,TEMPORAL_VERSION,2,20260821,OPTION_FORMAL_POLICY,SELECTED,OPTION_A,CAND_002,wcag22_added=2.4.13;level=AAA,The formal_policy rule EXT_E006_NEW_PUBLIC_CHANGE has priority 300 and applies when selected_revision is 'new'. It explicitly allows only the value 'wcag22_added=2.4.13;level=AAA'.,OPTION_A=CAND_002|OPTION_B=CAND_001|OPTION_C=CAND_003,2921,json_schema,1882,80,stop,"{
  ""abstain"": false,
  ""option_id"": ""OPTION_A"",
  ""reason"": ""The formal_policy rule EXT_E006_NEW_PUBLIC_CHANGE has priority 300 and applies when selected_revision is 'new'. It explicitly allows only the value 'wcag22_added=2.4.13;level=AAA'.""}",True,,,,,True,CAND_002,wcag22_added=2.4.13;level=AAA,True
external,EXT_E006,TEMPORAL_VERSION,2,20260821,OPTION_FORMAL_POLICY_HARD_GATE,SELECTED,OPTION_A,CAND_002,wcag22_added=2.4.13;level=AAA,deterministic gate selected EXT_E006_NEW_PUBLIC_CHANGE,OPTION_A=CAND_002|OPTION_B=CAND_001|OPTION_C=CAND_003,0,formal_policy_hard_gate,0,0,,,True,EXT_E006_NEW_PUBLIC_CHANGE,wcag22_added=2.4.13;level=AAA,1,DETERMINISTIC_SELECT,False,CAND_002,wcag22_added=2.4.13;level=AAA,True
external,EXT_E007,TEMPORAL_VERSION,2,20260821,DIRECT_FREE,SELECTED,OPTION_B,CAND_002,wcag22_added=2.5.7;level=AA,Document EXT_DOC_007_NEW (WCAG 2.2 change summary) published on 2023-10-05 explicitly lists success criterion 2.5.7 Dragging Movements with conformance level AA as a new addition. ,OPTION_A=CAND_003|OPTION_B=CAND_002|OPTION_C=CAND_001,3568,json_schema,878,98,stop,"{
  ""abstain"": false,
  ""value"": ""wcag22_added=2.5.7;level=AA"",
  ""reason"": ""Document EXT_DOC_007_NEW (WCAG 2.2 change summary) published on 2023-10-05 explicitly lists success criterion 2.5.7 Dragging Movements with conformance level AA as a new addition. ""
}",,,,,,True,CAND_002,wcag22_added=2.5.7;level=AA,True
external,EXT_E007,TEMPORAL_VERSION,2,20260821,OPTION_VALUE_ONLY,SELECTED,OPTION_B,CAND_002,wcag22_added=2.5.7;level=AA,"The source document EXT_DOC_007_NEW ('What is New in WCAG 2.2', effective from 2023-10-05) explicitly lists success criterion 2.5.7 Dragging Movements with conformance level AA as ",OPTION_A=CAND_003|OPTION_B=CAND_002|OPTION_C=CAND_001,3320,json_schema,1004,86,stop,"{
  ""abstain"": false,
  ""option_id"": ""OPTION_B"",
  ""reason"": ""The source document EXT_DOC_007_NEW ('What is New in WCAG 2.2', effective from 2023-10-05) explicitly lists success criterion 2.5.7 Dragging Movements with conformance level AA as ""}",,,,,,True,CAND_002,wcag22_added=2.5.7;level=AA,True
external,EXT_E007,TEMPORAL_VERSION,2,20260821,OPTION_FORMAL_OPERATION,SELECTED,OPTION_B,CAND_002,wcag22_added=2.5.7;level=AA,The source document EXT_DOC_007_NEW ('What is New in WCAG 2.2') explicitly lists success criterion 2.5.7 Dragging Movements with conformance level AA. OPTION_A incorrectly sets the,OPTION_A=CAND_003|OPTION_B=CAND_002|OPTION_C=CAND_001,3116,json_schema,1552,78,stop,"{
  ""abstain"": false,
  ""option_id"": ""OPTION_B"",
  ""reason"": ""The source document EXT_DOC_007_NEW ('What is New in WCAG 2.2') explicitly lists success criterion 2.5.7 Dragging Movements with conformance level AA. OPTION_A incorrectly sets the""
}",,,,,,True,CAND_002,wcag22_added=2.5.7;level=AA,True
external,EXT_E007,TEMPORAL_VERSION,2,20260821,OPTION_FORMAL_POLICY,SELECTED,OPTION_B,CAND_002,wcag22_added=2.5.7;level=AA,"The formal_policy rule EXT_E007_NEW_PUBLIC_CHANGE matches the facts (public_change_present=true, selected_revision=new) with priority 300. It explicitly allows only 'wcag22_added=2",OPTION_A=CAND_003|OPTION_B=CAND_002|OPTION_C=CAND_001,2850,json_schema,1873,75,stop,"{
  ""abstain"": false,
  ""option_id"": ""OPTION_B"",
  ""reason"": ""The formal_policy rule EXT_E007_NEW_PUBLIC_CHANGE matches the facts (public_change_present=true, selected_revision=new) with priority 300. It explicitly allows only 'wcag22_added=2""
}",True,,,,,True,CAND_002,wcag22_added=2.5.7;level=AA,True
external,EXT_E007,TEMPORAL_VERSION,2,20260821,OPTION_FORMAL_POLICY_HARD_GATE,SELECTED,OPTION_B,CAND_002,wcag22_added=2.5.7;level=AA,deterministic gate selected EXT_E007_NEW_PUBLIC_CHANGE,OPTION_A=CAND_003|OPTION_B=CAND_002|OPTION_C=CAND_001,0,formal_policy_hard_gate,0,0,,,True,EXT_E007_NEW_PUBLIC_CHANGE,wcag22_added=2.5.7;level=AA,1,DETERMINISTIC_SELECT,False,CAND_002,wcag22_added=2.5.7;level=AA,True
external,EXT_E008,TEMPORAL_VERSION,2,20260821,DIRECT_FREE,SELECTED,OPTION_C,CAND_002,wcag22_added=2.5.8;level=AA,"The document 'What is New in WCAG 2.2' (EXT_DOC_008_NEW), effective from 2023-10-05, explicitly lists success criterion 2.5.8 Target Size Minimum with conformance level AA as a new",OPTION_A=CAND_001|OPTION_B=CAND_003|OPTION_C=CAND_002,3614,json_schema,876,101,stop,"{
  ""abstain"": false,
  ""value"": ""wcag22_added=2.5.8;level=AA"",
  ""reason"": ""The document 'What is New in WCAG 2.2' (EXT_DOC_008_NEW), effective from 2023-10-05, explicitly lists success criterion 2.5.8 Target Size Minimum with conformance level AA as a new""
}",,,,,,True,CAND_002,wcag22_added=2.5.8;level=AA,True
external,EXT_E008,TEMPORAL_VERSION,2,20260821,OPTION_VALUE_ONLY,SELECTED,OPTION_C,CAND_002,wcag22_added=2.5.8;level=AA,The source document EXT_DOC_008_NEW ('What is New in WCAG 2.2') explicitly lists '2.5.8 Target Size Minimum' as a new success criterion with conformance level AA. The evidence note,OPTION_A=CAND_001|OPTION_B=CAND_003|OPTION_C=CAND_002,3162,json_schema,1002,79,stop,"{
  ""abstain"": false,
  ""option_id"": ""OPTION_C"",
  ""reason"": ""The source document EXT_DOC_008_NEW ('What is New in WCAG 2.2') explicitly lists '2.5.8 Target Size Minimum' as a new success criterion with conformance level AA. The evidence note""
}",,,,,,True,CAND_002,wcag22_added=2.5.8;level=AA,True
external,EXT_E008,TEMPORAL_VERSION,2,20260821,OPTION_FORMAL_OPERATION,SELECTED,OPTION_C,CAND_002,wcag22_added=2.5.8;level=AA,WCAG 2.2 change summary (EXT_DOC_008_NEW) explicitly lists success criterion 2.5.8 with conformance level AA. OPTION_C correctly updates the status to 'wcag22_added=2.5.8;level=AA',OPTION_A=CAND_001|OPTION_B=CAND_003|OPTION_C=CAND_002,3369,json_schema,1550,86,stop,"{
  ""abstain"": false,
  ""option_id"": ""OPTION_C"",
  ""reason"": ""WCAG 2.2 change summary (EXT_DOC_008_NEW) explicitly lists success criterion 2.5.8 with conformance level AA. OPTION_C correctly updates the status to 'wcag22_added=2.5.8;level=AA'""}",,,,,,True,CAND_002,wcag22_added=2.5.8;level=AA,True
external,EXT_E008,TEMPORAL_VERSION,2,20260821,OPTION_FORMAL_POLICY,SELECTED,OPTION_C,CAND_002,wcag22_added=2.5.8;level=AA,The formal_policy rule EXT_E008_NEW_PUBLIC_CHANGE applies because public_change_present is true and selected_revision is 'new'. This rule explicitly allows only the value 'wcag22_2,OPTION_A=CAND_001|OPTION_B=CAND_003|OPTION_C=CAND_002,2956,json_schema,1871,71,stop,"{
  ""abstain"": false,
  ""option_id"": ""OPTION_C"",
  ""reason"": ""The formal_policy rule EXT_E008_NEW_PUBLIC_CHANGE applies because public_change_present is true and selected_revision is 'new'. This rule explicitly allows only the value 'wcag22_2""
}",True,,,,,True,CAND_002,wcag22_added=2.5.8;level=AA,True
external,EXT_E008,TEMPORAL_VERSION,2,20260821,OPTION_FORMAL_POLICY_HARD_GATE,SELECTED,OPTION_C,CAND_002,wcag22_added=2.5.8;level=AA,deterministic gate selected EXT_E008_NEW_PUBLIC_CHANGE,OPTION_A=CAND_001|OPTION_B=CAND_003|OPTION_C=CAND_002,0,formal_policy_hard_gate,0,0,,,True,EXT_E008_NEW_PUBLIC_CHANGE,wcag22_added=2.5.8;level=AA,1,DETERMINISTIC_SELECT,False,CAND_002,wcag22_added=2.5.8;level=AA,True
external,EXT_E009,TEMPORAL_VERSION,2,20260821,DIRECT_FREE,SELECTED,OPTION_A,CAND_002,wcag22_added=3.2.6;level=A,The document EXT_DOC_009_NEW (WCAG 2.2 change summary) explicitly lists success criterion 3.2.6 Consistent Help with conformance level A as a new addition in WCAG 2.2. The target ',OPTION_A=CAND_002|OPTION_B=CAND_001|OPTION_C=CAND_003,3355,json_schema,875,92,stop,"{
  ""abstain"": false,
  ""value"": ""wcag22_added=3.2.6;level=A"",
  ""reason"": ""The document EXT_DOC_009_NEW (WCAG 2.2 change summary) explicitly lists success criterion 3.2.6 Consistent Help with conformance level A as a new addition in WCAG 2.2. The target '""}",,,,,,True,CAND_002,wcag22_added=3.2.6;level=A,True
external,EXT_E009,TEMPORAL_VERSION,2,20260821,OPTION_VALUE_ONLY,SELECTED,OPTION_A,CAND_002,wcag22_added=3.2.6;level=A,The document EXT_DOC_009_NEW (WCAG 2.2 change summary) explicitly lists success criterion 3.2.6 Consistent Help with conformance level A as a new addition in WCAG 2.2. The evidence,OPTION_A=CAND_002|OPTION_B=CAND_001|OPTION_C=CAND_003,3309,json_schema,1000,82,stop,"{
  ""abstain"": false,
  ""option_id"": ""OPTION_A"",
  ""reason"": ""The document EXT_DOC_009_NEW (WCAG 2.2 change summary) explicitly lists success criterion 3.2.6 Consistent Help with conformance level A as a new addition in WCAG 2.2. The evidence""
}",,,,,,True,CAND_002,wcag22_added=3.2.6;level=A,True
external,EXT_E009,TEMPORAL_VERSION,2,20260821,OPTION_FORMAL_OPERATION,SELECTED,OPTION_A,CAND_002,wcag22_added=3.2.6;level=A,The document EXT_DOC_009_NEW (WCAG 2.2 change summary) explicitly lists success criterion 3.2.6 Consistent Help with conformance level A as a new addition in WCAG 2.2. This contrad,OPTION_A=CAND_002|OPTION_B=CAND_001|OPTION_C=CAND_003,3568,json_schema,1548,82,stop,"{
  ""abstain"": false,
  ""option_id"": ""OPTION_A"",
  ""reason"": ""The document EXT_DOC_009_NEW (WCAG 2.2 change summary) explicitly lists success criterion 3.2.6 Consistent Help with conformance level A as a new addition in WCAG 2.2. This contrad""
}",,,,,,True,CAND_002,wcag22_added=3.2.6;level=A,True
external,EXT_E009,TEMPORAL_VERSION,2,20260821,OPTION_FORMAL_POLICY,SELECTED,OPTION_A,CAND_002,wcag22_added=3.2.6;level=A,The formal_policy rule EXT_E009_NEW_PUBLIC_CHANGE applies because public_change_present is true and selected_revision is 'new'. This rule explicitly allows only the value 'wcag22_3,OPTION_A=CAND_002|OPTION_B=CAND_001|OPTION_C=CAND_003,2945,json_schema,1868,71,stop,"{
  ""abstain"": false,
  ""option_id"": ""OPTION_A"",
  ""reason"": ""The formal_policy rule EXT_E009_NEW_PUBLIC_CHANGE applies because public_change_present is true and selected_revision is 'new'. This rule explicitly allows only the value 'wcag22_3""
}",True,,,,,True,CAND_002,wcag22_added=3.2.6;level=A,True
external,EXT_E009,TEMPORAL_VERSION,2,20260821,OPTION_FORMAL_POLICY_HARD_GATE,SELECTED,OPTION_A,CAND_002,wcag22_added=3.2.6;level=A,deterministic gate selected EXT_E009_NEW_PUBLIC_CHANGE,OPTION_A=CAND_002|OPTION_B=CAND_001|OPTION_C=CAND_003,0,formal_policy_hard_gate,0,0,,,True,EXT_E009_NEW_PUBLIC_CHANGE,wcag22_added=3.2.6;level=A,1,DETERMINISTIC_SELECT,False,CAND_002,wcag22_added=3.2.6;level=A,True
external,EXT_E010,TEMPORAL_VERSION,2,20260821,DIRECT_FREE,SELECTED,OPTION_B,CAND_002,wcag22_added=3.3.7;level=A,"The document EXT_DOC_010_NEW (What is New in WCAG 2.2), effective from 2023-10-05, explicitly lists success criterion 3.3.7 Redundant Entry with conformance level A as a new entry.",OPTION_A=CAND_003|OPTION_B=CAND_002|OPTION_C=CAND_001,3639,json_schema,877,99,stop,"{
  ""abstain"": false,
  ""value"": ""wcag22_added=3.3.7;level=A"",
  ""reason"": ""The document EXT_DOC_010_NEW (What is New in WCAG 2.2), effective from 2023-10-05, explicitly lists success criterion 3.3.7 Redundant Entry with conformance level A as a new entry.""}",,,,,,True,CAND_002,wcag22_added=3.3.7;level=A,True
external,EXT_E010,TEMPORAL_VERSION,2,20260821,OPTION_VALUE_ONLY,SELECTED,OPTION_B,CAND_002,wcag22_added=3.3.7;level=A,The source document EXT_DOC_010_NEW (WCAG 2.2 change summary) explicitly lists success criterion 3.3.7 Redundant Entry with conformance level A. The candidate value for OPTION_C is,OPTION_A=CAND_003|OPTION_B=CAND_002|OPTION_C=CAND_001,3241,json_schema,1002,78,stop,"{
  ""abstain"": false,
  ""option_id"": ""OPTION_B"",
  ""reason"": ""The source document EXT_DOC_010_NEW (WCAG 2.2 change summary) explicitly lists success criterion 3.3.7 Redundant Entry with conformance level A. The candidate value for OPTION_C is""
}",,,,,,True,CAND_002,wcag22_added=3.3.7;level=A,True
external,EXT_E010,TEMPORAL_VERSION,2,20260821,OPTION_FORMAL_OPERATION,SELECTED,OPTION_B,CAND_002,wcag22_added=3.3.7;level=A,The source document EXT_DOC_010_NEW ('What is New in WCAG 2.2') explicitly lists success criterion 3.3.7 Redundant Entry with conformance level A. OPTION_A incorrectly assigns conA,OPTION_A=CAND_003|OPTION_B=CAND_002|OPTION_C=CAND_001,3392,json_schema,1550,79,stop,"{
  ""abstain"": false,
  ""option_id"": ""OPTION_B"",
  ""reason"": ""The source document EXT_DOC_010_NEW ('What is New in WCAG 2.2') explicitly lists success criterion 3.3.7 Redundant Entry with conformance level A. OPTION_A incorrectly assigns conA""
}",,,,,,True,CAND_002,wcag22_added=3.3.7;level=A,True
external,EXT_E010,TEMPORAL_VERSION,2,20260821,OPTION_FORMAL_POLICY,SELECTED,OPTION_B,CAND_002,wcag22_added=3.3.7;level=A,"The formal_policy rule EXT_E010_NEW_PUBLIC_CHANGE matches the facts (public_change_present=true, selected_revision=new) with priority 300. Its allowed_values list contains only 'wc",OPTION_A=CAND_003|OPTION_B=CAND_002|OPTION_C=CAND_001,2868,json_schema,1870,71,stop,"{
  ""abstain"": false,
  ""option_id"": ""OPTION_B"",
  ""reason"": ""The formal_policy rule EXT_E010_NEW_PUBLIC_CHANGE matches the facts (public_change_present=true, selected_revision=new) with priority 300. Its allowed_values list contains only 'wc""
}",True,,,,,True,CAND_002,wcag22_added=3.3.7;level=A,True
external,EXT_E010,TEMPORAL_VERSION,2,20260821,OPTION_FORMAL_POLICY_HARD_GATE,SELECTED,OPTION_B,CAND_002,wcag22_added=3.3.7;level=A,deterministic gate selected EXT_E010_NEW_PUBLIC_CHANGE,OPTION_A=CAND_003|OPTION_B=CAND_002|OPTION_C=CAND_001,0,formal_policy_hard_gate,0,0,,,True,EXT_E010_NEW_PUBLIC_CHANGE,wcag22_added=3.3.7;level=A,1,DETERMINISTIC_SELECT,False,CAND_002,wcag22_added=3.3.7;level=A,True
external,EXT_E011,TEMPORAL_VERSION,2,20260821,DIRECT_FREE,SELECTED,OPTION_A,CAND_002,wcag22_added=3.3.8;level=AA,The document EXT_DOC_011_NEW (WCAG 2.2 change summary) explicitly lists success criterion 3.3.8 Accessible Authentication Minimum with conformance level AA as a new addition in WC ,OPTION_A=CAND_002|OPTION_B=CAND_003|OPTION_C=CAND_001,3162,json_schema,878,86,stop,"{
  ""abstain"": false,
  ""value"": ""wcag22_added=3.3.8;level=AA"",
  ""reason"": ""The document EXT_DOC_011_NEW (WCAG 2.2 change summary) explicitly lists success criterion 3.3.8 Accessible Authentication Minimum with conformance level AA as a new addition in WC ""}",,,,,,True,CAND_002,wcag22_added=3.3.8;level=AA,True
external,EXT_E011,TEMPORAL_VERSION,2,20260821,OPTION_VALUE_ONLY,SELECTED,OPTION_A,CAND_002,wcag22_added=3.3.8;level=AA,The source document EXT_DOC_011_NEW ('What is New in WCAG 2.2') explicitly lists '3.3.8 Accessible Authentication Minimum' as a new criterion added in WCAG 2.2 with conformance 'AA,OPTION_A=CAND_002|OPTION_B=CAND_003|OPTION_C=CAND_001,3379,json_schema,1004,83,stop,"{
  ""abstain"": false,
  ""option_id"": ""OPTION_A"",
  ""reason"": ""The source document EXT_DOC_011_NEW ('What is New in WCAG 2.2') explicitly lists '3.3.8 Accessible Authentication Minimum' as a new criterion added in WCAG 2.2 with conformance 'AA""
}",,,,,,True,CAND_002,wcag22_added=3.3.8;level=AA,True
external,EXT_E011,TEMPORAL_VERSION,2,20260821,OPTION_FORMAL_OPERATION,SELECTED,OPTION_A,CAND_002,wcag22_added=3.3.8;level=AA,Document EXT_DOC_011_NEW (WCAG 2.2 change summary) explicitly lists success criterion 3.3.8 with conformance level AA as a new addition in WCAG 2.2. Document EXT_DOC_011_OLD (WCAG ,OPTION_A=CAND_002|OPTION_B=CAND_003|OPTION_C=CAND_001,3408,json_schema,1552,88,stop,"{
  ""abstain"": false,
  ""option_id"": ""OPTION_A"",
  ""reason"": ""Document EXT_DOC_011_NEW (WCAG 2.2 change summary) explicitly lists success criterion 3.3.8 with conformance level AA as a new addition in WCAG 2.2. Document EXT_DOC_011_OLD (WCAG ""
}",,,,,,True,CAND_002,wcag22_added=3.3.8;level=AA,True
external,EXT_E011,TEMPORAL_VERSION,2,20260821,OPTION_FORMAL_POLICY,SELECTED,OPTION_A,CAND_002,wcag22_added=3.3.8;level=AA,The formal_policy rule EXT_E011_NEW_PUBLIC_CHANGE applies because public_change_present is true and selected_revision is 'new'. This rule explicitly allows only the value 'wcag22_3,OPTION_A=CAND_002|OPTION_B=CAND_003|OPTION_C=CAND_001,2848,json_schema,1873,71,stop,"{
  ""abstain"": false,
  ""option_id"": ""OPTION_A"",
  ""reason"": ""The formal_policy rule EXT_E011_NEW_PUBLIC_CHANGE applies because public_change_present is true and selected_revision is 'new'. This rule explicitly allows only the value 'wcag22_3""
}",True,,,,,True,CAND_002,wcag22_added=3.3.8;level=AA,True
external,EXT_E011,TEMPORAL_VERSION,2,20260821,OPTION_FORMAL_POLICY_HARD_GATE,SELECTED,OPTION_A,CAND_002,wcag22_added=3.3.8;level=AA,deterministic gate selected EXT_E011_NEW_PUBLIC_CHANGE,OPTION_A=CAND_002|OPTION_B=CAND_003|OPTION_C=CAND_001,0,formal_policy_hard_gate,0,0,,,True,EXT_E011_NEW_PUBLIC_CHANGE,wcag22_added=3.3.8;level=AA,1,DETERMINISTIC_SELECT,False,CAND_002,wcag22_added=3.3.8;level=AA,True
external,EXT_E012,TEMPORAL_VERSION,2,20260821,DIRECT_FREE,SELECTED,OPTION_A,CAND_002,wcag22_added=3.3.9;level=AAA,Document EXT_DOC_012_NEW (WCAG 2.2 change summary) explicitly lists success criterion 3.3.9 Accessible Authentication Enhanced with conformance level AAA as a new addition in WCAG ,OPTION_A=CAND_002|OPTION_B=CAND_003|OPTION_C=CAND_001,3354,json_schema,878,88,stop,"{
  ""abstain"": false,
  ""value"": ""wcag22_added=3.3.9;level=AAA"",
  ""reason"": ""Document EXT_DOC_012_NEW (WCAG 2.2 change summary) explicitly lists success criterion 3.3.9 Accessible Authentication Enhanced with conformance level AAA as a new addition in WCAG ""
}",,,,,,True,CAND_002,wcag22_added=3.3.9;level=AAA,True
external,EXT_E012,TEMPORAL_VERSION,2,20260821,OPTION_VALUE_ONLY,SELECTED,OPTION_A,CAND_002,wcag22_added=3.3.9;level=AAA,"The source document EXT_DOC_012_NEW (WCAG 2.2 change summary) explicitly lists success criterion 3.3.9 Accessible Authentication Enhanced with conformance level AAA. This evidence,",OPTION_A=CAND_002|OPTION_B=CAND_003|OPTION_C=CAND_001,2973,json_schema,1004,73,stop,"{
  ""abstain"": false,
  ""option_id"": ""OPTION_A"",
  ""reason"": ""The source document EXT_DOC_012_NEW (WCAG 2.2 change summary) explicitly lists success criterion 3.3.9 Accessible Authentication Enhanced with conformance level AAA. This evidence,""
}",,,,,,True,CAND_002,wcag22_added=3.3.9;level=AAA,True
external,EXT_E012,TEMPORAL_VERSION,2,20260821,OPTION_FORMAL_OPERATION,SELECTED,OPTION_A,CAND_002,wcag22_added=3.3.9;level=AAA,The source document EXT_DOC_012_NEW ('What is New in WCAG 2.2') explicitly lists success criterion 3.3.9 Accessible Authentication Enhanced with conformance level AAA as a new item,OPTION_A=CAND_002|OPTION_B=CAND_003|OPTION_C=CAND_001,3134,json_schema,1552,76,stop,"{
  ""abstain"": false,
  ""option_id"": ""OPTION_A"",
  ""reason"": ""The source document EXT_DOC_012_NEW ('What is New in WCAG 2.2') explicitly lists success criterion 3.3.9 Accessible Authentication Enhanced with conformance level AAA as a new item""
}",,,,,,True,CAND_002,wcag22_added=3.3.9;level=AAA,True
external,EXT_E012,TEMPORAL_VERSION,2,20260821,OPTION_FORMAL_POLICY,SELECTED,OPTION_A,CAND_002,wcag22_added=3.3.9;level=AAA,The formal_policy rule EXT_E012_NEW_PUBLIC_CHANGE has priority 300 and applies because public_change_present is true and selected_revision is 'new'. This rule explicitly allows the,OPTION_A=CAND_002|OPTION_B=CAND_003|OPTION_C=CAND_001,2922,json_schema,1873,69,stop,"{
  ""abstain"": false,
  ""option_id"": ""OPTION_A"",
  ""reason"": ""The formal_policy rule EXT_E012_NEW_PUBLIC_CHANGE has priority 300 and applies because public_change_present is true and selected_revision is 'new'. This rule explicitly allows the""
}",True,,,,,True,CAND_002,wcag22_added=3.3.9;level=AAA,True
external,EXT_E012,TEMPORAL_VERSION,2,20260821,OPTION_FORMAL_POLICY_HARD_GATE,SELECTED,OPTION_A,CAND_002,wcag22_added=3.3.9;level=AAA,deterministic gate selected EXT_E012_NEW_PUBLIC_CHANGE,OPTION_A=CAND_002|OPTION_B=CAND_003|OPTION_C=CAND_001,0,formal_policy_hard_gate,0,0,,,True,EXT_E012_NEW_PUBLIC_CHANGE,wcag22_added=3.3.9;level=AAA,1,DETERMINISTIC_SELECT,False,CAND_002,wcag22_added=3.3.9;level=AAA,True
external,EXT_E013,CROSS_SENTENCE_SCOPE,2,20260821,DIRECT_FREE,SELECTED,OPTION_A,CAND_002,wcag21_cross_scope=1.3.4;level=AA,EXT_DOC_013_NEW (effective from 2018-06-05) explicitly lists WCAG 2.1 additions including criterion 1.3.4 Orientation at conformance level AA. EXT_DOC_013_OLD is superseded for new,OPTION_A=CAND_002|OPTION_B=CAND_001|OPTION_C=CAND_003,3795,json_schema,880,102,stop,"{
  ""abstain"": false,
  ""value"": ""wcag21_cross_scope=1.3.4;level=AA"",
  ""reason"": ""EXT_DOC_013_NEW (effective from 2018-06-05) explicitly lists WCAG 2.1 additions including criterion 1.3.4 Orientation at conformance level AA. EXT_DOC_013_OLD is superseded for new""
}",,,,,,True,CAND_002,wcag21_cross_scope=1.3.4;level=AA,True
external,EXT_E013,CROSS_SENTENCE_SCOPE,2,20260821,OPTION_VALUE_ONLY,SELECTED,OPTION_A,CAND_002,wcag21_cross_scope=1.3.4;level=AA,The source document EXT_DOC_013_NEW (WCAG 2.1 change summary) explicitly lists the addition of success criterion 1.3.4 Orientation at conformance level AA. The target requires the ,OPTION_A=CAND_002|OPTION_B=CAND_001|OPTION_C=CAND_003,3120,json_schema,1008,74,stop,"{
  ""abstain"": false,
  ""option_id"": ""OPTION_A"",
  ""reason"": ""The source document EXT_DOC_013_NEW (WCAG 2.1 change summary) explicitly lists the addition of success criterion 1.3.4 Orientation at conformance level AA. The target requires the ""}",,,,,,True,CAND_002,wcag21_cross_scope=1.3.4;level=AA,True
external,EXT_E013,CROSS_SENTENCE_SCOPE,2,20260821,OPTION_FORMAL_OPERATION,SELECTED,OPTION_A,CAND_002,wcag21_cross_scope=1.3.4;level=AA,Document EXT_DOC_013_NEW (effective from 2018-06-05) explicitly lists WCAG 2.1 addition 1.3.4 Orientation at level AA as a new success criterion. This evidence satisfies the cross‑,OPTION_A=CAND_002|OPTION_B=CAND_001|OPTION_C=CAND_003,3531,json_schema,1556,85,stop,"{
  ""abstain"": false,
  ""option_id"": ""OPTION_A"",
  ""reason"": ""Document EXT_DOC_013_NEW (effective from 2018-06-05) explicitly lists WCAG 2.1 addition 1.3.4 Orientation at level AA as a new success criterion. This evidence satisfies the cross‑""
}",,,,,,True,CAND_002,wcag21_cross_scope=1.3.4;level=AA,True
external,EXT_E013,CROSS_SENTENCE_SCOPE,2,20260821,OPTION_FORMAL_POLICY,SELECTED,OPTION_A,CAND_002,wcag21_cross_scope=1.3.4;level=AA,The formal_policy rule EXT_E013_NEW_PUBLIC_CHANGE has priority 300 and applies because public_change_present is true and selected_revision is 'new'. This rule explicitly allows the,OPTION_A=CAND_002|OPTION_B=CAND_001|OPTION_C=CAND_003,2995,json_schema,1878,69,stop,"{
  ""abstain"": false,
  ""option_id"": ""OPTION_A"",
  ""reason"": ""The formal_policy rule EXT_E013_NEW_PUBLIC_CHANGE has priority 300 and applies because public_change_present is true and selected_revision is 'new'. This rule explicitly allows the""
}",True,,,,,True,CAND_002,wcag21_cross_scope=1.3.4;level=AA,True
external,EXT_E013,CROSS_SENTENCE_SCOPE,2,20260821,OPTION_FORMAL_POLICY_HARD_GATE,SELECTED,OPTION_A,CAND_002,wcag21_cross_scope=1.3.4;level=AA,deterministic gate selected EXT_E013_NEW_PUBLIC_CHANGE,OPTION_A=CAND_002|OPTION_B=CAND_001|OPTION_C=CAND_003,0,formal_policy_hard_gate,0,0,,,True,EXT_E013_NEW_PUBLIC_CHANGE,wcag21_cross_scope=1.3.4;level=AA,1,DETERMINISTIC_SELECT,False,CAND_002,wcag21_cross_scope=1.3.4;level=AA,True
external,EXT_E014,CROSS_SENTENCE_SCOPE,2,20260821,DIRECT_FREE,SELECTED,OPTION_B,CAND_002,wcag21_cross_scope=1.3.5;level=AA,EXT_DOC_014_NEW (effective from 2018-06-05) supersedes EXT_DOC_014_OLD for WCAG 2.1 additions. The document explicitly lists 1.3.5 Identify Input Purpose at level AA as a new entry,OPTION_A=CAND_001|OPTION_B=CAND_002|OPTION_C=CAND_003,3800,json_schema,884,105,stop,"{
  ""abstain"": false,
  ""value"": ""wcag21_cross_scope=1.3.5;level=AA"",
  ""reason"": ""EXT_DOC_014_NEW (effective from 2018-06-05) supersedes EXT_DOC_014_OLD for WCAG 2.1 additions. The document explicitly lists 1.3.5 Identify Input Purpose at level AA as a new entry""
}",,,,,,True,CAND_002,wcag21_cross_scope=1.3.5;level=AA,True
external,EXT_E014,CROSS_SENTENCE_SCOPE,2,20260821,OPTION_VALUE_ONLY,SELECTED,OPTION_B,CAND_002,wcag21_cross_scope=1.3.5;level=AA,Document EXT_DOC_014_NEW (WCAG 2.1 change summary) is authoritative and effective after EXT_DOC_014_OLD. It explicitly lists the addition of success criterion 1.3.5 at conformance-,OPTION_A=CAND_001|OPTION_B=CAND_002|OPTION_C=CAND_003,3298,json_schema,1012,79,stop,"{
  ""abstain"": false,
  ""option_id"": ""OPTION_B"",
  ""reason"": ""Document EXT_DOC_014_NEW (WCAG 2.1 change summary) is authoritative and effective after EXT_DOC_014_OLD. It explicitly lists the addition of success criterion 1.3.5 at conformance-""

}",,,,,,True,CAND_002,wcag21_cross_scope=1.3.5;level=AA,True
external,EXT_E014,CROSS_SENTENCE_SCOPE,2,20260821,OPTION_FORMAL_OPERATION,SELECTED,OPTION_B,CAND_002,wcag21_cross_scope=1.3.5;level=AA,The source document EXT_DOC_014_NEW (WCAG 2.1 change summary) explicitly lists the addition of success criterion 1.3.5 at conformance level AA. The target value must preserve the ',OPTION_A=CAND_001|OPTION_B=CAND_002|OPTION_C=CAND_003,3371,json_schema,1560,77,stop,"{
  ""abstain"": false,
  ""option_id"": ""OPTION_B"",
  ""reason"": ""The source document EXT_DOC_014_NEW (WCAG 2.1 change summary) explicitly lists the addition of success criterion 1.3.5 at conformance level AA. The target value must preserve the '""
}",,,,,,True,CAND_002,wcag21_cross_scope=1.3.5;level=AA,True
external,EXT_E014,CROSS_SENTENCE_SCOPE,2,20260821,OPTION_FORMAL_POLICY,SELECTED,OPTION_B,CAND_002,wcag21_cross_scope=1.3.5;level=AA,The formal_policy rule EXT_E014_NEW_PUBLIC_CHANGE has priority 300 and applies because public_change_present is true and selected_revision is 'new'. Its allowed_values strictly set,OPTION_A=CAND_001|OPTION_B=CAND_002|OPTION_C=CAND_003,3001,json_schema,1882,69,stop,"{
  ""abstain"": false,
  ""option_id"": ""OPTION_B"",
  ""reason"": ""The formal_policy rule EXT_E014_NEW_PUBLIC_CHANGE has priority 300 and applies because public_change_present is true and selected_revision is 'new'. Its allowed_values strictly set""
}",True,,,,,True,CAND_002,wcag21_cross_scope=1.3.5;level=AA,True
external,EXT_E014,CROSS_SENTENCE_SCOPE,2,20260821,OPTION_FORMAL_POLICY_HARD_GATE,SELECTED,OPTION_B,CAND_002,wcag21_cross_scope=1.3.5;level=AA,deterministic gate selected EXT_E014_NEW_PUBLIC_CHANGE,OPTION_A=CAND_001|OPTION_B=CAND_002|OPTION_C=CAND_003,0,formal_policy_hard_gate,0,0,,,True,EXT_E014_NEW_PUBLIC_CHANGE,wcag21_cross_scope=1.3.5;level=AA,1,DETERMINISTIC_SELECT,False,CAND_002,wcag21_cross_scope=1.3.5;level=AA,True
external,EXT_E015,CROSS_SENTENCE_SCOPE,2,20260821,DIRECT_FREE,SELECTED,OPTION_A,CAND_002,wcag21_cross_scope=1.3.6;level=AAA,The source document EXT_DOC_015_NEW (effective from 2018-06-05) explicitly lists '1.3.6 Identify Purpose' as a new addition at level AAA. The previous standard (EXT_DOC_015_OLD) is,OPTION_A=CAND_002|OPTION_B=CAND_001|OPTION_C=CAND_003,3827,json_schema,882,101,stop,"{
  ""abstain"": false,
  ""value"": ""wcag21_cross_scope=1.3.6;level=AAA"",
  ""reason"": ""The source document EXT_DOC_015_NEW (effective from 2018-06-05) explicitly lists '1.3.6 Identify Purpose' as a new addition at level AAA. The previous standard (EXT_DOC_015_OLD) is""
}",,,,,,True,CAND_002,wcag21_cross_scope=1.3.6;level=AAA,True
external,EXT_E015,CROSS_SENTENCE_SCOPE,2,20260821,OPTION_VALUE_ONLY,SELECTED,OPTION_A,CAND_002,wcag21_cross_scope=1.3.6;level=AAA,The document EXT_DOC_015_NEW (WCAG 2.1 change summary) explicitly lists 'Identify Purpose' (1.3.6) as a new addition at conformance level AAA. The target requires preserving the ID,OPTION_A=CAND_002|OPTION_B=CAND_001|OPTION_C=CAND_003,3205,json_schema,1010,80,stop,"{
  ""abstain"": false,
  ""option_id"": ""OPTION_A"",
  ""reason"": ""The document EXT_DOC_015_NEW (WCAG 2.1 change summary) explicitly lists 'Identify Purpose' (1.3.6) as a new addition at conformance level AAA. The target requires preserving the ID""
}",,,,,,True,CAND_002,wcag21_cross_scope=1.3.6;level=AAA,True
external,EXT_E015,CROSS_SENTENCE_SCOPE,2,20260821,OPTION_FORMAL_OPERATION,SELECTED,OPTION_A,CAND_002,wcag21_cross_scope=1.3.6;level=AAA,Document EXT_DOC_015_NEW (effective from 2018-06-05) supersedes EXT_DOC_015_OLD. It explicitly lists WCAG 2.1 addition 1.3.6 Identify Purpose at level AAA. The evidence supports C2,OPTION_A=CAND_002|OPTION_B=CAND_001|OPTION_C=CAND_003,3680,json_schema,1558,92,stop,"{
  ""abstain"": false,
  ""option_id"": ""OPTION_A"",
  ""reason"": ""Document EXT_DOC_015_NEW (effective from 2018-06-05) supersedes EXT_DOC_015_OLD. It explicitly lists WCAG 2.1 addition 1.3.6 Identify Purpose at level AAA. The evidence supports C2""
}",,,,,,True,CAND_002,wcag21_cross_scope=1.3.6;level=AAA,True
external,EXT_E015,CROSS_SENTENCE_SCOPE,2,20260821,OPTION_FORMAL_POLICY,SELECTED,OPTION_A,CAND_002,wcag21_cross_scope=1.3.6;level=AAA,The formal_policy rule EXT_E015_NEW_PUBLIC_CHANGE has priority 300 and applies because public_change_present is true and selected_revision is 'new'. Its allowed_values list only [',OPTION_A=CAND_002|OPTION_B=CAND_001|OPTION_C=CAND_003,3021,json_schema,1880,70,stop,"{
  ""abstain"": false,
  ""option_id"": ""OPTION_A"",
  ""reason"": ""The formal_policy rule EXT_E015_NEW_PUBLIC_CHANGE has priority 300 and applies because public_change_present is true and selected_revision is 'new'. Its allowed_values list only ['""
}",True,,,,,True,CAND_002,wcag21_cross_scope=1.3.6;level=AAA,True
external,EXT_E015,CROSS_SENTENCE_SCOPE,2,20260821,OPTION_FORMAL_POLICY_HARD_GATE,SELECTED,OPTION_A,CAND_002,wcag21_cross_scope=1.3.6;level=AAA,deterministic gate selected EXT_E015_NEW_PUBLIC_CHANGE,OPTION_A=CAND_002|OPTION_B=CAND_001|OPTION_C=CAND_003,0,formal_policy_hard_gate,0,0,,,True,EXT_E015_NEW_PUBLIC_CHANGE,wcag21_cross_scope=1.3.6;level=AAA,1,DETERMINISTIC_SELECT,False,CAND_002,wcag21_cross_scope=1.3.6;level=AAA,True
external,EXT_E016,CROSS_SENTENCE_SCOPE,2,20260821,DIRECT_FREE,SELECTED,OPTION_C,CAND_002,wcag21_cross_scope=1.4.10;level=AA,The source document EXT_DOC_016_NEW (effective from 2018-06-05) explicitly lists the addition of success criterion 1.4.10 Reflow at conformance level AA as a new feature in WCAG 2.,OPTION_A=CAND_003|OPTION_B=CAND_001|OPTION_C=CAND_002,3721,json_schema,888,101,stop,"{
  ""abstain"": false,
  ""value"": ""wcag21_cross_scope=1.4.10;level=AA"",
  ""reason"": ""The source document EXT_DOC_016_NEW (effective from 2018-06-05) explicitly lists the addition of success criterion 1.4.10 Reflow at conformance level AA as a new feature in WCAG 2.""
}",,,,,,True,CAND_002,wcag21_cross_scope=1.4.10;level=AA,True
external,EXT_E016,CROSS_SENTENCE_SCOPE,2,20260821,OPTION_VALUE_ONLY,SELECTED,OPTION_C,CAND_002,wcag21_cross_scope=1.4.10;level=AA,Document EXT_DOC_016_NEW (WCAG 2.1) is the most authoritative and currently effective source for criterion 1.4.10. The evidence note explicitly states that 1.4.10 Reflow was added ,OPTION_A=CAND_003|OPTION_B=CAND_001|OPTION_C=CAND_002,3203,json_schema,1018,80,stop,"{
  ""abstain"": false,
  ""option_id"": ""OPTION_C"",
  ""reason"": ""Document EXT_DOC_016_NEW (WCAG 2.1) is the most authoritative and currently effective source for criterion 1.4.10. The evidence note explicitly states that 1.4.10 Reflow was added ""}",,,,,,True,CAND_002,wcag21_cross_scope=1.4.10;level=AA,True
external,EXT_E016,CROSS_SENTENCE_SCOPE,2,20260821,OPTION_FORMAL_OPERATION,SELECTED,OPTION_C,CAND_002,wcag21_cross_scope=1.4.10;level=AA,The source document EXT_DOC_016_NEW ('What is New in WCAG 2.1') explicitly lists '1.4.10 Reflow' as a new addition at conformance level AA. OPTION_A incorrectly sets the level to ',OPTION_A=CAND_003|OPTION_B=CAND_001|OPTION_C=CAND_002,3425,json_schema,1569,83,stop,"{
  ""abstain"": false,
  ""option_id"": ""OPTION_C"",
  ""reason"": ""The source document EXT_DOC_016_NEW ('What is New in WCAG 2.1') explicitly lists '1.4.10 Reflow' as a new addition at conformance level AA. OPTION_A incorrectly sets the level to '""
}",,,,,,True,CAND_002,wcag21_cross_scope=1.4.10;level=AA,True
external,EXT_E016,CROSS_SENTENCE_SCOPE,2,20260821,OPTION_FORMAL_POLICY,SELECTED,OPTION_C,CAND_002,wcag21_cross_scope=1.4.10;level=AA,The formal_policy rule EXT_E016_NEW_PUBLIC_CHANGE applies because public_change_present is true and selected_revision is 'new'. This rule explicitly allows only 'wcag21_cross_scope,OPTION_A=CAND_003|OPTION_B=CAND_001|OPTION_C=CAND_002,2726,json_schema,1893,69,stop,"{
  ""abstain"": false,
  ""option_id"": ""OPTION_C"",
  ""reason"": ""The formal_policy rule EXT_E016_NEW_PUBLIC_CHANGE applies because public_change_present is true and selected_revision is 'new'. This rule explicitly allows only 'wcag21_cross_scope""
}",True,,,,,True,CAND_002,wcag21_cross_scope=1.4.10;level=AA,True
external,EXT_E016,CROSS_SENTENCE_SCOPE,2,20260821,OPTION_FORMAL_POLICY_HARD_GATE,SELECTED,OPTION_C,CAND_002,wcag21_cross_scope=1.4.10;level=AA,deterministic gate selected EXT_E016_NEW_PUBLIC_CHANGE,OPTION_A=CAND_003|OPTION_B=CAND_001|OPTION_C=CAND_002,0,formal_policy_hard_gate,0,0,,,True,EXT_E016_NEW_PUBLIC_CHANGE,wcag21_cross_scope=1.4.10;level=AA,1,DETERMINISTIC_SELECT,False,CAND_002,wcag21_cross_scope=1.4.10;level=AA,True
external,EXT_E017,CROSS_SENTENCE_SCOPE,2,20260821,DIRECT_FREE,SELECTED,OPTION_C,CAND_002,wcag21_cross_scope=1.4.11;level=AA,EXT_DOC_017_NEW (effective from 2018-06-05) explicitly lists WCAG 2.1 additions including criterion 1.4.11 at level AA. EXT_DOC_017_OLD is superseded for this addition. The cross-s,OPTION_A=CAND_001|OPTION_B=CAND_003|OPTION_C=CAND_002,3804,json_schema,890,106,stop,"{
  ""abstain"": false,
  ""value"": ""wcag21_cross_scope=1.4.11;level=AA"",
  ""reason"": ""EXT_DOC_017_NEW (effective from 2018-06-05) explicitly lists WCAG 2.1 additions including criterion 1.4.11 at level AA. EXT_DOC_017_OLD is superseded for this addition. The cross-s""
}",,,,,,True,CAND_002,wcag21_cross_scope=1.4.11;level=AA,True
external,EXT_E017,CROSS_SENTENCE_SCOPE,2,20260821,OPTION_VALUE_ONLY,SELECTED,OPTION_C,CAND_002,wcag21_cross_scope=1.4.11;level=AA,The source document EXT_DOC_017_NEW (WCAG 2.1 change summary) explicitly lists the addition of success criterion 1.4.11 Non-text Contrast at conformance level AA. The target case (,OPTION_A=CAND_001|OPTION_B=CAND_003|OPTION_C=CAND_002,3279,json_schema,1020,76,stop,"{
  ""abstain"": false,
  ""option_id"": ""OPTION_C"",
  ""reason"": ""The source document EXT_DOC_017_NEW (WCAG 2.1 change summary) explicitly lists the addition of success criterion 1.4.11 Non-text Contrast at conformance level AA. The target case (""}",,,,,,True,CAND_002,wcag21_cross_scope=1.4.11;level=AA,True
external,EXT_E017,CROSS_SENTENCE_SCOPE,2,20260821,OPTION_FORMAL_OPERATION,SELECTED,OPTION_C,CAND_002,wcag21_cross_scope=1.4.11;level=AA,Document EXT_DOC_017_NEW (effective 2018-06-05) explicitly adds success criterion 1.4.11 Non-text Contrast at conformance level AA to WCAG 2.1. The evidence note confirms the new 1,OPTION_A=CAND_001|OPTION_B=CAND_003|OPTION_C=CAND_002,3720,json_schema,1571,88,stop,"{
  ""abstain"": false,
  ""option_id"": ""OPTION_C"",
  ""reason"": ""Document EXT_DOC_017_NEW (effective 2018-06-05) explicitly adds success criterion 1.4.11 Non-text Contrast at conformance level AA to WCAG 2.1. The evidence note confirms the new 1""
}",,,,,,True,CAND_002,wcag21_cross_scope=1.4.11;level=AA,True
external,EXT_E017,CROSS_SENTENCE_SCOPE,2,20260821,OPTION_FORMAL_POLICY,SELECTED,OPTION_C,CAND_002,wcag21_cross_scope=1.4.11;level=AA,The formal_policy rule EXT_E017_NEW_PUBLIC_CHANGE applies because public_change_present is true and selected_revision is 'new'. This rule explicitly allows only 'wcag21_cross_scope,OPTION_A=CAND_001|OPTION_B=CAND_003|OPTION_C=CAND_002,2855,json_schema,1895,69,stop,"{
  ""abstain"": false,
  ""option_id"": ""OPTION_C"",
  ""reason"": ""The formal_policy rule EXT_E017_NEW_PUBLIC_CHANGE applies because public_change_present is true and selected_revision is 'new'. This rule explicitly allows only 'wcag21_cross_scope""
}",True,,,,,True,CAND_002,wcag21_cross_scope=1.4.11;level=AA,True
external,EXT_E017,CROSS_SENTENCE_SCOPE,2,20260821,OPTION_FORMAL_POLICY_HARD_GATE,SELECTED,OPTION_C,CAND_002,wcag21_cross_scope=1.4.11;level=AA,deterministic gate selected EXT_E017_NEW_PUBLIC_CHANGE,OPTION_A=CAND_001|OPTION_B=CAND_003|OPTION_C=CAND_002,0,formal_policy_hard_gate,0,0,,,True,EXT_E017_NEW_PUBLIC_CHANGE,wcag21_cross_scope=1.4.11;level=AA,1,DETERMINISTIC_SELECT,False,CAND_002,wcag21_cross_scope=1.4.11;level=AA,True
external,EXT_E018,CROSS_SENTENCE_SCOPE,2,20260821,DIRECT_FREE,SELECTED,OPTION_C,CAND_002,wcag21_cross_scope=1.4.12;level=AA,EXT_DOC_018_NEW (effective 2018-06-05) supersedes EXT_DOC_018_OLD for WCAG 2.1 additions. The evidence note explicitly states that the new criteria list includes '1.4.12 Text Spac',OPTION_A=CAND_003|OPTION_B=CAND_001|OPTION_C=CAND_002,3739,json_schema,890,105,stop,"{
  ""abstain"": false,
  ""value"": ""wcag21_cross_scope=1.4.12;level=AA"",
  ""reason"": ""EXT_DOC_018_NEW (effective 2018-06-05) supersedes EXT_DOC_018_OLD for WCAG 2.1 additions. The evidence note explicitly states that the new criteria list includes '1.4.12 Text Spac'""}",,,,,,True,CAND_002,wcag21_cross_scope=1.4.12;level=AA,True
external,EXT_E018,CROSS_SENTENCE_SCOPE,2,20260821,OPTION_VALUE_ONLY,SELECTED,OPTION_C,CAND_002,wcag21_cross_scope=1.4.12;level=AA,The source document EXT_DOC_018_NEW (WCAG 2.1 change summary) explicitly lists the addition of criterion 1.4.12 Text Spacing at conformance level AA. The target requires preserving,OPTION_A=CAND_003|OPTION_B=CAND_001|OPTION_C=CAND_002,3227,json_schema,1020,76,stop,"{
  ""abstain"": false,
  ""option_id"": ""OPTION_C"",
  ""reason"": ""The source document EXT_DOC_018_NEW (WCAG 2.1 change summary) explicitly lists the addition of criterion 1.4.12 Text Spacing at conformance level AA. The target requires preserving""
}",,,,,,True,CAND_002,wcag21_cross_scope=1.4.12;level=AA,True
external,EXT_E018,CROSS_SENTENCE_SCOPE,2,20260821,OPTION_FORMAL_OPERATION,SELECTED,OPTION_C,CAND_002,wcag21_cross_scope=1.4.12;level=AA,The source document EXT_DOC_018_NEW (WCAG 2.1 change summary) explicitly lists the addition of criterion 1.4.12 at conformance level AA. Option C correctly updates the scope to 'wc,OPTION_A=CAND_003|OPTION_B=CAND_001|OPTION_C=CAND_002,3212,json_schema,1571,79,stop,"{
  ""abstain"": false,
  ""option_id"": ""OPTION_C"",
  ""reason"": ""The source document EXT_DOC_018_NEW (WCAG 2.1 change summary) explicitly lists the addition of criterion 1.4.12 at conformance level AA. Option C correctly updates the scope to 'wc""
}",,,,,,True,CAND_002,wcag21_cross_scope=1.4.12;level=AA,True
external,EXT_E018,CROSS_SENTENCE_SCOPE,2,20260821,OPTION_FORMAL_POLICY,SELECTED,OPTION_C,CAND_002,wcag21_cross_scope=1.4.12;level=AA,The formal_policy rule EXT_E018_NEW_PUBLIC_CHANGE has priority 300 and applies because public_change_present is true and selected_revision is 'new'. This rule explicitly allows the,OPTION_A=CAND_003|OPTION_B=CAND_001|OPTION_C=CAND_002,2861,json_schema,1895,69,stop,"{
  ""abstain"": false,
  ""option_id"": ""OPTION_C"",
  ""reason"": ""The formal_policy rule EXT_E018_NEW_PUBLIC_CHANGE has priority 300 and applies because public_change_present is true and selected_revision is 'new'. This rule explicitly allows the""
}",True,,,,,True,CAND_002,wcag21_cross_scope=1.4.12;level=AA,True
external,EXT_E018,CROSS_SENTENCE_SCOPE,2,20260821,OPTION_FORMAL_POLICY_HARD_GATE,SELECTED,OPTION_C,CAND_002,wcag21_cross_scope=1.4.12;level=AA,deterministic gate selected EXT_E018_NEW_PUBLIC_CHANGE,OPTION_A=CAND_003|OPTION_B=CAND_001|OPTION_C=CAND_002,0,formal_policy_hard_gate,0,0,,,True,EXT_E018_NEW_PUBLIC_CHANGE,wcag21_cross_scope=1.4.12;level=AA,1,DETERMINISTIC_SELECT,False,CAND_002,wcag21_cross_scope=1.4.12;level=AA,True
external,EXT_E019,CROSS_SENTENCE_SCOPE,2,20260821,DIRECT_FREE,SELECTED,OPTION_B,CAND_002,wcag21_cross_scope=1.4.13;level=AA,EXT_DOC_019_NEW (effective from 2018-06-05) supersedes EXT_DOC_019_OLD for WCAG 2.1 additions. The evidence note explicitly states that the new addition includes '1.4.13 Content on,OPTION_A=CAND_001|OPTION_B=CAND_002|OPTION_C=CAND_003,3572,json_schema,894,105,stop,"{
  ""abstain"": false,
  ""value"": ""wcag21_cross_scope=1.4.13;level=AA"",
  ""reason"": ""EXT_DOC_019_NEW (effective from 2018-06-05) supersedes EXT_DOC_019_OLD for WCAG 2.1 additions. The evidence note explicitly states that the new addition includes '1.4.13 Content on""
}",,,,,,True,CAND_002,wcag21_cross_scope=1.4.13;level=AA,True
external,EXT_E019,CROSS_SENTENCE_SCOPE,2,20260821,OPTION_VALUE_ONLY,SELECTED,OPTION_B,CAND_002,wcag21_cross_scope=1.4.13;level=AA,Document EXT_DOC_019_NEW (WCAG 2.1 change summary) is authoritative and effective after EXT_DOC_019_OLD. It explicitly lists the addition of success criterion 1.4.13 at conformance,OPTION_A=CAND_001|OPTION_B=CAND_002|OPTION_C=CAND_003,3147,json_schema,1024,80,stop,"{
  ""abstain"": false,
  ""option_id"": ""OPTION_B"",
  ""reason"": ""Document EXT_DOC_019_NEW (WCAG 2.1 change summary) is authoritative and effective after EXT_DOC_019_OLD. It explicitly lists the addition of success criterion 1.4.13 at conformance""
}",,,,,,True,CAND_002,wcag21_cross_scope=1.4.13;level=AA,True
external,EXT_E019,CROSS_SENTENCE_SCOPE,2,20260821,OPTION_FORMAL_OPERATION,SELECTED,OPTION_B,CAND_002,wcag21_cross_scope=1.4.13;level=AA,The source document EXT_DOC_019_NEW (WCAG 2.1 change summary) explicitly lists the addition of success criterion 1.4.13 at conformance level AA. OPTION_B correctly updates the ontO,OPTION_A=CAND_001|OPTION_B=CAND_002|OPTION_C=CAND_003,3253,json_schema,1575,78,stop,"{
  ""abstain"": false,
  ""option_id"": ""OPTION_B"",
  ""reason"": ""The source document EXT_DOC_019_NEW (WCAG 2.1 change summary) explicitly lists the addition of success criterion 1.4.13 at conformance level AA. OPTION_B correctly updates the ontO""
}",,,,,,True,CAND_002,wcag21_cross_scope=1.4.13;level=AA,True
external,EXT_E019,CROSS_SENTENCE_SCOPE,2,20260821,OPTION_FORMAL_POLICY,SELECTED,OPTION_B,CAND_002,wcag21_cross_scope=1.4.13;level=AA,The formal_policy rule EXT_E019_NEW_PUBLIC_CHANGE has priority 300 and applies because public_change_present is true and selected_revision is 'new'. Its allowed_values strictly enl,OPTION_A=CAND_001|OPTION_B=CAND_002|OPTION_C=CAND_003,2926,json_schema,1899,70,stop,"{
  ""abstain"": false,
  ""option_id"": ""OPTION_B"",
  ""reason"": ""The formal_policy rule EXT_E019_NEW_PUBLIC_CHANGE has priority 300 and applies because public_change_present is true and selected_revision is 'new'. Its allowed_values strictly enl""
}",True,,,,,True,CAND_002,wcag21_cross_scope=1.4.13;level=AA,True
external,EXT_E019,CROSS_SENTENCE_SCOPE,2,20260821,OPTION_FORMAL_POLICY_HARD_GATE,SELECTED,OPTION_B,CAND_002,wcag21_cross_scope=1.4.13;level=AA,deterministic gate selected EXT_E019_NEW_PUBLIC_CHANGE,OPTION_A=CAND_001|OPTION_B=CAND_002|OPTION_C=CAND_003,0,formal_policy_hard_gate,0,0,,,True,EXT_E019_NEW_PUBLIC_CHANGE,wcag21_cross_scope=1.4.13;level=AA,1,DETERMINISTIC_SELECT,False,CAND_002,wcag21_cross_scope=1.4.13;level=AA,True
external,EXT_E020,CROSS_SENTENCE_SCOPE,2,20260821,DIRECT_FREE,SELECTED,OPTION_B,CAND_002,wcag21_cross_scope=2.1.4;level=A,"The document EXT_DOC_020_NEW (What is New in WCAG 2.1), effective from 2018-06-05, explicitly lists the addition of success criterion 2.1.4 Character Key Shortcuts at conformance '",OPTION_A=CAND_001|OPTION_B=CAND_002|OPTION_C=CAND_003,3456,json_schema,885,99,stop,"{
  ""abstain"": false,
  ""value"": ""wcag21_cross_scope=2.1.4;level=A"",
  ""reason"": ""The document EXT_DOC_020_NEW (What is New in WCAG 2.1), effective from 2018-06-05, explicitly lists the addition of success criterion 2.1.4 Character Key Shortcuts at conformance '""
}",,,,,,True,CAND_002,wcag21_cross_scope=2.1.4;level=A,True
external,EXT_E020,CROSS_SENTENCE_SCOPE,2,20260821,OPTION_VALUE_ONLY,SELECTED,OPTION_B,CAND_002,wcag21_cross_scope=2.1.4;level=A,"The source document EXT_DOC_020_NEW (effective 2018-06-05) explicitly lists WCAG 2.1 addition 2.1.4 Character Key Shortcuts at conformance level A. The evidence confirms the scope,",OPTION_A=CAND_001|OPTION_B=CAND_002|OPTION_C=CAND_003,3302,json_schema,1012,84,stop,"{
  ""abstain"": false,
  ""option_id"": ""OPTION_B"",
  ""reason"": ""The source document EXT_DOC_020_NEW (effective 2018-06-05) explicitly lists WCAG 2.1 addition 2.1.4 Character Key Shortcuts at conformance level A. The evidence confirms the scope,""}",,,,,,True,CAND_002,wcag21_cross_scope=2.1.4;level=A,True
external,EXT_E020,CROSS_SENTENCE_SCOPE,2,20260821,OPTION_FORMAL_OPERATION,SELECTED,OPTION_B,CAND_002,wcag21_cross_scope=2.1.4;level=A,Document EXT_DOC_020_NEW (effective 2018-06-05) explicitly adds WCAG 2.1.4 at Level A. The evidence supports replacing the 'not_present' status with the specific addition details ',OPTION_A=CAND_001|OPTION_B=CAND_002|OPTION_C=CAND_003,3356,json_schema,1560,83,stop,"{
  ""abstain"": false,
  ""option_id"": ""OPTION_B"",
  ""reason"": ""Document EXT_DOC_020_NEW (effective 2018-06-05) explicitly adds WCAG 2.1.4 at Level A. The evidence supports replacing the 'not_present' status with the specific addition details '""
}",,,,,,True,CAND_002,wcag21_cross_scope=2.1.4;level=A,True
external,EXT_E020,CROSS_SENTENCE_SCOPE,2,20260821,OPTION_FORMAL_POLICY,SELECTED,OPTION_B,CAND_002,wcag21_cross_scope=2.1.4;level=A,The formal_policy rule EXT_E020_NEW_PUBLIC_CHANGE has priority 300 and applies because public_change_present is true and selected_revision is 'new'. Its allowed_values strictly enl,OPTION_A=CAND_001|OPTION_B=CAND_002|OPTION_C=CAND_003,2934,json_schema,1881,70,stop,"{
  ""abstain"": false,
  ""option_id"": ""OPTION_B"",
  ""reason"": ""The formal_policy rule EXT_E020_NEW_PUBLIC_CHANGE has priority 300 and applies because public_change_present is true and selected_revision is 'new'. Its allowed_values strictly enl""
}",True,,,,,True,CAND_002,wcag21_cross_scope=2.1.4;level=A,True
external,EXT_E020,CROSS_SENTENCE_SCOPE,2,20260821,OPTION_FORMAL_POLICY_HARD_GATE,SELECTED,OPTION_B,CAND_002,wcag21_cross_scope=2.1.4;level=A,deterministic gate selected EXT_E020_NEW_PUBLIC_CHANGE,OPTION_A=CAND_001|OPTION_B=CAND_002|OPTION_C=CAND_003,0,formal_policy_hard_gate,0,0,,,True,EXT_E020_NEW_PUBLIC_CHANGE,wcag21_cross_scope=2.1.4;level=A,1,DETERMINISTIC_SELECT,False,CAND_002,wcag21_cross_scope=2.1.4;level=A,True
external,EXT_E021,CROSS_SENTENCE_SCOPE,2,20260821,DIRECT_FREE,SELECTED,OPTION_B,CAND_002,wcag21_cross_scope=4.1.3;level=AA,EXT_DOC_021_NEW (effective 2018-06-05) supersedes EXT_DOC_021_OLD regarding WCAG 2.1 additions. The evidence note explicitly states that the listed addition includes '4.1.3 Status',OPTION_A=CAND_001|OPTION_B=CAND_002|OPTION_C=CAND_003,3568,json_schema,882,100,stop,"{
  ""abstain"": false,
  ""value"": ""wcag21_cross_scope=4.1.3;level=AA"",
  ""reason"": ""EXT_DOC_021_NEW (effective 2018-06-05) supersedes EXT_DOC_021_OLD regarding WCAG 2.1 additions. The evidence note explicitly states that the listed addition includes '4.1.3 Status'""}",,,,,,True,CAND_002,wcag21_cross_scope=4.1.3;level=AA,True
external,EXT_E021,CROSS_SENTENCE_SCOPE,2,20260821,OPTION_VALUE_ONLY,SELECTED,OPTION_B,CAND_002,wcag21_cross_scope=4.1.3;level=AA,The source document EXT_DOC_021_NEW (effective 2018-06-05) explicitly lists WCAG 2.1 additions including criterion 4.1.3 Status Messages at conformance level AA. The target value ',OPTION_A=CAND_001|OPTION_B=CAND_002|OPTION_C=CAND_003,3478,json_schema,1010,84,stop,"{
  ""abstain"": false,
  ""option_id"": ""OPTION_B"",
  ""reason"": ""The source document EXT_DOC_021_NEW (effective 2018-06-05) explicitly lists WCAG 2.1 additions including criterion 4.1.3 Status Messages at conformance level AA. The target value '""
}",,,,,,True,CAND_002,wcag21_cross_scope=4.1.3;level=AA,True
external,EXT_E021,CROSS_SENTENCE_SCOPE,2,20260821,OPTION_FORMAL_OPERATION,SELECTED,OPTION_B,CAND_002,wcag21_cross_scope=4.1.3;level=AA,Document EXT_DOC_021_NEW (effective from 2018-06-05) supersedes EXT_DOC_021_OLD. It explicitly lists WCAG 4.1.3 Status Messages as a new addition at conformance level AA. Therefore,OPTION_A=CAND_001|OPTION_B=CAND_002|OPTION_C=CAND_003,3518,json_schema,1558,89,stop,"{
  ""abstain"": false,
  ""option_id"": ""OPTION_B"",
  ""reason"": ""Document EXT_DOC_021_NEW (effective from 2018-06-05) supersedes EXT_DOC_021_OLD. It explicitly lists WCAG 4.1.3 Status Messages as a new addition at conformance level AA. Therefore""
}",,,,,,True,CAND_002,wcag21_cross_scope=4.1.3;level=AA,True
external,EXT_E021,CROSS_SENTENCE_SCOPE,2,20260821,OPTION_FORMAL_POLICY,SELECTED,OPTION_B,CAND_002,wcag21_cross_scope=4.1.3;level=AA,The formal_policy rule EXT_E021_NEW_PUBLIC_CHANGE has priority 300 and applies because public_change_present is true and selected_revision is 'new'. Its allowed_values strictly enl,OPTION_A=CAND_001|OPTION_B=CAND_002|OPTION_C=CAND_003,2926,json_schema,1880,70,stop,"{
  ""abstain"": false,
  ""option_id"": ""OPTION_B"",
  ""reason"": ""The formal_policy rule EXT_E021_NEW_PUBLIC_CHANGE has priority 300 and applies because public_change_present is true and selected_revision is 'new'. Its allowed_values strictly enl""
}",True,,,,,True,CAND_002,wcag21_cross_scope=4.1.3;level=AA,True
external,EXT_E021,CROSS_SENTENCE_SCOPE,2,20260821,OPTION_FORMAL_POLICY_HARD_GATE,SELECTED,OPTION_B,CAND_002,wcag21_cross_scope=4.1.3;level=AA,deterministic gate selected EXT_E021_NEW_PUBLIC_CHANGE,OPTION_A=CAND_001|OPTION_B=CAND_002|OPTION_C=CAND_003,0,formal_policy_hard_gate,0,0,,,True,EXT_E021_NEW_PUBLIC_CHANGE,wcag21_cross_scope=4.1.3;level=AA,1,DETERMINISTIC_SELECT,False,CAND_002,wcag21_cross_scope=4.1.3;level=AA,True
external,EXT_E022,GENERAL_RULE_EXCEPTION,2,20260821,DIRECT_FREE,SELECTED,OPTION_A,CAND_002,wcag21_input_rule=2.5.1;level=A,EXT_DOC_022_NEW (effective from 2018-06-05) supersedes EXT_DOC_022_OLD. The document explicitly lists '2.5.1 Pointer Gestures' as a new addition at conformance level A.,OPTION_A=CAND_002|OPTION_B=CAND_003|OPTION_C=CAND_001,3641,json_schema,875,99,stop,"{
  ""abstain"": false,
  ""value"": ""wcag21_input_rule=2.5.1;level=A"",
  ""reason"": ""EXT_DOC_022_NEW (effective from 2018-06-05) supersedes EXT_DOC_022_OLD. The document explicitly lists '2.5.1 Pointer Gestures' as a new addition at conformance level A.""
}",,,,,,True,CAND_002,wcag21_input_rule=2.5.1;level=A,True
external,EXT_E022,GENERAL_RULE_EXCEPTION,2,20260821,OPTION_VALUE_ONLY,SELECTED,OPTION_A,CAND_002,wcag21_input_rule=2.5.1;level=A,"WCAG 2.1 (effective 2018-06-05) superseded WCAG 2.0. The change summary explicitly lists '2.5.1 Pointer Gestures' as a new addition at conformance level A. Therefore, the rule is '",OPTION_A=CAND_002|OPTION_B=CAND_003|OPTION_C=CAND_001,3587,json_schema,1002,90,stop,"{
  ""abstain"": false,
  ""option_id"": ""OPTION_A"",
  ""reason"": ""WCAG 2.1 (effective 2018-06-05) superseded WCAG 2.0. The change summary explicitly lists '2.5.1 Pointer Gestures' as a new addition at conformance level A. Therefore, the rule is '""
}",,,,,,True,CAND_002,wcag21_input_rule=2.5.1;level=A,True
external,EXT_E022,GENERAL_RULE_EXCEPTION,2,20260821,OPTION_FORMAL_OPERATION,SELECTED,OPTION_A,CAND_002,wcag21_input_rule=2.5.1;level=A,Document EXT_DOC_022_NEW (WCAG 2.1 change summary) explicitly lists '2.5.1 Pointer Gestures' as a new addition at conformance level A. This supersedes the previous status in EXT_E0,OPTION_A=CAND_002|OPTION_B=CAND_003|OPTION_C=CAND_001,3468,json_schema,1550,82,stop,"{
  ""abstain"": false,
  ""option_id"": ""OPTION_A"",
  ""reason"": ""Document EXT_DOC_022_NEW (WCAG 2.1 change summary) explicitly lists '2.5.1 Pointer Gestures' as a new addition at conformance level A. This supersedes the previous status in EXT_E0""
}",,,,,,True,CAND_002,wcag21_input_rule=2.5.1;level=A,True
external,EXT_E022,GENERAL_RULE_EXCEPTION,2,20260821,OPTION_FORMAL_POLICY,SELECTED,OPTION_A,CAND_002,wcag21_input_rule=2.5.1;level=A,"The formal_policy rule EXT_E022_NEW_PUBLIC_CHANGE matches the case facts (public_change_present=true, selected_revision=new) with priority 300. This rule explicitly allows only 'wc",OPTION_A=CAND_002|OPTION_B=CAND_003|OPTION_C=CAND_001,2724,json_schema,1871,71,stop,"{
  ""abstain"": false,
  ""option_id"": ""OPTION_A"",
  ""reason"": ""The formal_policy rule EXT_E022_NEW_PUBLIC_CHANGE matches the case facts (public_change_present=true, selected_revision=new) with priority 300. This rule explicitly allows only 'wc""
}",True,,,,,True,CAND_002,wcag21_input_rule=2.5.1;level=A,True
external,EXT_E022,GENERAL_RULE_EXCEPTION,2,20260821,OPTION_FORMAL_POLICY_HARD_GATE,SELECTED,OPTION_A,CAND_002,wcag21_input_rule=2.5.1;level=A,deterministic gate selected EXT_E022_NEW_PUBLIC_CHANGE,OPTION_A=CAND_002|OPTION_B=CAND_003|OPTION_C=CAND_001,0,formal_policy_hard_gate,0,0,,,True,EXT_E022_NEW_PUBLIC_CHANGE,wcag21_input_rule=2.5.1;level=A,1,DETERMINISTIC_SELECT,False,CAND_002,wcag21_input_rule=2.5.1;level=A,True
external,EXT_E023,GENERAL_RULE_EXCEPTION,2,20260821,DIRECT_FREE,SELECTED,OPTION_C,CAND_002,wcag21_input_rule=2.5.2;level=A,EXT_DOC_023_NEW (effective from 2018-06-05) supersedes EXT_DOC_023_OLD. The document explicitly lists '2.5.2 Pointer Cancellation' as a new addition at level A.,OPTION_A=CAND_001|OPTION_B=CAND_003|OPTION_C=CAND_002,3381,json_schema,875,97,stop,"{
  ""abstain"": false,
  ""value"": ""wcag21_input_rule=2.5.2;level=A"",
  ""reason"": ""EXT_DOC_023_NEW (effective from 2018-06-05) supersedes EXT_DOC_023_OLD. The document explicitly lists '2.5.2 Pointer Cancellation' as a new addition at level A.""
}",,,,,,True,CAND_002,wcag21_input_rule=2.5.2;level=A,True
external,EXT_E023,GENERAL_RULE_EXCEPTION,2,20260821,OPTION_VALUE_ONLY,SELECTED,OPTION_C,CAND_002,wcag21_input_rule=2.5.2;level=A,Document EXT_DOC_023_NEW (effective from 2018-06-05) supersedes EXT_DOC_023_OLD. The new document explicitly lists WCAG 2.5.2 Pointer Cancellation as a new input modality success准则,OPTION_A=CAND_001|OPTION_B=CAND_003|OPTION_C=CAND_002,3450,json_schema,1002,88,stop,"{
  ""abstain"": false,
  ""option_id"": ""OPTION_C"",
  ""reason"": ""Document EXT_DOC_023_NEW (effective from 2018-06-05) supersedes EXT_DOC_023_OLD. The new document explicitly lists WCAG 2.5.2 Pointer Cancellation as a new input modality success准则""
}",,,,,,True,CAND_002,wcag21_input_rule=2.5.2;level=A,True
external,EXT_E023,GENERAL_RULE_EXCEPTION,2,20260821,OPTION_FORMAL_OPERATION,SELECTED,OPTION_C,CAND_002,wcag21_input_rule=2.5.2;level=A,Document EXT_DOC_023_NEW (WCAG 2.1 change summary) explicitly lists '2.5.2 Pointer Cancellation' as a new input modality related success criterion at conformance level A. This sups,OPTION_A=CAND_001|OPTION_B=CAND_003|OPTION_C=CAND_002,3351,json_schema,1550,79,stop,"{
  ""abstain"": false,
  ""option_id"": ""OPTION_C"",
  ""reason"": ""Document EXT_DOC_023_NEW (WCAG 2.1 change summary) explicitly lists '2.5.2 Pointer Cancellation' as a new input modality related success criterion at conformance level A. This sups""
}",,,,,,True,CAND_002,wcag21_input_rule=2.5.2;level=A,True
external,EXT_E023,GENERAL_RULE_EXCEPTION,2,20260821,OPTION_FORMAL_POLICY,SELECTED,OPTION_C,CAND_002,wcag21_input_rule=2.5.2;level=A,"The formal_policy rule EXT_E023_NEW_PUBLIC_CHANGE matches the facts (public_change_present=true, selected_revision=new) with priority 300. Its allowed_values list contains only 'wc",OPTION_A=CAND_001|OPTION_B=CAND_003|OPTION_C=CAND_002,2862,json_schema,1871,71,stop,"{
  ""abstain"": false,
  ""option_id"": ""OPTION_C"",
  ""reason"": ""The formal_policy rule EXT_E023_NEW_PUBLIC_CHANGE matches the facts (public_change_present=true, selected_revision=new) with priority 300. Its allowed_values list contains only 'wc""
}",True,,,,,True,CAND_002,wcag21_input_rule=2.5.2;level=A,True
external,EXT_E023,GENERAL_RULE_EXCEPTION,2,20260821,OPTION_FORMAL_POLICY_HARD_GATE,SELECTED,OPTION_C,CAND_002,wcag21_input_rule=2.5.2;level=A,deterministic gate selected EXT_E023_NEW_PUBLIC_CHANGE,OPTION_A=CAND_001|OPTION_B=CAND_003|OPTION_C=CAND_002,0,formal_policy_hard_gate,0,0,,,True,EXT_E023_NEW_PUBLIC_CHANGE,wcag21_input_rule=2.5.2;level=A,1,DETERMINISTIC_SELECT,False,CAND_002,wcag21_input_rule=2.5.2;level=A,True
external,EXT_E024,GENERAL_RULE_EXCEPTION,2,20260821,DIRECT_FREE,SELECTED,OPTION_B,CAND_002,wcag21_input_rule=2.5.3;level=A,"Document EXT_DOC_024_NEW (effective from 2018-06-05) explicitly lists WCAG 2.5.3 Label in Name as a new input modality related success criterion at level A, superseding the status.",OPTION_A=CAND_001|OPTION_B=CAND_002|OPTION_C=CAND_003,3518,json_schema,875,96,stop,"{
  ""abstain"": false,
  ""value"": ""wcag21_input_rule=2.5.3;level=A"",
  ""reason"": ""Document EXT_DOC_024_NEW (effective from 2018-06-05) explicitly lists WCAG 2.5.3 Label in Name as a new input modality related success criterion at level A, superseding the status.""
}",,,,,,True,CAND_002,wcag21_input_rule=2.5.3;level=A,True
external,EXT_E024,GENERAL_RULE_EXCEPTION,2,20260821,OPTION_VALUE_ONLY,SELECTED,OPTION_B,CAND_002,wcag21_input_rule=2.5.3;level=A,WCAG 2.1 (effective 2018-06-05) superseded WCAG 2.0 for this criterion. The change summary explicitly lists 2.5.3 Label in Name as a new input modality requirement at Level A.,OPTION_A=CAND_001|OPTION_B=CAND_002|OPTION_C=CAND_003,3328,json_schema,1002,87,stop,"{
  ""abstain"": false,
  ""option_id"": ""OPTION_B"",
  ""reason"": ""WCAG 2.1 (effective 2018-06-05) superseded WCAG 2.0 for this criterion. The change summary explicitly lists 2.5.3 Label in Name as a new input modality requirement at Level A.""
}",,,,,,True,CAND_002,wcag21_input_rule=2.5.3;level=A,True
external,EXT_E024,GENERAL_RULE_EXCEPTION,2,20260821,OPTION_FORMAL_OPERATION,SELECTED,OPTION_B,CAND_002,wcag21_input_rule=2.5.3;level=A,Document EXT_DOC_024_NEW (effective 2018-06-05) explicitly lists WCAG 2.5.3 Label in Name as a new input modality requirement at conformance level A. This supersedes the prior non-,OPTION_A=CAND_001|OPTION_B=CAND_002|OPTION_C=CAND_003,3366,json_schema,1550,85,stop,"{
  ""abstain"": false,
  ""option_id"": ""OPTION_B"",
  ""reason"": ""Document EXT_DOC_024_NEW (effective 2018-06-05) explicitly lists WCAG 2.5.3 Label in Name as a new input modality requirement at conformance level A. This supersedes the prior non-""}",,,,,,True,CAND_002,wcag21_input_rule=2.5.3;level=A,True
external,EXT_E024,GENERAL_RULE_EXCEPTION,2,20260821,OPTION_FORMAL_POLICY,SELECTED,OPTION_B,CAND_002,wcag21_input_rule=2.5.3;level=A,"The formal_policy rule EXT_E024_NEW_PUBLIC_CHANGE has priority 300 and matches the facts (public_change_present=true, selected_revision=new), allowing only 'wcag21_input_rule=2.5.3",OPTION_A=CAND_001|OPTION_B=CAND_002|OPTION_C=CAND_003,2955,json_schema,1871,78,stop,"{
  ""abstain"": false,
  ""option_id"": ""OPTION_B"",
  ""reason"": ""The formal_policy rule EXT_E024_NEW_PUBLIC_CHANGE has priority 300 and matches the facts (public_change_present=true, selected_revision=new), allowing only 'wcag21_input_rule=2.5.3""
}",True,,,,,True,CAND_002,wcag21_input_rule=2.5.3;level=A,True
external,EXT_E024,GENERAL_RULE_EXCEPTION,2,20260821,OPTION_FORMAL_POLICY_HARD_GATE,SELECTED,OPTION_B,CAND_002,wcag21_input_rule=2.5.3;level=A,deterministic gate selected EXT_E024_NEW_PUBLIC_CHANGE,OPTION_A=CAND_001|OPTION_B=CAND_002|OPTION_C=CAND_003,0,formal_policy_hard_gate,0,0,,,True,EXT_E024_NEW_PUBLIC_CHANGE,wcag21_input_rule=2.5.3;level=A,1,DETERMINISTIC_SELECT,False,CAND_002,wcag21_input_rule=2.5.3;level=A,True
external,EXT_E025,GENERAL_RULE_EXCEPTION,2,20260821,DIRECT_FREE,SELECTED,OPTION_C,CAND_002,risk_management_text=updated_context_setting,The source document EXT_DOC_025_NEW (NIST SP 800-63-4) is authoritative and effective from 2025-08-01. The evidence note explicitly states that the substantial content change for ',OPTION_A=CAND_003|OPTION_B=CAND_001|OPTION_C=CAND_002,3380,json_schema,876,88,stop,"{
  ""abstain"": false,
  ""value"": ""risk_management_text=updated_context_setting"",
  ""reason"": ""The source document EXT_DOC_025_NEW (NIST SP 800-63-4) is authoritative and effective from 2025-08-01. The evidence note explicitly states that the substantial content change for '""
}",,,,,,True,CAND_002,risk_management_text=updated_context_setting,True
external,EXT_E025,GENERAL_RULE_EXCEPTION,2,20260821,OPTION_VALUE_ONLY,SELECTED,OPTION_C,CAND_002,risk_management_text=updated_context_setting,The target subject 'NIST SP 800-63-4 risk_management_context' and predicate 'revision change status' directly correspond to the evidence note stating that Revision 4 (effective 202,OPTION_A=CAND_003|OPTION_B=CAND_001|OPTION_C=CAND_002,2960,json_schema,990,75,stop,"{
  ""abstain"": false,
  ""option_id"": ""OPTION_C"",
  ""reason"": ""The target subject 'NIST SP 800-63-4 risk_management_context' and predicate 'revision change status' directly correspond to the evidence note stating that Revision 4 (effective 202""
}",,,,,,True,CAND_002,risk_management_text=updated_context_setting,True
external,EXT_E025,GENERAL_RULE_EXCEPTION,2,20260821,OPTION_FORMAL_OPERATION,SELECTED,OPTION_C,CAND_002,risk_management_text=updated_context_setting,The target change explicitly states 'Updates text and context setting for risk management'. CAND_002 ('risk_management_text=updated_context_setting') directly matches this textual/,OPTION_A=CAND_003|OPTION_B=CAND_001|OPTION_C=CAND_002,2978,json_schema,1553,63,stop,"{
  ""abstain"": false,
  ""option_id"": ""OPTION_C"",
  ""reason"": ""The target change explicitly states 'Updates text and context setting for risk management'. CAND_002 ('risk_management_text=updated_context_setting') directly matches this textual/""}",,,,,,True,CAND_002,risk_management_text=updated_context_setting,True
external,EXT_E025,GENERAL_RULE_EXCEPTION,2,20260821,OPTION_FORMAL_POLICY,SELECTED,OPTION_C,CAND_002,risk_management_text=updated_context_setting,The formal_policy rule EXT_E025_NEW_PUBLIC_CHANGE has priority 300 and applies when selected_revision is 'new' (which matches the case context of assessing the 2025 final release).,OPTION_A=CAND_003|OPTION_B=CAND_001|OPTION_C=CAND_002,2873,json_schema,1879,75,stop,"{
  ""abstain"": false,
  ""option_id"": ""OPTION_C"",
  ""reason"": ""The formal_policy rule EXT_E025_NEW_PUBLIC_CHANGE has priority 300 and applies when selected_revision is 'new' (which matches the case context of assessing the 2025 final release).""
}",True,,,,,True,CAND_002,risk_management_text=updated_context_setting,True
external,EXT_E025,GENERAL_RULE_EXCEPTION,2,20260821,OPTION_FORMAL_POLICY_HARD_GATE,SELECTED,OPTION_C,CAND_002,risk_management_text=updated_context_setting,deterministic gate selected EXT_E025_NEW_PUBLIC_CHANGE,OPTION_A=CAND_003|OPTION_B=CAND_001|OPTION_C=CAND_002,0,formal_policy_hard_gate,0,0,,,True,EXT_E025_NEW_PUBLIC_CHANGE,risk_management_text=updated_context_setting,1,DETERMINISTIC_SELECT,False,CAND_002,risk_management_text=updated_context_setting,True
external,EXT_E026,GENERAL_RULE_EXCEPTION,2,20260821,DIRECT_FREE,REJECTED_OUT_OF_CANDIDATE,,,,value outside candidate set: 'recommended_added',OPTION_A=CAND_001|OPTION_B=CAND_002|OPTION_C=CAND_003,3203,json_schema,869,85,stop,"{
  ""abstain"": false,
  ""value"": ""recommended_added"",
  ""reason"": ""The source document EXT_DOC_026_NEW (NIST SP 800-63-4) is authoritative and effective from 2025-08-01. The public evidence note explicitly states that Revision 4 adds 'recommended'""
}",,,,,,True,CAND_002,continuous_evaluation_metrics=recommended_added,False
external,EXT_E026,GENERAL_RULE_EXCEPTION,2,20260821,OPTION_VALUE_ONLY,SELECTED,OPTION_B,CAND_002,continuous_evaluation_metrics=recommended_added,The source document EXT_DOC_026_NEW (NIST SP 800-63-4) is authoritative and effective from 2025-08-01. The event context explicitly states the change 'Adds recommended continuous评价,OPTION_A=CAND_001|OPTION_B=CAND_002|OPTION_C=CAND_003,3256,json_schema,982,84,stop,"{
  ""abstain"": false,
  ""option_id"": ""OPTION_B"",
  ""reason"": ""The source document EXT_DOC_026_NEW (NIST SP 800-63-4) is authoritative and effective from 2025-08-01. The event context explicitly states the change 'Adds recommended continuous评价""
}",,,,,,True,CAND_002,continuous_evaluation_metrics=recommended_added,True
external,EXT_E026,GENERAL_RULE_EXCEPTION,2,20260821,OPTION_FORMAL_OPERATION,SELECTED,OPTION_B,CAND_002,continuous_evaluation_metrics=recommended_added,The NIST SP 800-63-4 final release (effective 2025-08-01) explicitly states the change 'Adds recommended continuous evaluation metrics'. This directly supports CAND_002 ('recommned,OPTION_A=CAND_001|OPTION_B=CAND_002|OPTION_C=CAND_003,3676,json_schema,1542,83,stop,"{
  ""abstain"": false,
  ""option_id"": ""OPTION_B"",
  ""reason"": ""The NIST SP 800-63-4 final release (effective 2025-08-01) explicitly states the change 'Adds recommended continuous evaluation metrics'. This directly supports CAND_002 ('recommned""
}",,,,,,True,CAND_002,continuous_evaluation_metrics=recommended_added,True
external,EXT_E026,GENERAL_RULE_EXCEPTION,2,20260821,OPTION_FORMAL_POLICY,SELECTED,OPTION_B,CAND_002,continuous_evaluation_metrics=recommended_added,The formal_policy rule EXT_E026_NEW_PUBLIC_CHANGE (priority 300) applies because public_change_present is true and selected_revision is 'new'. Its allowed_values list contains only,OPTION_A=CAND_001|OPTION_B=CAND_002|OPTION_C=CAND_003,3037,json_schema,1866,70,stop,"{
  ""abstain"": false,
  ""option_id"": ""OPTION_B"",
  ""reason"": ""The formal_policy rule EXT_E026_NEW_PUBLIC_CHANGE (priority 300) applies because public_change_present is true and selected_revision is 'new'. Its allowed_values list contains only""
}",True,,,,,True,CAND_002,continuous_evaluation_metrics=recommended_added,True
external,EXT_E026,GENERAL_RULE_EXCEPTION,2,20260821,OPTION_FORMAL_POLICY_HARD_GATE,SELECTED,OPTION_B,CAND_002,continuous_evaluation_metrics=recommended_added,deterministic gate selected EXT_E026_NEW_PUBLIC_CHANGE,OPTION_A=CAND_001|OPTION_B=CAND_002|OPTION_C=CAND_003,0,formal_policy_hard_gate,0,0,,,True,EXT_E026_NEW_PUBLIC_CHANGE,continuous_evaluation_metrics=recommended_added,1,DETERMINISTIC_SELECT,False,CAND_002,continuous_evaluation_metrics=recommended_added,True
external,EXT_E027,GENERAL_RULE_EXCEPTION,2,20260821,DIRECT_FREE,SELECTED,OPTION_B,CAND_002,fraud_requirements=expanded_identity_proofing,The source document EXT_DOC_027_NEW (NIST SP 800-63-4) is authoritative and effective from 2025-08-01. The public evidence note explicitly states that the landing page lists a 'sub,OPTION_A=CAND_001|OPTION_B=CAND_002|OPTION_C=CAND_003,3600,json_schema,890,91,stop,"{
  ""abstain"": false,
  ""value"": ""fraud_requirements=expanded_identity_proofing"",
  ""reason"": ""The source document EXT_DOC_027_NEW (NIST SP 800-63-4) is authoritative and effective from 2025-08-01. The public evidence note explicitly states that the landing page lists a 'sub""

}",,,,,,True,CAND_002,fraud_requirements=expanded_identity_proofing,True
external,EXT_E027,GENERAL_RULE_EXCEPTION,2,20260821,OPTION_VALUE_ONLY,SELECTED,OPTION_B,CAND_002,fraud_requirements=expanded_identity_proofing,The public evidence note explicitly states that NIST SP 800-63-4 Revision 4 (effective 2025-08-01) contains the substantial content change: 'Expands fraud requirements and for the',OPTION_A=CAND_001|OPTION_B=CAND_002|OPTION_C=CAND_003,3381,json_schema,1008,80,stop,"{
  ""abstain"": false,
  ""option_id"": ""OPTION_B"",
  ""reason"": ""The public evidence note explicitly states that NIST SP 800-63-4 Revision 4 (effective 2025-08-01) contains the substantial content change: 'Expands fraud requirements and for the'""}",,,,,,True,CAND_002,fraud_requirements=expanded_identity_proofing,True
external,EXT_E027,GENERAL_RULE_EXCEPTION,2,20260821,OPTION_FORMAL_OPERATION,SELECTED,OPTION_B,CAND_002,fraud_requirements=expanded_identity_proofing,The source document EXT_DOC_027_NEW (NIST SP 800-63-4) explicitly states the change is: 'Expands fraud requirements and recommendations for identity proofing processes.' Candidate ,OPTION_A=CAND_001|OPTION_B=CAND_002|OPTION_C=CAND_003,3197,json_schema,1577,74,stop,"{
  ""abstain"": false,
  ""option_id"": ""OPTION_B"",
  ""reason"": ""The source document EXT_DOC_027_NEW (NIST SP 800-63-4) explicitly states the change is: 'Expands fraud requirements and recommendations for identity proofing processes.' Candidate ""}",,,,,,True,CAND_002,fraud_requirements=expanded_identity_proofing,True
external,EXT_E027,GENERAL_RULE_EXCEPTION,2,20260821,OPTION_FORMAL_POLICY,SELECTED,OPTION_B,CAND_002,fraud_requirements=expanded_identity_proofing,The formal_policy rule EXT_E027_NEW_PUBLIC_CHANGE applies because public_change_present is true and selected_revision is 'new'. This rule allows only 'fraud_requirements=expanded_?,OPTION_A=CAND_001|OPTION_B=CAND_002|OPTION_C=CAND_003,2744,json_schema,1906,67,stop,"{
  ""abstain"": false,
  ""option_id"": ""OPTION_B"",
  ""reason"": ""The formal_policy rule EXT_E027_NEW_PUBLIC_CHANGE applies because public_change_present is true and selected_revision is 'new'. This rule allows only 'fraud_requirements=expanded_?""}",True,,,,,True,CAND_002,fraud_requirements=expanded_identity_proofing,True
external,EXT_E027,GENERAL_RULE_EXCEPTION,2,20260821,OPTION_FORMAL_POLICY_HARD_GATE,SELECTED,OPTION_B,CAND_002,fraud_requirements=expanded_identity_proofing,deterministic gate selected EXT_E027_NEW_PUBLIC_CHANGE,OPTION_A=CAND_001|OPTION_B=CAND_002|OPTION_C=CAND_003,0,formal_policy_hard_gate,0,0,,,True,EXT_E027_NEW_PUBLIC_CHANGE,fraud_requirements=expanded_identity_proofing,1,DETERMINISTIC_SELECT,False,CAND_002,fraud_requirements=expanded_identity_proofing,True
external,EXT_E028,GENERAL_RULE_EXCEPTION,2,20260821,DIRECT_FREE,REJECTED_OUT_OF_CANDIDATE,,,,value outside candidate set: 'identity_proofing_roles_types=restructured_roles_and_types',OPTION_A=CAND_002|OPTION_B=CAND_003|OPTION_C=CAND_001,3599,json_schema,904,95,stop,"{
  ""abstain"": false,
  ""value"": ""identity_proofing_roles_types=restructured_roles_and_types"",
  ""reason"": ""The NIST SP 800-63-4 document (EXT_DOC_028_NEW), effective from 2025-08-01, explicitly lists the change 'Restructures the identity proofing controls to better define roles and of'.""
}",,,,,,True,CAND_002,identity_proofing_controls=restructured_roles_and_types,False
external,EXT_E028,GENERAL_RULE_EXCEPTION,2,20260821,OPTION_VALUE_ONLY,SELECTED,OPTION_A,CAND_002,identity_proofing_controls=restructured_roles_and_types,The target change explicitly states 'Restructures the identity proofing controls to better define roles and types of identity proofing.' This matches OPTION_A's value 'identity_pro,OPTION_A=CAND_002|OPTION_B=CAND_003|OPTION_C=CAND_001,2801,json_schema,1022,65,stop,"{
  ""abstain"": false,
  ""option_id"": ""OPTION_A"",
  ""reason"": ""The target change explicitly states 'Restructures the identity proofing controls to better define roles and types of identity proofing.' This matches OPTION_A's value 'identity_pro""
}",,,,,,True,CAND_002,identity_proofing_controls=restructured_roles_and_types,True
external,EXT_E028,GENERAL_RULE_EXCEPTION,2,20260821,OPTION_FORMAL_OPERATION,SELECTED,OPTION_A,CAND_002,identity_proofing_controls=restructured_roles_and_types,The source document EXT_DOC_028_NEW (NIST SP 800-63-4) is authoritative and effective from 2025-08-01. It explicitly states the change 'Restructures the identity proofing controls',OPTION_A=CAND_002|OPTION_B=CAND_003|OPTION_C=CAND_001,3333,json_schema,1588,85,stop,"{
  ""abstain"": false,
  ""option_id"": ""OPTION_A"",
  ""reason"": ""The source document EXT_DOC_028_NEW (NIST SP 800-63-4) is authoritative and effective from 2025-08-01. It explicitly states the change 'Restructures the identity proofing controls'""}",,,,,,True,CAND_002,identity_proofing_controls=restructured_roles_and_types,True
external,EXT_E028,GENERAL_RULE_EXCEPTION,2,20260821,OPTION_FORMAL_POLICY,SELECTED,OPTION_A,CAND_002,identity_proofing_controls=restructured_roles_and_types,The formal_policy rule EXT_E028_NEW_PUBLIC_CHANGE has priority 300 and applies because selected_revision is 'new' and public_change_present is true. Its allowed_values list only 'C,OPTION_A=CAND_002|OPTION_B=CAND_003|OPTION_C=CAND_001,3032,json_schema,1917,72,stop,"{
  ""abstain"": false,
  ""option_id"": ""OPTION_A"",
  ""reason"": ""The formal_policy rule EXT_E028_NEW_PUBLIC_CHANGE has priority 300 and applies because selected_revision is 'new' and public_change_present is true. Its allowed_values list only 'C""
}",True,,,,,True,CAND_002,identity_proofing_controls=restructured_roles_and_types,True
external,EXT_E028,GENERAL_RULE_EXCEPTION,2,20260821,OPTION_FORMAL_POLICY_HARD_GATE,SELECTED,OPTION_A,CAND_002,identity_proofing_controls=restructured_roles_and_types,deterministic gate selected EXT_E028_NEW_PUBLIC_CHANGE,OPTION_A=CAND_002|OPTION_B=CAND_003|OPTION_C=CAND_001,0,formal_policy_hard_gate,0,0,,,True,EXT_E028_NEW_PUBLIC_CHANGE,identity_proofing_controls=restructured_roles_and_types,1,DETERMINISTIC_SELECT,False,CAND_002,identity_proofing_controls=restructured_roles_and_types,True
external,EXT_E029,GENERAL_RULE_EXCEPTION,2,20260821,DIRECT_FREE,SELECTED,OPTION_B,CAND_002,controls_added=injection_attacks_and_forged_media,The source document EXT_DOC_029_NEW (NIST SP 800-63-4) is authoritative and effective from 2025-08-01. The public evidence explicitly states that the final release includes the 'Ad,OPTION_A=CAND_001|OPTION_B=CAND_002|OPTION_C=CAND_003,3577,json_schema,895,93,stop,"{
  ""abstain"": false,
  ""value"": ""controls_added=injection_attacks_and_forged_media"",
  ""reason"": ""The source document EXT_DOC_029_NEW (NIST SP 800-63-4) is authoritative and effective from 2025-08-01. The public evidence explicitly states that the final release includes the 'Ad""
}",,,,,,True,CAND_002,controls_added=injection_attacks_and_forged_media,True
external,EXT_E029,GENERAL_RULE_EXCEPTION,2,20260821,OPTION_VALUE_ONLY,SELECTED,OPTION_B,CAND_002,controls_added=injection_attacks_and_forged_media,"The NIST SP 800-63-4 document (EXT_DOC_029_NEW), effective from 2025-08-01, explicitly states the change adds controls for addressing injection attacks and forged media. This makes",OPTION_A=CAND_001|OPTION_B=CAND_002|OPTION_C=CAND_003,3290,json_schema,1018,82,stop,"{
  ""abstain"": false,
  ""option_id"": ""OPTION_B"",
  ""reason"": ""The NIST SP 800-63-4 document (EXT_DOC_029_NEW), effective from 2025-08-01, explicitly states the change adds controls for addressing injection attacks and forged media. This makes""}",,,,,,True,CAND_002,controls_added=injection_attacks_and_forged_media,True
external,EXT_E029,GENERAL_RULE_EXCEPTION,2,20260821,OPTION_FORMAL_OPERATION,SELECTED,OPTION_B,CAND_002,controls_added=injection_attacks_and_forged_media,The NIST SP 800-63-4 (effective 2025-08-01) explicitly states that Revision 4 adds controls for addressing injection attacks and forged media. This confirms the change status is 'C,OPTION_A=CAND_001|OPTION_B=CAND_002|OPTION_C=CAND_003,3373,json_schema,1593,82,stop,"{
  ""abstain"": false,
  ""option_id"": ""OPTION_B"",
  ""reason"": ""The NIST SP 800-63-4 (effective 2025-08-01) explicitly states that Revision 4 adds controls for addressing injection attacks and forged media. This confirms the change status is 'C""
}",,,,,,True,CAND_002,controls_added=injection_attacks_and_forged_media,True
external,EXT_E029,GENERAL_RULE_EXCEPTION,2,20260821,OPTION_FORMAL_POLICY,SELECTED,OPTION_B,CAND_002,controls_added=injection_attacks_and_forged_media,The formal_policy rule 'EXT_E029_NEW_PUBLIC_CHANGE' has priority 300 and applies because public_change_present is true and selected_revision is 'new'. This rule explicitly allows ',OPTION_A=CAND_001|OPTION_B=CAND_002|OPTION_C=CAND_003,2812,json_schema,1927,71,stop,"{
  ""abstain"": false,
  ""option_id"": ""OPTION_B"",
  ""reason"": ""The formal_policy rule 'EXT_E029_NEW_PUBLIC_CHANGE' has priority 300 and applies because public_change_present is true and selected_revision is 'new'. This rule explicitly allows '""
}",True,,,,,True,CAND_002,controls_added=injection_attacks_and_forged_media,True
external,EXT_E029,GENERAL_RULE_EXCEPTION,2,20260821,OPTION_FORMAL_POLICY_HARD_GATE,SELECTED,OPTION_B,CAND_002,controls_added=injection_attacks_and_forged_media,deterministic gate selected EXT_E029_NEW_PUBLIC_CHANGE,OPTION_A=CAND_001|OPTION_B=CAND_002|OPTION_C=CAND_003,0,formal_policy_hard_gate,0,0,,,True,EXT_E029_NEW_PUBLIC_CHANGE,controls_added=injection_attacks_and_forged_media,1,DETERMINISTIC_SELECT,False,CAND_002,controls_added=injection_attacks_and_forged_media,True
external,EXT_E030,GENERAL_RULE_EXCEPTION,2,20260821,DIRECT_FREE,SELECTED,OPTION_B,CAND_002,syncable_authenticators=integrated,"The NIST SP 800-63-4 document (EXT_DOC_030_NEW), effective from 2025-08-01, explicitly lists 'Integrates syncable authenticators' as a substantial content change in its final July ",OPTION_A=CAND_001|OPTION_B=CAND_002|OPTION_C=CAND_003,3352,json_schema,878,93,stop,"{
  ""abstain"": false,
  ""value"": ""syncable_authenticators=integrated"",
  ""reason"": ""The NIST SP 800-63-4 document (EXT_DOC_030_NEW), effective from 2025-08-01, explicitly lists 'Integrates syncable authenticators' as a substantial content change in its final July ""
}",,,,,,True,CAND_002,syncable_authenticators=integrated,True
external,EXT_E030,GENERAL_RULE_EXCEPTION,2,20260821,OPTION_VALUE_ONLY,SELECTED,OPTION_B,CAND_002,syncable_authenticators=integrated,The NIST SP 800-63-4 Revision 4 (effective 2025-08-01) explicitly lists 'Integrates syncable authenticators' as a substantial content change. This confirms that in the new revision,OPTION_A=CAND_001|OPTION_B=CAND_002|OPTION_C=CAND_003,3281,json_schema,994,85,stop,"{
  ""abstain"": false,
  ""option_id"": ""OPTION_B"",
  ""reason"": ""The NIST SP 800-63-4 Revision 4 (effective 2025-08-01) explicitly lists 'Integrates syncable authenticators' as a substantial content change. This confirms that in the new revision""
}",,,,,,True,CAND_002,syncable_authenticators=integrated,True
external,EXT_E030,GENERAL_RULE_EXCEPTION,2,20260821,OPTION_FORMAL_OPERATION,SELECTED,OPTION_B,CAND_002,syncable_authenticators=integrated,"The NIST SP 800-63-4 Revision 4 (effective 2025-08-01) explicitly integrates syncable authenticators. This confirms the change status is 'syncable_authenticators=integrated', which",OPTION_A=CAND_001|OPTION_B=CAND_002|OPTION_C=CAND_003,3408,json_schema,1560,84,stop,"{
  ""abstain"": false,
  ""option_id"": ""OPTION_B"",
  ""reason"": ""The NIST SP 800-63-4 Revision 4 (effective 2025-08-01) explicitly integrates syncable authenticators. This confirms the change status is 'syncable_authenticators=integrated', which""
}",,,,,,True,CAND_002,syncable_authenticators=integrated,True
external,EXT_E030,GENERAL_RULE_EXCEPTION,2,20260821,OPTION_FORMAL_POLICY,SELECTED,OPTION_B,CAND_002,syncable_authenticators=integrated,The public evidence confirms NIST SP 800-63-4 Revision 4 (new) was released in July 2025 with the change 'Integrates syncable authenticators'. The formal_policy rule EXT_E030_NEW_P,OPTION_A=CAND_001|OPTION_B=CAND_002|OPTION_C=CAND_003,3390,json_schema,1887,85,stop,"{
  ""abstain"": false,
  ""option_id"": ""OPTION_B"",
  ""reason"": ""The public evidence confirms NIST SP 800-63-4 Revision 4 (new) was released in July 2025 with the change 'Integrates syncable authenticators'. The formal_policy rule EXT_E030_NEW_P""

}",True,,,,,True,CAND_002,syncable_authenticators=integrated,True
external,EXT_E030,GENERAL_RULE_EXCEPTION,2,20260821,OPTION_FORMAL_POLICY_HARD_GATE,SELECTED,OPTION_B,CAND_002,syncable_authenticators=integrated,deterministic gate selected EXT_E030_NEW_PUBLIC_CHANGE,OPTION_A=CAND_001|OPTION_B=CAND_002|OPTION_C=CAND_003,0,formal_policy_hard_gate,0,0,,,True,EXT_E030_NEW_PUBLIC_CHANGE,syncable_authenticators=integrated,1,DETERMINISTIC_SELECT,False,CAND_002,syncable_authenticators=integrated,True
external,EXT_E001,TEMPORAL_VERSION,3,20260822,DIRECT_FREE,SELECTED,OPTION_A,CAND_002,spring=1100;summer_autumn=900;total=2000,The case context specifies the evaluation of Beijing's 2026 policy. The document EXT_DOC_001_2026 is authoritative for 2026 (effective 2026-01-01 to 2026-12-31). It explicitly sets,OPTION_A=CAND_002|OPTION_B=CAND_001|OPTION_C=CAND_003,4260,json_schema,1244,115,stop,"{
  ""abstain"": false,
  ""value"": ""spring=1100;summer_autumn=900;total=2000"",
  ""reason"": ""The case context specifies the evaluation of Beijing's 2026 policy. The document EXT_DOC_001_2026 is authoritative for 2026 (effective 2026-01-01 to 2026-12-31). It explicitly sets""
}",,,,,,True,CAND_002,spring=1100;summer_autumn=900;total=2000,True
external,EXT_E001,TEMPORAL_VERSION,3,20260822,OPTION_VALUE_ONLY,SELECTED,OPTION_A,CAND_002,spring=1100;summer_autumn=900;total=2000,The case context specifies the evaluation of the 'Beijing 2026 Policy Agricultural Insurance Unified Reference Terms'. Document EXT_DOC_001_2026 is effective from 2026-01-01 to 202,OPTION_A=CAND_002|OPTION_B=CAND_001|OPTION_C=CAND_003,3830,json_schema,1382,88,stop,"{
  ""abstain"": false,
  ""option_id"": ""OPTION_A"",
  ""reason"": ""The case context specifies the evaluation of the 'Beijing 2026 Policy Agricultural Insurance Unified Reference Terms'. Document EXT_DOC_001_2026 is effective from 2026-01-01 to 202""

      }",,,,,,True,CAND_002,spring=1100;summer_autumn=900;total=2000,True
external,EXT_E001,TEMPORAL_VERSION,3,20260822,OPTION_FORMAL_OPERATION,SELECTED,OPTION_A,CAND_002,spring=1100;summer_autumn=900;total=2000,The 2026 policy document (EXT_DOC_001_2026) is the authoritative source for the current year. It explicitly states on page 13 and 119 that the insurance amount for rotation open-ﬁn,OPTION_A=CAND_002|OPTION_B=CAND_001|OPTION_C=CAND_003,3592,json_schema,1930,84,stop,"{
  ""abstain"": false,
  ""option_id"": ""OPTION_A"",
  ""reason"": ""The 2026 policy document (EXT_DOC_001_2026) is the authoritative source for the current year. It explicitly states on page 13 and 119 that the insurance amount for rotation open-ﬁn""
}",,,,,,True,CAND_002,spring=1100;summer_autumn=900;total=2000,True
external,EXT_E001,TEMPORAL_VERSION,3,20260822,OPTION_FORMAL_POLICY,SELECTED,OPTION_A,CAND_002,spring=1100;summer_autumn=900;total=2000,"The assessment year is 2026 and the source revision year is 2026. According to rule EXT_E001_2026_SEASONAL_SPLIT (priority 300), conditions are met (year=2026, category=vegetable, ",OPTION_A=CAND_002|OPTION_B=CAND_001|OPTION_C=CAND_003,3533,json_schema,2338,91,stop,"{
  ""abstain"": false,
  ""option_id"": ""OPTION_A"",
  ""reason"": ""The assessment year is 2026 and the source revision year is 2026. According to rule EXT_E001_2026_SEASONAL_SPLIT (priority 300), conditions are met (year=2026, category=vegetable, ""}",True,,,,,True,CAND_002,spring=1100;summer_autumn=900;total=2000,True
external,EXT_E001,TEMPORAL_VERSION,3,20260822,OPTION_FORMAL_POLICY_HARD_GATE,SELECTED,OPTION_A,CAND_002,spring=1100;summer_autumn=900;total=2000,deterministic gate selected EXT_E001_2026_SEASONAL_SPLIT,OPTION_A=CAND_002|OPTION_B=CAND_001|OPTION_C=CAND_003,0,formal_policy_hard_gate,0,0,,,True,EXT_E001_2026_SEASONAL_SPLIT,spring=1100;summer_autumn=900;total=2000,1,DETERMINISTIC_SELECT,False,CAND_002,spring=1100;summer_autumn=900;total=2000,True
external,EXT_E002,CROSS_SENTENCE_SCOPE,3,20260822,DIRECT_FREE,SELECTED,OPTION_A,CAND_002,five_level_definition=level1_no_lodging;level2_lt30;level3_30_45;level4_45_60;level5_gt60,The 2026 policy document (EXT_DOC_002_2026) is the authoritative source for the 2026 event. The evidence explicitly states that the interpretation section adds a five-level lodging,OPTION_A=CAND_002|OPTION_B=CAND_003|OPTION_C=CAND_001,4244,json_schema,1164,115,stop,"{
  ""abstain"": false,
  ""value"": ""five_level_definition=level1_no_lodging;level2_lt30;level3_30_45;level4_45_60;level5_gt60"",
  ""reason"": ""The 2026 policy document (EXT_DOC_002_2026) is the authoritative source for the 2026 event. The evidence explicitly states that the interpretation section adds a five-level lodging""
}",,,,,,True,CAND_002,five_level_definition=level1_no_lodging;level2_lt30;level3_30_45;level4_45_60;level5_gt60,True
external,EXT_E002,CROSS_SENTENCE_SCOPE,3,20260822,OPTION_VALUE_ONLY,SELECTED,OPTION_A,CAND_002,five_level_definition=level1_no_lodging;level2_lt30;level3_30_45;level4_45_60;level5_gt60,The 2026 source document (EXT_DOC_002_2026) is effective from 2026-01-01 and explicitly defines a five-level lodging hazard interpretation in its comparison table. The target event,OPTION_A=CAND_002|OPTION_B=CAND_003|OPTION_C=CAND_001,3647,json_schema,1317,83,stop,"{
  ""abstain"": false,
  ""option_id"": ""OPTION_A"",
  ""reason"": ""The 2026 source document (EXT_DOC_002_2026) is effective from 2026-01-01 and explicitly defines a five-level lodging hazard interpretation in its comparison table. The target event""
}",,,,,,True,CAND_002,five_level_definition=level1_no_lodging;level2_lt30;level3_30_45;level4_45_60;level5_gt60,True
external,EXT_E002,CROSS_SENTENCE_SCOPE,3,20260822,OPTION_FORMAL_OPERATION,SELECTED,OPTION_A,CAND_002,five_level_definition=level1_no_lodging;level2_lt30;level3_30_45;level4_45_60;level5_gt60,The 2026 source document (EXT_DOC_002_2026) is effective from 2026-01-01 and explicitly defines a five-level lodging hazard interpretation in its comparison table. The evidence 'C',OPTION_A=CAND_002|OPTION_B=CAND_003|OPTION_C=CAND_001,3407,json_schema,1868,83,stop,"{
  ""abstain"": false,
  ""option_id"": ""OPTION_A"",
  ""reason"": ""The 2026 source document (EXT_DOC_002_2026) is effective from 2026-01-01 and explicitly defines a five-level lodging hazard interpretation in its comparison table. The evidence 'C'""}",,,,,,True,CAND_002,five_level_definition=level1_no_lodging;level2_lt30;level3_30_45;level4_45_60;level5_gt60,True
external,EXT_E002,CROSS_SENTENCE_SCOPE,3,20260822,OPTION_FORMAL_POLICY,SELECTED,OPTION_A,CAND_002,five_level_definition=level1_no_lodging;level2_lt30;level3_30_45;level4_45_60;level5_gt60,"The source document EXT_DOC_002_2026 has effective_from '2026-01-01', matching the policy fact 'source_revision_year': '2026'. The evidence note confirms that for this year, the '5",OPTION_A=CAND_002|OPTION_B=CAND_003|OPTION_C=CAND_001,3371,json_schema,2264,87,stop,"{
  ""abstain"": false,
  ""option_id"": ""OPTION_A"",
  ""reason"": ""The source document EXT_DOC_002_2026 has effective_from '2026-01-01', matching the policy fact 'source_revision_year': '2026'. The evidence note confirms that for this year, the '5""
}",True,,,,,True,CAND_002,five_level_definition=level1_no_lodging;level2_lt30;level3_30_45;level4_45_60;level5_gt60,True
external,EXT_E002,CROSS_SENTENCE_SCOPE,3,20260822,OPTION_FORMAL_POLICY_HARD_GATE,SELECTED,OPTION_A,CAND_002,five_level_definition=level1_no_lodging;level2_lt30;level3_30_45;level4_45_60;level5_gt60,deterministic gate selected EXT_E002_FIVE_LEVEL_INTERPRETATION_SCOPE,OPTION_A=CAND_002|OPTION_B=CAND_003|OPTION_C=CAND_001,0,formal_policy_hard_gate,0,0,,,True,EXT_E002_FIVE_LEVEL_INTERPRETATION_SCOPE,five_level_definition=level1_no_lodging;level2_lt30;level3_30_45;level4_45_60;level5_gt60,1,DETERMINISTIC_SELECT,False,CAND_002,five_level_definition=level1_no_lodging;level2_lt30;level3_30_45;level4_45_60;level5_gt60,True
external,EXT_E003,GENERAL_RULE_EXCEPTION,3,20260822,DIRECT_FREE,REJECTED_OUT_OF_CANDIDATE,,,,value outside candidate set: 'accident_date_limit_times_loss_rate',OPTION_A=CAND_002|OPTION_B=CAND_001|OPTION_C=CAND_003,3195,json_schema,1080,83,stop,"{
  ""abstain"": false,
  ""value"": ""accident_date_limit_times_loss_rate"",
  ""reason"": ""The 2026 policy document (EXT_DOC_003_2026) is the authoritative source for the event occurring in 2026. It explicitly states that the calculation method changes to 'accident-date'""}",,,,,,True,CAND_002,formula=accident_date_limit_times_loss_rate,False
external,EXT_E003,GENERAL_RULE_EXCEPTION,3,20260822,OPTION_VALUE_ONLY,SELECTED,OPTION_A,CAND_002,formula=accident_date_limit_times_loss_rate,The case context specifies evaluating the 'Beijing 2026 Policy Agricultural Insurance General Terms'. The evidence note states that the 2026 text changes the calculation to 'accid-,OPTION_A=CAND_002|OPTION_B=CAND_001|OPTION_C=CAND_003,3140,json_schema,1198,69,stop,"{
  ""abstain"": false,
  ""option_id"": ""OPTION_A"",
  ""reason"": ""The case context specifies evaluating the 'Beijing 2026 Policy Agricultural Insurance General Terms'. The evidence note states that the 2026 text changes the calculation to 'accid-""}",,,,,,True,CAND_002,formula=accident_date_limit_times_loss_rate,True
external,EXT_E003,GENERAL_RULE_EXCEPTION,3,20260822,OPTION_FORMAL_OPERATION,SELECTED,OPTION_A,CAND_002,formula=accident_date_limit_times_loss_rate,"The 2026 policy document (EXT_DOC_003_2026) is effective from 2026-01-01 to 2026-12-31. The current retrieval date is 2026-08-26, so the 2026 document is the authoritative source. ",OPTION_A=CAND_002|OPTION_B=CAND_001|OPTION_C=CAND_003,3901,json_schema,1740,108,stop,"{
  ""abstain"": false,
  ""option_id"": ""OPTION_A"",
  ""reason"": ""The 2026 policy document (EXT_DOC_003_2026) is effective from 2026-01-01 to 2026-12-31. The current retrieval date is 2026-08-26, so the 2026 document is the authoritative source. ""}",,,,,,True,CAND_002,formula=accident_date_limit_times_loss_rate,True
external,EXT_E003,GENERAL_RULE_EXCEPTION,3,20260822,OPTION_FORMAL_POLICY,SELECTED,OPTION_A,CAND_002,formula=accident_date_limit_times_loss_rate,The case context specifies evaluating the 2026 policy terms (effective 2026-01-01). The formal_policy rule 'EXT_E003_2026_ACCIDENT_DATE_LIMIT_FORMULA' applies to source_revision_20,OPTION_A=CAND_002|OPTION_B=CAND_001|OPTION_C=CAND_003,3530,json_schema,2151,87,stop,"{
  ""abstain"": false,
  ""option_id"": ""OPTION_A"",
  ""reason"": ""The case context specifies evaluating the 2026 policy terms (effective 2026-01-01). The formal_policy rule 'EXT_E003_2026_ACCIDENT_DATE_LIMIT_FORMULA' applies to source_revision_20""

}",True,,,,,True,CAND_002,formula=accident_date_limit_times_loss_rate,True
external,EXT_E003,GENERAL_RULE_EXCEPTION,3,20260822,OPTION_FORMAL_POLICY_HARD_GATE,SELECTED,OPTION_A,CAND_002,formula=accident_date_limit_times_loss_rate,deterministic gate selected EXT_E003_2026_ACCIDENT_DATE_LIMIT_FORMULA,OPTION_A=CAND_002|OPTION_B=CAND_001|OPTION_C=CAND_003,0,formal_policy_hard_gate,0,0,,,True,EXT_E003_2026_ACCIDENT_DATE_LIMIT_FORMULA,formula=accident_date_limit_times_loss_rate,1,DETERMINISTIC_SELECT,False,CAND_002,formula=accident_date_limit_times_loss_rate,True
external,EXT_E004,TEMPORAL_VERSION,3,20260822,DIRECT_FREE,SELECTED,OPTION_B,CAND_002,wcag22_added=2.4.11;level=AA,The public evidence note explicitly states that the W3C WCAG 2.2 change page lists '2.4.11 Focus Not Obscured Minimum with conformance level AA'. This directly supports CAND_002. W,OPTION_A=CAND_003|OPTION_B=CAND_002|OPTION_C=CAND_001,3495,json_schema,888,93,stop,"{
  ""abstain"": false,
  ""value"": ""wcag22_added=2.4.11;level=AA"",
  ""reason"": ""The public evidence note explicitly states that the W3C WCAG 2.2 change page lists '2.4.11 Focus Not Obscured Minimum with conformance level AA'. This directly supports CAND_002. W""
}",,,,,,True,CAND_002,wcag22_added=2.4.11;level=AA,True
external,EXT_E004,TEMPORAL_VERSION,3,20260822,OPTION_VALUE_ONLY,SELECTED,OPTION_B,CAND_002,wcag22_added=2.4.11;level=AA,"The source document EXT_DOC_004_NEW (WCAG 2.2 change summary) explicitly lists success criterion 2.4.11 with conformance level AA. This makes OPTION_B the only factually supported,",OPTION_A=CAND_003|OPTION_B=CAND_002|OPTION_C=CAND_001,3141,json_schema,1016,76,stop,"{
  ""abstain"": false,
  ""option_id"": ""OPTION_B"",
  ""reason"": ""The source document EXT_DOC_004_NEW (WCAG 2.2 change summary) explicitly lists success criterion 2.4.11 with conformance level AA. This makes OPTION_B the only factually supported,""}",,,,,,True,CAND_002,wcag22_added=2.4.11;level=AA,True
external,EXT_E004,TEMPORAL_VERSION,3,20260822,OPTION_FORMAL_OPERATION,SELECTED,OPTION_B,CAND_002,wcag22_added=2.4.11;level=AA,The source document EXT_DOC_004_NEW (What is New in WCAG 2.2) explicitly lists success criterion 2.4.11 Focus Not Obscured Minimum with conformance level AA. Option B correctly enc,OPTION_A=CAND_003|OPTION_B=CAND_002|OPTION_C=CAND_001,3234,json_schema,1567,80,stop,"{
  ""abstain"": false,
  ""option_id"": ""OPTION_B"",
  ""reason"": ""The source document EXT_DOC_004_NEW (What is New in WCAG 2.2) explicitly lists success criterion 2.4.11 Focus Not Obscured Minimum with conformance level AA. Option B correctly enc""
}",,,,,,True,CAND_002,wcag22_added=2.4.11;level=AA,True
external,EXT_E004,TEMPORAL_VERSION,3,20260822,OPTION_FORMAL_POLICY,SELECTED,OPTION_B,CAND_002,wcag22_added=2.4.11;level=AA,The formal_policy rule EXT_E004_NEW_PUBLIC_CHANGE has priority 300 and applies when selected_revision is 'new' (as indicated by the source documents where WCAG 2.2 is newer than WC,OPTION_A=CAND_003|OPTION_B=CAND_002|OPTION_C=CAND_001,2951,json_schema,1890,76,stop,"{
  ""abstain"": false,
  ""option_id"": ""OPTION_B"",
  ""reason"": ""The formal_policy rule EXT_E004_NEW_PUBLIC_CHANGE has priority 300 and applies when selected_revision is 'new' (as indicated by the source documents where WCAG 2.2 is newer than WC""
}",True,,,,,True,CAND_002,wcag22_added=2.4.11;level=AA,True
external,EXT_E004,TEMPORAL_VERSION,3,20260822,OPTION_FORMAL_POLICY_HARD_GATE,SELECTED,OPTION_B,CAND_002,wcag22_added=2.4.11;level=AA,deterministic gate selected EXT_E004_NEW_PUBLIC_CHANGE,OPTION_A=CAND_003|OPTION_B=CAND_002|OPTION_C=CAND_001,0,formal_policy_hard_gate,0,0,,,True,EXT_E004_NEW_PUBLIC_CHANGE,wcag22_added=2.4.11;level=AA,1,DETERMINISTIC_SELECT,False,CAND_002,wcag22_added=2.4.11;level=AA,True
external,EXT_E005,TEMPORAL_VERSION,3,20260822,DIRECT_FREE,SELECTED,OPTION_B,CAND_002,wcag22_added=2.4.12;level=AAA,The public evidence note explicitly states that the W3C WCAG 2.2 change page lists '2.4.12 Focus Not Obscured Enhanced with conformance level AAA'. This directly supports CAND_002.,OPTION_A=CAND_003|OPTION_B=CAND_002|OPTION_C=CAND_001,3321,json_schema,888,91,stop,"{
  ""abstain"": false,
  ""value"": ""wcag22_added=2.4.12;level=AAA"",
  ""reason"": ""The public evidence note explicitly states that the W3C WCAG 2.2 change page lists '2.4.12 Focus Not Obscured Enhanced with conformance level AAA'. This directly supports CAND_002.""
}",,,,,,True,CAND_002,wcag22_added=2.4.12;level=AAA,True
external,EXT_E005,TEMPORAL_VERSION,3,20260822,OPTION_VALUE_ONLY,SELECTED,OPTION_B,CAND_002,wcag22_added=2.4.12;level=AAA,The source document EXT_DOC_005_NEW ('What is New in WCAG 2.2') explicitly lists success criterion 2.4.12 Focus Not Obscured Enhanced with conformance level AAA as a new addition. ,OPTION_A=CAND_003|OPTION_B=CAND_002|OPTION_C=CAND_001,3137,json_schema,1016,78,stop,"{
  ""abstain"": false,
  ""option_id"": ""OPTION_B"",
  ""reason"": ""The source document EXT_DOC_005_NEW ('What is New in WCAG 2.2') explicitly lists success criterion 2.4.12 Focus Not Obscured Enhanced with conformance level AAA as a new addition. ""}",,,,,,True,CAND_002,wcag22_added=2.4.12;level=AAA,True
external,EXT_E005,TEMPORAL_VERSION,3,20260822,OPTION_FORMAL_OPERATION,SELECTED,OPTION_B,CAND_002,wcag22_added=2.4.12;level=AAA,The source document EXT_DOC_005_NEW ('What is New in WCAG 2.2') explicitly lists success criterion 2.4.12 Focus Not Obscured Enhanced with conformance level AAA. Option B correctly,OPTION_A=CAND_003|OPTION_B=CAND_002|OPTION_C=CAND_001,3235,json_schema,1567,79,stop,"{
  ""abstain"": false,
  ""option_id"": ""OPTION_B"",
  ""reason"": ""The source document EXT_DOC_005_NEW ('What is New in WCAG 2.2') explicitly lists success criterion 2.4.12 Focus Not Obscured Enhanced with conformance level AAA. Option B correctly""
}",,,,,,True,CAND_002,wcag22_added=2.4.12;level=AAA,True
external,EXT_E005,TEMPORAL_VERSION,3,20260822,OPTION_FORMAL_POLICY,SELECTED,OPTION_B,CAND_002,wcag22_added=2.4.12;level=AAA,The formal_policy rule EXT_E005_NEW_PUBLIC_CHANGE has priority 300 and applies because public_change_present is true and selected_revision is 'new'. This rule explicitly allows the,OPTION_A=CAND_003|OPTION_B=CAND_002|OPTION_C=CAND_001,2972,json_schema,1890,69,stop,"{
  ""abstain"": false,
  ""option_id"": ""OPTION_B"",
  ""reason"": ""The formal_policy rule EXT_E005_NEW_PUBLIC_CHANGE has priority 300 and applies because public_change_present is true and selected_revision is 'new'. This rule explicitly allows the""
}",True,,,,,True,CAND_002,wcag22_added=2.4.12;level=AAA,True
external,EXT_E005,TEMPORAL_VERSION,3,20260822,OPTION_FORMAL_POLICY_HARD_GATE,SELECTED,OPTION_B,CAND_002,wcag22_added=2.4.12;level=AAA,deterministic gate selected EXT_E005_NEW_PUBLIC_CHANGE,OPTION_A=CAND_003|OPTION_B=CAND_002|OPTION_C=CAND_001,0,formal_policy_hard_gate,0,0,,,True,EXT_E005_NEW_PUBLIC_CHANGE,wcag22_added=2.4.12;level=AAA,1,DETERMINISTIC_SELECT,False,CAND_002,wcag22_added=2.4.12;level=AAA,True
external,EXT_E006,TEMPORAL_VERSION,3,20260822,DIRECT_FREE,SELECTED,OPTION_B,CAND_002,wcag22_added=2.4.13;level=AAA,The source document EXT_DOC_006_NEW ('What is New in WCAG 2.2') explicitly lists success criterion 2.4.13 Focus Appearance with conformance level AAA as a new addition in WCAG 2.2.,OPTION_A=CAND_003|OPTION_B=CAND_002|OPTION_C=CAND_001,3604,json_schema,880,94,stop,"{
  ""abstain"": false,
  ""value"": ""wcag22_added=2.4.13;level=AAA"",
  ""reason"": ""The source document EXT_DOC_006_NEW ('What is New in WCAG 2.2') explicitly lists success criterion 2.4.13 Focus Appearance with conformance level AAA as a new addition in WCAG 2.2.""}",,,,,,True,CAND_002,wcag22_added=2.4.13;level=AAA,True
external,EXT_E006,TEMPORAL_VERSION,3,20260822,OPTION_VALUE_ONLY,SELECTED,OPTION_B,CAND_002,wcag22_added=2.4.13;level=AAA,The source document EXT_DOC_006_NEW (WCAG 2.2 change summary) explicitly lists success criterion 2.4.13 Focus Appearance with conformance level AAA. This evidence confirms the new ,OPTION_A=CAND_003|OPTION_B=CAND_002|OPTION_C=CAND_001,3107,json_schema,1008,73,stop,"{
  ""abstain"": false,
  ""option_id"": ""OPTION_B"",
  ""reason"": ""The source document EXT_DOC_006_NEW (WCAG 2.2 change summary) explicitly lists success criterion 2.4.13 Focus Appearance with conformance level AAA. This evidence confirms the new ""}",,,,,,True,CAND_002,wcag22_added=2.4.13;level=AAA,True
external,EXT_E006,TEMPORAL_VERSION,3,20260822,OPTION_FORMAL_OPERATION,SELECTED,OPTION_B,CAND_002,wcag22_added=2.4.13;level=AAA,The source document EXT_DOC_006_NEW (What is New in WCAG 2.2) explicitly lists success criterion 2.4.13 Focus Appearance with conformance level AAA. OPTION_B sets the value to 'wcg,OPTION_A=CAND_003|OPTION_B=CAND_002|OPTION_C=CAND_001,3600,json_schema,1559,81,stop,"{
  ""abstain"": false,
  ""option_id"": ""OPTION_B"",
  ""reason"": ""The source document EXT_DOC_006_NEW (What is New in WCAG 2.2) explicitly lists success criterion 2.4.13 Focus Appearance with conformance level AAA. OPTION_B sets the value to 'wcg""
}",,,,,,True,CAND_002,wcag22_added=2.4.13;level=AAA,True
external,EXT_E006,TEMPORAL_VERSION,3,20260822,OPTION_FORMAL_POLICY,SELECTED,OPTION_B,CAND_002,wcag22_added=2.4.13;level=AAA,The formal_policy rule EXT_E006_NEW_PUBLIC_CHANGE has priority 300 and applies because public_change_present is true and selected_revision is 'new'. Its allowed_values strictly限定为',OPTION_A=CAND_003|OPTION_B=CAND_002|OPTION_C=CAND_001,2814,json_schema,1882,69,stop,"{
  ""abstain"": false,
  ""option_id"": ""OPTION_B"",
  ""reason"": ""The formal_policy rule EXT_E006_NEW_PUBLIC_CHANGE has priority 300 and applies because public_change_present is true and selected_revision is 'new'. Its allowed_values strictly限定为'""}",True,,,,,True,CAND_002,wcag22_added=2.4.13;level=AAA,True
external,EXT_E006,TEMPORAL_VERSION,3,20260822,OPTION_FORMAL_POLICY_HARD_GATE,SELECTED,OPTION_B,CAND_002,wcag22_added=2.4.13;level=AAA,deterministic gate selected EXT_E006_NEW_PUBLIC_CHANGE,OPTION_A=CAND_003|OPTION_B=CAND_002|OPTION_C=CAND_001,0,formal_policy_hard_gate,0,0,,,True,EXT_E006_NEW_PUBLIC_CHANGE,wcag22_added=2.4.13;level=AAA,1,DETERMINISTIC_SELECT,False,CAND_002,wcag22_added=2.4.13;level=AAA,True
external,EXT_E007,TEMPORAL_VERSION,3,20260822,DIRECT_FREE,SELECTED,OPTION_B,CAND_002,wcag22_added=2.5.7;level=AA,Document EXT_DOC_007_NEW (WCAG 2.2 change summary) published on 2023-10-05 explicitly lists success criterion 2.5.7 Dragging Movements with conformance level AA as a new addition. ,OPTION_A=CAND_001|OPTION_B=CAND_002|OPTION_C=CAND_003,3543,json_schema,878,98,stop,"{
  ""abstain"": false,
  ""value"": ""wcag22_added=2.5.7;level=AA"",
  ""reason"": ""Document EXT_DOC_007_NEW (WCAG 2.2 change summary) published on 2023-10-05 explicitly lists success criterion 2.5.7 Dragging Movements with conformance level AA as a new addition. ""
}",,,,,,True,CAND_002,wcag22_added=2.5.7;level=AA,True
external,EXT_E007,TEMPORAL_VERSION,3,20260822,OPTION_VALUE_ONLY,SELECTED,OPTION_B,CAND_002,wcag22_added=2.5.7;level=AA,Document EXT_DOC_007_NEW (effective 2023-10-05) explicitly lists WCAG 2.5.7 Dragging Movements as a new success criterion with conformance level AA. Document EXT_DOC_007_OLD was in,OPTION_A=CAND_001|OPTION_B=CAND_002|OPTION_C=CAND_003,3347,json_schema,1004,88,stop,"{
  ""abstain"": false,
  ""option_id"": ""OPTION_B"",
  ""reason"": ""Document EXT_DOC_007_NEW (effective 2023-10-05) explicitly lists WCAG 2.5.7 Dragging Movements as a new success criterion with conformance level AA. Document EXT_DOC_007_OLD was in""
}",,,,,,True,CAND_002,wcag22_added=2.5.7;level=AA,True
external,EXT_E007,TEMPORAL_VERSION,3,20260822,OPTION_FORMAL_OPERATION,SELECTED,OPTION_B,CAND_002,wcag22_added=2.5.7;level=AA,The source document EXT_DOC_007_NEW (WCAG 2.2 change summary) explicitly lists success criterion 2.5.7 with conformance level AA. Option B correctly updates the status to reflect ',OPTION_A=CAND_001|OPTION_B=CAND_002|OPTION_C=CAND_003,3273,json_schema,1552,76,stop,"{
  ""abstain"": false,
  ""option_id"": ""OPTION_B"",
  ""reason"": ""The source document EXT_DOC_007_NEW (WCAG 2.2 change summary) explicitly lists success criterion 2.5.7 with conformance level AA. Option B correctly updates the status to reflect '""
}",,,,,,True,CAND_002,wcag22_added=2.5.7;level=AA,True
external,EXT_E007,TEMPORAL_VERSION,3,20260822,OPTION_FORMAL_POLICY,SELECTED,OPTION_B,CAND_002,wcag22_added=2.5.7;level=AA,The formal_policy rule EXT_E007_NEW_PUBLIC_CHANGE has priority 300 and applies when selected_revision is 'new'. It explicitly allows only the value 'wcag22_added=2.5.7;level=AA'. W,OPTION_A=CAND_001|OPTION_B=CAND_002|OPTION_C=CAND_003,3237,json_schema,1873,82,stop,"{
  ""abstain"": false,
  ""option_id"": ""OPTION_B"",
  ""reason"": ""The formal_policy rule EXT_E007_NEW_PUBLIC_CHANGE has priority 300 and applies when selected_revision is 'new'. It explicitly allows only the value 'wcag22_added=2.5.7;level=AA'. W""
}",True,,,,,True,CAND_002,wcag22_added=2.5.7;level=AA,True
external,EXT_E007,TEMPORAL_VERSION,3,20260822,OPTION_FORMAL_POLICY_HARD_GATE,SELECTED,OPTION_B,CAND_002,wcag22_added=2.5.7;level=AA,deterministic gate selected EXT_E007_NEW_PUBLIC_CHANGE,OPTION_A=CAND_001|OPTION_B=CAND_002|OPTION_C=CAND_003,0,formal_policy_hard_gate,0,0,,,True,EXT_E007_NEW_PUBLIC_CHANGE,wcag22_added=2.5.7;level=AA,1,DETERMINISTIC_SELECT,False,CAND_002,wcag22_added=2.5.7;level=AA,True
external,EXT_E008,TEMPORAL_VERSION,3,20260822,DIRECT_FREE,SELECTED,OPTION_B,CAND_002,wcag22_added=2.5.8;level=AA,The document EXT_DOC_008_NEW (WCAG 2.2 change summary) explicitly lists success criterion 2.5.8 Target Size Minimum as a new addition with conformance level AA. The candidate value,OPTION_A=CAND_001|OPTION_B=CAND_002|OPTION_C=CAND_003,3320,json_schema,876,88,stop,"{
  ""abstain"": false,
  ""value"": ""wcag22_added=2.5.8;level=AA"",
  ""reason"": ""The document EXT_DOC_008_NEW (WCAG 2.2 change summary) explicitly lists success criterion 2.5.8 Target Size Minimum as a new addition with conformance level AA. The candidate value""
}",,,,,,True,CAND_002,wcag22_added=2.5.8;level=AA,True
external,EXT_E008,TEMPORAL_VERSION,3,20260822,OPTION_VALUE_ONLY,SELECTED,OPTION_B,CAND_002,wcag22_added=2.5.8;level=AA,The source document EXT_DOC_008_NEW (WCAG 2.2 change summary) explicitly lists success criterion 2.5.8 Target Size Minimum with conformance level AA as a new addition in WCAG 2.2.2,OPTION_A=CAND_001|OPTION_B=CAND_002|OPTION_C=CAND_003,3335,json_schema,1002,82,stop,"{
  ""abstain"": false,
  ""option_id"": ""OPTION_B"",
  ""reason"": ""The source document EXT_DOC_008_NEW (WCAG 2.2 change summary) explicitly lists success criterion 2.5.8 Target Size Minimum with conformance level AA as a new addition in WCAG 2.2.2""
}",,,,,,True,CAND_002,wcag22_added=2.5.8;level=AA,True
external,EXT_E008,TEMPORAL_VERSION,3,20260822,OPTION_FORMAL_OPERATION,SELECTED,OPTION_B,CAND_002,wcag22_added=2.5.8;level=AA,The source document EXT_DOC_008_NEW ('What is New in WCAG 2.2') explicitly lists '2.5.8 Target Size Minimum' with conformance level AA as a new success criterion added in WCAG 2.2.,OPTION_A=CAND_001|OPTION_B=CAND_002|OPTION_C=CAND_003,3151,json_schema,1550,82,stop,"{
  ""abstain"": false,
  ""option_id"": ""OPTION_B"",
  ""reason"": ""The source document EXT_DOC_008_NEW ('What is New in WCAG 2.2') explicitly lists '2.5.8 Target Size Minimum' with conformance level AA as a new success criterion added in WCAG 2.2.""}",,,,,,True,CAND_002,wcag22_added=2.5.8;level=AA,True
external,EXT_E008,TEMPORAL_VERSION,3,20260822,OPTION_FORMAL_POLICY,SELECTED,OPTION_B,CAND_002,wcag22_added=2.5.8;level=AA,The formal_policy rule EXT_E008_NEW_PUBLIC_CHANGE has priority 300 and applies when selected_revision is 'new' (as indicated by the source documents where WCAG 2.2 is the current/‘,OPTION_A=CAND_001|OPTION_B=CAND_002|OPTION_C=CAND_003,3037,json_schema,1871,77,stop,"{
  ""abstain"": false,
  ""option_id"": ""OPTION_B"",
  ""reason"": ""The formal_policy rule EXT_E008_NEW_PUBLIC_CHANGE has priority 300 and applies when selected_revision is 'new' (as indicated by the source documents where WCAG 2.2 is the current/‘""
}",True,,,,,True,CAND_002,wcag22_added=2.5.8;level=AA,True
external,EXT_E008,TEMPORAL_VERSION,3,20260822,OPTION_FORMAL_POLICY_HARD_GATE,SELECTED,OPTION_B,CAND_002,wcag22_added=2.5.8;level=AA,deterministic gate selected EXT_E008_NEW_PUBLIC_CHANGE,OPTION_A=CAND_001|OPTION_B=CAND_002|OPTION_C=CAND_003,0,formal_policy_hard_gate,0,0,,,True,EXT_E008_NEW_PUBLIC_CHANGE,wcag22_added=2.5.8;level=AA,1,DETERMINISTIC_SELECT,False,CAND_002,wcag22_added=2.5.8;level=AA,True
external,EXT_E009,TEMPORAL_VERSION,3,20260822,DIRECT_FREE,SELECTED,OPTION_B,CAND_002,wcag22_added=3.2.6;level=A,The source document EXT_DOC_009_NEW (What is New in WCAG 2.2) explicitly lists success criterion 3.2.6 Consistent Help as a new addition to WCAG 2.2 with conformance level A. The W,OPTION_A=CAND_001|OPTION_B=CAND_002|OPTION_C=CAND_003,3583,json_schema,875,96,stop,"{
  ""abstain"": false,
  ""value"": ""wcag22_added=3.2.6;level=A"",
  ""reason"": ""The source document EXT_DOC_009_NEW (What is New in WCAG 2.2) explicitly lists success criterion 3.2.6 Consistent Help as a new addition to WCAG 2.2 with conformance level A. The W""
}",,,,,,True,CAND_002,wcag22_added=3.2.6;level=A,True
external,EXT_E009,TEMPORAL_VERSION,3,20260822,OPTION_VALUE_ONLY,SELECTED,OPTION_B,CAND_002,wcag22_added=3.2.6;level=A,The source document EXT_DOC_009_NEW (WCAG 2.2 change summary) explicitly lists success criterion 3.2.6 Consistent Help with conformance level A as a new addition in WCAG 2.2. The W,OPTION_A=CAND_001|OPTION_B=CAND_002|OPTION_C=CAND_003,3200,json_schema,1000,82,stop,"{
  ""abstain"": false,
  ""option_id"": ""OPTION_B"",
  ""reason"": ""The source document EXT_DOC_009_NEW (WCAG 2.2 change summary) explicitly lists success criterion 3.2.6 Consistent Help with conformance level A as a new addition in WCAG 2.2. The W""
}",,,,,,True,CAND_002,wcag22_added=3.2.6;level=A,True
external,EXT_E009,TEMPORAL_VERSION,3,20260822,OPTION_FORMAL_OPERATION,SELECTED,OPTION_B,CAND_002,wcag22_added=3.2.6;level=A,The source document EXT_DOC_009_NEW (What is New in WCAG 2.2) explicitly lists success criterion 3.2.6 Consistent Help with conformance level A as a new addition in WCAG 2.2. This ,OPTION_A=CAND_001|OPTION_B=CAND_002|OPTION_C=CAND_003,3322,json_schema,1548,83,stop,"{
  ""abstain"": false,
  ""option_id"": ""OPTION_B"",
  ""reason"": ""The source document EXT_DOC_009_NEW (What is New in WCAG 2.2) explicitly lists success criterion 3.2.6 Consistent Help with conformance level A as a new addition in WCAG 2.2. This ""}",,,,,,True,CAND_002,wcag22_added=3.2.6;level=A,True
external,EXT_E009,TEMPORAL_VERSION,3,20260822,OPTION_FORMAL_POLICY,SELECTED,OPTION_B,CAND_002,wcag22_added=3.2.6;level=A,The formal_policy rule EXT_E009_NEW_PUBLIC_CHANGE has priority 300 and applies when selected_revision is 'new'. It explicitly allows only the value 'wcag22_added=3.2.6;level=A'. WC,OPTION_A=CAND_001|OPTION_B=CAND_002|OPTION_C=CAND_003,3109,json_schema,1868,81,stop,"{
  ""abstain"": false,
  ""option_id"": ""OPTION_B"",
  ""reason"": ""The formal_policy rule EXT_E009_NEW_PUBLIC_CHANGE has priority 300 and applies when selected_revision is 'new'. It explicitly allows only the value 'wcag22_added=3.2.6;level=A'. WC""
}",True,,,,,True,CAND_002,wcag22_added=3.2.6;level=A,True
external,EXT_E009,TEMPORAL_VERSION,3,20260822,OPTION_FORMAL_POLICY_HARD_GATE,SELECTED,OPTION_B,CAND_002,wcag22_added=3.2.6;level=A,deterministic gate selected EXT_E009_NEW_PUBLIC_CHANGE,OPTION_A=CAND_001|OPTION_B=CAND_002|OPTION_C=CAND_003,0,formal_policy_hard_gate,0,0,,,True,EXT_E009_NEW_PUBLIC_CHANGE,wcag22_added=3.2.6;level=A,1,DETERMINISTIC_SELECT,False,CAND_002,wcag22_added=3.2.6;level=A,True
external,EXT_E010,TEMPORAL_VERSION,3,20260822,DIRECT_FREE,SELECTED,OPTION_C,CAND_002,wcag22_added=3.3.7;level=A,The source document EXT_DOC_010_NEW (WCAG 2.2 change summary) explicitly lists success criterion 3.3.7 Redundant Entry with conformance level A as a new addition in WCAG 2.2. This ,OPTION_A=CAND_003|OPTION_B=CAND_001|OPTION_C=CAND_002,3551,json_schema,877,93,stop,"{
  ""abstain"": false,
  ""value"": ""wcag22_added=3.3.7;level=A"",
  ""reason"": ""The source document EXT_DOC_010_NEW (WCAG 2.2 change summary) explicitly lists success criterion 3.3.7 Redundant Entry with conformance level A as a new addition in WCAG 2.2. This ""}",,,,,,True,CAND_002,wcag22_added=3.3.7;level=A,True
external,EXT_E010,TEMPORAL_VERSION,3,20260822,OPTION_VALUE_ONLY,SELECTED,OPTION_C,CAND_002,wcag22_added=3.3.7;level=A,The source document EXT_DOC_010_NEW ('What is New in WCAG 2.2') explicitly lists success criterion 3.3.7 Redundant Entry as a new addition to WCAG 2.2 with conformance level A. The,OPTION_A=CAND_003|OPTION_B=CAND_001|OPTION_C=CAND_002,3272,json_schema,1002,84,stop,"{
  ""abstain"": false,
  ""option_id"": ""OPTION_C"",
  ""reason"": ""The source document EXT_DOC_010_NEW ('What is New in WCAG 2.2') explicitly lists success criterion 3.3.7 Redundant Entry as a new addition to WCAG 2.2 with conformance level A. The""
}",,,,,,True,CAND_002,wcag22_added=3.3.7;level=A,True
external,EXT_E010,TEMPORAL_VERSION,3,20260822,OPTION_FORMAL_OPERATION,SELECTED,OPTION_C,CAND_002,wcag22_added=3.3.7;level=A,The source document EXT_DOC_010_NEW ('What is New in WCAG 2.2') explicitly lists success criterion 3.3.7 Redundant Entry with conformance level A as a new addition in WCAG 2.2. The,OPTION_A=CAND_003|OPTION_B=CAND_001|OPTION_C=CAND_002,3319,json_schema,1550,83,stop,"{
  ""abstain"": false,
  ""option_id"": ""OPTION_C"",
  ""reason"": ""The source document EXT_DOC_010_NEW ('What is New in WCAG 2.2') explicitly lists success criterion 3.3.7 Redundant Entry with conformance level A as a new addition in WCAG 2.2. The""}",,,,,,True,CAND_002,wcag22_added=3.3.7;level=A,True
external,EXT_E010,TEMPORAL_VERSION,3,20260822,OPTION_FORMAL_POLICY,SELECTED,OPTION_C,CAND_002,wcag22_added=3.3.7;level=A,The formal_policy rule EXT_E010_NEW_PUBLIC_CHANGE (priority 300) applies because public_change_present is true and selected_revision is 'new'. This rule explicitly allows only the值,OPTION_A=CAND_003|OPTION_B=CAND_001|OPTION_C=CAND_002,2921,json_schema,1870,71,stop,"{
  ""abstain"": false,
  ""option_id"": ""OPTION_C"",
  ""reason"": ""The formal_policy rule EXT_E010_NEW_PUBLIC_CHANGE (priority 300) applies because public_change_present is true and selected_revision is 'new'. This rule explicitly allows only the值""
}",True,,,,,True,CAND_002,wcag22_added=3.3.7;level=A,True
external,EXT_E010,TEMPORAL_VERSION,3,20260822,OPTION_FORMAL_POLICY_HARD_GATE,SELECTED,OPTION_C,CAND_002,wcag22_added=3.3.7;level=A,deterministic gate selected EXT_E010_NEW_PUBLIC_CHANGE,OPTION_A=CAND_003|OPTION_B=CAND_001|OPTION_C=CAND_002,0,formal_policy_hard_gate,0,0,,,True,EXT_E010_NEW_PUBLIC_CHANGE,wcag22_added=3.3.7;level=A,1,DETERMINISTIC_SELECT,False,CAND_002,wcag22_added=3.3.7;level=A,True
external,EXT_E011,TEMPORAL_VERSION,3,20260822,DIRECT_FREE,SELECTED,OPTION_B,CAND_002,wcag22_added=3.3.8;level=AA,EXT_DOC_011_NEW (WCAG 2.2 change summary) explicitly lists 3.3.8 Accessible Authentication Minimum as a new criterion with conformance level AA. EXT_DOC_011_OLD (WCAG 2.1) does not,OPTION_A=CAND_003|OPTION_B=CAND_002|OPTION_C=CAND_001,3559,json_schema,878,99,stop,"{
  ""abstain"": false,
  ""value"": ""wcag22_added=3.3.8;level=AA"",
  ""reason"": ""EXT_DOC_011_NEW (WCAG 2.2 change summary) explicitly lists 3.3.8 Accessible Authentication Minimum as a new criterion with conformance level AA. EXT_DOC_011_OLD (WCAG 2.1) does not""
}",,,,,,True,CAND_002,wcag22_added=3.3.8;level=AA,True
external,EXT_E011,TEMPORAL_VERSION,3,20260822,OPTION_VALUE_ONLY,SELECTED,OPTION_B,CAND_002,wcag22_added=3.3.8;level=AA,The source document EXT_DOC_011_NEW ('What is New in WCAG 2.2') explicitly lists success criterion 3.3.8 Accessible Authentication Minimum with conformance level AA. This directly驳,OPTION_A=CAND_003|OPTION_B=CAND_002|OPTION_C=CAND_001,2987,json_schema,1004,75,stop,"{
  ""abstain"": false,
  ""option_id"": ""OPTION_B"",
  ""reason"": ""The source document EXT_DOC_011_NEW ('What is New in WCAG 2.2') explicitly lists success criterion 3.3.8 Accessible Authentication Minimum with conformance level AA. This directly驳""
}",,,,,,True,CAND_002,wcag22_added=3.3.8;level=AA,True
external,EXT_E011,TEMPORAL_VERSION,3,20260822,OPTION_FORMAL_OPERATION,SELECTED,OPTION_B,CAND_002,wcag22_added=3.3.8;level=AA,The source document EXT_DOC_011_NEW (What is New in WCAG 2.2) explicitly lists success criterion 3.3.8 Accessible Authentication Minimum with conformance level AA. OPTION_A claims ,OPTION_A=CAND_003|OPTION_B=CAND_002|OPTION_C=CAND_001,3248,json_schema,1552,75,stop,"{
  ""abstain"": false,
  ""option_id"": ""OPTION_B"",
  ""reason"": ""The source document EXT_DOC_011_NEW (What is New in WCAG 2.2) explicitly lists success criterion 3.3.8 Accessible Authentication Minimum with conformance level AA. OPTION_A claims ""}",,,,,,True,CAND_002,wcag22_added=3.3.8;level=AA,True
external,EXT_E011,TEMPORAL_VERSION,3,20260822,OPTION_FORMAL_POLICY,SELECTED,OPTION_B,CAND_002,wcag22_added=3.3.8;level=AA,The formal_policy rule EXT_E011_NEW_PUBLIC_CHANGE has priority 300 and applies when public_change_present is true and selected_revision is 'new'. It explicitly allows only the new_,OPTION_A=CAND_003|OPTION_B=CAND_002|OPTION_C=CAND_001,2776,json_schema,1873,69,stop,"{
  ""abstain"": false,
  ""option_id"": ""OPTION_B"",
  ""reason"": ""The formal_policy rule EXT_E011_NEW_PUBLIC_CHANGE has priority 300 and applies when public_change_present is true and selected_revision is 'new'. It explicitly allows only the new_""}",True,,,,,True,CAND_002,wcag22_added=3.3.8;level=AA,True
external,EXT_E011,TEMPORAL_VERSION,3,20260822,OPTION_FORMAL_POLICY_HARD_GATE,SELECTED,OPTION_B,CAND_002,wcag22_added=3.3.8;level=AA,deterministic gate selected EXT_E011_NEW_PUBLIC_CHANGE,OPTION_A=CAND_003|OPTION_B=CAND_002|OPTION_C=CAND_001,0,formal_policy_hard_gate,0,0,,,True,EXT_E011_NEW_PUBLIC_CHANGE,wcag22_added=3.3.8;level=AA,1,DETERMINISTIC_SELECT,False,CAND_002,wcag22_added=3.3.8;level=AA,True
external,EXT_E012,TEMPORAL_VERSION,3,20260822,DIRECT_FREE,SELECTED,OPTION_B,CAND_002,wcag22_added=3.3.9;level=AAA,The document EXT_DOC_012_NEW (WCAG 2.2 change summary) explicitly lists success criterion 3.3.9 Accessible Authentication Enhanced with conformance level AAA as a new addition. The,OPTION_A=CAND_003|OPTION_B=CAND_002|OPTION_C=CAND_001,3222,json_schema,878,85,stop,"{
  ""abstain"": false,
  ""value"": ""wcag22_added=3.3.9;level=AAA"",
  ""reason"": ""The document EXT_DOC_012_NEW (WCAG 2.2 change summary) explicitly lists success criterion 3.3.9 Accessible Authentication Enhanced with conformance level AAA as a new addition. The""}",,,,,,True,CAND_002,wcag22_added=3.3.9;level=AAA,True
external,EXT_E012,TEMPORAL_VERSION,3,20260822,OPTION_VALUE_ONLY,SELECTED,OPTION_B,CAND_002,wcag22_added=3.3.9;level=AAA,"The source document EXT_DOC_012_NEW (What is New in WCAG 2.2) explicitly lists success criterion 3.3.9 Accessible Authentication Enhanced with conformance level AAA. This evidence,",OPTION_A=CAND_003|OPTION_B=CAND_002|OPTION_C=CAND_001,3244,json_schema,1004,74,stop,"{
  ""abstain"": false,
  ""option_id"": ""OPTION_B"",
  ""reason"": ""The source document EXT_DOC_012_NEW (What is New in WCAG 2.2) explicitly lists success criterion 3.3.9 Accessible Authentication Enhanced with conformance level AAA. This evidence,""}",,,,,,True,CAND_002,wcag22_added=3.3.9;level=AAA,True
external,EXT_E012,TEMPORAL_VERSION,3,20260822,OPTION_FORMAL_OPERATION,SELECTED,OPTION_B,CAND_002,wcag22_added=3.3.9;level=AAA,The source document EXT_DOC_012_NEW ('What is New in WCAG 2.2') explicitly lists success criterion 3.3.9 Accessible Authentication Enhanced with conformance level AAA. OPTION_B's ',OPTION_A=CAND_003|OPTION_B=CAND_002|OPTION_C=CAND_001,3339,json_schema,1552,77,stop,"{
  ""abstain"": false,
  ""option_id"": ""OPTION_B"",
  ""reason"": ""The source document EXT_DOC_012_NEW ('What is New in WCAG 2.2') explicitly lists success criterion 3.3.9 Accessible Authentication Enhanced with conformance level AAA. OPTION_B's '""
}",,,,,,True,CAND_002,wcag22_added=3.3.9;level=AAA,True
external,EXT_E012,TEMPORAL_VERSION,3,20260822,OPTION_FORMAL_POLICY,SELECTED,OPTION_B,CAND_002,wcag22_added=3.3.9;level=AAA,The formal_policy rule EXT_E012_NEW_PUBLIC_CHANGE has priority 300 and applies because public_change_present is true and selected_revision is 'new'. This rule explicitly allows the,OPTION_A=CAND_003|OPTION_B=CAND_002|OPTION_C=CAND_001,2923,json_schema,1873,69,stop,"{
  ""abstain"": false,
  ""option_id"": ""OPTION_B"",
  ""reason"": ""The formal_policy rule EXT_E012_NEW_PUBLIC_CHANGE has priority 300 and applies because public_change_present is true and selected_revision is 'new'. This rule explicitly allows the""
}",True,,,,,True,CAND_002,wcag22_added=3.3.9;level=AAA,True
external,EXT_E012,TEMPORAL_VERSION,3,20260822,OPTION_FORMAL_POLICY_HARD_GATE,SELECTED,OPTION_B,CAND_002,wcag22_added=3.3.9;level=AAA,deterministic gate selected EXT_E012_NEW_PUBLIC_CHANGE,OPTION_A=CAND_003|OPTION_B=CAND_002|OPTION_C=CAND_001,0,formal_policy_hard_gate,0,0,,,True,EXT_E012_NEW_PUBLIC_CHANGE,wcag22_added=3.3.9;level=AAA,1,DETERMINISTIC_SELECT,False,CAND_002,wcag22_added=3.3.9;level=AAA,True
external,EXT_E013,CROSS_SENTENCE_SCOPE,3,20260822,DIRECT_FREE,SELECTED,OPTION_A,CAND_002,wcag21_cross_scope=1.3.4;level=AA,EXT_DOC_013_NEW (effective from 2018-06-05) explicitly lists WCAG 2.1 additions including criterion 1.3.4 Orientation at conformance level AA. EXT_DOC_013_OLD is superseded for new,OPTION_A=CAND_002|OPTION_B=CAND_003|OPTION_C=CAND_001,3857,json_schema,880,102,stop,"{
  ""abstain"": false,
  ""value"": ""wcag21_cross_scope=1.3.4;level=AA"",
  ""reason"": ""EXT_DOC_013_NEW (effective from 2018-06-05) explicitly lists WCAG 2.1 additions including criterion 1.3.4 Orientation at conformance level AA. EXT_DOC_013_OLD is superseded for new""
}",,,,,,True,CAND_002,wcag21_cross_scope=1.3.4;level=AA,True
external,EXT_E013,CROSS_SENTENCE_SCOPE,3,20260822,OPTION_VALUE_ONLY,SELECTED,OPTION_A,CAND_002,wcag21_cross_scope=1.3.4;level=AA,"The source document EXT_DOC_013_NEW (WCAG 2.1 change summary) explicitly lists the addition of criterion 1.3.4 Orientation at conformance level AA. The candidate value in OPTION_A,",OPTION_A=CAND_002|OPTION_B=CAND_003|OPTION_C=CAND_001,3146,json_schema,1008,76,stop,"{
  ""abstain"": false,
  ""option_id"": ""OPTION_A"",
  ""reason"": ""The source document EXT_DOC_013_NEW (WCAG 2.1 change summary) explicitly lists the addition of criterion 1.3.4 Orientation at conformance level AA. The candidate value in OPTION_A,""
}",,,,,,True,CAND_002,wcag21_cross_scope=1.3.4;level=AA,True
external,EXT_E013,CROSS_SENTENCE_SCOPE,3,20260822,OPTION_FORMAL_OPERATION,SELECTED,OPTION_A,CAND_002,wcag21_cross_scope=1.3.4;level=AA,"The source document EXT_DOC_013_NEW (WCAG 2.1 change summary) explicitly lists the addition of success criterion 1.3.4 Orientation at conformance level AA. Therefore, the value 'wc",OPTION_A=CAND_002|OPTION_B=CAND_003|OPTION_C=CAND_001,3067,json_schema,1556,77,stop,"{
  ""abstain"": false,
  ""option_id"": ""OPTION_A"",
  ""reason"": ""The source document EXT_DOC_013_NEW (WCAG 2.1 change summary) explicitly lists the addition of success criterion 1.3.4 Orientation at conformance level AA. Therefore, the value 'wc""
}",,,,,,True,CAND_002,wcag21_cross_scope=1.3.4;level=AA,True
external,EXT_E013,CROSS_SENTENCE_SCOPE,3,20260822,OPTION_FORMAL_POLICY,SELECTED,OPTION_A,CAND_002,wcag21_cross_scope=1.3.4;level=AA,The formal_policy rule EXT_E013_NEW_PUBLIC_CHANGE has priority 300 and applies when selected_revision is 'new' (matching the effective document EXT_DOC_013_NEW). Its allowed_values,OPTION_A=CAND_002|OPTION_B=CAND_003|OPTION_C=CAND_001,2900,json_schema,1878,74,stop,"{
  ""abstain"": false,
  ""option_id"": ""OPTION_A"",
  ""reason"": ""The formal_policy rule EXT_E013_NEW_PUBLIC_CHANGE has priority 300 and applies when selected_revision is 'new' (matching the effective document EXT_DOC_013_NEW). Its allowed_values""
}",True,,,,,True,CAND_002,wcag21_cross_scope=1.3.4;level=AA,True
external,EXT_E013,CROSS_SENTENCE_SCOPE,3,20260822,OPTION_FORMAL_POLICY_HARD_GATE,SELECTED,OPTION_A,CAND_002,wcag21_cross_scope=1.3.4;level=AA,deterministic gate selected EXT_E013_NEW_PUBLIC_CHANGE,OPTION_A=CAND_002|OPTION_B=CAND_003|OPTION_C=CAND_001,0,formal_policy_hard_gate,0,0,,,True,EXT_E013_NEW_PUBLIC_CHANGE,wcag21_cross_scope=1.3.4;level=AA,1,DETERMINISTIC_SELECT,False,CAND_002,wcag21_cross_scope=1.3.4;level=AA,True
external,EXT_E014,CROSS_SENTENCE_SCOPE,3,20260822,DIRECT_FREE,SELECTED,OPTION_B,CAND_002,wcag21_cross_scope=1.3.5;level=AA,EXT_DOC_014_NEW (effective from 2018-06-05) supersedes EXT_DOC_014_OLD for WCAG 2.1 additions. The document explicitly lists 1.3.5 Identify Input Purpose at level AA as a new entry,OPTION_A=CAND_003|OPTION_B=CAND_002|OPTION_C=CAND_001,3669,json_schema,884,105,stop,"{
  ""abstain"": false,
  ""value"": ""wcag21_cross_scope=1.3.5;level=AA"",
  ""reason"": ""EXT_DOC_014_NEW (effective from 2018-06-05) supersedes EXT_DOC_014_OLD for WCAG 2.1 additions. The document explicitly lists 1.3.5 Identify Input Purpose at level AA as a new entry""
}",,,,,,True,CAND_002,wcag21_cross_scope=1.3.5;level=AA,True
external,EXT_E014,CROSS_SENTENCE_SCOPE,3,20260822,OPTION_VALUE_ONLY,SELECTED,OPTION_B,CAND_002,wcag21_cross_scope=1.3.5;level=AA,The public evidence note explicitly states that WCAG 2.1 change page lists '1.3.5 Identify Input Purpose at level AA'. CAND_002 matches this fact exactly. CAND_001 is incorrect as ,OPTION_A=CAND_003|OPTION_B=CAND_002|OPTION_C=CAND_001,3125,json_schema,1012,77,stop,"{
  ""abstain"": false,
  ""option_id"": ""OPTION_B"",
  ""reason"": ""The public evidence note explicitly states that WCAG 2.1 change page lists '1.3.5 Identify Input Purpose at level AA'. CAND_002 matches this fact exactly. CAND_001 is incorrect as ""}",,,,,,True,CAND_002,wcag21_cross_scope=1.3.5;level=AA,True
external,EXT_E014,CROSS_SENTENCE_SCOPE,3,20260822,OPTION_FORMAL_OPERATION,SELECTED,OPTION_B,CAND_002,wcag21_cross_scope=1.3.5;level=AA,The source document EXT_DOC_014_NEW (What is New in WCAG 2.1) explicitly lists success criterion 1.3.5 Identify Input Purpose at conformance level AA. OPTION_B correctly updates 'c,OPTION_A=CAND_003|OPTION_B=CAND_002|OPTION_C=CAND_001,3318,json_schema,1560,78,stop,"{
  ""abstain"": false,
  ""option_id"": ""OPTION_B"",
  ""reason"": ""The source document EXT_DOC_014_NEW (What is New in WCAG 2.1) explicitly lists success criterion 1.3.5 Identify Input Purpose at conformance level AA. OPTION_B correctly updates 'c""
}",,,,,,True,CAND_002,wcag21_cross_scope=1.3.5;level=AA,True
external,EXT_E014,CROSS_SENTENCE_SCOPE,3,20260822,OPTION_FORMAL_POLICY,SELECTED,OPTION_B,CAND_002,wcag21_cross_scope=1.3.5;level=AA,The formal_policy rule EXT_E014_NEW_PUBLIC_CHANGE (priority 300) applies because public_change_present is true and selected_revision is 'new'. This rule explicitly allows only the值,OPTION_A=CAND_003|OPTION_B=CAND_002|OPTION_C=CAND_001,2907,json_schema,1882,71,stop,"{
  ""abstain"": false,
  ""option_id"": ""OPTION_B"",
  ""reason"": ""The formal_policy rule EXT_E014_NEW_PUBLIC_CHANGE (priority 300) applies because public_change_present is true and selected_revision is 'new'. This rule explicitly allows only the值""
}",True,,,,,True,CAND_002,wcag21_cross_scope=1.3.5;level=AA,True
external,EXT_E014,CROSS_SENTENCE_SCOPE,3,20260822,OPTION_FORMAL_POLICY_HARD_GATE,SELECTED,OPTION_B,CAND_002,wcag21_cross_scope=1.3.5;level=AA,deterministic gate selected EXT_E014_NEW_PUBLIC_CHANGE,OPTION_A=CAND_003|OPTION_B=CAND_002|OPTION_C=CAND_001,0,formal_policy_hard_gate,0,0,,,True,EXT_E014_NEW_PUBLIC_CHANGE,wcag21_cross_scope=1.3.5;level=AA,1,DETERMINISTIC_SELECT,False,CAND_002,wcag21_cross_scope=1.3.5;level=AA,True
external,EXT_E015,CROSS_SENTENCE_SCOPE,3,20260822,DIRECT_FREE,SELECTED,OPTION_A,CAND_002,wcag21_cross_scope=1.3.6;level=AAA,The document EXT_DOC_015_NEW (effective from 2018-06-05) explicitly lists 'Identify Purpose' (1.3.6) as a new addition at level AAA. This supersedes the status in EXT_DOC_015_OLD (,OPTION_A=CAND_002|OPTION_B=CAND_001|OPTION_C=CAND_003,3832,json_schema,882,103,stop,"{
  ""abstain"": false,
  ""value"": ""wcag21_cross_scope=1.3.6;level=AAA"",
  ""reason"": ""The document EXT_DOC_015_NEW (effective from 2018-06-05) explicitly lists 'Identify Purpose' (1.3.6) as a new addition at level AAA. This supersedes the status in EXT_DOC_015_OLD (""}",,,,,,True,CAND_002,wcag21_cross_scope=1.3.6;level=AAA,True
external,EXT_E015,CROSS_SENTENCE_SCOPE,3,20260822,OPTION_VALUE_ONLY,SELECTED,OPTION_A,CAND_002,wcag21_cross_scope=1.3.6;level=AAA,The document EXT_DOC_015_NEW (WCAG 2.1 change summary) explicitly lists 'Identify Purpose' (1.3.6) as a new addition at conformance level AAA. The target requires preserving the ID,OPTION_A=CAND_002|OPTION_B=CAND_001|OPTION_C=CAND_003,3434,json_schema,1010,80,stop,"{
  ""abstain"": false,
  ""option_id"": ""OPTION_A"",
  ""reason"": ""The document EXT_DOC_015_NEW (WCAG 2.1 change summary) explicitly lists 'Identify Purpose' (1.3.6) as a new addition at conformance level AAA. The target requires preserving the ID""
}",,,,,,True,CAND_002,wcag21_cross_scope=1.3.6;level=AAA,True
external,EXT_E015,CROSS_SENTENCE_SCOPE,3,20260822,OPTION_FORMAL_OPERATION,SELECTED,OPTION_A,CAND_002,wcag21_cross_scope=1.3.6;level=AAA,Document EXT_DOC_015_NEW (effective from 2018-06-05) supersedes EXT_DOC_015_OLD. It explicitly lists WCAG 2.1 addition 1.3.6 Identify Purpose at level AAA. The evidence supports C2,OPTION_A=CAND_002|OPTION_B=CAND_001|OPTION_C=CAND_003,3553,json_schema,1558,92,stop,"{
  ""abstain"": false,
  ""option_id"": ""OPTION_A"",
  ""reason"": ""Document EXT_DOC_015_NEW (effective from 2018-06-05) supersedes EXT_DOC_015_OLD. It explicitly lists WCAG 2.1 addition 1.3.6 Identify Purpose at level AAA. The evidence supports C2""
}",,,,,,True,CAND_002,wcag21_cross_scope=1.3.6;level=AAA,True
external,EXT_E015,CROSS_SENTENCE_SCOPE,3,20260822,OPTION_FORMAL_POLICY,SELECTED,OPTION_A,CAND_002,wcag21_cross_scope=1.3.6;level=AAA,The formal_policy rule EXT_E015_NEW_PUBLIC_CHANGE has priority 300 and applies because public_change_present is true and selected_revision is 'new'. This rule explicitly allows the,OPTION_A=CAND_002|OPTION_B=CAND_001|OPTION_C=CAND_003,3042,json_schema,1880,69,stop,"{
  ""abstain"": false,
  ""option_id"": ""OPTION_A"",
  ""reason"": ""The formal_policy rule EXT_E015_NEW_PUBLIC_CHANGE has priority 300 and applies because public_change_present is true and selected_revision is 'new'. This rule explicitly allows the""
}",True,,,,,True,CAND_002,wcag21_cross_scope=1.3.6;level=AAA,True
external,EXT_E015,CROSS_SENTENCE_SCOPE,3,20260822,OPTION_FORMAL_POLICY_HARD_GATE,SELECTED,OPTION_A,CAND_002,wcag21_cross_scope=1.3.6;level=AAA,deterministic gate selected EXT_E015_NEW_PUBLIC_CHANGE,OPTION_A=CAND_002|OPTION_B=CAND_001|OPTION_C=CAND_003,0,formal_policy_hard_gate,0,0,,,True,EXT_E015_NEW_PUBLIC_CHANGE,wcag21_cross_scope=1.3.6;level=AAA,1,DETERMINISTIC_SELECT,False,CAND_002,wcag21_cross_scope=1.3.6;level=AAA,True
external,EXT_E016,CROSS_SENTENCE_SCOPE,3,20260822,DIRECT_FREE,SELECTED,OPTION_B,CAND_002,wcag21_cross_scope=1.4.10;level=AA,Document EXT_DOC_016_NEW (effective from 2018-06-05) supersedes EXT_DOC_016_OLD (effective to 2018-06-04). The evidence note explicitly states that the WCAG 2.1 change page lists ',OPTION_A=CAND_003|OPTION_B=CAND_002|OPTION_C=CAND_001,3791,json_schema,888,110,stop,"{
  ""abstain"": false,
  ""value"": ""wcag21_cross_scope=1.4.10;level=AA"",
  ""reason"": ""Document EXT_DOC_016_NEW (effective from 2018-06-05) supersedes EXT_DOC_016_OLD (effective to 2018-06-04). The evidence note explicitly states that the WCAG 2.1 change page lists '"" }",,,,,,True,CAND_002,wcag21_cross_scope=1.4.10;level=AA,True
external,EXT_E016,CROSS_SENTENCE_SCOPE,3,20260822,OPTION_VALUE_ONLY,SELECTED,OPTION_B,CAND_002,wcag21_cross_scope=1.4.10;level=AA,The source document EXT_DOC_016_NEW (WCAG 2.1 change summary) explicitly lists the addition of success criterion 1.4.10 Reflow at conformance level AA. The target requires the conﬁ,OPTION_A=CAND_003|OPTION_B=CAND_002|OPTION_C=CAND_001,3382,json_schema,1018,78,stop,"{
  ""abstain"": false,
  ""option_id"": ""OPTION_B"",
  ""reason"": ""The source document EXT_DOC_016_NEW (WCAG 2.1 change summary) explicitly lists the addition of success criterion 1.4.10 Reflow at conformance level AA. The target requires the conﬁ""
}",,,,,,True,CAND_002,wcag21_cross_scope=1.4.10;level=AA,True
external,EXT_E016,CROSS_SENTENCE_SCOPE,3,20260822,OPTION_FORMAL_OPERATION,SELECTED,OPTION_B,CAND_002,wcag21_cross_scope=1.4.10;level=AA,The source document EXT_DOC_016_NEW ('What is New in WCAG 2.1') explicitly lists the addition of success criterion 1.4.10 Reflow at conformance level AA. Option B correctly updates,OPTION_A=CAND_003|OPTION_B=CAND_002|OPTION_C=CAND_001,3249,json_schema,1569,79,stop,"{
  ""abstain"": false,
  ""option_id"": ""OPTION_B"",
  ""reason"": ""The source document EXT_DOC_016_NEW ('What is New in WCAG 2.1') explicitly lists the addition of success criterion 1.4.10 Reflow at conformance level AA. Option B correctly updates""
}",,,,,,True,CAND_002,wcag21_cross_scope=1.4.10;level=AA,True
external,EXT_E016,CROSS_SENTENCE_SCOPE,3,20260822,OPTION_FORMAL_POLICY,SELECTED,OPTION_B,CAND_002,wcag21_cross_scope=1.4.10;level=AA,The formal_policy rule EXT_E016_NEW_PUBLIC_CHANGE has priority 300 and applies because public_change_present is true and selected_revision is 'new'. Its allowed_values strictly enl,OPTION_A=CAND_003|OPTION_B=CAND_002|OPTION_C=CAND_001,2853,json_schema,1893,70,stop,"{
  ""abstain"": false,
  ""option_id"": ""OPTION_B"",
  ""reason"": ""The formal_policy rule EXT_E016_NEW_PUBLIC_CHANGE has priority 300 and applies because public_change_present is true and selected_revision is 'new'. Its allowed_values strictly enl""
}",True,,,,,True,CAND_002,wcag21_cross_scope=1.4.10;level=AA,True
external,EXT_E016,CROSS_SENTENCE_SCOPE,3,20260822,OPTION_FORMAL_POLICY_HARD_GATE,SELECTED,OPTION_B,CAND_002,wcag21_cross_scope=1.4.10;level=AA,deterministic gate selected EXT_E016_NEW_PUBLIC_CHANGE,OPTION_A=CAND_003|OPTION_B=CAND_002|OPTION_C=CAND_001,0,formal_policy_hard_gate,0,0,,,True,EXT_E016_NEW_PUBLIC_CHANGE,wcag21_cross_scope=1.4.10;level=AA,1,DETERMINISTIC_SELECT,False,CAND_002,wcag21_cross_scope=1.4.10;level=AA,True
external,EXT_E017,CROSS_SENTENCE_SCOPE,3,20260822,DIRECT_FREE,SELECTED,OPTION_C,CAND_002,wcag21_cross_scope=1.4.11;level=AA,EXT_DOC_017_NEW (effective from 2018-06-05) supersedes EXT_DOC_017_OLD for WCAG 2.1 additions. The evidence note explicitly states that the new addition includes '1.4.11 Non-text'.,OPTION_A=CAND_003|OPTION_B=CAND_001|OPTION_C=CAND_002,3851,json_schema,890,106,stop,"{
  ""abstain"": false,
  ""value"": ""wcag21_cross_scope=1.4.11;level=AA"",
  ""reason"": ""EXT_DOC_017_NEW (effective from 2018-06-05) supersedes EXT_DOC_017_OLD for WCAG 2.1 additions. The evidence note explicitly states that the new addition includes '1.4.11 Non-text'.""
}",,,,,,True,CAND_002,wcag21_cross_scope=1.4.11;level=AA,True
external,EXT_E017,CROSS_SENTENCE_SCOPE,3,20260822,OPTION_VALUE_ONLY,SELECTED,OPTION_C,CAND_002,wcag21_cross_scope=1.4.11;level=AA,The source document EXT_DOC_017_NEW ('What is New in WCAG 2.1') published on 2018-06-05 (after the effective date of WCAG 2.0) explicitly lists 'Non-text Contrast' as a new success,OPTION_A=CAND_003|OPTION_B=CAND_001|OPTION_C=CAND_002,3483,json_schema,1020,90,stop,"{
  ""abstain"": false,
  ""option_id"": ""OPTION_C"",
  ""reason"": ""The source document EXT_DOC_017_NEW ('What is New in WCAG 2.1') published on 2018-06-05 (after the effective date of WCAG 2.0) explicitly lists 'Non-text Contrast' as a new success""
}",,,,,,True,CAND_002,wcag21_cross_scope=1.4.11;level=AA,True
external,EXT_E017,CROSS_SENTENCE_SCOPE,3,20260822,OPTION_FORMAL_OPERATION,SELECTED,OPTION_C,CAND_002,wcag21_cross_scope=1.4.11;level=AA,The source document EXT_DOC_017_NEW (WCAG 2.1 change summary) explicitly lists the addition of success criterion 1.4.11 Non-text Contrast at conformance level AA. OPTION_C updates ,OPTION_A=CAND_003|OPTION_B=CAND_001|OPTION_C=CAND_002,3199,json_schema,1571,76,stop,"{
  ""abstain"": false,
  ""option_id"": ""OPTION_C"",
  ""reason"": ""The source document EXT_DOC_017_NEW (WCAG 2.1 change summary) explicitly lists the addition of success criterion 1.4.11 Non-text Contrast at conformance level AA. OPTION_C updates ""}",,,,,,True,CAND_002,wcag21_cross_scope=1.4.11;level=AA,True
external,EXT_E017,CROSS_SENTENCE_SCOPE,3,20260822,OPTION_FORMAL_POLICY,SELECTED,OPTION_C,CAND_002,wcag21_cross_scope=1.4.11;level=AA,The formal_policy rule EXT_E017_NEW_PUBLIC_CHANGE (priority 300) applies because public_change_present is true and selected_revision is 'new'. This rule explicitly allows only 'wcg,OPTION_A=CAND_003|OPTION_B=CAND_001|OPTION_C=CAND_002,3100,json_schema,1895,73,stop,"{
  ""abstain"": false,
  ""option_id"": ""OPTION_C"",
  ""reason"": ""The formal_policy rule EXT_E017_NEW_PUBLIC_CHANGE (priority 300) applies because public_change_present is true and selected_revision is 'new'. This rule explicitly allows only 'wcg""

  }",True,,,,,True,CAND_002,wcag21_cross_scope=1.4.11;level=AA,True
external,EXT_E017,CROSS_SENTENCE_SCOPE,3,20260822,OPTION_FORMAL_POLICY_HARD_GATE,SELECTED,OPTION_C,CAND_002,wcag21_cross_scope=1.4.11;level=AA,deterministic gate selected EXT_E017_NEW_PUBLIC_CHANGE,OPTION_A=CAND_003|OPTION_B=CAND_001|OPTION_C=CAND_002,0,formal_policy_hard_gate,0,0,,,True,EXT_E017_NEW_PUBLIC_CHANGE,wcag21_cross_scope=1.4.11;level=AA,1,DETERMINISTIC_SELECT,False,CAND_002,wcag21_cross_scope=1.4.11;level=AA,True
external,EXT_E018,CROSS_SENTENCE_SCOPE,3,20260822,DIRECT_FREE,SELECTED,OPTION_C,CAND_002,wcag21_cross_scope=1.4.12;level=AA,The public evidence note explicitly states that the W3C WCAG 2.1 change page lists '1.4.12 Text Spacing at level AA' as a new addition. CAND_002 matches this specific scope (criter,OPTION_A=CAND_001|OPTION_B=CAND_003|OPTION_C=CAND_002,3559,json_schema,890,96,stop,"{
  ""abstain"": false,
  ""value"": ""wcag21_cross_scope=1.4.12;level=AA"",
  ""reason"": ""The public evidence note explicitly states that the W3C WCAG 2.1 change page lists '1.4.12 Text Spacing at level AA' as a new addition. CAND_002 matches this specific scope (criter""
}",,,,,,True,CAND_002,wcag21_cross_scope=1.4.12;level=AA,True
external,EXT_E018,CROSS_SENTENCE_SCOPE,3,20260822,OPTION_VALUE_ONLY,SELECTED,OPTION_C,CAND_002,wcag21_cross_scope=1.4.12;level=AA,The source document EXT_DOC_018_NEW (WCAG 2.1 change summary) explicitly lists the addition of success criterion 1.4.12 Text Spacing at conformance level AA. The public evidence is,OPTION_A=CAND_001|OPTION_B=CAND_003|OPTION_C=CAND_002,3283,json_schema,1020,77,stop,"{
  ""abstain"": false,
  ""option_id"": ""OPTION_C"",
  ""reason"": ""The source document EXT_DOC_018_NEW (WCAG 2.1 change summary) explicitly lists the addition of success criterion 1.4.12 Text Spacing at conformance level AA. The public evidence is""
}",,,,,,True,CAND_002,wcag21_cross_scope=1.4.12;level=AA,True
external,EXT_E018,CROSS_SENTENCE_SCOPE,3,20260822,OPTION_FORMAL_OPERATION,SELECTED,OPTION_C,CAND_002,wcag21_cross_scope=1.4.12;level=AA,The source document EXT_DOC_018_NEW ('What is New in WCAG 2.1') explicitly lists '1.4.12 Text Spacing' as a new addition at conformance level AA. The evidence note confirms this. C,OPTION_A=CAND_001|OPTION_B=CAND_003|OPTION_C=CAND_002,3334,json_schema,1571,83,stop,"{
  ""abstain"": false,
  ""option_id"": ""OPTION_C"",
  ""reason"": ""The source document EXT_DOC_018_NEW ('What is New in WCAG 2.1') explicitly lists '1.4.12 Text Spacing' as a new addition at conformance level AA. The evidence note confirms this. C""
}",,,,,,True,CAND_002,wcag21_cross_scope=1.4.12;level=AA,True
external,EXT_E018,CROSS_SENTENCE_SCOPE,3,20260822,OPTION_FORMAL_POLICY,SELECTED,OPTION_C,CAND_002,wcag21_cross_scope=1.4.12;level=AA,The formal_policy rule EXT_E018_NEW_PUBLIC_CHANGE applies because public_change_present is true and selected_revision is 'new'. This rule explicitly allows only 'wcag21_cross_scope,OPTION_A=CAND_001|OPTION_B=CAND_003|OPTION_C=CAND_002,2840,json_schema,1895,69,stop,"{
  ""abstain"": false,
  ""option_id"": ""OPTION_C"",
  ""reason"": ""The formal_policy rule EXT_E018_NEW_PUBLIC_CHANGE applies because public_change_present is true and selected_revision is 'new'. This rule explicitly allows only 'wcag21_cross_scope""
}",True,,,,,True,CAND_002,wcag21_cross_scope=1.4.12;level=AA,True
external,EXT_E018,CROSS_SENTENCE_SCOPE,3,20260822,OPTION_FORMAL_POLICY_HARD_GATE,SELECTED,OPTION_C,CAND_002,wcag21_cross_scope=1.4.12;level=AA,deterministic gate selected EXT_E018_NEW_PUBLIC_CHANGE,OPTION_A=CAND_001|OPTION_B=CAND_003|OPTION_C=CAND_002,0,formal_policy_hard_gate,0,0,,,True,EXT_E018_NEW_PUBLIC_CHANGE,wcag21_cross_scope=1.4.12;level=AA,1,DETERMINISTIC_SELECT,False,CAND_002,wcag21_cross_scope=1.4.12;level=AA,True
external,EXT_E019,CROSS_SENTENCE_SCOPE,3,20260822,DIRECT_FREE,SELECTED,OPTION_C,CAND_002,wcag21_cross_scope=1.4.13;level=AA,The document EXT_DOC_019_NEW (effective from 2018-06-05) explicitly lists '1.4.13 Content on Hover or Focus' as a new addition at level AA. This supersedes the status in EXT_DOC_01,OPTION_A=CAND_003|OPTION_B=CAND_001|OPTION_C=CAND_002,3653,json_schema,894,104,stop,"{
  ""abstain"": false,
  ""value"": ""wcag21_cross_scope=1.4.13;level=AA"",
  ""reason"": ""The document EXT_DOC_019_NEW (effective from 2018-06-05) explicitly lists '1.4.13 Content on Hover or Focus' as a new addition at level AA. This supersedes the status in EXT_DOC_01""
}",,,,,,True,CAND_002,wcag21_cross_scope=1.4.13;level=AA,True
external,EXT_E019,CROSS_SENTENCE_SCOPE,3,20260822,OPTION_VALUE_ONLY,SELECTED,OPTION_C,CAND_002,wcag21_cross_scope=1.4.13;level=AA,The source document EXT_DOC_019_NEW (WCAG 2.1 change summary) explicitly lists the addition of criterion 1.4.13 at conformance level AA. This satisfies the target requirement to 'c,OPTION_A=CAND_003|OPTION_B=CAND_001|OPTION_C=CAND_002,3368,json_schema,1024,77,stop,"{
  ""abstain"": false,
  ""option_id"": ""OPTION_C"",
  ""reason"": ""The source document EXT_DOC_019_NEW (WCAG 2.1 change summary) explicitly lists the addition of criterion 1.4.13 at conformance level AA. This satisfies the target requirement to 'c""
}",,,,,,True,CAND_002,wcag21_cross_scope=1.4.13;level=AA,True
external,EXT_E019,CROSS_SENTENCE_SCOPE,3,20260822,OPTION_FORMAL_OPERATION,SELECTED,OPTION_C,CAND_002,wcag21_cross_scope=1.4.13;level=AA,The source document EXT_DOC_019_NEW (effective from 2018-06-05) explicitly lists WCAG 2.1 addition 1.4.13 at conformance level AA. OPTION_C correctly updates the scope to 'wcag21_1,OPTION_A=CAND_003|OPTION_B=CAND_001|OPTION_C=CAND_002,3791,json_schema,1575,92,stop,"{
  ""abstain"": false,
  ""option_id"": ""OPTION_C"",
  ""reason"": ""The source document EXT_DOC_019_NEW (effective from 2018-06-05) explicitly lists WCAG 2.1 addition 1.4.13 at conformance level AA. OPTION_C correctly updates the scope to 'wcag21_1""
}",,,,,,True,CAND_002,wcag21_cross_scope=1.4.13;level=AA,True
external,EXT_E019,CROSS_SENTENCE_SCOPE,3,20260822,OPTION_FORMAL_POLICY,SELECTED,OPTION_C,CAND_002,wcag21_cross_scope=1.4.13;level=AA,The formal_policy rule EXT_E019_NEW_PUBLIC_CHANGE (priority 300) applies because public_change_present is true and selected_revision is 'new'. This rule explicitly allows only 'wcg,OPTION_A=CAND_003|OPTION_B=CAND_001|OPTION_C=CAND_002,3161,json_schema,1899,73,stop,"{
  ""abstain"": false,
  ""option_id"": ""OPTION_C"",
  ""reason"": ""The formal_policy rule EXT_E019_NEW_PUBLIC_CHANGE (priority 300) applies because public_change_present is true and selected_revision is 'new'. This rule explicitly allows only 'wcg""

  }",True,,,,,True,CAND_002,wcag21_cross_scope=1.4.13;level=AA,True
external,EXT_E019,CROSS_SENTENCE_SCOPE,3,20260822,OPTION_FORMAL_POLICY_HARD_GATE,SELECTED,OPTION_C,CAND_002,wcag21_cross_scope=1.4.13;level=AA,deterministic gate selected EXT_E019_NEW_PUBLIC_CHANGE,OPTION_A=CAND_003|OPTION_B=CAND_001|OPTION_C=CAND_002,0,formal_policy_hard_gate,0,0,,,True,EXT_E019_NEW_PUBLIC_CHANGE,wcag21_cross_scope=1.4.13;level=AA,1,DETERMINISTIC_SELECT,False,CAND_002,wcag21_cross_scope=1.4.13;level=AA,True
external,EXT_E020,CROSS_SENTENCE_SCOPE,3,20260822,DIRECT_FREE,SELECTED,OPTION_C,CAND_002,wcag21_cross_scope=2.1.4;level=A,"The document EXT_DOC_020_NEW (What is New in WCAG 2.1), effective from 2018-06-05, explicitly lists the addition of success criterion 2.1.4 Character Key Shortcuts at conformance '",OPTION_A=CAND_001|OPTION_B=CAND_003|OPTION_C=CAND_002,3527,json_schema,885,99,stop,"{
  ""abstain"": false,
  ""value"": ""wcag21_cross_scope=2.1.4;level=A"",
  ""reason"": ""The document EXT_DOC_020_NEW (What is New in WCAG 2.1), effective from 2018-06-05, explicitly lists the addition of success criterion 2.1.4 Character Key Shortcuts at conformance '""
}",,,,,,True,CAND_002,wcag21_cross_scope=2.1.4;level=A,True
external,EXT_E020,CROSS_SENTENCE_SCOPE,3,20260822,OPTION_VALUE_ONLY,SELECTED,OPTION_C,CAND_002,wcag21_cross_scope=2.1.4;level=A,The source document EXT_DOC_020_NEW (effective 2018-06-05) explicitly lists WCAG 2.1 addition 2.1.4 Character Key Shortcuts at conformance level A. The target requires preserving ',OPTION_A=CAND_001|OPTION_B=CAND_003|OPTION_C=CAND_002,3402,json_schema,1012,85,stop,"{
  ""abstain"": false,
  ""option_id"": ""OPTION_C"",
  ""reason"": ""The source document EXT_DOC_020_NEW (effective 2018-06-05) explicitly lists WCAG 2.1 addition 2.1.4 Character Key Shortcuts at conformance level A. The target requires preserving '""
}",,,,,,True,CAND_002,wcag21_cross_scope=2.1.4;level=A,True
external,EXT_E020,CROSS_SENTENCE_SCOPE,3,20260822,OPTION_FORMAL_OPERATION,SELECTED,OPTION_C,CAND_002,wcag21_cross_scope=2.1.4;level=A,Document EXT_DOC_020_NEW (effective from 2018-06-05) explicitly lists WCAG 2.1.4 Character Key Shortcuts at level A as a new addition. Option C correctly updates the scope to 'wcag,OPTION_A=CAND_001|OPTION_B=CAND_003|OPTION_C=CAND_002,3319,json_schema,1560,86,stop,"{
  ""abstain"": false,
  ""option_id"": ""OPTION_C"",
  ""reason"": ""Document EXT_DOC_020_NEW (effective from 2018-06-05) explicitly lists WCAG 2.1.4 Character Key Shortcuts at level A as a new addition. Option C correctly updates the scope to 'wcag""
}",,,,,,True,CAND_002,wcag21_cross_scope=2.1.4;level=A,True
external,EXT_E020,CROSS_SENTENCE_SCOPE,3,20260822,OPTION_FORMAL_POLICY,SELECTED,OPTION_C,CAND_002,wcag21_cross_scope=2.1.4;level=A,The formal_policy rule EXT_E020_NEW_PUBLIC_CHANGE has priority 300 and applies when public_change_present is true and selected_revision is 'new'. Its allowed_values list contains ',OPTION_A=CAND_001|OPTION_B=CAND_003|OPTION_C=CAND_002,2713,json_schema,1881,68,stop,"{
  ""abstain"": false,
  ""option_id"": ""OPTION_C"",
  ""reason"": ""The formal_policy rule EXT_E020_NEW_PUBLIC_CHANGE has priority 300 and applies when public_change_present is true and selected_revision is 'new'. Its allowed_values list contains '""}",True,,,,,True,CAND_002,wcag21_cross_scope=2.1.4;level=A,True
external,EXT_E020,CROSS_SENTENCE_SCOPE,3,20260822,OPTION_FORMAL_POLICY_HARD_GATE,SELECTED,OPTION_C,CAND_002,wcag21_cross_scope=2.1.4;level=A,deterministic gate selected EXT_E020_NEW_PUBLIC_CHANGE,OPTION_A=CAND_001|OPTION_B=CAND_003|OPTION_C=CAND_002,0,formal_policy_hard_gate,0,0,,,True,EXT_E020_NEW_PUBLIC_CHANGE,wcag21_cross_scope=2.1.4;level=A,1,DETERMINISTIC_SELECT,False,CAND_002,wcag21_cross_scope=2.1.4;level=A,True
external,EXT_E021,CROSS_SENTENCE_SCOPE,3,20260822,DIRECT_FREE,SELECTED,OPTION_B,CAND_002,wcag21_cross_scope=4.1.3;level=AA,EXT_DOC_021_NEW (effective from 2018-06-05) supersedes EXT_DOC_021_OLD for WCAG 2.1 additions. The document explicitly lists 'Status Messages' as a new success criterion at conform,OPTION_A=CAND_001|OPTION_B=CAND_002|OPTION_C=CAND_003,3537,json_schema,882,101,stop,"{
  ""abstain"": false,
  ""value"": ""wcag21_cross_scope=4.1.3;level=AA"",
  ""reason"": ""EXT_DOC_021_NEW (effective from 2018-06-05) supersedes EXT_DOC_021_OLD for WCAG 2.1 additions. The document explicitly lists 'Status Messages' as a new success criterion at conform""
}",,,,,,True,CAND_002,wcag21_cross_scope=4.1.3;level=AA,True
external,EXT_E021,CROSS_SENTENCE_SCOPE,3,20260822,OPTION_VALUE_ONLY,SELECTED,OPTION_B,CAND_002,wcag21_cross_scope=4.1.3;level=AA,Document EXT_DOC_021_NEW (effective 2018-06-05) supersedes EXT_DOC_021_OLD for WCAG 2.1 additions. The public evidence note explicitly states that the new addition includes '4.1.3',OPTION_A=CAND_001|OPTION_B=CAND_002|OPTION_C=CAND_003,3578,json_schema,1010,90,stop,"{
  ""abstain"": false,
  ""option_id"": ""OPTION_B"",
  ""reason"": ""Document EXT_DOC_021_NEW (effective 2018-06-05) supersedes EXT_DOC_021_OLD for WCAG 2.1 additions. The public evidence note explicitly states that the new addition includes '4.1.3'""
}",,,,,,True,CAND_002,wcag21_cross_scope=4.1.3;level=AA,True
external,EXT_E021,CROSS_SENTENCE_SCOPE,3,20260822,OPTION_FORMAL_OPERATION,SELECTED,OPTION_B,CAND_002,wcag21_cross_scope=4.1.3;level=AA,The source document EXT_DOC_021_NEW (effective from 2018-06-05) explicitly lists WCAG 2.1 addition 4.1.3 Status Messages at conformance level AA. The public evidence note confirms ,OPTION_A=CAND_001|OPTION_B=CAND_002|OPTION_C=CAND_003,3314,json_schema,1558,83,stop,"{
  ""abstain"": false,
  ""option_id"": ""OPTION_B"",
  ""reason"": ""The source document EXT_DOC_021_NEW (effective from 2018-06-05) explicitly lists WCAG 2.1 addition 4.1.3 Status Messages at conformance level AA. The public evidence note confirms ""}",,,,,,True,CAND_002,wcag21_cross_scope=4.1.3;level=AA,True
external,EXT_E021,CROSS_SENTENCE_SCOPE,3,20260822,OPTION_FORMAL_POLICY,SELECTED,OPTION_B,CAND_002,wcag21_cross_scope=4.1.3;level=AA,The formal_policy rule EXT_E021_NEW_PUBLIC_CHANGE has priority 300 and applies because public_change_present is true and selected_revision is 'new'. This rule explicitly allows the,OPTION_A=CAND_001|OPTION_B=CAND_002|OPTION_C=CAND_003,2898,json_schema,1880,69,stop,"{
  ""abstain"": false,
  ""option_id"": ""OPTION_B"",
  ""reason"": ""The formal_policy rule EXT_E021_NEW_PUBLIC_CHANGE has priority 300 and applies because public_change_present is true and selected_revision is 'new'. This rule explicitly allows the""
}",True,,,,,True,CAND_002,wcag21_cross_scope=4.1.3;level=AA,True
external,EXT_E021,CROSS_SENTENCE_SCOPE,3,20260822,OPTION_FORMAL_POLICY_HARD_GATE,SELECTED,OPTION_B,CAND_002,wcag21_cross_scope=4.1.3;level=AA,deterministic gate selected EXT_E021_NEW_PUBLIC_CHANGE,OPTION_A=CAND_001|OPTION_B=CAND_002|OPTION_C=CAND_003,0,formal_policy_hard_gate,0,0,,,True,EXT_E021_NEW_PUBLIC_CHANGE,wcag21_cross_scope=4.1.3;level=AA,1,DETERMINISTIC_SELECT,False,CAND_002,wcag21_cross_scope=4.1.3;level=AA,True
external,EXT_E022,GENERAL_RULE_EXCEPTION,3,20260822,DIRECT_FREE,SELECTED,OPTION_B,CAND_002,wcag21_input_rule=2.5.1;level=A,EXT_DOC_022_NEW (effective from 2018-06-05) supersedes EXT_DOC_022_OLD. The document explicitly lists '2.5.1 Pointer Gestures' as a new addition at conformance level A.,OPTION_A=CAND_001|OPTION_B=CAND_002|OPTION_C=CAND_003,3501,json_schema,875,99,stop,"{
  ""abstain"": false,
  ""value"": ""wcag21_input_rule=2.5.1;level=A"",
  ""reason"": ""EXT_DOC_022_NEW (effective from 2018-06-05) supersedes EXT_DOC_022_OLD. The document explicitly lists '2.5.1 Pointer Gestures' as a new addition at conformance level A.""
}",,,,,,True,CAND_002,wcag21_input_rule=2.5.1;level=A,True
external,EXT_E022,GENERAL_RULE_EXCEPTION,3,20260822,OPTION_VALUE_ONLY,SELECTED,OPTION_B,CAND_002,wcag21_input_rule=2.5.1;level=A,"WCAG 2.1 (EXT_DOC_022_NEW) superseded WCAG 2.0 (EXT_DOC_022_OLD). The change summary explicitly lists 2.5.1 Pointer Gestures as a new addition at Level A. Therefore, the rule is '2",OPTION_A=CAND_001|OPTION_B=CAND_002|OPTION_C=CAND_003,3874,json_schema,1002,92,stop,"{
  ""abstain"": false,
  ""option_id"": ""OPTION_B"",
  ""reason"": ""WCAG 2.1 (EXT_DOC_022_NEW) superseded WCAG 2.0 (EXT_DOC_022_OLD). The change summary explicitly lists 2.5.1 Pointer Gestures as a new addition at Level A. Therefore, the rule is '2""
}",,,,,,True,CAND_002,wcag21_input_rule=2.5.1;level=A,True
external,EXT_E022,GENERAL_RULE_EXCEPTION,3,20260822,OPTION_FORMAL_OPERATION,SELECTED,OPTION_B,CAND_002,wcag21_input_rule=2.5.1;level=A,Document EXT_DOC_022_NEW (WCAG 2.1 change summary) explicitly lists '2.5.1 Pointer Gestures' as a new success criterion added at conformance level A. This contradicts the previous ,OPTION_A=CAND_001|OPTION_B=CAND_002|OPTION_C=CAND_003,3212,json_schema,1550,77,stop,"{
  ""abstain"": false,
  ""option_id"": ""OPTION_B"",
  ""reason"": ""Document EXT_DOC_022_NEW (WCAG 2.1 change summary) explicitly lists '2.5.1 Pointer Gestures' as a new success criterion added at conformance level A. This contradicts the previous ""}",,,,,,True,CAND_002,wcag21_input_rule=2.5.1;level=A,True
external,EXT_E022,GENERAL_RULE_EXCEPTION,3,20260822,OPTION_FORMAL_POLICY,SELECTED,OPTION_B,CAND_002,wcag21_input_rule=2.5.1;level=A,"The formal_policy rule EXT_E022_NEW_PUBLIC_CHANGE has priority 300 and matches the facts (public_change_present=true, selected_revision=new), allowing only 'wcag21_input_rule=2.5.1",OPTION_A=CAND_001|OPTION_B=CAND_002|OPTION_C=CAND_003,3075,json_schema,1871,78,stop,"{
  ""abstain"": false,
  ""option_id"": ""OPTION_B"",
  ""reason"": ""The formal_policy rule EXT_E022_NEW_PUBLIC_CHANGE has priority 300 and matches the facts (public_change_present=true, selected_revision=new), allowing only 'wcag21_input_rule=2.5.1""
}",True,,,,,True,CAND_002,wcag21_input_rule=2.5.1;level=A,True
external,EXT_E022,GENERAL_RULE_EXCEPTION,3,20260822,OPTION_FORMAL_POLICY_HARD_GATE,SELECTED,OPTION_B,CAND_002,wcag21_input_rule=2.5.1;level=A,deterministic gate selected EXT_E022_NEW_PUBLIC_CHANGE,OPTION_A=CAND_001|OPTION_B=CAND_002|OPTION_C=CAND_003,0,formal_policy_hard_gate,0,0,,,True,EXT_E022_NEW_PUBLIC_CHANGE,wcag21_input_rule=2.5.1;level=A,1,DETERMINISTIC_SELECT,False,CAND_002,wcag21_input_rule=2.5.1;level=A,True
external,EXT_E023,GENERAL_RULE_EXCEPTION,3,20260822,DIRECT_FREE,SELECTED,OPTION_C,CAND_002,wcag21_input_rule=2.5.2;level=A,EXT_DOC_023_NEW (effective from 2018-06-05) supersedes EXT_DOC_023_OLD. The document explicitly lists '2.5.2 Pointer Cancellation' as a new addition at level A.,OPTION_A=CAND_001|OPTION_B=CAND_003|OPTION_C=CAND_002,3358,json_schema,875,97,stop,"{
  ""abstain"": false,
  ""value"": ""wcag21_input_rule=2.5.2;level=A"",
  ""reason"": ""EXT_DOC_023_NEW (effective from 2018-06-05) supersedes EXT_DOC_023_OLD. The document explicitly lists '2.5.2 Pointer Cancellation' as a new addition at level A.""
}",,,,,,True,CAND_002,wcag21_input_rule=2.5.2;level=A,True
external,EXT_E023,GENERAL_RULE_EXCEPTION,3,20260822,OPTION_VALUE_ONLY,SELECTED,OPTION_C,CAND_002,wcag21_input_rule=2.5.2;level=A,Document EXT_DOC_023_NEW (effective from 2018-06-05) supersedes EXT_DOC_023_OLD. It explicitly lists WCAG 2.5.2 Pointer Cancellation as a new input modality requirement at conlevel,OPTION_A=CAND_001|OPTION_B=CAND_003|OPTION_C=CAND_002,3687,json_schema,1002,89,stop,"{
  ""abstain"": false,
  ""option_id"": ""OPTION_C"",
  ""reason"": ""Document EXT_DOC_023_NEW (effective from 2018-06-05) supersedes EXT_DOC_023_OLD. It explicitly lists WCAG 2.5.2 Pointer Cancellation as a new input modality requirement at conlevel""
}",,,,,,True,CAND_002,wcag21_input_rule=2.5.2;level=A,True
external,EXT_E023,GENERAL_RULE_EXCEPTION,3,20260822,OPTION_FORMAL_OPERATION,SELECTED,OPTION_C,CAND_002,wcag21_input_rule=2.5.2;level=A,Document EXT_DOC_023_NEW (WCAG 2.1 change summary) explicitly lists success criterion 2.5.2 Pointer Cancellation as a new addition at conformance level A. This contradicts the old ,OPTION_A=CAND_001|OPTION_B=CAND_003|OPTION_C=CAND_002,3212,json_schema,1550,76,stop,"{
  ""abstain"": false,
  ""option_id"": ""OPTION_C"",
  ""reason"": ""Document EXT_DOC_023_NEW (WCAG 2.1 change summary) explicitly lists success criterion 2.5.2 Pointer Cancellation as a new addition at conformance level A. This contradicts the old ""}",,,,,,True,CAND_002,wcag21_input_rule=2.5.2;level=A,True
external,EXT_E023,GENERAL_RULE_EXCEPTION,3,20260822,OPTION_FORMAL_POLICY,SELECTED,OPTION_C,CAND_002,wcag21_input_rule=2.5.2;level=A,"The formal_policy rule EXT_E023_NEW_PUBLIC_CHANGE matches the facts (public_change_present=true, selected_revision=new) with priority 300. Its allowed_values list contains only 'wc",OPTION_A=CAND_001|OPTION_B=CAND_003|OPTION_C=CAND_002,2771,json_schema,1871,71,stop,"{
  ""abstain"": false,
  ""option_id"": ""OPTION_C"",
  ""reason"": ""The formal_policy rule EXT_E023_NEW_PUBLIC_CHANGE matches the facts (public_change_present=true, selected_revision=new) with priority 300. Its allowed_values list contains only 'wc""
}",True,,,,,True,CAND_002,wcag21_input_rule=2.5.2;level=A,True
external,EXT_E023,GENERAL_RULE_EXCEPTION,3,20260822,OPTION_FORMAL_POLICY_HARD_GATE,SELECTED,OPTION_C,CAND_002,wcag21_input_rule=2.5.2;level=A,deterministic gate selected EXT_E023_NEW_PUBLIC_CHANGE,OPTION_A=CAND_001|OPTION_B=CAND_003|OPTION_C=CAND_002,0,formal_policy_hard_gate,0,0,,,True,EXT_E023_NEW_PUBLIC_CHANGE,wcag21_input_rule=2.5.2;level=A,1,DETERMINISTIC_SELECT,False,CAND_002,wcag21_input_rule=2.5.2;level=A,True
external,EXT_E024,GENERAL_RULE_EXCEPTION,3,20260822,DIRECT_FREE,SELECTED,OPTION_B,CAND_002,wcag21_input_rule=2.5.3;level=A,"Document EXT_DOC_024_NEW (effective from 2018-06-05) explicitly lists WCAG 2.5.3 Label in Name as a new input modality related success criterion at level A, superseding the status.",OPTION_A=CAND_001|OPTION_B=CAND_002|OPTION_C=CAND_003,3450,json_schema,875,96,stop,"{
  ""abstain"": false,
  ""value"": ""wcag21_input_rule=2.5.3;level=A"",
  ""reason"": ""Document EXT_DOC_024_NEW (effective from 2018-06-05) explicitly lists WCAG 2.5.3 Label in Name as a new input modality related success criterion at level A, superseding the status.""
}",,,,,,True,CAND_002,wcag21_input_rule=2.5.3;level=A,True
external,EXT_E024,GENERAL_RULE_EXCEPTION,3,20260822,OPTION_VALUE_ONLY,SELECTED,OPTION_B,CAND_002,wcag21_input_rule=2.5.3;level=A,"WCAG 2.1 (effective 2018-06-05) superseded WCAG 2.0 for new input modality requirements. The change summary explicitly lists 2.5.3 Label in Name as a new addition at Level A, while",OPTION_A=CAND_001|OPTION_B=CAND_002|OPTION_C=CAND_003,3550,json_schema,1002,88,stop,"{
  ""abstain"": false,
  ""option_id"": ""OPTION_B"",
  ""reason"": ""WCAG 2.1 (effective 2018-06-05) superseded WCAG 2.0 for new input modality requirements. The change summary explicitly lists 2.5.3 Label in Name as a new addition at Level A, while""
}",,,,,,True,CAND_002,wcag21_input_rule=2.5.3;level=A,True
external,EXT_E024,GENERAL_RULE_EXCEPTION,3,20260822,OPTION_FORMAL_OPERATION,SELECTED,OPTION_B,CAND_002,wcag21_input_rule=2.5.3;level=A,Document EXT_DOC_024_NEW (effective 2018-06-05) explicitly lists WCAG 2.5.3 Label in Name as a new input modality requirement at conformance level A. This supersedes the status in ,OPTION_A=CAND_001|OPTION_B=CAND_002|OPTION_C=CAND_003,3326,json_schema,1550,85,stop,"{
  ""abstain"": false,
  ""option_id"": ""OPTION_B"",
  ""reason"": ""Document EXT_DOC_024_NEW (effective 2018-06-05) explicitly lists WCAG 2.5.3 Label in Name as a new input modality requirement at conformance level A. This supersedes the status in ""}",,,,,,True,CAND_002,wcag21_input_rule=2.5.3;level=A,True
external,EXT_E024,GENERAL_RULE_EXCEPTION,3,20260822,OPTION_FORMAL_POLICY,SELECTED,OPTION_B,CAND_002,wcag21_input_rule=2.5.3;level=A,"The formal_policy rule EXT_E024_NEW_PUBLIC_CHANGE has priority 300 and matches the facts (public_change_present=true, selected_revision=new), allowing only 'wcag21_input_rule=2.5.3",OPTION_A=CAND_001|OPTION_B=CAND_002|OPTION_C=CAND_003,2962,json_schema,1871,78,stop,"{
  ""abstain"": false,
  ""option_id"": ""OPTION_B"",
  ""reason"": ""The formal_policy rule EXT_E024_NEW_PUBLIC_CHANGE has priority 300 and matches the facts (public_change_present=true, selected_revision=new), allowing only 'wcag21_input_rule=2.5.3""
}",True,,,,,True,CAND_002,wcag21_input_rule=2.5.3;level=A,True
external,EXT_E024,GENERAL_RULE_EXCEPTION,3,20260822,OPTION_FORMAL_POLICY_HARD_GATE,SELECTED,OPTION_B,CAND_002,wcag21_input_rule=2.5.3;level=A,deterministic gate selected EXT_E024_NEW_PUBLIC_CHANGE,OPTION_A=CAND_001|OPTION_B=CAND_002|OPTION_C=CAND_003,0,formal_policy_hard_gate,0,0,,,True,EXT_E024_NEW_PUBLIC_CHANGE,wcag21_input_rule=2.5.3;level=A,1,DETERMINISTIC_SELECT,False,CAND_002,wcag21_input_rule=2.5.3;level=A,True
external,EXT_E025,GENERAL_RULE_EXCEPTION,3,20260822,DIRECT_FREE,SELECTED,OPTION_A,CAND_002,risk_management_text=updated_context_setting,The source document EXT_DOC_025_NEW (NIST SP 800-63-4) is authoritative and effective from 2025-08-01. The evidence note explicitly states that the substantial content change for ',OPTION_A=CAND_002|OPTION_B=CAND_003|OPTION_C=CAND_001,3430,json_schema,876,88,stop,"{
  ""abstain"": false,
  ""value"": ""risk_management_text=updated_context_setting"",
  ""reason"": ""The source document EXT_DOC_025_NEW (NIST SP 800-63-4) is authoritative and effective from 2025-08-01. The evidence note explicitly states that the substantial content change for '""
}",,,,,,True,CAND_002,risk_management_text=updated_context_setting,True
external,EXT_E025,GENERAL_RULE_EXCEPTION,3,20260822,OPTION_VALUE_ONLY,SELECTED,OPTION_A,CAND_002,risk_management_text=updated_context_setting,The target change explicitly states 'Updates text and context setting for risk management' in the NIST SP 800-63-4 final release. This directly matches candidate value OPTION_A ('C,OPTION_A=CAND_002|OPTION_B=CAND_003|OPTION_C=CAND_001,3122,json_schema,990,71,stop,"{
  ""abstain"": false,
  ""option_id"": ""OPTION_A"",
  ""reason"": ""The target change explicitly states 'Updates text and context setting for risk management' in the NIST SP 800-63-4 final release. This directly matches candidate value OPTION_A ('C""
}",,,,,,True,CAND_002,risk_management_text=updated_context_setting,True
external,EXT_E025,GENERAL_RULE_EXCEPTION,3,20260822,OPTION_FORMAL_OPERATION,SELECTED,OPTION_A,CAND_002,risk_management_text=updated_context_setting,The source document EXT_DOC_025_NEW explicitly states the change is 'Updates text and context setting for risk management.' Candidate value CAND_002 ('risk_management_text=updated_,OPTION_A=CAND_002|OPTION_B=CAND_003|OPTION_C=CAND_001,2916,json_schema,1553,68,stop,"{
  ""abstain"": false,
  ""option_id"": ""OPTION_A"",
  ""reason"": ""The source document EXT_DOC_025_NEW explicitly states the change is 'Updates text and context setting for risk management.' Candidate value CAND_002 ('risk_management_text=updated_""}",,,,,,True,CAND_002,risk_management_text=updated_context_setting,True
external,EXT_E025,GENERAL_RULE_EXCEPTION,3,20260822,OPTION_FORMAL_POLICY,SELECTED,OPTION_A,CAND_002,risk_management_text=updated_context_setting,The case context specifies the target change is 'Updates text and context setting for risk management' in the new revision (2025). The formal_policy rule EXT_E025_NEW_PUBLIC_CHANGE,OPTION_A=CAND_002|OPTION_B=CAND_003|OPTION_C=CAND_001,2747,json_schema,1879,71,stop,"{
  ""abstain"": false,
  ""option_id"": ""OPTION_A"",
  ""reason"": ""The case context specifies the target change is 'Updates text and context setting for risk management' in the new revision (2025). The formal_policy rule EXT_E025_NEW_PUBLIC_CHANGE""
}",True,,,,,True,CAND_002,risk_management_text=updated_context_setting,True
external,EXT_E025,GENERAL_RULE_EXCEPTION,3,20260822,OPTION_FORMAL_POLICY_HARD_GATE,SELECTED,OPTION_A,CAND_002,risk_management_text=updated_context_setting,deterministic gate selected EXT_E025_NEW_PUBLIC_CHANGE,OPTION_A=CAND_002|OPTION_B=CAND_003|OPTION_C=CAND_001,0,formal_policy_hard_gate,0,0,,,True,EXT_E025_NEW_PUBLIC_CHANGE,risk_management_text=updated_context_setting,1,DETERMINISTIC_SELECT,False,CAND_002,risk_management_text=updated_context_setting,True
external,EXT_E026,GENERAL_RULE_EXCEPTION,3,20260822,DIRECT_FREE,REJECTED_OUT_OF_CANDIDATE,,,,value outside candidate set: 'recommended_added',OPTION_A=CAND_001|OPTION_B=CAND_003|OPTION_C=CAND_002,3336,json_schema,869,84,stop,"{
  ""abstain"": false,
  ""value"": ""recommended_added"",
  ""reason"": ""The source document EXT_DOC_026_NEW (NIST SP 800-63-4) is authoritative and effective from 2025-08-01. The evidence note explicitly states that the substantial content change for '""
  }",,,,,,True,CAND_002,continuous_evaluation_metrics=recommended_added,False
external,EXT_E026,GENERAL_RULE_EXCEPTION,3,20260822,OPTION_VALUE_ONLY,SELECTED,OPTION_C,CAND_002,continuous_evaluation_metrics=recommended_added,"The NIST SP 800-63-4 document (EXT_DOC_026_NEW), effective from 2025-08-01, explicitly states that the change 'Adds recommended continuous evaluation metrics' was implemented in a ",OPTION_A=CAND_001|OPTION_B=CAND_003|OPTION_C=CAND_002,3362,json_schema,982,83,stop,"{
  ""abstain"": false,
  ""option_id"": ""OPTION_C"",
  ""reason"": ""The NIST SP 800-63-4 document (EXT_DOC_026_NEW), effective from 2025-08-01, explicitly states that the change 'Adds recommended continuous evaluation metrics' was implemented in a ""}",,,,,,True,CAND_002,continuous_evaluation_metrics=recommended_added,True
external,EXT_E026,GENERAL_RULE_EXCEPTION,3,20260822,OPTION_FORMAL_OPERATION,SELECTED,OPTION_C,CAND_002,continuous_evaluation_metrics=recommended_added,The source document EXT_DOC_026_NEW (NIST SP 800-63-4) explicitly states the change 'Adds recommended continuous evaluation metrics' effective from 2025-08-01. This directly maps a,OPTION_A=CAND_001|OPTION_B=CAND_003|OPTION_C=CAND_002,3486,json_schema,1542,84,stop,"{
  ""abstain"": false,
  ""option_id"": ""OPTION_C"",
  ""reason"": ""The source document EXT_DOC_026_NEW (NIST SP 800-63-4) explicitly states the change 'Adds recommended continuous evaluation metrics' effective from 2025-08-01. This directly maps a""
}",,,,,,True,CAND_002,continuous_evaluation_metrics=recommended_added,True
external,EXT_E026,GENERAL_RULE_EXCEPTION,3,20260822,OPTION_FORMAL_POLICY,SELECTED,OPTION_C,CAND_002,continuous_evaluation_metrics=recommended_added,The public_evidence_note confirms a substantial content change in the new revision (2025-08-01) adding recommended continuous evaluation metrics. The formal_policy rule EXT_E026NEW,OPTION_A=CAND_001|OPTION_B=CAND_003|OPTION_C=CAND_002,3064,json_schema,1866,73,stop,"{
  ""abstain"": false,
  ""option_id"": ""OPTION_C"",
  ""reason"": ""The public_evidence_note confirms a substantial content change in the new revision (2025-08-01) adding recommended continuous evaluation metrics. The formal_policy rule EXT_E026NEW""

}",True,,,,,True,CAND_002,continuous_evaluation_metrics=recommended_added,True
external,EXT_E026,GENERAL_RULE_EXCEPTION,3,20260822,OPTION_FORMAL_POLICY_HARD_GATE,SELECTED,OPTION_C,CAND_002,continuous_evaluation_metrics=recommended_added,deterministic gate selected EXT_E026_NEW_PUBLIC_CHANGE,OPTION_A=CAND_001|OPTION_B=CAND_003|OPTION_C=CAND_002,0,formal_policy_hard_gate,0,0,,,True,EXT_E026_NEW_PUBLIC_CHANGE,continuous_evaluation_metrics=recommended_added,1,DETERMINISTIC_SELECT,False,CAND_002,continuous_evaluation_metrics=recommended_added,True
external,EXT_E027,GENERAL_RULE_EXCEPTION,3,20260822,DIRECT_FREE,SELECTED,OPTION_B,CAND_002,fraud_requirements=expanded_identity_proofing,"The NIST SP 800-63-4 document (EXT_DOC_027_NEW), effective from 2025-08-01, explicitly lists the change 'Expands fraud requirements and recommendations for identity proofing' as a ",OPTION_A=CAND_001|OPTION_B=CAND_002|OPTION_C=CAND_003,3499,json_schema,890,90,stop,"{
  ""abstain"": false,
  ""value"": ""fraud_requirements=expanded_identity_proofing"",
  ""reason"": ""The NIST SP 800-63-4 document (EXT_DOC_027_NEW), effective from 2025-08-01, explicitly lists the change 'Expands fraud requirements and recommendations for identity proofing' as a ""}",,,,,,True,CAND_002,fraud_requirements=expanded_identity_proofing,True
external,EXT_E027,GENERAL_RULE_EXCEPTION,3,20260822,OPTION_VALUE_ONLY,SELECTED,OPTION_B,CAND_002,fraud_requirements=expanded_identity_proofing,The public evidence note explicitly states that NIST SP 800-63-4 Revision 4 (effective 2025-08-01) contains the substantial content change: 'Expands fraud requirements and for the',OPTION_A=CAND_001|OPTION_B=CAND_002|OPTION_C=CAND_003,3457,json_schema,1008,80,stop,"{
  ""abstain"": false,
  ""option_id"": ""OPTION_B"",
  ""reason"": ""The public evidence note explicitly states that NIST SP 800-63-4 Revision 4 (effective 2025-08-01) contains the substantial content change: 'Expands fraud requirements and for the'""}",,,,,,True,CAND_002,fraud_requirements=expanded_identity_proofing,True
external,EXT_E027,GENERAL_RULE_EXCEPTION,3,20260822,OPTION_FORMAL_OPERATION,SELECTED,OPTION_B,CAND_002,fraud_requirements=expanded_identity_proofing,The source document EXT_DOC_027_NEW (NIST SP 800-63-4) explicitly states the change is: 'Expands fraud requirements and recommendations for identity proofing processes.' Candidate ,OPTION_A=CAND_001|OPTION_B=CAND_002|OPTION_C=CAND_003,3030,json_schema,1577,74,stop,"{
  ""abstain"": false,
  ""option_id"": ""OPTION_B"",
  ""reason"": ""The source document EXT_DOC_027_NEW (NIST SP 800-63-4) explicitly states the change is: 'Expands fraud requirements and recommendations for identity proofing processes.' Candidate ""}",,,,,,True,CAND_002,fraud_requirements=expanded_identity_proofing,True
external,EXT_E027,GENERAL_RULE_EXCEPTION,3,20260822,OPTION_FORMAL_POLICY,SELECTED,OPTION_B,CAND_002,fraud_requirements=expanded_identity_proofing,The formal_policy rule EXT_E027_NEW_PUBLIC_CHANGE applies because public_change_present is true and selected_revision is 'new'. This rule allows only 'fraud_requirements=expanded_?,OPTION_A=CAND_001|OPTION_B=CAND_002|OPTION_C=CAND_003,2732,json_schema,1906,67,stop,"{
  ""abstain"": false,
  ""option_id"": ""OPTION_B"",
  ""reason"": ""The formal_policy rule EXT_E027_NEW_PUBLIC_CHANGE applies because public_change_present is true and selected_revision is 'new'. This rule allows only 'fraud_requirements=expanded_?""}",True,,,,,True,CAND_002,fraud_requirements=expanded_identity_proofing,True
external,EXT_E027,GENERAL_RULE_EXCEPTION,3,20260822,OPTION_FORMAL_POLICY_HARD_GATE,SELECTED,OPTION_B,CAND_002,fraud_requirements=expanded_identity_proofing,deterministic gate selected EXT_E027_NEW_PUBLIC_CHANGE,OPTION_A=CAND_001|OPTION_B=CAND_002|OPTION_C=CAND_003,0,formal_policy_hard_gate,0,0,,,True,EXT_E027_NEW_PUBLIC_CHANGE,fraud_requirements=expanded_identity_proofing,1,DETERMINISTIC_SELECT,False,CAND_002,fraud_requirements=expanded_identity_proofing,True
external,EXT_E028,GENERAL_RULE_EXCEPTION,3,20260822,DIRECT_FREE,SELECTED,OPTION_B,CAND_002,identity_proofing_controls=restructured_roles_and_types,"The NIST SP 800-63-4 document (EXT_DOC_028_NEW), effective from 2025-08-01, explicitly lists the change 'Restructures the identity proofing controls to better define roles and ofty",OPTION_A=CAND_003|OPTION_B=CAND_002|OPTION_C=CAND_001,3575,json_schema,904,94,stop,"{
  ""abstain"": false,
  ""value"": ""identity_proofing_controls=restructured_roles_and_types"",
  ""reason"": ""The NIST SP 800-63-4 document (EXT_DOC_028_NEW), effective from 2025-08-01, explicitly lists the change 'Restructures the identity proofing controls to better define roles and ofty""
}",,,,,,True,CAND_002,identity_proofing_controls=restructured_roles_and_types,True
external,EXT_E028,GENERAL_RULE_EXCEPTION,3,20260822,OPTION_VALUE_ONLY,SELECTED,OPTION_B,CAND_002,identity_proofing_controls=restructured_roles_and_types,The source document EXT_DOC_028_NEW (NIST SP 800-63-4) is authoritative and effective from 2025-08-01. The case context explicitly states the target change is 'Restructures the身份证明,OPTION_A=CAND_003|OPTION_B=CAND_002|OPTION_C=CAND_001,3722,json_schema,1022,88,stop,"{
  ""abstain"": false,
  ""option_id"": ""OPTION_B"",
  ""reason"": ""The source document EXT_DOC_028_NEW (NIST SP 800-63-4) is authoritative and effective from 2025-08-01. The case context explicitly states the target change is 'Restructures the身份证明""
}",,,,,,True,CAND_002,identity_proofing_controls=restructured_roles_and_types,True
external,EXT_E028,GENERAL_RULE_EXCEPTION,3,20260822,OPTION_FORMAL_OPERATION,SELECTED,OPTION_B,CAND_002,identity_proofing_controls=restructured_roles_and_types,The source document EXT_DOC_028_NEW (NIST SP 800-63-4) is authoritative and effective from 2025-08-01. It explicitly states the change 'Restructures the identity proofing controls',OPTION_A=CAND_003|OPTION_B=CAND_002|OPTION_C=CAND_001,3455,json_schema,1588,85,stop,"{
  ""abstain"": false,
  ""option_id"": ""OPTION_B"",
  ""reason"": ""The source document EXT_DOC_028_NEW (NIST SP 800-63-4) is authoritative and effective from 2025-08-01. It explicitly states the change 'Restructures the identity proofing controls'""}",,,,,,True,CAND_002,identity_proofing_controls=restructured_roles_and_types,True
external,EXT_E028,GENERAL_RULE_EXCEPTION,3,20260822,OPTION_FORMAL_POLICY,SELECTED,OPTION_B,CAND_002,identity_proofing_controls=restructured_roles_and_types,The formal_policy rule EXT_E028_NEW_PUBLIC_CHANGE (priority 300) applies because public_change_present is true and selected_revision is 'new'. Its allowed_values list contains only,OPTION_A=CAND_003|OPTION_B=CAND_002|OPTION_C=CAND_001,2787,json_schema,1917,70,stop,"{
  ""abstain"": false,
  ""option_id"": ""OPTION_B"",
  ""reason"": ""The formal_policy rule EXT_E028_NEW_PUBLIC_CHANGE (priority 300) applies because public_change_present is true and selected_revision is 'new'. Its allowed_values list contains only""
}",True,,,,,True,CAND_002,identity_proofing_controls=restructured_roles_and_types,True
external,EXT_E028,GENERAL_RULE_EXCEPTION,3,20260822,OPTION_FORMAL_POLICY_HARD_GATE,SELECTED,OPTION_B,CAND_002,identity_proofing_controls=restructured_roles_and_types,deterministic gate selected EXT_E028_NEW_PUBLIC_CHANGE,OPTION_A=CAND_003|OPTION_B=CAND_002|OPTION_C=CAND_001,0,formal_policy_hard_gate,0,0,,,True,EXT_E028_NEW_PUBLIC_CHANGE,identity_proofing_controls=restructured_roles_and_types,1,DETERMINISTIC_SELECT,False,CAND_002,identity_proofing_controls=restructured_roles_and_types,True
external,EXT_E029,GENERAL_RULE_EXCEPTION,3,20260822,DIRECT_FREE,SELECTED,OPTION_C,CAND_002,controls_added=injection_attacks_and_forged_media,The source document EXT_DOC_029_NEW (NIST SP 800-63-4) is authoritative and effective from 2025-08-01. The public evidence explicitly states that the final release in July 2025 'l[,OPTION_A=CAND_001|OPTION_B=CAND_003|OPTION_C=CAND_002,3785,json_schema,895,99,stop,"{
  ""abstain"": false,
  ""value"": ""controls_added=injection_attacks_and_forged_media"",
  ""reason"": ""The source document EXT_DOC_029_NEW (NIST SP 800-63-4) is authoritative and effective from 2025-08-01. The public evidence explicitly states that the final release in July 2025 'l[""
}",,,,,,True,CAND_002,controls_added=injection_attacks_and_forged_media,True
external,EXT_E029,GENERAL_RULE_EXCEPTION,3,20260822,OPTION_VALUE_ONLY,SELECTED,OPTION_C,CAND_002,controls_added=injection_attacks_and_forged_media,The public_evidence_note explicitly states that the NIST SP 800-63-4 Revision 4 (effective 2025-08-01) includes the substantial content change: 'Adds controls for addressing inject,OPTION_A=CAND_001|OPTION_B=CAND_003|OPTION_C=CAND_002,3414,json_schema,1018,81,stop,"{
  ""abstain"": false,
  ""option_id"": ""OPTION_C"",
  ""reason"": ""The public_evidence_note explicitly states that the NIST SP 800-63-4 Revision 4 (effective 2025-08-01) includes the substantial content change: 'Adds controls for addressing inject""
}",,,,,,True,CAND_002,controls_added=injection_attacks_and_forged_media,True
external,EXT_E029,GENERAL_RULE_EXCEPTION,3,20260822,OPTION_FORMAL_OPERATION,SELECTED,OPTION_C,CAND_002,controls_added=injection_attacks_and_forged_media,The NIST SP 800-63-4 (2025) document explicitly states the change 'Adds controls for addressing injection attacks and forged media'. OPTION_C correctly reflects this new status by:,OPTION_A=CAND_001|OPTION_B=CAND_003|OPTION_C=CAND_002,3216,json_schema,1593,73,stop,"{
  ""abstain"": false,
  ""option_id"": ""OPTION_C"",
  ""reason"": ""The NIST SP 800-63-4 (2025) document explicitly states the change 'Adds controls for addressing injection attacks and forged media'. OPTION_C correctly reflects this new status by:""}",,,,,,True,CAND_002,controls_added=injection_attacks_and_forged_media,True
external,EXT_E029,GENERAL_RULE_EXCEPTION,3,20260822,OPTION_FORMAL_POLICY,SELECTED,OPTION_C,CAND_002,controls_added=injection_attacks_and_forged_media,The formal_policy rule EXT_E029_NEW_PUBLIC_CHANGE (priority 300) applies because public_change_present is true and selected_revision is 'new'. This rule explicitly allows only the值,OPTION_A=CAND_001|OPTION_B=CAND_003|OPTION_C=CAND_002,2917,json_schema,1927,71,stop,"{
  ""abstain"": false,
  ""option_id"": ""OPTION_C"",
  ""reason"": ""The formal_policy rule EXT_E029_NEW_PUBLIC_CHANGE (priority 300) applies because public_change_present is true and selected_revision is 'new'. This rule explicitly allows only the值""
}",True,,,,,True,CAND_002,controls_added=injection_attacks_and_forged_media,True
external,EXT_E029,GENERAL_RULE_EXCEPTION,3,20260822,OPTION_FORMAL_POLICY_HARD_GATE,SELECTED,OPTION_C,CAND_002,controls_added=injection_attacks_and_forged_media,deterministic gate selected EXT_E029_NEW_PUBLIC_CHANGE,OPTION_A=CAND_001|OPTION_B=CAND_003|OPTION_C=CAND_002,0,formal_policy_hard_gate,0,0,,,True,EXT_E029_NEW_PUBLIC_CHANGE,controls_added=injection_attacks_and_forged_media,1,DETERMINISTIC_SELECT,False,CAND_002,controls_added=injection_attacks_and_forged_media,True
external,EXT_E030,GENERAL_RULE_EXCEPTION,3,20260822,DIRECT_FREE,SELECTED,OPTION_B,CAND_002,syncable_authenticators=integrated,"The NIST SP 800-63-4 document (EXT_DOC_030_NEW), effective from 2025-08-01, explicitly lists 'Integrates syncable authenticators' as a substantial content change in its summary. As",OPTION_A=CAND_003|OPTION_B=CAND_002|OPTION_C=CAND_001,3525,json_schema,878,93,stop,"{
  ""abstain"": false,
  ""value"": ""syncable_authenticators=integrated"",
  ""reason"": ""The NIST SP 800-63-4 document (EXT_DOC_030_NEW), effective from 2025-08-01, explicitly lists 'Integrates syncable authenticators' as a substantial content change in its summary. As""
}",,,,,,True,CAND_002,syncable_authenticators=integrated,True
external,EXT_E030,GENERAL_RULE_EXCEPTION,3,20260822,OPTION_VALUE_ONLY,SELECTED,OPTION_B,CAND_002,syncable_authenticators=integrated,"The NIST SP 800-63-4 (Revision 4) document, effective from 2025-08-01, explicitly lists 'Integrates syncable authenticators' as a substantial content change. This confirms that in ",OPTION_A=CAND_003|OPTION_B=CAND_002|OPTION_C=CAND_001,3341,json_schema,994,85,stop,"{
  ""abstain"": false,
  ""option_id"": ""OPTION_B"",
  ""reason"": ""The NIST SP 800-63-4 (Revision 4) document, effective from 2025-08-01, explicitly lists 'Integrates syncable authenticators' as a substantial content change. This confirms that in ""}",,,,,,True,CAND_002,syncable_authenticators=integrated,True
external,EXT_E030,GENERAL_RULE_EXCEPTION,3,20260822,OPTION_FORMAL_OPERATION,SELECTED,OPTION_B,CAND_002,syncable_authenticators=integrated,The source document EXT_DOC_030_NEW (NIST SP 800-63-4) published in July 2025 explicitly states the change 'Integrates syncable authenticators'. This confirms that syncable_authen.,OPTION_A=CAND_003|OPTION_B=CAND_002|OPTION_C=CAND_001,3455,json_schema,1560,82,stop,"{
  ""abstain"": false,
  ""option_id"": ""OPTION_B"",
  ""reason"": ""The source document EXT_DOC_030_NEW (NIST SP 800-63-4) published in July 2025 explicitly states the change 'Integrates syncable authenticators'. This confirms that syncable_authen.""}",,,,,,True,CAND_002,syncable_authenticators=integrated,True
external,EXT_E030,GENERAL_RULE_EXCEPTION,3,20260822,OPTION_FORMAL_POLICY,SELECTED,OPTION_B,CAND_002,syncable_authenticators=integrated,The formal_policy rule EXT_E030_NEW_PUBLIC_CHANGE has priority 300 and applies when selected_revision is 'new' (the 2025 final release). Its conditions are met. The allowed_values[,OPTION_A=CAND_003|OPTION_B=CAND_002|OPTION_C=CAND_001,3216,json_schema,1887,77,stop,"{
  ""abstain"": false,
  ""option_id"": ""OPTION_B"",
  ""reason"": ""The formal_policy rule EXT_E030_NEW_PUBLIC_CHANGE has priority 300 and applies when selected_revision is 'new' (the 2025 final release). Its conditions are met. The allowed_values[""
  }",True,,,,,True,CAND_002,syncable_authenticators=integrated,True
external,EXT_E030,GENERAL_RULE_EXCEPTION,3,20260822,OPTION_FORMAL_POLICY_HARD_GATE,SELECTED,OPTION_B,CAND_002,syncable_authenticators=integrated,deterministic gate selected EXT_E030_NEW_PUBLIC_CHANGE,OPTION_A=CAND_003|OPTION_B=CAND_002|OPTION_C=CAND_001,0,formal_policy_hard_gate,0,0,,,True,EXT_E030_NEW_PUBLIC_CHANGE,syncable_authenticators=integrated,1,DETERMINISTIC_SELECT,False,CAND_002,syncable_authenticators=integrated,True
external,EXT_E001,TEMPORAL_VERSION,4,20260823,DIRECT_FREE,SELECTED,OPTION_B,CAND_002,spring=1100;summer_autumn=900;total=2000,The case context specifies the evaluation of Beijing's 2026 policy. The document EXT_DOC_001_2026 is authoritative for 2026 (effective 2026-01-01 to 2026-12-31). It explicitly sets,OPTION_A=CAND_003|OPTION_B=CAND_002|OPTION_C=CAND_001,4498,json_schema,1244,115,stop,"{
  ""abstain"": false,
  ""value"": ""spring=1100;summer_autumn=900;total=2000"",
  ""reason"": ""The case context specifies the evaluation of Beijing's 2026 policy. The document EXT_DOC_001_2026 is authoritative for 2026 (effective 2026-01-01 to 2026-12-31). It explicitly sets""
}",,,,,,True,CAND_002,spring=1100;summer_autumn=900;total=2000,True
external,EXT_E001,TEMPORAL_VERSION,4,20260823,OPTION_VALUE_ONLY,SELECTED,OPTION_B,CAND_002,spring=1100;summer_autumn=900;total=2000,"The case context specifies evaluating the policy for 2026. The document EXT_DOC_001_2026 is effective from 2026-01-01 to 2026-12-31, making it the authoritative source for this EID",OPTION_A=CAND_003|OPTION_B=CAND_002|OPTION_C=CAND_001,3834,json_schema,1382,93,stop,"{
  ""abstain"": false,
  ""option_id"": ""OPTION_B"",
  ""reason"": ""The case context specifies evaluating the policy for 2026. The document EXT_DOC_001_2026 is effective from 2026-01-01 to 2026-12-31, making it the authoritative source for this EID""
}",,,,,,True,CAND_002,spring=1100;summer_autumn=900;total=2000,True
external,EXT_E001,TEMPORAL_VERSION,4,20260823,OPTION_FORMAL_OPERATION,SELECTED,OPTION_B,CAND_002,spring=1100;summer_autumn=900;total=2000,"The 2026 policy document (EXT_DOC_001_2026) explicitly states on page 13 and 119 that the insurance amount for rotation vegetables is split into spring=1100 and summer/autumn=900, ",OPTION_A=CAND_003|OPTION_B=CAND_002|OPTION_C=CAND_001,3406,json_schema,1930,89,stop,"{
  ""abstain"": false,
  ""option_id"": ""OPTION_B"",
  ""reason"": ""The 2026 policy document (EXT_DOC_001_2026) explicitly states on page 13 and 119 that the insurance amount for rotation vegetables is split into spring=1100 and summer/autumn=900, ""}",,,,,,True,CAND_002,spring=1100;summer_autumn=900;total=2000,True
external,EXT_E001,TEMPORAL_VERSION,4,20260823,OPTION_FORMAL_POLICY,SELECTED,OPTION_B,CAND_002,spring=1100;summer_autumn=900;total=2000,"The assessment year is 2026 and the source revision year is 2026. The formal_policy rule EXT_E001_2026_SEASONAL_SPLIT applies with priority 300, requiring a seasonal split for 've'",OPTION_A=CAND_003|OPTION_B=CAND_002|OPTION_C=CAND_001,3459,json_schema,2338,84,stop,"{
  ""abstain"": false,
  ""option_id"": ""OPTION_B"",
  ""reason"": ""The assessment year is 2026 and the source revision year is 2026. The formal_policy rule EXT_E001_2026_SEASONAL_SPLIT applies with priority 300, requiring a seasonal split for 've'""}",True,,,,,True,CAND_002,spring=1100;summer_autumn=900;total=2000,True
external,EXT_E001,TEMPORAL_VERSION,4,20260823,OPTION_FORMAL_POLICY_HARD_GATE,SELECTED,OPTION_B,CAND_002,spring=1100;summer_autumn=900;total=2000,deterministic gate selected EXT_E001_2026_SEASONAL_SPLIT,OPTION_A=CAND_003|OPTION_B=CAND_002|OPTION_C=CAND_001,0,formal_policy_hard_gate,0,0,,,True,EXT_E001_2026_SEASONAL_SPLIT,spring=1100;summer_autumn=900;total=2000,1,DETERMINISTIC_SELECT,False,CAND_002,spring=1100;summer_autumn=900;total=2000,True
external,EXT_E002,CROSS_SENTENCE_SCOPE,4,20260823,DIRECT_FREE,SELECTED,OPTION_C,CAND_002,five_level_definition=level1_no_lodging;level2_lt30;level3_30_45;level4_45_60;level5_gt60,The 2026 policy document (EXT_DOC_002_2026) is authoritative and effective for the evaluation date (2026-08-26). The evidence explicitly states that the interpretation section adds,OPTION_A=CAND_001|OPTION_B=CAND_003|OPTION_C=CAND_002,4389,json_schema,1164,118,stop,"{
  ""abstain"": false,
  ""value"": ""five_level_definition=level1_no_lodging;level2_lt30;level3_30_45;level4_45_60;level5_gt60"",
  ""reason"": ""The 2026 policy document (EXT_DOC_002_2026) is authoritative and effective for the evaluation date (2026-08-26). The evidence explicitly states that the interpretation section adds""
}",,,,,,True,CAND_002,five_level_definition=level1_no_lodging;level2_lt30;level3_30_45;level4_45_60;level5_gt60,True
external,EXT_E002,CROSS_SENTENCE_SCOPE,4,20260823,OPTION_VALUE_ONLY,SELECTED,OPTION_C,CAND_002,five_level_definition=level1_no_lodging;level2_lt30;level3_30_45;level4_45_60;level5_gt60,The 2026 policy document (EXT_DOC_002_2026) is the authoritative source for the 2026 insurance year. The evidence explicitly states that the interpretation section adds a five-lodg,OPTION_A=CAND_001|OPTION_B=CAND_003|OPTION_C=CAND_002,3574,json_schema,1317,80,stop,"{
  ""abstain"": false,
  ""option_id"": ""OPTION_C"",
  ""reason"": ""The 2026 policy document (EXT_DOC_002_2026) is the authoritative source for the 2026 insurance year. The evidence explicitly states that the interpretation section adds a five-lodg""
}",,,,,,True,CAND_002,five_level_definition=level1_no_lodging;level2_lt30;level3_30_45;level4_45_60;level5_gt60,True
external,EXT_E002,CROSS_SENTENCE_SCOPE,4,20260823,OPTION_FORMAL_OPERATION,SELECTED,OPTION_C,CAND_002,five_level_definition=level1_no_lodging;level2_lt30;level3_30_45;level4_45_60;level5_gt60,The 2026 source document (EXT_DOC_002_2026) explicitly defines a five-level lodging hazard interpretation in its comparison table. The evidence note confirms that the target value ,OPTION_A=CAND_001|OPTION_B=CAND_003|OPTION_C=CAND_002,3424,json_schema,1868,77,stop,"{
  ""abstain"": false,
  ""option_id"": ""OPTION_C"",
  ""reason"": ""The 2026 source document (EXT_DOC_002_2026) explicitly defines a five-level lodging hazard interpretation in its comparison table. The evidence note confirms that the target value ""

      }",,,,,,True,CAND_002,five_level_definition=level1_no_lodging;level2_lt30;level3_30_45;level4_45_60;level5_gt60,True
external,EXT_E002,CROSS_SENTENCE_SCOPE,4,20260823,OPTION_FORMAL_POLICY,SELECTED,OPTION_C,CAND_002,five_level_definition=level1_no_lodging;level2_lt30;level3_30_45;level4_45_60;level5_gt60,"The source document EXT_DOC_002_2026 has effective_from '2026-01-01', satisfying the condition source_revision_year='2026'. The evidence note confirms that the interpretation adds ",OPTION_A=CAND_001|OPTION_B=CAND_003|OPTION_C=CAND_002,3120,json_schema,2264,79,stop,"{
  ""abstain"": false,
  ""option_id"": ""OPTION_C"",
  ""reason"": ""The source document EXT_DOC_002_2026 has effective_from '2026-01-01', satisfying the condition source_revision_year='2026'. The evidence note confirms that the interpretation adds ""}",True,,,,,True,CAND_002,five_level_definition=level1_no_lodging;level2_lt30;level3_30_45;level4_45_60;level5_gt60,True
external,EXT_E002,CROSS_SENTENCE_SCOPE,4,20260823,OPTION_FORMAL_POLICY_HARD_GATE,SELECTED,OPTION_C,CAND_002,five_level_definition=level1_no_lodging;level2_lt30;level3_30_45;level4_45_60;level5_gt60,deterministic gate selected EXT_E002_FIVE_LEVEL_INTERPRETATION_SCOPE,OPTION_A=CAND_001|OPTION_B=CAND_003|OPTION_C=CAND_002,0,formal_policy_hard_gate,0,0,,,True,EXT_E002_FIVE_LEVEL_INTERPRETATION_SCOPE,five_level_definition=level1_no_lodging;level2_lt30;level3_30_45;level4_45_60;level5_gt60,1,DETERMINISTIC_SELECT,False,CAND_002,five_level_definition=level1_no_lodging;level2_lt30;level3_30_45;level4_45_60;level5_gt60,True
external,EXT_E003,GENERAL_RULE_EXCEPTION,4,20260823,DIRECT_FREE,REJECTED_OUT_OF_CANDIDATE,,,,value outside candidate set: 'accident_date_limit_times_loss_rate',OPTION_A=CAND_003|OPTION_B=CAND_002|OPTION_C=CAND_001,3693,json_schema,1080,89,stop,"{
  ""abstain"": false,
  ""value"": ""accident_date_limit_times_loss_rate"",
  ""reason"": ""The 2026 policy document (EXT_DOC_003_2026) is authoritative for the event date (2026-08-26). It explicitly changes the freeze damage compensation formula from the old method to 'a""
}",,,,,,True,CAND_002,formula=accident_date_limit_times_loss_rate,False
external,EXT_E003,GENERAL_RULE_EXCEPTION,4,20260823,OPTION_VALUE_ONLY,SELECTED,OPTION_B,CAND_002,formula=accident_date_limit_times_loss_rate,The case context specifies evaluating the 'Beijing 2026 Policy Agricultural Insurance Standard Reference Terms'. The evidence note states that the 2026 text changes the calculation,OPTION_A=CAND_003|OPTION_B=CAND_002|OPTION_C=CAND_001,2945,json_schema,1198,66,stop,"{
  ""abstain"": false,
  ""option_id"": ""OPTION_B"",
  ""reason"": ""The case context specifies evaluating the 'Beijing 2026 Policy Agricultural Insurance Standard Reference Terms'. The evidence note states that the 2026 text changes the calculation""
}",,,,,,True,CAND_002,formula=accident_date_limit_times_loss_rate,True
external,EXT_E003,GENERAL_RULE_EXCEPTION,4,20260823,OPTION_FORMAL_OPERATION,ABSTAIN,,,,"Evidence Note states the 2026 text changes calculation to 'accident-date per-mu compensation limit multiplied by the loss rate' (matching CAND_002). However, OPTION_A proposes 'acc",OPTION_A=CAND_003|OPTION_B=CAND_002|OPTION_C=CAND_001,3354,json_schema,1740,75,stop,"{
  ""abstain"": true,
  ""option_id"": ""ABSTAIN"",
  ""reason"": ""Evidence Note states the 2026 text changes calculation to 'accident-date per-mu compensation limit multiplied by the loss rate' (matching CAND_002). However, OPTION_A proposes 'acc""
}",,,,,,True,CAND_002,formula=accident_date_limit_times_loss_rate,False
external,EXT_E003,GENERAL_RULE_EXCEPTION,4,20260823,OPTION_FORMAL_POLICY,SELECTED,OPTION_B,CAND_002,formula=accident_date_limit_times_loss_rate,The case context specifies evaluating the 2026 policy terms (effective 2026-01-01). The formal_policy rule 'EXT_E003_2026_ACCIDENT_DATE_LIMIT_FORMULA' applies to source_revision '2,OPTION_A=CAND_003|OPTION_B=CAND_002|OPTION_C=CAND_001,3273,json_schema,2151,86,stop,"{
  ""abstain"": false,
  ""option_id"": ""OPTION_B"",
  ""reason"": ""The case context specifies evaluating the 2026 policy terms (effective 2026-01-01). The formal_policy rule 'EXT_E003_2026_ACCIDENT_DATE_LIMIT_FORMULA' applies to source_revision '2""
}",True,,,,,True,CAND_002,formula=accident_date_limit_times_loss_rate,True
external,EXT_E003,GENERAL_RULE_EXCEPTION,4,20260823,OPTION_FORMAL_POLICY_HARD_GATE,SELECTED,OPTION_B,CAND_002,formula=accident_date_limit_times_loss_rate,deterministic gate selected EXT_E003_2026_ACCIDENT_DATE_LIMIT_FORMULA,OPTION_A=CAND_003|OPTION_B=CAND_002|OPTION_C=CAND_001,0,formal_policy_hard_gate,0,0,,,True,EXT_E003_2026_ACCIDENT_DATE_LIMIT_FORMULA,formula=accident_date_limit_times_loss_rate,1,DETERMINISTIC_SELECT,False,CAND_002,formula=accident_date_limit_times_loss_rate,True
external,EXT_E004,TEMPORAL_VERSION,4,20260823,DIRECT_FREE,SELECTED,OPTION_B,CAND_002,wcag22_added=2.4.11;level=AA,EXT_DOC_004_NEW (effective from 2023-10-05) supersedes EXT_DOC_004_OLD for WCAG 2.2 requirements. The evidence note explicitly states that the new criteria list includes '2.4.11' (,OPTION_A=CAND_003|OPTION_B=CAND_002|OPTION_C=CAND_001,3872,json_schema,888,106,stop,"{
  ""abstain"": false,
  ""value"": ""wcag22_added=2.4.11;level=AA"",
  ""reason"": ""EXT_DOC_004_NEW (effective from 2023-10-05) supersedes EXT_DOC_004_OLD for WCAG 2.2 requirements. The evidence note explicitly states that the new criteria list includes '2.4.11' (""
  }",,,,,,True,CAND_002,wcag22_added=2.4.11;level=AA,True
external,EXT_E004,TEMPORAL_VERSION,4,20260823,OPTION_VALUE_ONLY,SELECTED,OPTION_B,CAND_002,wcag22_added=2.4.11;level=AA,The source document EXT_DOC_004_NEW (WCAG 2.2 change summary) explicitly lists success criterion 2.4.11 with conformance level AA. The candidate value for OPTION_A claims level AAA,OPTION_A=CAND_003|OPTION_B=CAND_002|OPTION_C=CAND_001,2952,json_schema,1016,76,stop,"{
  ""abstain"": false,
  ""option_id"": ""OPTION_B"",
  ""reason"": ""The source document EXT_DOC_004_NEW (WCAG 2.2 change summary) explicitly lists success criterion 2.4.11 with conformance level AA. The candidate value for OPTION_A claims level AAA""
}",,,,,,True,CAND_002,wcag22_added=2.4.11;level=AA,True
external,EXT_E004,TEMPORAL_VERSION,4,20260823,OPTION_FORMAL_OPERATION,SELECTED,OPTION_B,CAND_002,wcag22_added=2.4.11;level=AA,The source document EXT_DOC_004_NEW ('What is New in WCAG 2.2') explicitly lists success criterion 2.4.11 with conformance level AA. Option B correctly updates the status to 'wcag2,OPTION_A=CAND_003|OPTION_B=CAND_002|OPTION_C=CAND_001,3360,json_schema,1567,81,stop,"{
  ""abstain"": false,
  ""option_id"": ""OPTION_B"",
  ""reason"": ""The source document EXT_DOC_004_NEW ('What is New in WCAG 2.2') explicitly lists success criterion 2.4.11 with conformance level AA. Option B correctly updates the status to 'wcag2""
}",,,,,,True,CAND_002,wcag22_added=2.4.11;level=AA,True
external,EXT_E004,TEMPORAL_VERSION,4,20260823,OPTION_FORMAL_POLICY,SELECTED,OPTION_B,CAND_002,wcag22_added=2.4.11;level=AA,The formal_policy rule EXT_E004_NEW_PUBLIC_CHANGE applies because public_change_present is true and selected_revision is 'new'. This rule explicitly allows only the value 'wcag22_2,OPTION_A=CAND_003|OPTION_B=CAND_002|OPTION_C=CAND_001,2991,json_schema,1890,71,stop,"{
  ""abstain"": false,
  ""option_id"": ""OPTION_B"",
  ""reason"": ""The formal_policy rule EXT_E004_NEW_PUBLIC_CHANGE applies because public_change_present is true and selected_revision is 'new'. This rule explicitly allows only the value 'wcag22_2""
}",True,,,,,True,CAND_002,wcag22_added=2.4.11;level=AA,True
external,EXT_E004,TEMPORAL_VERSION,4,20260823,OPTION_FORMAL_POLICY_HARD_GATE,SELECTED,OPTION_B,CAND_002,wcag22_added=2.4.11;level=AA,deterministic gate selected EXT_E004_NEW_PUBLIC_CHANGE,OPTION_A=CAND_003|OPTION_B=CAND_002|OPTION_C=CAND_001,0,formal_policy_hard_gate,0,0,,,True,EXT_E004_NEW_PUBLIC_CHANGE,wcag22_added=2.4.11;level=AA,1,DETERMINISTIC_SELECT,False,CAND_002,wcag22_added=2.4.11;level=AA,True
external,EXT_E005,TEMPORAL_VERSION,4,20260823,DIRECT_FREE,SELECTED,OPTION_B,CAND_002,wcag22_added=2.4.12;level=AAA,The public evidence note explicitly states that the W3C WCAG 2.2 change page lists '2.4.12 Focus Not Obscured Enhanced with conformance level AAA'. This directly supports CAND_002.,OPTION_A=CAND_003|OPTION_B=CAND_002|OPTION_C=CAND_001,3421,json_schema,888,91,stop,"{
  ""abstain"": false,
  ""value"": ""wcag22_added=2.4.12;level=AAA"",
  ""reason"": ""The public evidence note explicitly states that the W3C WCAG 2.2 change page lists '2.4.12 Focus Not Obscured Enhanced with conformance level AAA'. This directly supports CAND_002.""
}",,,,,,True,CAND_002,wcag22_added=2.4.12;level=AAA,True
external,EXT_E005,TEMPORAL_VERSION,4,20260823,OPTION_VALUE_ONLY,SELECTED,OPTION_B,CAND_002,wcag22_added=2.4.12;level=AAA,The source document EXT_DOC_005_NEW ('What is New in WCAG 2.2') explicitly lists success criterion 2.4.12 Focus Not Obscured Enhanced with conformance level AAA. The event type is',OPTION_A=CAND_003|OPTION_B=CAND_002|OPTION_C=CAND_001,3111,json_schema,1016,78,stop,"{
  ""abstain"": false,
  ""option_id"": ""OPTION_B"",
  ""reason"": ""The source document EXT_DOC_005_NEW ('What is New in WCAG 2.2') explicitly lists success criterion 2.4.12 Focus Not Obscured Enhanced with conformance level AAA. The event type is'""}",,,,,,True,CAND_002,wcag22_added=2.4.12;level=AAA,True
external,EXT_E005,TEMPORAL_VERSION,4,20260823,OPTION_FORMAL_OPERATION,SELECTED,OPTION_B,CAND_002,wcag22_added=2.4.12;level=AAA,The source document EXT_DOC_005_NEW ('What is New in WCAG 2.2') explicitly lists success criterion 2.4.12 Focus Not Obscured Enhanced with conformance level AAA. OPTION_A proposes ,OPTION_A=CAND_003|OPTION_B=CAND_002|OPTION_C=CAND_001,3222,json_schema,1567,78,stop,"{
  ""abstain"": false,
  ""option_id"": ""OPTION_B"",
  ""reason"": ""The source document EXT_DOC_005_NEW ('What is New in WCAG 2.2') explicitly lists success criterion 2.4.12 Focus Not Obscured Enhanced with conformance level AAA. OPTION_A proposes ""}",,,,,,True,CAND_002,wcag22_added=2.4.12;level=AAA,True
external,EXT_E005,TEMPORAL_VERSION,4,20260823,OPTION_FORMAL_POLICY,SELECTED,OPTION_B,CAND_002,wcag22_added=2.4.12;level=AAA,The formal_policy rule EXT_E005_NEW_PUBLIC_CHANGE has priority 300 and applies because public_change_present is true and selected_revision is 'new'. Its allowed_values strictly限定为',OPTION_A=CAND_003|OPTION_B=CAND_002|OPTION_C=CAND_001,2756,json_schema,1890,69,stop,"{
  ""abstain"": false,
  ""option_id"": ""OPTION_B"",
  ""reason"": ""The formal_policy rule EXT_E005_NEW_PUBLIC_CHANGE has priority 300 and applies because public_change_present is true and selected_revision is 'new'. Its allowed_values strictly限定为'""}",True,,,,,True,CAND_002,wcag22_added=2.4.12;level=AAA,True
external,EXT_E005,TEMPORAL_VERSION,4,20260823,OPTION_FORMAL_POLICY_HARD_GATE,SELECTED,OPTION_B,CAND_002,wcag22_added=2.4.12;level=AAA,deterministic gate selected EXT_E005_NEW_PUBLIC_CHANGE,OPTION_A=CAND_003|OPTION_B=CAND_002|OPTION_C=CAND_001,0,formal_policy_hard_gate,0,0,,,True,EXT_E005_NEW_PUBLIC_CHANGE,wcag22_added=2.4.12;level=AAA,1,DETERMINISTIC_SELECT,False,CAND_002,wcag22_added=2.4.12;level=AAA,True
external,EXT_E006,TEMPORAL_VERSION,4,20260823,DIRECT_FREE,SELECTED,OPTION_B,CAND_002,wcag22_added=2.4.13;level=AAA,"The document EXT_DOC_006_NEW (What is New in WCAG 2.2), effective from 2023-10-05, explicitly lists success criterion 2.4.13 Focus Appearance with conformance level AAA as a new or",OPTION_A=CAND_001|OPTION_B=CAND_002|OPTION_C=CAND_003,3623,json_schema,880,101,stop,"{
  ""abstain"": false,
  ""value"": ""wcag22_added=2.4.13;level=AAA"",
  ""reason"": ""The document EXT_DOC_006_NEW (What is New in WCAG 2.2), effective from 2023-10-05, explicitly lists success criterion 2.4.13 Focus Appearance with conformance level AAA as a new or""
}",,,,,,True,CAND_002,wcag22_added=2.4.13;level=AAA,True
external,EXT_E006,TEMPORAL_VERSION,4,20260823,OPTION_VALUE_ONLY,SELECTED,OPTION_B,CAND_002,wcag22_added=2.4.13;level=AAA,The source document EXT_DOC_006_NEW (WCAG 2.2 change summary) explicitly lists success criterion 2.4.13 Focus Appearance with conformance level AAA. This contradicts OPTION_A (not_,OPTION_A=CAND_001|OPTION_B=CAND_002|OPTION_C=CAND_003,3116,json_schema,1008,77,stop,"{
  ""abstain"": false,
  ""option_id"": ""OPTION_B"",
  ""reason"": ""The source document EXT_DOC_006_NEW (WCAG 2.2 change summary) explicitly lists success criterion 2.4.13 Focus Appearance with conformance level AAA. This contradicts OPTION_A (not_""
}",,,,,,True,CAND_002,wcag22_added=2.4.13;level=AAA,True
external,EXT_E006,TEMPORAL_VERSION,4,20260823,OPTION_FORMAL_OPERATION,SELECTED,OPTION_B,CAND_002,wcag22_added=2.4.13;level=AAA,The source document EXT_DOC_006_NEW (WCAG 2.2 change summary) explicitly lists success criterion 2.4.13 Focus Appearance with conformance level AAA. Option B updates the status to ,OPTION_A=CAND_001|OPTION_B=CAND_002|OPTION_C=CAND_003,3139,json_schema,1559,76,stop,"{
  ""abstain"": false,
  ""option_id"": ""OPTION_B"",
  ""reason"": ""The source document EXT_DOC_006_NEW (WCAG 2.2 change summary) explicitly lists success criterion 2.4.13 Focus Appearance with conformance level AAA. Option B updates the status to "" }",,,,,,True,CAND_002,wcag22_added=2.4.13;level=AAA,True
external,EXT_E006,TEMPORAL_VERSION,4,20260823,OPTION_FORMAL_POLICY,SELECTED,OPTION_B,CAND_002,wcag22_added=2.4.13;level=AAA,"The formal_policy rule EXT_E006_NEW_PUBLIC_CHANGE matches the facts (public_change_present=true, selected_revision=new) with priority 300. Its allowed_values list contains only 'wc",OPTION_A=CAND_001|OPTION_B=CAND_002|OPTION_C=CAND_003,2800,json_schema,1882,71,stop,"{
  ""abstain"": false,
  ""option_id"": ""OPTION_B"",
  ""reason"": ""The formal_policy rule EXT_E006_NEW_PUBLIC_CHANGE matches the facts (public_change_present=true, selected_revision=new) with priority 300. Its allowed_values list contains only 'wc""
}",True,,,,,True,CAND_002,wcag22_added=2.4.13;level=AAA,True
external,EXT_E006,TEMPORAL_VERSION,4,20260823,OPTION_FORMAL_POLICY_HARD_GATE,SELECTED,OPTION_B,CAND_002,wcag22_added=2.4.13;level=AAA,deterministic gate selected EXT_E006_NEW_PUBLIC_CHANGE,OPTION_A=CAND_001|OPTION_B=CAND_002|OPTION_C=CAND_003,0,formal_policy_hard_gate,0,0,,,True,EXT_E006_NEW_PUBLIC_CHANGE,wcag22_added=2.4.13;level=AAA,1,DETERMINISTIC_SELECT,False,CAND_002,wcag22_added=2.4.13;level=AAA,True
external,EXT_E007,TEMPORAL_VERSION,4,20260823,DIRECT_FREE,SELECTED,OPTION_A,CAND_002,wcag22_added=2.5.7;level=AA,Document EXT_DOC_007_NEW (WCAG 2.2 change summary) published on 2023-10-05 explicitly lists success criterion 2.5.7 Dragging Movements with conformance level AA as a new addition. ,OPTION_A=CAND_002|OPTION_B=CAND_003|OPTION_C=CAND_001,3635,json_schema,878,98,stop,"{
  ""abstain"": false,
  ""value"": ""wcag22_added=2.5.7;level=AA"",
  ""reason"": ""Document EXT_DOC_007_NEW (WCAG 2.2 change summary) published on 2023-10-05 explicitly lists success criterion 2.5.7 Dragging Movements with conformance level AA as a new addition. ""
}",,,,,,True,CAND_002,wcag22_added=2.5.7;level=AA,True
external,EXT_E007,TEMPORAL_VERSION,4,20260823,OPTION_VALUE_ONLY,SELECTED,OPTION_A,CAND_002,wcag22_added=2.5.7;level=AA,The source document EXT_DOC_007_NEW (WCAG 2.2 change summary) explicitly lists success criterion 2.5.7 Dragging Movements with conformance level AA. This directly supports CAND_002,OPTION_A=CAND_002|OPTION_B=CAND_003|OPTION_C=CAND_001,3093,json_schema,1004,78,stop,"{
  ""abstain"": false,
  ""option_id"": ""OPTION_A"",
  ""reason"": ""The source document EXT_DOC_007_NEW (WCAG 2.2 change summary) explicitly lists success criterion 2.5.7 Dragging Movements with conformance level AA. This directly supports CAND_002""
}",,,,,,True,CAND_002,wcag22_added=2.5.7;level=AA,True
external,EXT_E007,TEMPORAL_VERSION,4,20260823,OPTION_FORMAL_OPERATION,SELECTED,OPTION_A,CAND_002,wcag22_added=2.5.7;level=AA,The source document EXT_DOC_007_NEW ('What is New in WCAG 2.2') explicitly lists success criterion 2.5.7 Dragging Movements with conformance level AA. This evidence supports the 'C,OPTION_A=CAND_002|OPTION_B=CAND_003|OPTION_C=CAND_001,3272,json_schema,1552,79,stop,"{
  ""abstain"": false,
  ""option_id"": ""OPTION_A"",
  ""reason"": ""The source document EXT_DOC_007_NEW ('What is New in WCAG 2.2') explicitly lists success criterion 2.5.7 Dragging Movements with conformance level AA. This evidence supports the 'C""
}",,,,,,True,CAND_002,wcag22_added=2.5.7;level=AA,True
external,EXT_E007,TEMPORAL_VERSION,4,20260823,OPTION_FORMAL_POLICY,SELECTED,OPTION_A,CAND_002,wcag22_added=2.5.7;level=AA,The formal_policy rule EXT_E007_NEW_PUBLIC_CHANGE has priority 300 and applies because public_change_present is true and selected_revision is 'new'. This rule explicitly allows the,OPTION_A=CAND_002|OPTION_B=CAND_003|OPTION_C=CAND_001,2949,json_schema,1873,69,stop,"{
  ""abstain"": false,
  ""option_id"": ""OPTION_A"",
  ""reason"": ""The formal_policy rule EXT_E007_NEW_PUBLIC_CHANGE has priority 300 and applies because public_change_present is true and selected_revision is 'new'. This rule explicitly allows the""
}",True,,,,,True,CAND_002,wcag22_added=2.5.7;level=AA,True
external,EXT_E007,TEMPORAL_VERSION,4,20260823,OPTION_FORMAL_POLICY_HARD_GATE,SELECTED,OPTION_A,CAND_002,wcag22_added=2.5.7;level=AA,deterministic gate selected EXT_E007_NEW_PUBLIC_CHANGE,OPTION_A=CAND_002|OPTION_B=CAND_003|OPTION_C=CAND_001,0,formal_policy_hard_gate,0,0,,,True,EXT_E007_NEW_PUBLIC_CHANGE,wcag22_added=2.5.7;level=AA,1,DETERMINISTIC_SELECT,False,CAND_002,wcag22_added=2.5.7;level=AA,True
external,EXT_E008,TEMPORAL_VERSION,4,20260823,DIRECT_FREE,SELECTED,OPTION_B,CAND_002,wcag22_added=2.5.8;level=AA,Document EXT_DOC_008_NEW (WCAG 2.2 change summary) explicitly lists success criterion 2.5.8 with conformance level AA as a new addition effective 2023-10-05. Document EXT_DOC_008_O,OPTION_A=CAND_003|OPTION_B=CAND_002|OPTION_C=CAND_001,3794,json_schema,876,101,stop,"{
  ""abstain"": false,
  ""value"": ""wcag22_added=2.5.8;level=AA"",
  ""reason"": ""Document EXT_DOC_008_NEW (WCAG 2.2 change summary) explicitly lists success criterion 2.5.8 with conformance level AA as a new addition effective 2023-10-05. Document EXT_DOC_008_O""
}",,,,,,True,CAND_002,wcag22_added=2.5.8;level=AA,True
external,EXT_E008,TEMPORAL_VERSION,4,20260823,OPTION_VALUE_ONLY,SELECTED,OPTION_B,CAND_002,wcag22_added=2.5.8;level=AA,"The source document EXT_DOC_008_NEW ('What is New in WCAG 2.2', effective from 2023-10-05) explicitly lists '2.5.8 Target Size Minimum' as a new success criterion added in WCAG 2.2",OPTION_A=CAND_003|OPTION_B=CAND_002|OPTION_C=CAND_001,4110,json_schema,1002,92,stop,"{
  ""abstain"": false,
  ""option_id"": ""OPTION_B"",
  ""reason"": ""The source document EXT_DOC_008_NEW ('What is New in WCAG 2.2', effective from 2023-10-05) explicitly lists '2.5.8 Target Size Minimum' as a new success criterion added in WCAG 2.2""
}",,,,,,True,CAND_002,wcag22_added=2.5.8;level=AA,True
external,EXT_E008,TEMPORAL_VERSION,4,20260823,OPTION_FORMAL_OPERATION,SELECTED,OPTION_B,CAND_002,wcag22_added=2.5.8;level=AA,The source document EXT_DOC_008_NEW ('What is New in WCAG 2.2') explicitly lists success criterion 2.5.8 with conformance level AA as a new addition to WCAG 2.2. OPTION_A proposes ,OPTION_A=CAND_003|OPTION_B=CAND_002|OPTION_C=CAND_001,3286,json_schema,1550,82,stop,"{
  ""abstain"": false,
  ""option_id"": ""OPTION_B"",
  ""reason"": ""The source document EXT_DOC_008_NEW ('What is New in WCAG 2.2') explicitly lists success criterion 2.5.8 with conformance level AA as a new addition to WCAG 2.2. OPTION_A proposes ""}",,,,,,True,CAND_002,wcag22_added=2.5.8;level=AA,True
external,EXT_E008,TEMPORAL_VERSION,4,20260823,OPTION_FORMAL_POLICY,SELECTED,OPTION_B,CAND_002,wcag22_added=2.5.8;level=AA,The formal_policy rule EXT_E008_NEW_PUBLIC_CHANGE has priority 300 and applies when selected_revision is 'new'. Its allowed_values strictly include only 'wcag22_added=2.5.8;level=2,OPTION_A=CAND_003|OPTION_B=CAND_002|OPTION_C=CAND_001,3121,json_schema,1871,80,stop,"{
  ""abstain"": false,
  ""option_id"": ""OPTION_B"",
  ""reason"": ""The formal_policy rule EXT_E008_NEW_PUBLIC_CHANGE has priority 300 and applies when selected_revision is 'new'. Its allowed_values strictly include only 'wcag22_added=2.5.8;level=2""
}",True,,,,,True,CAND_002,wcag22_added=2.5.8;level=AA,True
external,EXT_E008,TEMPORAL_VERSION,4,20260823,OPTION_FORMAL_POLICY_HARD_GATE,SELECTED,OPTION_B,CAND_002,wcag22_added=2.5.8;level=AA,deterministic gate selected EXT_E008_NEW_PUBLIC_CHANGE,OPTION_A=CAND_003|OPTION_B=CAND_002|OPTION_C=CAND_001,0,formal_policy_hard_gate,0,0,,,True,EXT_E008_NEW_PUBLIC_CHANGE,wcag22_added=2.5.8;level=AA,1,DETERMINISTIC_SELECT,False,CAND_002,wcag22_added=2.5.8;level=AA,True
external,EXT_E009,TEMPORAL_VERSION,4,20260823,DIRECT_FREE,SELECTED,OPTION_A,CAND_002,wcag22_added=3.2.6;level=A,The document EXT_DOC_009_NEW (WCAG 2.2 change summary) explicitly lists success criterion 3.2.6 Consistent Help as a new addition with conformance level A. The target predicate is ,OPTION_A=CAND_002|OPTION_B=CAND_001|OPTION_C=CAND_003,3440,json_schema,875,92,stop,"{
  ""abstain"": false,
  ""value"": ""wcag22_added=3.2.6;level=A"",
  ""reason"": ""The document EXT_DOC_009_NEW (WCAG 2.2 change summary) explicitly lists success criterion 3.2.6 Consistent Help as a new addition with conformance level A. The target predicate is ""

      }",,,,,,True,CAND_002,wcag22_added=3.2.6;level=A,True
external,EXT_E009,TEMPORAL_VERSION,4,20260823,OPTION_VALUE_ONLY,SELECTED,OPTION_A,CAND_002,wcag22_added=3.2.6;level=A,The source document EXT_DOC_009_NEW (What is New in WCAG 2.2) explicitly lists success criterion 3.2.6 Consistent Help as a new addition to WCAG 2.2 with conformance level A. The E,OPTION_A=CAND_002|OPTION_B=CAND_001|OPTION_C=CAND_003,3395,json_schema,1000,84,stop,"{
  ""abstain"": false,
  ""option_id"": ""OPTION_A"",
  ""reason"": ""The source document EXT_DOC_009_NEW (What is New in WCAG 2.2) explicitly lists success criterion 3.2.6 Consistent Help as a new addition to WCAG 2.2 with conformance level A. The E""
}",,,,,,True,CAND_002,wcag22_added=3.2.6;level=A,True
external,EXT_E009,TEMPORAL_VERSION,4,20260823,OPTION_FORMAL_OPERATION,SELECTED,OPTION_A,CAND_002,wcag22_added=3.2.6;level=A,Document EXT_DOC_009_NEW (WCAG 2.2 change summary) explicitly lists success criterion 3.2.6 Consistent Help with conformance level A as a new addition in WCAG 2.2. This contradicts,OPTION_A=CAND_002|OPTION_B=CAND_001|OPTION_C=CAND_003,3121,json_schema,1548,82,stop,"{
  ""abstain"": false,
  ""option_id"": ""OPTION_A"",
  ""reason"": ""Document EXT_DOC_009_NEW (WCAG 2.2 change summary) explicitly lists success criterion 3.2.6 Consistent Help with conformance level A as a new addition in WCAG 2.2. This contradicts""
}",,,,,,True,CAND_002,wcag22_added=3.2.6;level=A,True
external,EXT_E009,TEMPORAL_VERSION,4,20260823,OPTION_FORMAL_POLICY,SELECTED,OPTION_A,CAND_002,wcag22_added=3.2.6;level=A,The formal_policy rule EXT_E009_NEW_PUBLIC_CHANGE has priority 300 and applies because public_change_present is true and selected_revision is 'new'. This rule explicitly allows the,OPTION_A=CAND_002|OPTION_B=CAND_001|OPTION_C=CAND_003,2909,json_schema,1868,70,stop,"{
  ""abstain"": false,
  ""option_id"": ""OPTION_A"",
  ""reason"": ""The formal_policy rule EXT_E009_NEW_PUBLIC_CHANGE has priority 300 and applies because public_change_present is true and selected_revision is 'new'. This rule explicitly allows the""

  }",True,,,,,True,CAND_002,wcag22_added=3.2.6;level=A,True
external,EXT_E009,TEMPORAL_VERSION,4,20260823,OPTION_FORMAL_POLICY_HARD_GATE,SELECTED,OPTION_A,CAND_002,wcag22_added=3.2.6;level=A,deterministic gate selected EXT_E009_NEW_PUBLIC_CHANGE,OPTION_A=CAND_002|OPTION_B=CAND_001|OPTION_C=CAND_003,0,formal_policy_hard_gate,0,0,,,True,EXT_E009_NEW_PUBLIC_CHANGE,wcag22_added=3.2.6;level=A,1,DETERMINISTIC_SELECT,False,CAND_002,wcag22_added=3.2.6;level=A,True
external,EXT_E010,TEMPORAL_VERSION,4,20260823,DIRECT_FREE,SELECTED,OPTION_A,CAND_002,wcag22_added=3.3.7;level=A,The source document EXT_DOC_010_NEW (WCAG 2.2 change summary) explicitly lists success criterion 3.3.7 Redundant Entry with conformance level A as a new addition in WCAG 2.2. This ,OPTION_A=CAND_002|OPTION_B=CAND_003|OPTION_C=CAND_001,3289,json_schema,877,93,stop,"{
  ""abstain"": false,
  ""value"": ""wcag22_added=3.3.7;level=A"",
  ""reason"": ""The source document EXT_DOC_010_NEW (WCAG 2.2 change summary) explicitly lists success criterion 3.3.7 Redundant Entry with conformance level A as a new addition in WCAG 2.2. This ""}",,,,,,True,CAND_002,wcag22_added=3.3.7;level=A,True
external,EXT_E010,TEMPORAL_VERSION,4,20260823,OPTION_VALUE_ONLY,SELECTED,OPTION_A,CAND_002,wcag22_added=3.3.7;level=A,The document EXT_DOC_010_NEW (WCAG 2.2 change summary) explicitly lists success criterion 3.3.7 Redundant Entry with conformance level A. The candidate value 'wcag22_added=3.3.7;le,OPTION_A=CAND_002|OPTION_B=CAND_003|OPTION_C=CAND_001,3377,json_schema,1002,87,stop,"{
  ""abstain"": false,
  ""option_id"": ""OPTION_A"",
  ""reason"": ""The document EXT_DOC_010_NEW (WCAG 2.2 change summary) explicitly lists success criterion 3.3.7 Redundant Entry with conformance level A. The candidate value 'wcag22_added=3.3.7;le""
}",,,,,,True,CAND_002,wcag22_added=3.3.7;level=A,True
external,EXT_E010,TEMPORAL_VERSION,4,20260823,OPTION_FORMAL_OPERATION,SELECTED,OPTION_A,CAND_002,wcag22_added=3.3.7;level=A,The source document EXT_DOC_010_NEW ('What is New in WCAG 2.2') explicitly lists success criterion 3.3.7 Redundant Entry with conformance level A as a new addition in WCAG 2.2. The,OPTION_A=CAND_002|OPTION_B=CAND_003|OPTION_C=CAND_001,3381,json_schema,1550,83,stop,"{
  ""abstain"": false,
  ""option_id"": ""OPTION_A"",
  ""reason"": ""The source document EXT_DOC_010_NEW ('What is New in WCAG 2.2') explicitly lists success criterion 3.3.7 Redundant Entry with conformance level A as a new addition in WCAG 2.2. The""}",,,,,,True,CAND_002,wcag22_added=3.3.7;level=A,True
external,EXT_E010,TEMPORAL_VERSION,4,20260823,OPTION_FORMAL_POLICY,SELECTED,OPTION_A,CAND_002,wcag22_added=3.3.7;level=A,The formal_policy rule EXT_E010_NEW_PUBLIC_CHANGE (priority 300) applies because public_change_present is true and selected_revision is 'new'. This rule explicitly allows only 'wcg,OPTION_A=CAND_002|OPTION_B=CAND_003|OPTION_C=CAND_001,2825,json_schema,1870,72,stop,"{
  ""abstain"": false,
  ""option_id"": ""OPTION_A"",
  ""reason"": ""The formal_policy rule EXT_E010_NEW_PUBLIC_CHANGE (priority 300) applies because public_change_present is true and selected_revision is 'new'. This rule explicitly allows only 'wcg""

}",True,,,,,True,CAND_002,wcag22_added=3.3.7;level=A,True
external,EXT_E010,TEMPORAL_VERSION,4,20260823,OPTION_FORMAL_POLICY_HARD_GATE,SELECTED,OPTION_A,CAND_002,wcag22_added=3.3.7;level=A,deterministic gate selected EXT_E010_NEW_PUBLIC_CHANGE,OPTION_A=CAND_002|OPTION_B=CAND_003|OPTION_C=CAND_001,0,formal_policy_hard_gate,0,0,,,True,EXT_E010_NEW_PUBLIC_CHANGE,wcag22_added=3.3.7;level=A,1,DETERMINISTIC_SELECT,False,CAND_002,wcag22_added=3.3.7;level=A,True
external,EXT_E011,TEMPORAL_VERSION,4,20260823,DIRECT_FREE,SELECTED,OPTION_A,CAND_002,wcag22_added=3.3.8;level=AA,"The document EXT_DOC_011_NEW (What is New in WCAG 2.2), effective from 2023-10-05, explicitly lists success criterion 3.3.8 Accessible Authentication Minimum as a new addition to W",OPTION_A=CAND_002|OPTION_B=CAND_001|OPTION_C=CAND_003,3525,json_schema,878,98,stop,"{
  ""abstain"": false,
  ""value"": ""wcag22_added=3.3.8;level=AA"",
  ""reason"": ""The document EXT_DOC_011_NEW (What is New in WCAG 2.2), effective from 2023-10-05, explicitly lists success criterion 3.3.8 Accessible Authentication Minimum as a new addition to W""
}",,,,,,True,CAND_002,wcag22_added=3.3.8;level=AA,True
external,EXT_E011,TEMPORAL_VERSION,4,20260823,OPTION_VALUE_ONLY,SELECTED,OPTION_A,CAND_002,wcag22_added=3.3.8;level=AA,The source document EXT_DOC_011_NEW (WCAG 2.2 change summary) explicitly lists success criterion 3.3.8 Accessible Authentication Minimum with conformance level AA as a new addition,OPTION_A=CAND_002|OPTION_B=CAND_001|OPTION_C=CAND_003,3046,json_schema,1004,73,stop,"{
  ""abstain"": false,
  ""option_id"": ""OPTION_A"",
  ""reason"": ""The source document EXT_DOC_011_NEW (WCAG 2.2 change summary) explicitly lists success criterion 3.3.8 Accessible Authentication Minimum with conformance level AA as a new addition""
}",,,,,,True,CAND_002,wcag22_added=3.3.8;level=AA,True
external,EXT_E011,TEMPORAL_VERSION,4,20260823,OPTION_FORMAL_OPERATION,SELECTED,OPTION_A,CAND_002,wcag22_added=3.3.8;level=AA,The source document EXT_DOC_011_NEW (WCAG 2.2 change summary) explicitly lists success criterion 3.3.8 with conformance level AA. Option A replaces the WCAG 2.1 status ('not') with,OPTION_A=CAND_002|OPTION_B=CAND_001|OPTION_C=CAND_003,3284,json_schema,1552,82,stop,"{
  ""abstain"": false,
  ""option_id"": ""OPTION_A"",
  ""reason"": ""The source document EXT_DOC_011_NEW (WCAG 2.2 change summary) explicitly lists success criterion 3.3.8 with conformance level AA. Option A replaces the WCAG 2.1 status ('not') with""
}",,,,,,True,CAND_002,wcag22_added=3.3.8;level=AA,True
external,EXT_E011,TEMPORAL_VERSION,4,20260823,OPTION_FORMAL_POLICY,SELECTED,OPTION_A,CAND_002,wcag22_added=3.3.8;level=AA,"The formal_policy rule EXT_E011_NEW_PUBLIC_CHANGE has priority 300 and matches the facts (public_change_present=true, selected_revision=new). Its allowed_values list contains only ",OPTION_A=CAND_002|OPTION_B=CAND_001|OPTION_C=CAND_003,2777,json_schema,1873,70,stop,"{
  ""abstain"": false,
  ""option_id"": ""OPTION_A"",
  ""reason"": ""The formal_policy rule EXT_E011_NEW_PUBLIC_CHANGE has priority 300 and matches the facts (public_change_present=true, selected_revision=new). Its allowed_values list contains only ""

  }",True,,,,,True,CAND_002,wcag22_added=3.3.8;level=AA,True
external,EXT_E011,TEMPORAL_VERSION,4,20260823,OPTION_FORMAL_POLICY_HARD_GATE,SELECTED,OPTION_A,CAND_002,wcag22_added=3.3.8;level=AA,deterministic gate selected EXT_E011_NEW_PUBLIC_CHANGE,OPTION_A=CAND_002|OPTION_B=CAND_001|OPTION_C=CAND_003,0,formal_policy_hard_gate,0,0,,,True,EXT_E011_NEW_PUBLIC_CHANGE,wcag22_added=3.3.8;level=AA,1,DETERMINISTIC_SELECT,False,CAND_002,wcag22_added=3.3.8;level=AA,True
external,EXT_E012,TEMPORAL_VERSION,4,20260823,DIRECT_FREE,SELECTED,OPTION_A,CAND_002,wcag22_added=3.3.9;level=AAA,Document EXT_DOC_012_NEW (effective 2023-10-05) supersedes EXT_DOC_012_OLD for WCAG 2.2 requirements. The evidence explicitly states that the new list includes '3.3.9 Accessible'.,OPTION_A=CAND_002|OPTION_B=CAND_001|OPTION_C=CAND_003,3614,json_schema,878,102,stop,"{
  ""abstain"": false,
  ""value"": ""wcag22_added=3.3.9;level=AAA"",
  ""reason"": ""Document EXT_DOC_012_NEW (effective 2023-10-05) supersedes EXT_DOC_012_OLD for WCAG 2.2 requirements. The evidence explicitly states that the new list includes '3.3.9 Accessible'.""
}",,,,,,True,CAND_002,wcag22_added=3.3.9;level=AAA,True
external,EXT_E012,TEMPORAL_VERSION,4,20260823,OPTION_VALUE_ONLY,SELECTED,OPTION_A,CAND_002,wcag22_added=3.3.9;level=AAA,"The source document EXT_DOC_012_NEW (WCAG 2.2 change summary) explicitly lists success criterion 3.3.9 Accessible Authentication Enhanced with conformance level AAA. This evidence,",OPTION_A=CAND_002|OPTION_B=CAND_001|OPTION_C=CAND_003,3014,json_schema,1004,73,stop,"{
  ""abstain"": false,
  ""option_id"": ""OPTION_A"",
  ""reason"": ""The source document EXT_DOC_012_NEW (WCAG 2.2 change summary) explicitly lists success criterion 3.3.9 Accessible Authentication Enhanced with conformance level AAA. This evidence,""

}",,,,,,True,CAND_002,wcag22_added=3.3.9;level=AAA,True
external,EXT_E012,TEMPORAL_VERSION,4,20260823,OPTION_FORMAL_OPERATION,SELECTED,OPTION_A,CAND_002,wcag22_added=3.3.9;level=AAA,The source document EXT_DOC_012_NEW ('What is New in WCAG 2.2') explicitly lists success criterion 3.3.9 Accessible Authentication Enhanced with conformance level AAA as a new item,OPTION_A=CAND_002|OPTION_B=CAND_001|OPTION_C=CAND_003,3017,json_schema,1552,76,stop,"{
  ""abstain"": false,
  ""option_id"": ""OPTION_A"",
  ""reason"": ""The source document EXT_DOC_012_NEW ('What is New in WCAG 2.2') explicitly lists success criterion 3.3.9 Accessible Authentication Enhanced with conformance level AAA as a new item""
}",,,,,,True,CAND_002,wcag22_added=3.3.9;level=AAA,True
external,EXT_E012,TEMPORAL_VERSION,4,20260823,OPTION_FORMAL_POLICY,SELECTED,OPTION_A,CAND_002,wcag22_added=3.3.9;level=AAA,"The formal_policy rule EXT_E012_NEW_PUBLIC_CHANGE matches the facts (public_change_present=true, selected_revision=new) with priority 300. Its allowed_values list contains only 'wc",OPTION_A=CAND_002|OPTION_B=CAND_001|OPTION_C=CAND_003,2675,json_schema,1873,71,stop,"{
  ""abstain"": false,
  ""option_id"": ""OPTION_A"",
  ""reason"": ""The formal_policy rule EXT_E012_NEW_PUBLIC_CHANGE matches the facts (public_change_present=true, selected_revision=new) with priority 300. Its allowed_values list contains only 'wc""
}",True,,,,,True,CAND_002,wcag22_added=3.3.9;level=AAA,True
external,EXT_E012,TEMPORAL_VERSION,4,20260823,OPTION_FORMAL_POLICY_HARD_GATE,SELECTED,OPTION_A,CAND_002,wcag22_added=3.3.9;level=AAA,deterministic gate selected EXT_E012_NEW_PUBLIC_CHANGE,OPTION_A=CAND_002|OPTION_B=CAND_001|OPTION_C=CAND_003,0,formal_policy_hard_gate,0,0,,,True,EXT_E012_NEW_PUBLIC_CHANGE,wcag22_added=3.3.9;level=AAA,1,DETERMINISTIC_SELECT,False,CAND_002,wcag22_added=3.3.9;level=AAA,True
external,EXT_E013,CROSS_SENTENCE_SCOPE,4,20260823,DIRECT_FREE,SELECTED,OPTION_B,CAND_002,wcag21_cross_scope=1.3.4;level=AA,EXT_DOC_013_NEW (effective 2018-06-05) supersedes EXT_DOC_013_OLD (expired 2018-06-04). The evidence note explicitly states that the WCAG 2.1 change page lists '1.3.4 Orientation'.,OPTION_A=CAND_003|OPTION_B=CAND_002|OPTION_C=CAND_001,3818,json_schema,880,113,stop,"{
  ""abstain"": false,
  ""value"": ""wcag21_cross_scope=1.3.4;level=AA"",
  ""reason"": ""EXT_DOC_013_NEW (effective 2018-06-05) supersedes EXT_DOC_013_OLD (expired 2018-06-04). The evidence note explicitly states that the WCAG 2.1 change page lists '1.3.4 Orientation'.""
}",,,,,,True,CAND_002,wcag21_cross_scope=1.3.4;level=AA,True
external,EXT_E013,CROSS_SENTENCE_SCOPE,4,20260823,OPTION_VALUE_ONLY,SELECTED,OPTION_B,CAND_002,wcag21_cross_scope=1.3.4;level=AA,"The source document EXT_DOC_013_NEW (WCAG 2.1 change summary) explicitly lists the addition of criterion 1.3.4 Orientation at conformance level AA. Therefore, OPTION_B is supported",OPTION_A=CAND_003|OPTION_B=CAND_002|OPTION_C=CAND_001,2961,json_schema,1008,76,stop,"{
  ""abstain"": false,
  ""option_id"": ""OPTION_B"",
  ""reason"": ""The source document EXT_DOC_013_NEW (WCAG 2.1 change summary) explicitly lists the addition of criterion 1.3.4 Orientation at conformance level AA. Therefore, OPTION_B is supported""
}",,,,,,True,CAND_002,wcag21_cross_scope=1.3.4;level=AA,True
external,EXT_E013,CROSS_SENTENCE_SCOPE,4,20260823,OPTION_FORMAL_OPERATION,SELECTED,OPTION_B,CAND_002,wcag21_cross_scope=1.3.4;level=AA,Document EXT_DOC_013_NEW (effective 2018-06-05) explicitly lists WCAG 2.1 addition 1.3.4 Orientation at conformance level AA. OPTION_B correctly updates the scope to 'wcag21_cross=,OPTION_A=CAND_003|OPTION_B=CAND_002|OPTION_C=CAND_001,3440,json_schema,1556,89,stop,"{
  ""abstain"": false,
  ""option_id"": ""OPTION_B"",
  ""reason"": ""Document EXT_DOC_013_NEW (effective 2018-06-05) explicitly lists WCAG 2.1 addition 1.3.4 Orientation at conformance level AA. OPTION_B correctly updates the scope to 'wcag21_cross=""
}",,,,,,True,CAND_002,wcag21_cross_scope=1.3.4;level=AA,True
external,EXT_E013,CROSS_SENTENCE_SCOPE,4,20260823,OPTION_FORMAL_POLICY,SELECTED,OPTION_B,CAND_002,wcag21_cross_scope=1.3.4;level=AA,The formal_policy rule EXT_E013_NEW_PUBLIC_CHANGE applies because public_change_present is true and selected_revision is 'new'. This rule explicitly allows only 'wcag21_cross_scope,OPTION_A=CAND_003|OPTION_B=CAND_002|OPTION_C=CAND_001,2663,json_schema,1878,69,stop,"{
  ""abstain"": false,
  ""option_id"": ""OPTION_B"",
  ""reason"": ""The formal_policy rule EXT_E013_NEW_PUBLIC_CHANGE applies because public_change_present is true and selected_revision is 'new'. This rule explicitly allows only 'wcag21_cross_scope""
}",True,,,,,True,CAND_002,wcag21_cross_scope=1.3.4;level=AA,True
external,EXT_E013,CROSS_SENTENCE_SCOPE,4,20260823,OPTION_FORMAL_POLICY_HARD_GATE,SELECTED,OPTION_B,CAND_002,wcag21_cross_scope=1.3.4;level=AA,deterministic gate selected EXT_E013_NEW_PUBLIC_CHANGE,OPTION_A=CAND_003|OPTION_B=CAND_002|OPTION_C=CAND_001,0,formal_policy_hard_gate,0,0,,,True,EXT_E013_NEW_PUBLIC_CHANGE,wcag21_cross_scope=1.3.4;level=AA,1,DETERMINISTIC_SELECT,False,CAND_002,wcag21_cross_scope=1.3.4;level=AA,True
external,EXT_E014,CROSS_SENTENCE_SCOPE,4,20260823,DIRECT_FREE,SELECTED,OPTION_C,CAND_002,wcag21_cross_scope=1.3.5;level=AA,EXT_DOC_014_NEW (effective from 2018-06-05) supersedes EXT_DOC_014_OLD for WCAG 2.1 additions. The document explicitly lists 1.3.5 Identify Input Purpose at level AA as a new entry,OPTION_A=CAND_003|OPTION_B=CAND_001|OPTION_C=CAND_002,3610,json_schema,884,105,stop,"{
  ""abstain"": false,
  ""value"": ""wcag21_cross_scope=1.3.5;level=AA"",
  ""reason"": ""EXT_DOC_014_NEW (effective from 2018-06-05) supersedes EXT_DOC_014_OLD for WCAG 2.1 additions. The document explicitly lists 1.3.5 Identify Input Purpose at level AA as a new entry""
}",,,,,,True,CAND_002,wcag21_cross_scope=1.3.5;level=AA,True
external,EXT_E014,CROSS_SENTENCE_SCOPE,4,20260823,OPTION_VALUE_ONLY,SELECTED,OPTION_C,CAND_002,wcag21_cross_scope=1.3.5;level=AA,The document EXT_DOC_014_NEW (WCAG 2.1 change summary) explicitly lists the addition of success criterion 1.3.5 Identify Input Purpose at conformance level AA. The target requires ,OPTION_A=CAND_003|OPTION_B=CAND_001|OPTION_C=CAND_002,2943,json_schema,1012,73,stop,"{
  ""abstain"": false,
  ""option_id"": ""OPTION_C"",
  ""reason"": ""The document EXT_DOC_014_NEW (WCAG 2.1 change summary) explicitly lists the addition of success criterion 1.3.5 Identify Input Purpose at conformance level AA. The target requires ""}",,,,,,True,CAND_002,wcag21_cross_scope=1.3.5;level=AA,True
external,EXT_E014,CROSS_SENTENCE_SCOPE,4,20260823,OPTION_FORMAL_OPERATION,SELECTED,OPTION_C,CAND_002,wcag21_cross_scope=1.3.5;level=AA,"The public evidence note explicitly states that WCAG 2.1 added success criterion 1.3.5 at level AA. OPTION_C correctly updates the value to 'wcag21_cross_scope=1.3.5;level=AA', and",OPTION_A=CAND_003|OPTION_B=CAND_001|OPTION_C=CAND_002,3329,json_schema,1560,83,stop,"{
  ""abstain"": false,
  ""option_id"": ""OPTION_C"",
  ""reason"": ""The public evidence note explicitly states that WCAG 2.1 added success criterion 1.3.5 at level AA. OPTION_C correctly updates the value to 'wcag21_cross_scope=1.3.5;level=AA', and""
}",,,,,,True,CAND_002,wcag21_cross_scope=1.3.5;level=AA,True
external,EXT_E014,CROSS_SENTENCE_SCOPE,4,20260823,OPTION_FORMAL_POLICY,SELECTED,OPTION_C,CAND_002,wcag21_cross_scope=1.3.5;level=AA,The formal_policy rule EXT_E014_NEW_PUBLIC_CHANGE (priority 300) applies because public_change_present is true and selected_revision is 'new'. This rule explicitly allows only the值,OPTION_A=CAND_003|OPTION_B=CAND_001|OPTION_C=CAND_002,2848,json_schema,1882,71,stop,"{
  ""abstain"": false,
  ""option_id"": ""OPTION_C"",
  ""reason"": ""The formal_policy rule EXT_E014_NEW_PUBLIC_CHANGE (priority 300) applies because public_change_present is true and selected_revision is 'new'. This rule explicitly allows only the值""
}",True,,,,,True,CAND_002,wcag21_cross_scope=1.3.5;level=AA,True
external,EXT_E014,CROSS_SENTENCE_SCOPE,4,20260823,OPTION_FORMAL_POLICY_HARD_GATE,SELECTED,OPTION_C,CAND_002,wcag21_cross_scope=1.3.5;level=AA,deterministic gate selected EXT_E014_NEW_PUBLIC_CHANGE,OPTION_A=CAND_003|OPTION_B=CAND_001|OPTION_C=CAND_002,0,formal_policy_hard_gate,0,0,,,True,EXT_E014_NEW_PUBLIC_CHANGE,wcag21_cross_scope=1.3.5;level=AA,1,DETERMINISTIC_SELECT,False,CAND_002,wcag21_cross_scope=1.3.5;level=AA,True
external,EXT_E015,CROSS_SENTENCE_SCOPE,4,20260823,DIRECT_FREE,SELECTED,OPTION_C,CAND_002,wcag21_cross_scope=1.3.6;level=AAA,EXT_DOC_015_NEW (effective 2018-06-05) supersedes EXT_DOC_015_OLD for WCAG 2.1 additions. The evidence note explicitly states that the new criteria list includes '1.3.6 Identify P',OPTION_A=CAND_001|OPTION_B=CAND_003|OPTION_C=CAND_002,3486,json_schema,882,102,stop,"{
  ""abstain"": false,
  ""value"": ""wcag21_cross_scope=1.3.6;level=AAA"",
  ""reason"": ""EXT_DOC_015_NEW (effective 2018-06-05) supersedes EXT_DOC_015_OLD for WCAG 2.1 additions. The evidence note explicitly states that the new criteria list includes '1.3.6 Identify P'""}",,,,,,True,CAND_002,wcag21_cross_scope=1.3.6;level=AAA,True
external,EXT_E015,CROSS_SENTENCE_SCOPE,4,20260823,OPTION_VALUE_ONLY,SELECTED,OPTION_C,CAND_002,wcag21_cross_scope=1.3.6;level=AAA,The source document EXT_DOC_015_NEW (effective from 2018-06-05) explicitly lists the addition of success criterion 1.3.6 Identify Purpose at conformance level AAA. This satisfies ',OPTION_A=CAND_001|OPTION_B=CAND_003|OPTION_C=CAND_002,3051,json_schema,1010,79,stop,"{
  ""abstain"": false,
  ""option_id"": ""OPTION_C"",
  ""reason"": ""The source document EXT_DOC_015_NEW (effective from 2018-06-05) explicitly lists the addition of success criterion 1.3.6 Identify Purpose at conformance level AAA. This satisfies '""
}",,,,,,True,CAND_002,wcag21_cross_scope=1.3.6;level=AAA,True
external,EXT_E015,CROSS_SENTENCE_SCOPE,4,20260823,OPTION_FORMAL_OPERATION,SELECTED,OPTION_C,CAND_002,wcag21_cross_scope=1.3.6;level=AAA,Document EXT_DOC_015_NEW (effective from 2018-06-05) explicitly lists WCAG 2.1 addition 1.3.6 Identify Purpose at level AAA. The evidence supports replacing the old value with 'wcg,OPTION_A=CAND_001|OPTION_B=CAND_003|OPTION_C=CAND_002,3386,json_schema,1558,86,stop,"{
  ""abstain"": false,
  ""option_id"": ""OPTION_C"",
  ""reason"": ""Document EXT_DOC_015_NEW (effective from 2018-06-05) explicitly lists WCAG 2.1 addition 1.3.6 Identify Purpose at level AAA. The evidence supports replacing the old value with 'wcg""
}",,,,,,True,CAND_002,wcag21_cross_scope=1.3.6;level=AAA,True
external,EXT_E015,CROSS_SENTENCE_SCOPE,4,20260823,OPTION_FORMAL_POLICY,SELECTED,OPTION_C,CAND_002,wcag21_cross_scope=1.3.6;level=AAA,The formal_policy rule EXT_E015_NEW_PUBLIC_CHANGE has priority 300 and applies because public_change_present is true and selected_revision is 'new'. This rule explicitly allows the,OPTION_A=CAND_001|OPTION_B=CAND_003|OPTION_C=CAND_002,2779,json_schema,1880,69,stop,"{
  ""abstain"": false,
  ""option_id"": ""OPTION_C"",
  ""reason"": ""The formal_policy rule EXT_E015_NEW_PUBLIC_CHANGE has priority 300 and applies because public_change_present is true and selected_revision is 'new'. This rule explicitly allows the""
}",True,,,,,True,CAND_002,wcag21_cross_scope=1.3.6;level=AAA,True
external,EXT_E015,CROSS_SENTENCE_SCOPE,4,20260823,OPTION_FORMAL_POLICY_HARD_GATE,SELECTED,OPTION_C,CAND_002,wcag21_cross_scope=1.3.6;level=AAA,deterministic gate selected EXT_E015_NEW_PUBLIC_CHANGE,OPTION_A=CAND_001|OPTION_B=CAND_003|OPTION_C=CAND_002,0,formal_policy_hard_gate,0,0,,,True,EXT_E015_NEW_PUBLIC_CHANGE,wcag21_cross_scope=1.3.6;level=AAA,1,DETERMINISTIC_SELECT,False,CAND_002,wcag21_cross_scope=1.3.6;level=AAA,True
external,EXT_E016,CROSS_SENTENCE_SCOPE,4,20260823,DIRECT_FREE,SELECTED,OPTION_B,CAND_002,wcag21_cross_scope=1.4.10;level=AA,Document EXT_DOC_016_NEW (effective from 2018-06-05) supersedes EXT_DOC_016_OLD (effective to 2018-06-04). The evidence note explicitly states that the WCAG 2.1 change page lists ',OPTION_A=CAND_001|OPTION_B=CAND_002|OPTION_C=CAND_003,3751,json_schema,888,110,stop,"{
  ""abstain"": false,
  ""value"": ""wcag21_cross_scope=1.4.10;level=AA"",
  ""reason"": ""Document EXT_DOC_016_NEW (effective from 2018-06-05) supersedes EXT_DOC_016_OLD (effective to 2018-06-04). The evidence note explicitly states that the WCAG 2.1 change page lists '"" }",,,,,,True,CAND_002,wcag21_cross_scope=1.4.10;level=AA,True
external,EXT_E016,CROSS_SENTENCE_SCOPE,4,20260823,OPTION_VALUE_ONLY,SELECTED,OPTION_B,CAND_002,wcag21_cross_scope=1.4.10;level=AA,Document EXT_DOC_016_NEW (WCAG 2.1 change summary) published on 2018-06-05 is the most authoritative source for WCAG 2.1 additions and supersedes EXT_DOC_016_OLD regarding new con.,OPTION_A=CAND_001|OPTION_B=CAND_002|OPTION_C=CAND_003,3305,json_schema,1018,87,stop,"{
  ""abstain"": false,
  ""option_id"": ""OPTION_B"",
  ""reason"": ""Document EXT_DOC_016_NEW (WCAG 2.1 change summary) published on 2018-06-05 is the most authoritative source for WCAG 2.1 additions and supersedes EXT_DOC_016_OLD regarding new con.""}",,,,,,True,CAND_002,wcag21_cross_scope=1.4.10;level=AA,True
external,EXT_E016,CROSS_SENTENCE_SCOPE,4,20260823,OPTION_FORMAL_OPERATION,SELECTED,OPTION_B,CAND_002,wcag21_cross_scope=1.4.10;level=AA,Document EXT_DOC_016_NEW (effective from 2018-06-05) explicitly adds success criterion 1.4.10 Reflow at conformance level AA to WCAG 2.1. The evidence note confirms this addition. ,OPTION_A=CAND_001|OPTION_B=CAND_002|OPTION_C=CAND_003,3305,json_schema,1569,87,stop,"{
  ""abstain"": false,
  ""option_id"": ""OPTION_B"",
  ""reason"": ""Document EXT_DOC_016_NEW (effective from 2018-06-05) explicitly adds success criterion 1.4.10 Reflow at conformance level AA to WCAG 2.1. The evidence note confirms this addition. ""
}",,,,,,True,CAND_002,wcag21_cross_scope=1.4.10;level=AA,True
external,EXT_E016,CROSS_SENTENCE_SCOPE,4,20260823,OPTION_FORMAL_POLICY,SELECTED,OPTION_B,CAND_002,wcag21_cross_scope=1.4.10;level=AA,The formal_policy rule EXT_E016_NEW_PUBLIC_CHANGE has priority 300 and applies because public_change_present is true and selected_revision is 'new'. Its allowed_values strictly限定为',OPTION_A=CAND_001|OPTION_B=CAND_002|OPTION_C=CAND_003,2819,json_schema,1893,69,stop,"{
  ""abstain"": false,
  ""option_id"": ""OPTION_B"",
  ""reason"": ""The formal_policy rule EXT_E016_NEW_PUBLIC_CHANGE has priority 300 and applies because public_change_present is true and selected_revision is 'new'. Its allowed_values strictly限定为'""}",True,,,,,True,CAND_002,wcag21_cross_scope=1.4.10;level=AA,True
external,EXT_E016,CROSS_SENTENCE_SCOPE,4,20260823,OPTION_FORMAL_POLICY_HARD_GATE,SELECTED,OPTION_B,CAND_002,wcag21_cross_scope=1.4.10;level=AA,deterministic gate selected EXT_E016_NEW_PUBLIC_CHANGE,OPTION_A=CAND_001|OPTION_B=CAND_002|OPTION_C=CAND_003,0,formal_policy_hard_gate,0,0,,,True,EXT_E016_NEW_PUBLIC_CHANGE,wcag21_cross_scope=1.4.10;level=AA,1,DETERMINISTIC_SELECT,False,CAND_002,wcag21_cross_scope=1.4.10;level=AA,True
external,EXT_E017,CROSS_SENTENCE_SCOPE,4,20260823,DIRECT_FREE,SELECTED,OPTION_C,CAND_002,wcag21_cross_scope=1.4.11;level=AA,Document EXT_DOC_017_NEW (effective 2018-06-05) supersedes EXT_DOC_017_OLD regarding WCAG 2.1 additions. The evidence note explicitly states that the listed addition includes '1.4.,OPTION_A=CAND_003|OPTION_B=CAND_001|OPTION_C=CAND_002,3428,json_schema,890,101,stop,"{
  ""abstain"": false,
  ""value"": ""wcag21_cross_scope=1.4.11;level=AA"",
  ""reason"": ""Document EXT_DOC_017_NEW (effective 2018-06-05) supersedes EXT_DOC_017_OLD regarding WCAG 2.1 additions. The evidence note explicitly states that the listed addition includes '1.4.""
}",,,,,,True,CAND_002,wcag21_cross_scope=1.4.11;level=AA,True
external,EXT_E017,CROSS_SENTENCE_SCOPE,4,20260823,OPTION_VALUE_ONLY,SELECTED,OPTION_C,CAND_002,wcag21_cross_scope=1.4.11;level=AA,The source document EXT_DOC_017_NEW ('What is New in WCAG 2.1') published on 2018-06-05 (after the effective date of WCAG 2.0) explicitly lists 'Non-text Contrast' as a new success,OPTION_A=CAND_003|OPTION_B=CAND_001|OPTION_C=CAND_002,3359,json_schema,1020,90,stop,"{
  ""abstain"": false,
  ""option_id"": ""OPTION_C"",
  ""reason"": ""The source document EXT_DOC_017_NEW ('What is New in WCAG 2.1') published on 2018-06-05 (after the effective date of WCAG 2.0) explicitly lists 'Non-text Contrast' as a new success""
}",,,,,,True,CAND_002,wcag21_cross_scope=1.4.11;level=AA,True
external,EXT_E017,CROSS_SENTENCE_SCOPE,4,20260823,OPTION_FORMAL_OPERATION,SELECTED,OPTION_C,CAND_002,wcag21_cross_scope=1.4.11;level=AA,The source document EXT_DOC_017_NEW (WCAG 2.1 change summary) explicitly lists the addition of success criterion 1.4.11 Non-text Contrast at conformance level AA. OPTION_C updates ,OPTION_A=CAND_003|OPTION_B=CAND_001|OPTION_C=CAND_002,3196,json_schema,1571,76,stop,"{
  ""abstain"": false,
  ""option_id"": ""OPTION_C"",
  ""reason"": ""The source document EXT_DOC_017_NEW (WCAG 2.1 change summary) explicitly lists the addition of success criterion 1.4.11 Non-text Contrast at conformance level AA. OPTION_C updates ""}",,,,,,True,CAND_002,wcag21_cross_scope=1.4.11;level=AA,True
external,EXT_E017,CROSS_SENTENCE_SCOPE,4,20260823,OPTION_FORMAL_POLICY,SELECTED,OPTION_C,CAND_002,wcag21_cross_scope=1.4.11;level=AA,The formal_policy rule EXT_E017_NEW_PUBLIC_CHANGE has priority 300 and applies when selected_revision is 'new' (indicated by effective_to being empty in the newer document). This规则,OPTION_A=CAND_003|OPTION_B=CAND_001|OPTION_C=CAND_002,2903,json_schema,1895,73,stop,"{
  ""abstain"": false,
  ""option_id"": ""OPTION_C"",
  ""reason"": ""The formal_policy rule EXT_E017_NEW_PUBLIC_CHANGE has priority 300 and applies when selected_revision is 'new' (indicated by effective_to being empty in the newer document). This规则""
}",True,,,,,True,CAND_002,wcag21_cross_scope=1.4.11;level=AA,True
external,EXT_E017,CROSS_SENTENCE_SCOPE,4,20260823,OPTION_FORMAL_POLICY_HARD_GATE,SELECTED,OPTION_C,CAND_002,wcag21_cross_scope=1.4.11;level=AA,deterministic gate selected EXT_E017_NEW_PUBLIC_CHANGE,OPTION_A=CAND_003|OPTION_B=CAND_001|OPTION_C=CAND_002,0,formal_policy_hard_gate,0,0,,,True,EXT_E017_NEW_PUBLIC_CHANGE,wcag21_cross_scope=1.4.11;level=AA,1,DETERMINISTIC_SELECT,False,CAND_002,wcag21_cross_scope=1.4.11;level=AA,True
external,EXT_E018,CROSS_SENTENCE_SCOPE,4,20260823,DIRECT_FREE,SELECTED,OPTION_B,CAND_002,wcag21_cross_scope=1.4.12;level=AA,The document EXT_DOC_018_NEW (effective from 2018-06-05) explicitly lists the addition of success criterion 1.4.12 Text Spacing at conformance level AA as a new feature in WCAG 2.1,OPTION_A=CAND_001|OPTION_B=CAND_002|OPTION_C=CAND_003,3588,json_schema,890,102,stop,"{
  ""abstain"": false,
  ""value"": ""wcag21_cross_scope=1.4.12;level=AA"",
  ""reason"": ""The document EXT_DOC_018_NEW (effective from 2018-06-05) explicitly lists the addition of success criterion 1.4.12 Text Spacing at conformance level AA as a new feature in WCAG 2.1""
}",,,,,,True,CAND_002,wcag21_cross_scope=1.4.12;level=AA,True
external,EXT_E018,CROSS_SENTENCE_SCOPE,4,20260823,OPTION_VALUE_ONLY,SELECTED,OPTION_B,CAND_002,wcag21_cross_scope=1.4.12;level=AA,Document EXT_DOC_018_NEW (WCAG 2.1 change summary) is authoritative and effective from 2018-06-05. It explicitly lists the addition of success criterion 1.4.12 Text Spacing at conﬁ,OPTION_A=CAND_001|OPTION_B=CAND_002|OPTION_C=CAND_003,3237,json_schema,1020,87,stop,"{
  ""abstain"": false,
  ""option_id"": ""OPTION_B"",
  ""reason"": ""Document EXT_DOC_018_NEW (WCAG 2.1 change summary) is authoritative and effective from 2018-06-05. It explicitly lists the addition of success criterion 1.4.12 Text Spacing at conﬁ""
}",,,,,,True,CAND_002,wcag21_cross_scope=1.4.12;level=AA,True
external,EXT_E018,CROSS_SENTENCE_SCOPE,4,20260823,OPTION_FORMAL_OPERATION,SELECTED,OPTION_B,CAND_002,wcag21_cross_scope=1.4.12;level=AA,Document EXT_DOC_018_NEW (effective 2018-06-05) explicitly adds WCAG 2.1 criterion 1.4.12 at conformance level AA. This supersedes the status in EXT_DOC_018_OLD where it was not_ _,OPTION_A=CAND_001|OPTION_B=CAND_002|OPTION_C=CAND_003,3661,json_schema,1571,95,stop,"{
  ""abstain"": false,
  ""option_id"": ""OPTION_B"",
  ""reason"": ""Document EXT_DOC_018_NEW (effective 2018-06-05) explicitly adds WCAG 2.1 criterion 1.4.12 at conformance level AA. This supersedes the status in EXT_DOC_018_OLD where it was not_ _""
}",,,,,,True,CAND_002,wcag21_cross_scope=1.4.12;level=AA,True
external,EXT_E018,CROSS_SENTENCE_SCOPE,4,20260823,OPTION_FORMAL_POLICY,SELECTED,OPTION_B,CAND_002,wcag21_cross_scope=1.4.12;level=AA,The formal_policy rule EXT_E018_NEW_PUBLIC_CHANGE has priority 300 and applies when public_change_present is true and selected_revision is 'new'. This rule explicitly allows only ',OPTION_A=CAND_001|OPTION_B=CAND_002|OPTION_C=CAND_003,2721,json_schema,1895,70,stop,"{
  ""abstain"": false,
  ""option_id"": ""OPTION_B"",
  ""reason"": ""The formal_policy rule EXT_E018_NEW_PUBLIC_CHANGE has priority 300 and applies when public_change_present is true and selected_revision is 'new'. This rule explicitly allows only '""
}",True,,,,,True,CAND_002,wcag21_cross_scope=1.4.12;level=AA,True
external,EXT_E018,CROSS_SENTENCE_SCOPE,4,20260823,OPTION_FORMAL_POLICY_HARD_GATE,SELECTED,OPTION_B,CAND_002,wcag21_cross_scope=1.4.12;level=AA,deterministic gate selected EXT_E018_NEW_PUBLIC_CHANGE,OPTION_A=CAND_001|OPTION_B=CAND_002|OPTION_C=CAND_003,0,formal_policy_hard_gate,0,0,,,True,EXT_E018_NEW_PUBLIC_CHANGE,wcag21_cross_scope=1.4.12;level=AA,1,DETERMINISTIC_SELECT,False,CAND_002,wcag21_cross_scope=1.4.12;level=AA,True
external,EXT_E019,CROSS_SENTENCE_SCOPE,4,20260823,DIRECT_FREE,SELECTED,OPTION_C,CAND_002,wcag21_cross_scope=1.4.13;level=AA,EXT_DOC_019_NEW (effective 2018-06-05) supersedes EXT_DOC_019_OLD. The evidence note explicitly states the new addition '1.4.13 Content on Hover or Focus' is at level AA.,OPTION_A=CAND_001|OPTION_B=CAND_003|OPTION_C=CAND_002,3482,json_schema,894,102,stop,"{
  ""abstain"": false,
  ""value"": ""wcag21_cross_scope=1.4.13;level=AA"",
  ""reason"": ""EXT_DOC_019_NEW (effective 2018-06-05) supersedes EXT_DOC_019_OLD. The evidence note explicitly states the new addition '1.4.13 Content on Hover or Focus' is at level AA.""
}",,,,,,True,CAND_002,wcag21_cross_scope=1.4.13;level=AA,True
external,EXT_E019,CROSS_SENTENCE_SCOPE,4,20260823,OPTION_VALUE_ONLY,SELECTED,OPTION_C,CAND_002,wcag21_cross_scope=1.4.13;level=AA,"The source document EXT_DOC_019_NEW ('What is New in WCAG 2.1', effective 2018-06-05) explicitly lists the addition of success criterion 1.4.13 'Content on Hover or Focus' at confo",OPTION_A=CAND_001|OPTION_B=CAND_003|OPTION_C=CAND_002,3456,json_schema,1024,90,stop,"{
  ""abstain"": false,
  ""option_id"": ""OPTION_C"",
  ""reason"": ""The source document EXT_DOC_019_NEW ('What is New in WCAG 2.1', effective 2018-06-05) explicitly lists the addition of success criterion 1.4.13 'Content on Hover or Focus' at confo""
}",,,,,,True,CAND_002,wcag21_cross_scope=1.4.13;level=AA,True
external,EXT_E019,CROSS_SENTENCE_SCOPE,4,20260823,OPTION_FORMAL_OPERATION,SELECTED,OPTION_C,CAND_002,wcag21_cross_scope=1.4.13;level=AA,The source document EXT_DOC_019_NEW (What is New in WCAG 2.1) explicitly lists the addition of criterion 1.4.13 at conformance level AA. OPTION_C correctly updates the property to ,OPTION_A=CAND_001|OPTION_B=CAND_003|OPTION_C=CAND_002,3086,json_schema,1575,78,stop,"{
  ""abstain"": false,
  ""option_id"": ""OPTION_C"",
  ""reason"": ""The source document EXT_DOC_019_NEW (What is New in WCAG 2.1) explicitly lists the addition of criterion 1.4.13 at conformance level AA. OPTION_C correctly updates the property to ""}",,,,,,True,CAND_002,wcag21_cross_scope=1.4.13;level=AA,True
external,EXT_E019,CROSS_SENTENCE_SCOPE,4,20260823,OPTION_FORMAL_POLICY,SELECTED,OPTION_C,CAND_002,wcag21_cross_scope=1.4.13;level=AA,"The formal_policy rule EXT_E019_NEW_PUBLIC_CHANGE has priority 300 and applies when selected_revision is 'new', allowing only 'wcag21_cross_scope=1.4.13;level=AA'. This matches the",OPTION_A=CAND_001|OPTION_B=CAND_003|OPTION_C=CAND_002,3077,json_schema,1899,82,stop,"{
  ""abstain"": false,
  ""option_id"": ""OPTION_C"",
  ""reason"": ""The formal_policy rule EXT_E019_NEW_PUBLIC_CHANGE has priority 300 and applies when selected_revision is 'new', allowing only 'wcag21_cross_scope=1.4.13;level=AA'. This matches the""
}",True,,,,,True,CAND_002,wcag21_cross_scope=1.4.13;level=AA,True
external,EXT_E019,CROSS_SENTENCE_SCOPE,4,20260823,OPTION_FORMAL_POLICY_HARD_GATE,SELECTED,OPTION_C,CAND_002,wcag21_cross_scope=1.4.13;level=AA,deterministic gate selected EXT_E019_NEW_PUBLIC_CHANGE,OPTION_A=CAND_001|OPTION_B=CAND_003|OPTION_C=CAND_002,0,formal_policy_hard_gate,0,0,,,True,EXT_E019_NEW_PUBLIC_CHANGE,wcag21_cross_scope=1.4.13;level=AA,1,DETERMINISTIC_SELECT,False,CAND_002,wcag21_cross_scope=1.4.13;level=AA,True
external,EXT_E020,CROSS_SENTENCE_SCOPE,4,20260823,DIRECT_FREE,SELECTED,OPTION_B,CAND_002,wcag21_cross_scope=2.1.4;level=A,EXT_DOC_020_NEW (effective from 2018-06-05) supersedes EXT_DOC_020_OLD for WCAG 2.1 additions. The evidence note explicitly states that the new addition includes '2.1.4 Character'.,OPTION_A=CAND_003|OPTION_B=CAND_002|OPTION_C=CAND_001,3524,json_schema,885,102,stop,"{
  ""abstain"": false,
  ""value"": ""wcag21_cross_scope=2.1.4;level=A"",
  ""reason"": ""EXT_DOC_020_NEW (effective from 2018-06-05) supersedes EXT_DOC_020_OLD for WCAG 2.1 additions. The evidence note explicitly states that the new addition includes '2.1.4 Character'.""
}",,,,,,True,CAND_002,wcag21_cross_scope=2.1.4;level=A,True
external,EXT_E020,CROSS_SENTENCE_SCOPE,4,20260823,OPTION_VALUE_ONLY,SELECTED,OPTION_B,CAND_002,wcag21_cross_scope=2.1.4;level=A,The source document EXT_DOC_020_NEW ('What is New in WCAG 2.1') explicitly lists the addition of success criterion 2.1.4 Character Key Shortcuts at conformance level A. The target ,OPTION_A=CAND_003|OPTION_B=CAND_002|OPTION_C=CAND_001,3120,json_schema,1012,77,stop,"{
  ""abstain"": false,
  ""option_id"": ""OPTION_B"",
  ""reason"": ""The source document EXT_DOC_020_NEW ('What is New in WCAG 2.1') explicitly lists the addition of success criterion 2.1.4 Character Key Shortcuts at conformance level A. The target ""}",,,,,,True,CAND_002,wcag21_cross_scope=2.1.4;level=A,True
external,EXT_E020,CROSS_SENTENCE_SCOPE,4,20260823,OPTION_FORMAL_OPERATION,SELECTED,OPTION_B,CAND_002,wcag21_cross_scope=2.1.4;level=A,The source document EXT_DOC_020_NEW ('What is New in WCAG 2.1') explicitly lists '2.1.4 Character Key Shortcuts' as a new success criterion added at conformance level A. The target,OPTION_A=CAND_003|OPTION_B=CAND_002|OPTION_C=CAND_001,3075,json_schema,1560,80,stop,"{
  ""abstain"": false,
  ""option_id"": ""OPTION_B"",
  ""reason"": ""The source document EXT_DOC_020_NEW ('What is New in WCAG 2.1') explicitly lists '2.1.4 Character Key Shortcuts' as a new success criterion added at conformance level A. The target""
}",,,,,,True,CAND_002,wcag21_cross_scope=2.1.4;level=A,True
external,EXT_E020,CROSS_SENTENCE_SCOPE,4,20260823,OPTION_FORMAL_POLICY,SELECTED,OPTION_B,CAND_002,wcag21_cross_scope=2.1.4;level=A,The formal_policy rule EXT_E020_NEW_PUBLIC_CHANGE (priority 300) applies because public_change_present is true and selected_revision is 'new'. This rule explicitly allows only 'wcg,OPTION_A=CAND_003|OPTION_B=CAND_002|OPTION_C=CAND_001,2904,json_schema,1881,73,stop,"{
  ""abstain"": false,
  ""option_id"": ""OPTION_B"",
  ""reason"": ""The formal_policy rule EXT_E020_NEW_PUBLIC_CHANGE (priority 300) applies because public_change_present is true and selected_revision is 'new'. This rule explicitly allows only 'wcg""

  }",True,,,,,True,CAND_002,wcag21_cross_scope=2.1.4;level=A,True
external,EXT_E020,CROSS_SENTENCE_SCOPE,4,20260823,OPTION_FORMAL_POLICY_HARD_GATE,SELECTED,OPTION_B,CAND_002,wcag21_cross_scope=2.1.4;level=A,deterministic gate selected EXT_E020_NEW_PUBLIC_CHANGE,OPTION_A=CAND_003|OPTION_B=CAND_002|OPTION_C=CAND_001,0,formal_policy_hard_gate,0,0,,,True,EXT_E020_NEW_PUBLIC_CHANGE,wcag21_cross_scope=2.1.4;level=A,1,DETERMINISTIC_SELECT,False,CAND_002,wcag21_cross_scope=2.1.4;level=A,True
external,EXT_E021,CROSS_SENTENCE_SCOPE,4,20260823,DIRECT_FREE,SELECTED,OPTION_B,CAND_002,wcag21_cross_scope=4.1.3;level=AA,EXT_DOC_021_NEW (effective from 2018-06-05) supersedes EXT_DOC_021_OLD for WCAG 2.1 additions. The document explicitly lists 'Status Messages' as a new success criterion at conform,OPTION_A=CAND_003|OPTION_B=CAND_002|OPTION_C=CAND_001,3515,json_schema,882,101,stop,"{
  ""abstain"": false,
  ""value"": ""wcag21_cross_scope=4.1.3;level=AA"",
  ""reason"": ""EXT_DOC_021_NEW (effective from 2018-06-05) supersedes EXT_DOC_021_OLD for WCAG 2.1 additions. The document explicitly lists 'Status Messages' as a new success criterion at conform""
}",,,,,,True,CAND_002,wcag21_cross_scope=4.1.3;level=AA,True
external,EXT_E021,CROSS_SENTENCE_SCOPE,4,20260823,OPTION_VALUE_ONLY,SELECTED,OPTION_B,CAND_002,wcag21_cross_scope=4.1.3;level=AA,The source document EXT_DOC_021_NEW (WCAG 2.1 change summary) explicitly lists the addition of success criterion 4.1.3 Status Messages at conformance level AA. The target requires:,OPTION_A=CAND_003|OPTION_B=CAND_002|OPTION_C=CAND_001,3081,json_schema,1010,74,stop,"{
  ""abstain"": false,
  ""option_id"": ""OPTION_B"",
  ""reason"": ""The source document EXT_DOC_021_NEW (WCAG 2.1 change summary) explicitly lists the addition of success criterion 4.1.3 Status Messages at conformance level AA. The target requires:""}",,,,,,True,CAND_002,wcag21_cross_scope=4.1.3;level=AA,True
external,EXT_E021,CROSS_SENTENCE_SCOPE,4,20260823,OPTION_FORMAL_OPERATION,SELECTED,OPTION_B,CAND_002,wcag21_cross_scope=4.1.3;level=AA,"The source document EXT_DOC_021_NEW ('What is New in WCAG 2.1', effective from 2018-06-05) explicitly lists '4.1.3 Status Messages' as a new addition at conformance level AA. The W",OPTION_A=CAND_003|OPTION_B=CAND_002|OPTION_C=CAND_001,3487,json_schema,1558,90,stop,"{
  ""abstain"": false,
  ""option_id"": ""OPTION_B"",
  ""reason"": ""The source document EXT_DOC_021_NEW ('What is New in WCAG 2.1', effective from 2018-06-05) explicitly lists '4.1.3 Status Messages' as a new addition at conformance level AA. The W""
}",,,,,,True,CAND_002,wcag21_cross_scope=4.1.3;level=AA,True
external,EXT_E021,CROSS_SENTENCE_SCOPE,4,20260823,OPTION_FORMAL_POLICY,SELECTED,OPTION_B,CAND_002,wcag21_cross_scope=4.1.3;level=AA,The formal_policy rule EXT_E021_NEW_PUBLIC_CHANGE has priority 300 and applies because public_change_present is true and selected_revision is 'new'. This rule explicitly allows the,OPTION_A=CAND_003|OPTION_B=CAND_002|OPTION_C=CAND_001,2897,json_schema,1880,70,stop,"{
  ""abstain"": false,
  ""option_id"": ""OPTION_B"",
  ""reason"": ""The formal_policy rule EXT_E021_NEW_PUBLIC_CHANGE has priority 300 and applies because public_change_present is true and selected_revision is 'new'. This rule explicitly allows the""

  }",True,,,,,True,CAND_002,wcag21_cross_scope=4.1.3;level=AA,True
external,EXT_E021,CROSS_SENTENCE_SCOPE,4,20260823,OPTION_FORMAL_POLICY_HARD_GATE,SELECTED,OPTION_B,CAND_002,wcag21_cross_scope=4.1.3;level=AA,deterministic gate selected EXT_E021_NEW_PUBLIC_CHANGE,OPTION_A=CAND_003|OPTION_B=CAND_002|OPTION_C=CAND_001,0,formal_policy_hard_gate,0,0,,,True,EXT_E021_NEW_PUBLIC_CHANGE,wcag21_cross_scope=4.1.3;level=AA,1,DETERMINISTIC_SELECT,False,CAND_002,wcag21_cross_scope=4.1.3;level=AA,True
external,EXT_E022,GENERAL_RULE_EXCEPTION,4,20260823,DIRECT_FREE,SELECTED,OPTION_A,CAND_002,wcag21_input_rule=2.5.1;level=A,EXT_DOC_022_NEW (effective 2018-06-05) supersedes EXT_DOC_022_OLD (expired 2018-06-04). The new document explicitly lists '2.5.1 Pointer Gestures' as a new success criterion at con,OPTION_A=CAND_002|OPTION_B=CAND_001|OPTION_C=CAND_003,3947,json_schema,875,110,stop,"{
  ""abstain"": false,
  ""value"": ""wcag21_input_rule=2.5.1;level=A"",
  ""reason"": ""EXT_DOC_022_NEW (effective 2018-06-05) supersedes EXT_DOC_022_OLD (expired 2018-06-04). The new document explicitly lists '2.5.1 Pointer Gestures' as a new success criterion at con""
}",,,,,,True,CAND_002,wcag21_input_rule=2.5.1;level=A,True
external,EXT_E022,GENERAL_RULE_EXCEPTION,4,20260823,OPTION_VALUE_ONLY,SELECTED,OPTION_A,CAND_002,wcag21_input_rule=2.5.1;level=A,Document EXT_DOC_022_NEW (WCAG 2.1 change summary) is the most authoritative and currently effective source for WCAG 2.1 requirements. It explicitly lists '2.5.1 Pointer Gestures';,OPTION_A=CAND_002|OPTION_B=CAND_001|OPTION_C=CAND_003,3064,json_schema,1002,78,stop,"{
  ""abstain"": false,
  ""option_id"": ""OPTION_A"",
  ""reason"": ""Document EXT_DOC_022_NEW (WCAG 2.1 change summary) is the most authoritative and currently effective source for WCAG 2.1 requirements. It explicitly lists '2.5.1 Pointer Gestures';""}",,,,,,True,CAND_002,wcag21_input_rule=2.5.1;level=A,True
external,EXT_E022,GENERAL_RULE_EXCEPTION,4,20260823,OPTION_FORMAL_OPERATION,SELECTED,OPTION_A,CAND_002,wcag21_input_rule=2.5.1;level=A,Document EXT_DOC_022_NEW (WCAG 2.1 change summary) explicitly lists '2.5.1 Pointer Gestures' as a new success criterion added at conformance level A. This supersedes the status in ,OPTION_A=CAND_002|OPTION_B=CAND_001|OPTION_C=CAND_003,3139,json_schema,1550,79,stop,"{
  ""abstain"": false,
  ""option_id"": ""OPTION_A"",
  ""reason"": ""Document EXT_DOC_022_NEW (WCAG 2.1 change summary) explicitly lists '2.5.1 Pointer Gestures' as a new success criterion added at conformance level A. This supersedes the status in ""}",,,,,,True,CAND_002,wcag21_input_rule=2.5.1;level=A,True
external,EXT_E022,GENERAL_RULE_EXCEPTION,4,20260823,OPTION_FORMAL_POLICY,SELECTED,OPTION_A,CAND_002,wcag21_input_rule=2.5.1;level=A,"The formal_policy rule EXT_E022_NEW_PUBLIC_CHANGE has priority 300 and matches the facts (public_change_present=true, selected_revision=new), allowing only 'wcag21_input_rule=2.5.1",OPTION_A=CAND_002|OPTION_B=CAND_001|OPTION_C=CAND_003,2909,json_schema,1871,78,stop,"{
  ""abstain"": false,
  ""option_id"": ""OPTION_A"",
  ""reason"": ""The formal_policy rule EXT_E022_NEW_PUBLIC_CHANGE has priority 300 and matches the facts (public_change_present=true, selected_revision=new), allowing only 'wcag21_input_rule=2.5.1""
}",True,,,,,True,CAND_002,wcag21_input_rule=2.5.1;level=A,True
external,EXT_E022,GENERAL_RULE_EXCEPTION,4,20260823,OPTION_FORMAL_POLICY_HARD_GATE,SELECTED,OPTION_A,CAND_002,wcag21_input_rule=2.5.1;level=A,deterministic gate selected EXT_E022_NEW_PUBLIC_CHANGE,OPTION_A=CAND_002|OPTION_B=CAND_001|OPTION_C=CAND_003,0,formal_policy_hard_gate,0,0,,,True,EXT_E022_NEW_PUBLIC_CHANGE,wcag21_input_rule=2.5.1;level=A,1,DETERMINISTIC_SELECT,False,CAND_002,wcag21_input_rule=2.5.1;level=A,True
external,EXT_E023,GENERAL_RULE_EXCEPTION,4,20260823,DIRECT_FREE,SELECTED,OPTION_C,CAND_002,wcag21_input_rule=2.5.2;level=A,EXT_DOC_023_NEW (effective 2018-06-05) supersedes EXT_DOC_023_OLD. The change summary explicitly lists '2.5.2 Pointer Cancellation' as a new addition at level A.,OPTION_A=CAND_001|OPTION_B=CAND_003|OPTION_C=CAND_002,3303,json_schema,875,97,stop,"{
  ""abstain"": false,
  ""value"": ""wcag21_input_rule=2.5.2;level=A"",
  ""reason"": ""EXT_DOC_023_NEW (effective 2018-06-05) supersedes EXT_DOC_023_OLD. The change summary explicitly lists '2.5.2 Pointer Cancellation' as a new addition at level A.""
}",,,,,,True,CAND_002,wcag21_input_rule=2.5.2;level=A,True
external,EXT_E023,GENERAL_RULE_EXCEPTION,4,20260823,OPTION_VALUE_ONLY,SELECTED,OPTION_C,CAND_002,wcag21_input_rule=2.5.2;level=A,Document EXT_DOC_023_NEW (WCAG 2.1) is the most authoritative and currently effective source for this domain. It explicitly lists '2.5.2 Pointer Cancellation' as a new success准则 at,OPTION_A=CAND_001|OPTION_B=CAND_003|OPTION_C=CAND_002,3066,json_schema,1002,78,stop,"{
  ""abstain"": false,
  ""option_id"": ""OPTION_C"",
  ""reason"": ""Document EXT_DOC_023_NEW (WCAG 2.1) is the most authoritative and currently effective source for this domain. It explicitly lists '2.5.2 Pointer Cancellation' as a new success准则 at""
}",,,,,,True,CAND_002,wcag21_input_rule=2.5.2;level=A,True
external,EXT_E023,GENERAL_RULE_EXCEPTION,4,20260823,OPTION_FORMAL_OPERATION,SELECTED,OPTION_C,CAND_002,wcag21_input_rule=2.5.2;level=A,Document EXT_DOC_023_NEW (effective from 2018-06-05) explicitly lists WCAG 2.5.2 Pointer Cancellation as a new input modality requirement at conformance level A. This supersedes WC,OPTION_A=CAND_001|OPTION_B=CAND_003|OPTION_C=CAND_002,4271,json_schema,1550,85,stop,"{
  ""abstain"": false,
  ""option_id"": ""OPTION_C"",
  ""reason"": ""Document EXT_DOC_023_NEW (effective from 2018-06-05) explicitly lists WCAG 2.5.2 Pointer Cancellation as a new input modality requirement at conformance level A. This supersedes WC""
}",,,,,,True,CAND_002,wcag21_input_rule=2.5.2;level=A,True
external,EXT_E023,GENERAL_RULE_EXCEPTION,4,20260823,OPTION_FORMAL_POLICY,SELECTED,OPTION_C,CAND_002,wcag21_input_rule=2.5.2;level=A,The formal_policy rule EXT_E023_NEW_PUBLIC_CHANGE has priority 300 and applies because public_change_present is true and selected_revision is 'new'. Its allowed_values list only [',OPTION_A=CAND_001|OPTION_B=CAND_003|OPTION_C=CAND_002,2980,json_schema,1871,70,stop,"{
  ""abstain"": false,
  ""option_id"": ""OPTION_C"",
  ""reason"": ""The formal_policy rule EXT_E023_NEW_PUBLIC_CHANGE has priority 300 and applies because public_change_present is true and selected_revision is 'new'. Its allowed_values list only ['""
}",True,,,,,True,CAND_002,wcag21_input_rule=2.5.2;level=A,True
external,EXT_E023,GENERAL_RULE_EXCEPTION,4,20260823,OPTION_FORMAL_POLICY_HARD_GATE,SELECTED,OPTION_C,CAND_002,wcag21_input_rule=2.5.2;level=A,deterministic gate selected EXT_E023_NEW_PUBLIC_CHANGE,OPTION_A=CAND_001|OPTION_B=CAND_003|OPTION_C=CAND_002,0,formal_policy_hard_gate,0,0,,,True,EXT_E023_NEW_PUBLIC_CHANGE,wcag21_input_rule=2.5.2;level=A,1,DETERMINISTIC_SELECT,False,CAND_002,wcag21_input_rule=2.5.2;level=A,True
external,EXT_E024,GENERAL_RULE_EXCEPTION,4,20260823,DIRECT_FREE,SELECTED,OPTION_B,CAND_002,wcag21_input_rule=2.5.3;level=A,EXT_DOC_024_NEW (effective 2018-06-05) supersedes EXT_DOC_024_OLD. The document explicitly lists WCAG 2.5.3 Label in Name as a new input modality related success criterion at Level,OPTION_A=CAND_003|OPTION_B=CAND_002|OPTION_C=CAND_001,3577,json_schema,875,101,stop,"{
  ""abstain"": false,
  ""value"": ""wcag21_input_rule=2.5.3;level=A"",
  ""reason"": ""EXT_DOC_024_NEW (effective 2018-06-05) supersedes EXT_DOC_024_OLD. The document explicitly lists WCAG 2.5.3 Label in Name as a new input modality related success criterion at Level""
}",,,,,,True,CAND_002,wcag21_input_rule=2.5.3;level=A,True
external,EXT_E024,GENERAL_RULE_EXCEPTION,4,20260823,OPTION_VALUE_ONLY,SELECTED,OPTION_B,CAND_002,wcag21_input_rule=2.5.3;level=A,WCAG 2.1 (effective 2018-06-05) superseded WCAG 2.0. The change summary explicitly lists 2.5.3 Label in Name as a new input modality requirement at conformance level A. Option B (',OPTION_A=CAND_003|OPTION_B=CAND_002|OPTION_C=CAND_001,3509,json_schema,1002,90,stop,"{
  ""abstain"": false,
  ""option_id"": ""OPTION_B"",
  ""reason"": ""WCAG 2.1 (effective 2018-06-05) superseded WCAG 2.0. The change summary explicitly lists 2.5.3 Label in Name as a new input modality requirement at conformance level A. Option B ('""
  }",,,,,,True,CAND_002,wcag21_input_rule=2.5.3;level=A,True
external,EXT_E024,GENERAL_RULE_EXCEPTION,4,20260823,OPTION_FORMAL_OPERATION,SELECTED,OPTION_B,CAND_002,wcag21_input_rule=2.5.3;level=A,"WCAG 2.1 (effective 2018-06-05) superseded WCAG 2.0 for criterion 2.5.3 Label in Name at Level A. The change summary explicitly lists this addition at Level A. Therefore, the rule ",OPTION_A=CAND_003|OPTION_B=CAND_002|OPTION_C=CAND_001,3494,json_schema,1550,88,stop,"{
  ""abstain"": false,
  ""option_id"": ""OPTION_B"",
  ""reason"": ""WCAG 2.1 (effective 2018-06-05) superseded WCAG 2.0 for criterion 2.5.3 Label in Name at Level A. The change summary explicitly lists this addition at Level A. Therefore, the rule ""}",,,,,,True,CAND_002,wcag21_input_rule=2.5.3;level=A,True
external,EXT_E024,GENERAL_RULE_EXCEPTION,4,20260823,OPTION_FORMAL_POLICY,SELECTED,OPTION_B,CAND_002,wcag21_input_rule=2.5.3;level=A,"The formal_policy rule EXT_E024_NEW_PUBLIC_CHANGE matches the facts (public_change_present=true, selected_revision=new) with priority 300. Its allowed_values list contains only 'wc",OPTION_A=CAND_003|OPTION_B=CAND_002|OPTION_C=CAND_001,2844,json_schema,1871,71,stop,"{
  ""abstain"": false,
  ""option_id"": ""OPTION_B"",
  ""reason"": ""The formal_policy rule EXT_E024_NEW_PUBLIC_CHANGE matches the facts (public_change_present=true, selected_revision=new) with priority 300. Its allowed_values list contains only 'wc""
}",True,,,,,True,CAND_002,wcag21_input_rule=2.5.3;level=A,True
external,EXT_E024,GENERAL_RULE_EXCEPTION,4,20260823,OPTION_FORMAL_POLICY_HARD_GATE,SELECTED,OPTION_B,CAND_002,wcag21_input_rule=2.5.3;level=A,deterministic gate selected EXT_E024_NEW_PUBLIC_CHANGE,OPTION_A=CAND_003|OPTION_B=CAND_002|OPTION_C=CAND_001,0,formal_policy_hard_gate,0,0,,,True,EXT_E024_NEW_PUBLIC_CHANGE,wcag21_input_rule=2.5.3;level=A,1,DETERMINISTIC_SELECT,False,CAND_002,wcag21_input_rule=2.5.3;level=A,True
external,EXT_E025,GENERAL_RULE_EXCEPTION,4,20260823,DIRECT_FREE,SELECTED,OPTION_B,CAND_002,risk_management_text=updated_context_setting,The source document EXT_DOC_025_NEW (NIST SP 800-63-4) is authoritative and effective from 2025-08-01. The evidence note explicitly states that the landing page lists a substantial,OPTION_A=CAND_003|OPTION_B=CAND_002|OPTION_C=CAND_001,3218,json_schema,876,88,stop,"{
  ""abstain"": false,
  ""value"": ""risk_management_text=updated_context_setting"",
  ""reason"": ""The source document EXT_DOC_025_NEW (NIST SP 800-63-4) is authoritative and effective from 2025-08-01. The evidence note explicitly states that the landing page lists a substantial""
}",,,,,,True,CAND_002,risk_management_text=updated_context_setting,True
external,EXT_E025,GENERAL_RULE_EXCEPTION,4,20260823,OPTION_VALUE_ONLY,SELECTED,OPTION_B,CAND_002,risk_management_text=updated_context_setting,The target predicate 'revision change status' for subject 'NIST SP 800-63-4 risk_management_context' corresponds to the specific content change described in the evidence: 'Updates',OPTION_A=CAND_003|OPTION_B=CAND_002|OPTION_C=CAND_001,2944,json_schema,990,70,stop,"{
  ""abstain"": false,
  ""option_id"": ""OPTION_B"",
  ""reason"": ""The target predicate 'revision change status' for subject 'NIST SP 800-63-4 risk_management_context' corresponds to the specific content change described in the evidence: 'Updates'""}",,,,,,True,CAND_002,risk_management_text=updated_context_setting,True
external,EXT_E025,GENERAL_RULE_EXCEPTION,4,20260823,OPTION_FORMAL_OPERATION,SELECTED,OPTION_B,CAND_002,risk_management_text=updated_context_setting,The NIST SP 800-63-4 (2025) document explicitly states the change is 'Updates text and context setting for risk management'. OPTION_B's new value 'risk_management_text=updated_text,OPTION_A=CAND_003|OPTION_B=CAND_002|OPTION_C=CAND_001,3299,json_schema,1553,78,stop,"{
  ""abstain"": false,
  ""option_id"": ""OPTION_B"",
  ""reason"": ""The NIST SP 800-63-4 (2025) document explicitly states the change is 'Updates text and context setting for risk management'. OPTION_B's new value 'risk_management_text=updated_text""
}",,,,,,True,CAND_002,risk_management_text=updated_context_setting,True
external,EXT_E025,GENERAL_RULE_EXCEPTION,4,20260823,OPTION_FORMAL_POLICY,SELECTED,OPTION_B,CAND_002,risk_management_text=updated_context_setting,The formal_policy rule EXT_E025_NEW_PUBLIC_CHANGE has priority 300 and applies when selected_revision is 'new' (matching the effective document). Its allowed_values list contains ',OPTION_A=CAND_003|OPTION_B=CAND_002|OPTION_C=CAND_001,2957,json_schema,1879,71,stop,"{
  ""abstain"": false,
  ""option_id"": ""OPTION_B"",
  ""reason"": ""The formal_policy rule EXT_E025_NEW_PUBLIC_CHANGE has priority 300 and applies when selected_revision is 'new' (matching the effective document). Its allowed_values list contains '""
  }",True,,,,,True,CAND_002,risk_management_text=updated_context_setting,True
external,EXT_E025,GENERAL_RULE_EXCEPTION,4,20260823,OPTION_FORMAL_POLICY_HARD_GATE,SELECTED,OPTION_B,CAND_002,risk_management_text=updated_context_setting,deterministic gate selected EXT_E025_NEW_PUBLIC_CHANGE,OPTION_A=CAND_003|OPTION_B=CAND_002|OPTION_C=CAND_001,0,formal_policy_hard_gate,0,0,,,True,EXT_E025_NEW_PUBLIC_CHANGE,risk_management_text=updated_context_setting,1,DETERMINISTIC_SELECT,False,CAND_002,risk_management_text=updated_context_setting,True
external,EXT_E026,GENERAL_RULE_EXCEPTION,4,20260823,DIRECT_FREE,REJECTED_OUT_OF_CANDIDATE,,,,value outside candidate set: 'recommended_added',OPTION_A=CAND_003|OPTION_B=CAND_002|OPTION_C=CAND_001,3194,json_schema,869,85,stop,"{
  ""abstain"": false,
  ""value"": ""recommended_added"",
  ""reason"": ""The source document EXT_DOC_026_NEW (NIST SP 800-63-4) is authoritative and effective from 2025-08-01. The public evidence note explicitly states that Revision 4 adds 'recommended'""
}",,,,,,True,CAND_002,continuous_evaluation_metrics=recommended_added,False
external,EXT_E026,GENERAL_RULE_EXCEPTION,4,20260823,OPTION_VALUE_ONLY,SELECTED,OPTION_B,CAND_002,continuous_evaluation_metrics=recommended_added,The source document EXT_DOC_026_NEW (NIST SP 800-63-4) is authoritative and effective from 2025-08-01. The public evidence note explicitly states that the substantial content added,OPTION_A=CAND_003|OPTION_B=CAND_002|OPTION_C=CAND_001,3318,json_schema,982,83,stop,"{
  ""abstain"": false,
  ""option_id"": ""OPTION_B"",
  ""reason"": ""The source document EXT_DOC_026_NEW (NIST SP 800-63-4) is authoritative and effective from 2025-08-01. The public evidence note explicitly states that the substantial content added""
}",,,,,,True,CAND_002,continuous_evaluation_metrics=recommended_added,True
external,EXT_E026,GENERAL_RULE_EXCEPTION,4,20260823,OPTION_FORMAL_OPERATION,SELECTED,OPTION_B,CAND_002,continuous_evaluation_metrics=recommended_added,The source document EXT_DOC_026_NEW (NIST SP 800-63-4) explicitly states the change 'Adds recommended continuous evaluation metrics'. This directly supports the new value 'CAND_002,OPTION_A=CAND_003|OPTION_B=CAND_002|OPTION_C=CAND_001,3274,json_schema,1542,79,stop,"{
  ""abstain"": false,
  ""option_id"": ""OPTION_B"",
  ""reason"": ""The source document EXT_DOC_026_NEW (NIST SP 800-63-4) explicitly states the change 'Adds recommended continuous evaluation metrics'. This directly supports the new value 'CAND_002""
}",,,,,,True,CAND_002,continuous_evaluation_metrics=recommended_added,True
external,EXT_E026,GENERAL_RULE_EXCEPTION,4,20260823,OPTION_FORMAL_POLICY,SELECTED,OPTION_B,CAND_002,continuous_evaluation_metrics=recommended_added,The formal_policy rule EXT_E026_NEW_PUBLIC_CHANGE applies because public_change_present is true and selected_revision is 'new'. This rule explicitly allows only 'continuous_evalu'。,OPTION_A=CAND_003|OPTION_B=CAND_002|OPTION_C=CAND_001,3029,json_schema,1866,68,stop,"{
  ""abstain"": false,
  ""option_id"": ""OPTION_B"",
  ""reason"": ""The formal_policy rule EXT_E026_NEW_PUBLIC_CHANGE applies because public_change_present is true and selected_revision is 'new'. This rule explicitly allows only 'continuous_evalu'。""
}",True,,,,,True,CAND_002,continuous_evaluation_metrics=recommended_added,True
external,EXT_E026,GENERAL_RULE_EXCEPTION,4,20260823,OPTION_FORMAL_POLICY_HARD_GATE,SELECTED,OPTION_B,CAND_002,continuous_evaluation_metrics=recommended_added,deterministic gate selected EXT_E026_NEW_PUBLIC_CHANGE,OPTION_A=CAND_003|OPTION_B=CAND_002|OPTION_C=CAND_001,0,formal_policy_hard_gate,0,0,,,True,EXT_E026_NEW_PUBLIC_CHANGE,continuous_evaluation_metrics=recommended_added,1,DETERMINISTIC_SELECT,False,CAND_002,continuous_evaluation_metrics=recommended_added,True
external,EXT_E027,GENERAL_RULE_EXCEPTION,4,20260823,DIRECT_FREE,SELECTED,OPTION_A,CAND_002,fraud_requirements=expanded_identity_proofing,The public evidence explicitly states that the NIST SP 800-63-4 Revision 4 (effective 2025-08-01) contains a substantial content change: 'Expands fraud requirements and recommends',OPTION_A=CAND_002|OPTION_B=CAND_001|OPTION_C=CAND_003,3284,json_schema,890,84,stop,"{
  ""abstain"": false,
  ""value"": ""fraud_requirements=expanded_identity_proofing"",
  ""reason"": ""The public evidence explicitly states that the NIST SP 800-63-4 Revision 4 (effective 2025-08-01) contains a substantial content change: 'Expands fraud requirements and recommends'""}",,,,,,True,CAND_002,fraud_requirements=expanded_identity_proofing,True
external,EXT_E027,GENERAL_RULE_EXCEPTION,4,20260823,OPTION_VALUE_ONLY,SELECTED,OPTION_A,CAND_002,fraud_requirements=expanded_identity_proofing,The public evidence note explicitly states that the NIST SP 800-63-4 Revision 4 (effective 2025-08-01) includes the substantial content change: 'Expands fraud requirements and for',OPTION_A=CAND_002|OPTION_B=CAND_001|OPTION_C=CAND_003,3199,json_schema,1008,80,stop,"{
  ""abstain"": false,
  ""option_id"": ""OPTION_A"",
  ""reason"": ""The public evidence note explicitly states that the NIST SP 800-63-4 Revision 4 (effective 2025-08-01) includes the substantial content change: 'Expands fraud requirements and for'""}",,,,,,True,CAND_002,fraud_requirements=expanded_identity_proofing,True
external,EXT_E027,GENERAL_RULE_EXCEPTION,4,20260823,OPTION_FORMAL_OPERATION,SELECTED,OPTION_A,CAND_002,fraud_requirements=expanded_identity_proofing,The NIST SP 800-63-4 (2025) document explicitly states the change expands fraud requirements and recommendations for identity proofing processes. CAND_002 ('fraud_requirements=...=,OPTION_A=CAND_002|OPTION_B=CAND_001|OPTION_C=CAND_003,3163,json_schema,1577,76,stop,"{
  ""abstain"": false,
  ""option_id"": ""OPTION_A"",
  ""reason"": ""The NIST SP 800-63-4 (2025) document explicitly states the change expands fraud requirements and recommendations for identity proofing processes. CAND_002 ('fraud_requirements=...=""}",,,,,,True,CAND_002,fraud_requirements=expanded_identity_proofing,True
external,EXT_E027,GENERAL_RULE_EXCEPTION,4,20260823,OPTION_FORMAL_POLICY,SELECTED,OPTION_A,CAND_002,fraud_requirements=expanded_identity_proofing,"The 'formal_policy' rules indicate that for the 'new' revision with a public change present (EXT_E027_NEW_PUBLIC_CHANGE), only 'fraud_requirements=expanded_identity_proofing' is an",OPTION_A=CAND_002|OPTION_B=CAND_001|OPTION_C=CAND_003,2981,json_schema,1906,74,stop,"{
  ""abstain"": false,
  ""option_id"": ""OPTION_A"",
  ""reason"": ""The 'formal_policy' rules indicate that for the 'new' revision with a public change present (EXT_E027_NEW_PUBLIC_CHANGE), only 'fraud_requirements=expanded_identity_proofing' is an""
}",True,,,,,True,CAND_002,fraud_requirements=expanded_identity_proofing,True
external,EXT_E027,GENERAL_RULE_EXCEPTION,4,20260823,OPTION_FORMAL_POLICY_HARD_GATE,SELECTED,OPTION_A,CAND_002,fraud_requirements=expanded_identity_proofing,deterministic gate selected EXT_E027_NEW_PUBLIC_CHANGE,OPTION_A=CAND_002|OPTION_B=CAND_001|OPTION_C=CAND_003,0,formal_policy_hard_gate,0,0,,,True,EXT_E027_NEW_PUBLIC_CHANGE,fraud_requirements=expanded_identity_proofing,1,DETERMINISTIC_SELECT,False,CAND_002,fraud_requirements=expanded_identity_proofing,True
external,EXT_E028,GENERAL_RULE_EXCEPTION,4,20260823,DIRECT_FREE,REJECTED_OUT_OF_CANDIDATE,,,,value outside candidate set: 'identity_proofing_roles_types=restructured_roles_and_types',OPTION_A=CAND_003|OPTION_B=CAND_001|OPTION_C=CAND_002,3604,json_schema,904,95,stop,"{
  ""abstain"": false,
  ""value"": ""identity_proofing_roles_types=restructured_roles_and_types"",
  ""reason"": ""The NIST SP 800-63-4 document (EXT_DOC_028_NEW), effective from 2025-08-01, explicitly lists the change 'Restructures the identity proofing controls to better define roles and of'.""
}",,,,,,True,CAND_002,identity_proofing_controls=restructured_roles_and_types,False
external,EXT_E028,GENERAL_RULE_EXCEPTION,4,20260823,OPTION_VALUE_ONLY,SELECTED,OPTION_C,CAND_002,identity_proofing_controls=restructured_roles_and_types,The target predicate 'revision change status' for subject 'NIST SP 800-63-4 identity_proofing_roles_types' is explicitly described in the source document EXT_DOC_028_NEW (effective,OPTION_A=CAND_003|OPTION_B=CAND_001|OPTION_C=CAND_002,3050,json_schema,1022,76,stop,"{
  ""abstain"": false,
  ""option_id"": ""OPTION_C"",
  ""reason"": ""The target predicate 'revision change status' for subject 'NIST SP 800-63-4 identity_proofing_roles_types' is explicitly described in the source document EXT_DOC_028_NEW (effective""
}",,,,,,True,CAND_002,identity_proofing_controls=restructured_roles_and_types,True
external,EXT_E028,GENERAL_RULE_EXCEPTION,4,20260823,OPTION_FORMAL_OPERATION,SELECTED,OPTION_C,CAND_002,identity_proofing_controls=restructured_roles_and_types,The target change explicitly states 'Restructures the identity proofing controls to better define roles and types of identity proofing'. CAND_002 ('identity_proofing_controls=re结构化,OPTION_A=CAND_003|OPTION_B=CAND_001|OPTION_C=CAND_002,3004,json_schema,1588,68,stop,"{
  ""abstain"": false,
  ""option_id"": ""OPTION_C"",
  ""reason"": ""The target change explicitly states 'Restructures the identity proofing controls to better define roles and types of identity proofing'. CAND_002 ('identity_proofing_controls=re结构化""
}",,,,,,True,CAND_002,identity_proofing_controls=restructured_roles_and_types,True
external,EXT_E028,GENERAL_RULE_EXCEPTION,4,20260823,OPTION_FORMAL_POLICY,SELECTED,OPTION_C,CAND_002,identity_proofing_controls=restructured_roles_and_types,The formal_policy rule EXT_E028_NEW_PUBLIC_CHANGE has priority 300 and applies because public_change_present is true and selected_revision is 'new'. Its allowed_values list only [',OPTION_A=CAND_003|OPTION_B=CAND_001|OPTION_C=CAND_002,2880,json_schema,1917,70,stop,"{
  ""abstain"": false,
  ""option_id"": ""OPTION_C"",
  ""reason"": ""The formal_policy rule EXT_E028_NEW_PUBLIC_CHANGE has priority 300 and applies because public_change_present is true and selected_revision is 'new'. Its allowed_values list only ['""
}",True,,,,,True,CAND_002,identity_proofing_controls=restructured_roles_and_types,True
external,EXT_E028,GENERAL_RULE_EXCEPTION,4,20260823,OPTION_FORMAL_POLICY_HARD_GATE,SELECTED,OPTION_C,CAND_002,identity_proofing_controls=restructured_roles_and_types,deterministic gate selected EXT_E028_NEW_PUBLIC_CHANGE,OPTION_A=CAND_003|OPTION_B=CAND_001|OPTION_C=CAND_002,0,formal_policy_hard_gate,0,0,,,True,EXT_E028_NEW_PUBLIC_CHANGE,identity_proofing_controls=restructured_roles_and_types,1,DETERMINISTIC_SELECT,False,CAND_002,identity_proofing_controls=restructured_roles_and_types,True
external,EXT_E029,GENERAL_RULE_EXCEPTION,4,20260823,DIRECT_FREE,SELECTED,OPTION_B,CAND_002,controls_added=injection_attacks_and_forged_media,"The NIST SP 800-63-4 document (EXT_DOC_029_NEW), effective from 2025-08-01, explicitly lists the change 'Adds controls for addressing injection attacks and forged media' as a final",OPTION_A=CAND_001|OPTION_B=CAND_002|OPTION_C=CAND_003,3517,json_schema,895,94,stop,"{
  ""abstain"": false,
  ""value"": ""controls_added=injection_attacks_and_forged_media"",
  ""reason"": ""The NIST SP 800-63-4 document (EXT_DOC_029_NEW), effective from 2025-08-01, explicitly lists the change 'Adds controls for addressing injection attacks and forged media' as a final""
}",,,,,,True,CAND_002,controls_added=injection_attacks_and_forged_media,True
external,EXT_E029,GENERAL_RULE_EXCEPTION,4,20260823,OPTION_VALUE_ONLY,SELECTED,OPTION_B,CAND_002,controls_added=injection_attacks_and_forged_media,The NIST SP 800-63-4 document (effective 2025-08-01) explicitly states that Revision 4 adds controls for addressing injection attacks and forged media. This directly supports the ',OPTION_A=CAND_001|OPTION_B=CAND_002|OPTION_C=CAND_003,3261,json_schema,1018,80,stop,"{
  ""abstain"": false,
  ""option_id"": ""OPTION_B"",
  ""reason"": ""The NIST SP 800-63-4 document (effective 2025-08-01) explicitly states that Revision 4 adds controls for addressing injection attacks and forged media. This directly supports the '""
}",,,,,,True,CAND_002,controls_added=injection_attacks_and_forged_media,True
external,EXT_E029,GENERAL_RULE_EXCEPTION,4,20260823,OPTION_FORMAL_OPERATION,SELECTED,OPTION_B,CAND_002,controls_added=injection_attacks_and_forged_media,The NIST SP 800-63-4 (effective 2025-08-01) explicitly states the change 'Adds controls for addressing injection attacks and forged media'. This directly supports updating the `NIT,OPTION_A=CAND_001|OPTION_B=CAND_002|OPTION_C=CAND_003,3521,json_schema,1593,81,stop,"{
  ""abstain"": false,
  ""option_id"": ""OPTION_B"",
  ""reason"": ""The NIST SP 800-63-4 (effective 2025-08-01) explicitly states the change 'Adds controls for addressing injection attacks and forged media'. This directly supports updating the `NIT""
}",,,,,,True,CAND_002,controls_added=injection_attacks_and_forged_media,True
external,EXT_E029,GENERAL_RULE_EXCEPTION,4,20260823,OPTION_FORMAL_POLICY,SELECTED,OPTION_B,CAND_002,controls_added=injection_attacks_and_forged_media,The formal_policy rule EXT_E029_NEW_PUBLIC_CHANGE has priority 300 and applies because public_change_present is true and selected_revision is 'new'. Its allowed_values list only [',OPTION_A=CAND_001|OPTION_B=CAND_002|OPTION_C=CAND_003,2914,json_schema,1927,70,stop,"{
  ""abstain"": false,
  ""option_id"": ""OPTION_B"",
  ""reason"": ""The formal_policy rule EXT_E029_NEW_PUBLIC_CHANGE has priority 300 and applies because public_change_present is true and selected_revision is 'new'. Its allowed_values list only ['""
}",True,,,,,True,CAND_002,controls_added=injection_attacks_and_forged_media,True
external,EXT_E029,GENERAL_RULE_EXCEPTION,4,20260823,OPTION_FORMAL_POLICY_HARD_GATE,SELECTED,OPTION_B,CAND_002,controls_added=injection_attacks_and_forged_media,deterministic gate selected EXT_E029_NEW_PUBLIC_CHANGE,OPTION_A=CAND_001|OPTION_B=CAND_002|OPTION_C=CAND_003,0,formal_policy_hard_gate,0,0,,,True,EXT_E029_NEW_PUBLIC_CHANGE,controls_added=injection_attacks_and_forged_media,1,DETERMINISTIC_SELECT,False,CAND_002,controls_added=injection_attacks_and_forged_media,True
external,EXT_E030,GENERAL_RULE_EXCEPTION,4,20260823,DIRECT_FREE,SELECTED,OPTION_A,CAND_002,syncable_authenticators=integrated,The source document EXT_DOC_030_NEW (NIST SP 800-63-4) is authoritative and effective from 2025-08-01. The public evidence note explicitly states that the landing page lists 'Integ,OPTION_A=CAND_002|OPTION_B=CAND_003|OPTION_C=CAND_001,3347,json_schema,878,90,stop,"{
  ""abstain"": false,
  ""value"": ""syncable_authenticators=integrated"",
  ""reason"": ""The source document EXT_DOC_030_NEW (NIST SP 800-63-4) is authoritative and effective from 2025-08-01. The public evidence note explicitly states that the landing page lists 'Integ""
}",,,,,,True,CAND_002,syncable_authenticators=integrated,True
external,EXT_E030,GENERAL_RULE_EXCEPTION,4,20260823,OPTION_VALUE_ONLY,SELECTED,OPTION_A,CAND_002,syncable_authenticators=integrated,"The NIST SP 800-63-4 (Revision 4) document, effective from 2025-08-01, explicitly lists 'Integrates syncable authenticators' as a substantial content change. This confirms that in ",OPTION_A=CAND_002|OPTION_B=CAND_003|OPTION_C=CAND_001,3379,json_schema,994,85,stop,"{
  ""abstain"": false,
  ""option_id"": ""OPTION_A"",
  ""reason"": ""The NIST SP 800-63-4 (Revision 4) document, effective from 2025-08-01, explicitly lists 'Integrates syncable authenticators' as a substantial content change. This confirms that in ""}",,,,,,True,CAND_002,syncable_authenticators=integrated,True
external,EXT_E030,GENERAL_RULE_EXCEPTION,4,20260823,OPTION_FORMAL_OPERATION,SELECTED,OPTION_A,CAND_002,syncable_authenticators=integrated,The source document EXT_DOC_030_NEW (NIST SP 800-63-4) is authoritative and effective from 2025-08-01. It explicitly states that Revision 4 integrates syncable authenticators. This,OPTION_A=CAND_002|OPTION_B=CAND_003|OPTION_C=CAND_001,3343,json_schema,1560,86,stop,"{
  ""abstain"": false,
  ""option_id"": ""OPTION_A"",
  ""reason"": ""The source document EXT_DOC_030_NEW (NIST SP 800-63-4) is authoritative and effective from 2025-08-01. It explicitly states that Revision 4 integrates syncable authenticators. This""
}",,,,,,True,CAND_002,syncable_authenticators=integrated,True
external,EXT_E030,GENERAL_RULE_EXCEPTION,4,20260823,OPTION_FORMAL_POLICY,SELECTED,OPTION_A,CAND_002,syncable_authenticators=integrated,The formal_policy rule EXT_E030_NEW_PUBLIC_CHANGE applies because public_change_present is true and selected_revision is 'new'. This rule has priority 300 and allows only 'syncable,OPTION_A=CAND_002|OPTION_B=CAND_003|OPTION_C=CAND_001,2777,json_schema,1887,71,stop,"{
  ""abstain"": false,
  ""option_id"": ""OPTION_A"",
  ""reason"": ""The formal_policy rule EXT_E030_NEW_PUBLIC_CHANGE applies because public_change_present is true and selected_revision is 'new'. This rule has priority 300 and allows only 'syncable""
}",True,,,,,True,CAND_002,syncable_authenticators=integrated,True
external,EXT_E030,GENERAL_RULE_EXCEPTION,4,20260823,OPTION_FORMAL_POLICY_HARD_GATE,SELECTED,OPTION_A,CAND_002,syncable_authenticators=integrated,deterministic gate selected EXT_E030_NEW_PUBLIC_CHANGE,OPTION_A=CAND_002|OPTION_B=CAND_003|OPTION_C=CAND_001,0,formal_policy_hard_gate,0,0,,,True,EXT_E030_NEW_PUBLIC_CHANGE,syncable_authenticators=integrated,1,DETERMINISTIC_SELECT,False,CAND_002,syncable_authenticators=integrated,True
external,EXT_E001,TEMPORAL_VERSION,5,20260824,DIRECT_FREE,SELECTED,OPTION_A,CAND_002,spring=1100;summer_autumn=900;total=2000,The case context specifies the evaluation of Beijing's 2026 policy. Document EXT_DOC_001_2026 is authoritative for 2026 (effective 2026-01-01 to 2026-12-31). It explicitly lists '叶,OPTION_A=CAND_002|OPTION_B=CAND_003|OPTION_C=CAND_001,4445,json_schema,1244,116,stop,"{
  ""abstain"": false,
  ""value"": ""spring=1100;summer_autumn=900;total=2000"",
  ""reason"": ""The case context specifies the evaluation of Beijing's 2026 policy. Document EXT_DOC_001_2026 is authoritative for 2026 (effective 2026-01-01 to 2026-12-31). It explicitly lists '叶""
}",,,,,,True,CAND_002,spring=1100;summer_autumn=900;total=2000,True
external,EXT_E001,TEMPORAL_VERSION,5,20260824,OPTION_VALUE_ONLY,SELECTED,OPTION_A,CAND_002,spring=1100;summer_autumn=900;total=2000,The case context specifies the evaluation of the 'Beijing 2026 Policy Agricultural Insurance Unified Reference Terms'. The evidence note confirms that the 2026 document (effective ,OPTION_A=CAND_002|OPTION_B=CAND_003|OPTION_C=CAND_001,3197,json_schema,1382,67,stop,"{
  ""abstain"": false,
  ""option_id"": ""OPTION_A"",
  ""reason"": ""The case context specifies the evaluation of the 'Beijing 2026 Policy Agricultural Insurance Unified Reference Terms'. The evidence note confirms that the 2026 document (effective ""}",,,,,,True,CAND_002,spring=1100;summer_autumn=900;total=2000,True
external,EXT_E001,TEMPORAL_VERSION,5,20260824,OPTION_FORMAL_OPERATION,SELECTED,OPTION_A,CAND_002,spring=1100;summer_autumn=900;total=2000,The 2026 policy document (EXT_DOC_001_2026) is the authoritative source for the target event time (2026). It explicitly states that the insurance amount for rotation vegetables is ,OPTION_A=CAND_002|OPTION_B=CAND_003|OPTION_C=CAND_001,3155,json_schema,1930,77,stop,"{
  ""abstain"": false,
  ""option_id"": ""OPTION_A"",
  ""reason"": ""The 2026 policy document (EXT_DOC_001_2026) is the authoritative source for the target event time (2026). It explicitly states that the insurance amount for rotation vegetables is ""}",,,,,,True,CAND_002,spring=1100;summer_autumn=900;total=2000,True
external,EXT_E001,TEMPORAL_VERSION,5,20260824,OPTION_FORMAL_POLICY,SELECTED,OPTION_A,CAND_002,spring=1100;summer_autumn=900;total=2000,"The assessment year is 2026 and the source revision year is 2026. According to rule EXT_E001_2026_SEASONAL_SPLIT (priority 300), the allowed value for vegetable_rotation in 2026 is",OPTION_A=CAND_002|OPTION_B=CAND_003|OPTION_C=CAND_001,3333,json_schema,2338,89,stop,"{
  ""abstain"": false,
  ""option_id"": ""OPTION_A"",
  ""reason"": ""The assessment year is 2026 and the source revision year is 2026. According to rule EXT_E001_2026_SEASONAL_SPLIT (priority 300), the allowed value for vegetable_rotation in 2026 is""
}",True,,,,,True,CAND_002,spring=1100;summer_autumn=900;total=2000,True
external,EXT_E001,TEMPORAL_VERSION,5,20260824,OPTION_FORMAL_POLICY_HARD_GATE,SELECTED,OPTION_A,CAND_002,spring=1100;summer_autumn=900;total=2000,deterministic gate selected EXT_E001_2026_SEASONAL_SPLIT,OPTION_A=CAND_002|OPTION_B=CAND_003|OPTION_C=CAND_001,0,formal_policy_hard_gate,0,0,,,True,EXT_E001_2026_SEASONAL_SPLIT,spring=1100;summer_autumn=900;total=2000,1,DETERMINISTIC_SELECT,False,CAND_002,spring=1100;summer_autumn=900;total=2000,True
external,EXT_E002,CROSS_SENTENCE_SCOPE,5,20260824,DIRECT_FREE,SELECTED,OPTION_A,CAND_002,five_level_definition=level1_no_lodging;level2_lt30;level3_30_45;level4_45_60;level5_gt60,The 2026 policy document (EXT_DOC_002_2026) is the authoritative source for the 2026 insurance year. The evidence explicitly states that the interpretation section adds a five-lodg,OPTION_A=CAND_002|OPTION_B=CAND_003|OPTION_C=CAND_001,4340,json_schema,1164,117,stop,"{
  ""abstain"": false,
  ""value"": ""five_level_definition=level1_no_lodging;level2_lt30;level3_30_45;level4_45_60;level5_gt60"",
  ""reason"": ""The 2026 policy document (EXT_DOC_002_2026) is the authoritative source for the 2026 insurance year. The evidence explicitly states that the interpretation section adds a five-lodg""
}",,,,,,True,CAND_002,five_level_definition=level1_no_lodging;level2_lt30;level3_30_45;level4_45_60;level5_gt60,True
external,EXT_E002,CROSS_SENTENCE_SCOPE,5,20260824,OPTION_VALUE_ONLY,SELECTED,OPTION_A,CAND_002,five_level_definition=level1_no_lodging;level2_lt30;level3_30_45;level4_45_60;level5_gt60,The 2026 source document (EXT_DOC_002_2026) is effective from 2026-01-01 and explicitly defines a five-level lodging hazard interpretation in its comparison table. The target event,OPTION_A=CAND_002|OPTION_B=CAND_003|OPTION_C=CAND_001,3572,json_schema,1317,83,stop,"{
  ""abstain"": false,
  ""option_id"": ""OPTION_A"",
  ""reason"": ""The 2026 source document (EXT_DOC_002_2026) is effective from 2026-01-01 and explicitly defines a five-level lodging hazard interpretation in its comparison table. The target event""
}",,,,,,True,CAND_002,five_level_definition=level1_no_lodging;level2_lt30;level3_30_45;level4_45_60;level5_gt60,True
external,EXT_E002,CROSS_SENTENCE_SCOPE,5,20260824,OPTION_FORMAL_OPERATION,SELECTED,OPTION_A,CAND_002,five_level_definition=level1_no_lodging;level2_lt30;level3_30_45;level4_45_60;level5_gt60,The 2026 source document (EXT_DOC_002_2026) is effective from 2026-01-01 and explicitly defines a five-level lodging hazard interpretation in its comparison table. The evidence 'C',OPTION_A=CAND_002|OPTION_B=CAND_003|OPTION_C=CAND_001,3454,json_schema,1868,83,stop,"{
  ""abstain"": false,
  ""option_id"": ""OPTION_A"",
  ""reason"": ""The 2026 source document (EXT_DOC_002_2026) is effective from 2026-01-01 and explicitly defines a five-level lodging hazard interpretation in its comparison table. The evidence 'C'""}",,,,,,True,CAND_002,five_level_definition=level1_no_lodging;level2_lt30;level3_30_45;level4_45_60;level5_gt60,True
external,EXT_E002,CROSS_SENTENCE_SCOPE,5,20260824,OPTION_FORMAL_POLICY,SELECTED,OPTION_A,CAND_002,five_level_definition=level1_no_lodging;level2_lt30;level3_30_45;level4_45_60;level5_gt60,"The source document EXT_DOC_002_2026 has effective_from '2026-01-01', satisfying the condition source_revision_year='2026'. The evidence note confirms that the interpretation adds ",OPTION_A=CAND_002|OPTION_B=CAND_003|OPTION_C=CAND_001,3073,json_schema,2264,79,stop,"{
  ""abstain"": false,
  ""option_id"": ""OPTION_A"",
  ""reason"": ""The source document EXT_DOC_002_2026 has effective_from '2026-01-01', satisfying the condition source_revision_year='2026'. The evidence note confirms that the interpretation adds ""}",True,,,,,True,CAND_002,five_level_definition=level1_no_lodging;level2_lt30;level3_30_45;level4_45_60;level5_gt60,True
external,EXT_E002,CROSS_SENTENCE_SCOPE,5,20260824,OPTION_FORMAL_POLICY_HARD_GATE,SELECTED,OPTION_A,CAND_002,five_level_definition=level1_no_lodging;level2_lt30;level3_30_45;level4_45_60;level5_gt60,deterministic gate selected EXT_E002_FIVE_LEVEL_INTERPRETATION_SCOPE,OPTION_A=CAND_002|OPTION_B=CAND_003|OPTION_C=CAND_001,0,formal_policy_hard_gate,0,0,,,True,EXT_E002_FIVE_LEVEL_INTERPRETATION_SCOPE,five_level_definition=level1_no_lodging;level2_lt30;level3_30_45;level4_45_60;level5_gt60,1,DETERMINISTIC_SELECT,False,CAND_002,five_level_definition=level1_no_lodging;level2_lt30;level3_30_45;level4_45_60;level5_gt60,True
external,EXT_E003,GENERAL_RULE_EXCEPTION,5,20260824,DIRECT_FREE,REJECTED_OUT_OF_CANDIDATE,,,,value outside candidate set: 'accident_date_limit_times_loss_rate',OPTION_A=CAND_003|OPTION_B=CAND_002|OPTION_C=CAND_001,3493,json_schema,1080,89,stop,"{
  ""abstain"": false,
  ""value"": ""accident_date_limit_times_loss_rate"",
  ""reason"": ""The 2026 policy document (EXT_DOC_003_2026) is authoritative for the event date (2026-08-26). It explicitly changes the freeze damage compensation formula from the old method to 'a""
}",,,,,,True,CAND_002,formula=accident_date_limit_times_loss_rate,False
external,EXT_E003,GENERAL_RULE_EXCEPTION,5,20260824,OPTION_VALUE_ONLY,SELECTED,OPTION_B,CAND_002,formula=accident_date_limit_times_loss_rate,"The case context specifies evaluating the 'Beijing 2026 Policy Agricultural Insurance Unified Reference Terms'. The evidence note states that for the 2026 text, the calculation for",OPTION_A=CAND_003|OPTION_B=CAND_002|OPTION_C=CAND_001,3057,json_schema,1198,68,stop,"{
  ""abstain"": false,
  ""option_id"": ""OPTION_B"",
  ""reason"": ""The case context specifies evaluating the 'Beijing 2026 Policy Agricultural Insurance Unified Reference Terms'. The evidence note states that for the 2026 text, the calculation for""
}",,,,,,True,CAND_002,formula=accident_date_limit_times_loss_rate,True
external,EXT_E003,GENERAL_RULE_EXCEPTION,5,20260824,OPTION_FORMAL_OPERATION,SELECTED,OPTION_B,CAND_002,formula=accident_date_limit_times_loss_rate,The 2026 policy document (EXT_DOC_003_2026) explicitly changes the freeze damage compensation formula from the old method (effective amount based with a threshold) to 'accident-day,OPTION_A=CAND_003|OPTION_B=CAND_002|OPTION_C=CAND_001,3198,json_schema,1740,76,stop,"{
  ""abstain"": false,
  ""option_id"": ""OPTION_B"",
  ""reason"": ""The 2026 policy document (EXT_DOC_003_2026) explicitly changes the freeze damage compensation formula from the old method (effective amount based with a threshold) to 'accident-day""
}",,,,,,True,CAND_002,formula=accident_date_limit_times_loss_rate,True
external,EXT_E003,GENERAL_RULE_EXCEPTION,5,20260824,OPTION_FORMAL_POLICY,SELECTED,OPTION_B,CAND_002,formula=accident_date_limit_times_loss_rate,The case context specifies evaluating the 2026 policy terms (effective 2026-01-01). The formal_policy rule 'EXT_E003_2026_ACCIDENT_DATE_LIMIT_FORMULA' applies to source_revision_20,OPTION_A=CAND_003|OPTION_B=CAND_002|OPTION_C=CAND_001,3359,json_schema,2151,87,stop,"{
  ""abstain"": false,
  ""option_id"": ""OPTION_B"",
  ""reason"": ""The case context specifies evaluating the 2026 policy terms (effective 2026-01-01). The formal_policy rule 'EXT_E003_2026_ACCIDENT_DATE_LIMIT_FORMULA' applies to source_revision_20""

}",True,,,,,True,CAND_002,formula=accident_date_limit_times_loss_rate,True
external,EXT_E003,GENERAL_RULE_EXCEPTION,5,20260824,OPTION_FORMAL_POLICY_HARD_GATE,SELECTED,OPTION_B,CAND_002,formula=accident_date_limit_times_loss_rate,deterministic gate selected EXT_E003_2026_ACCIDENT_DATE_LIMIT_FORMULA,OPTION_A=CAND_003|OPTION_B=CAND_002|OPTION_C=CAND_001,0,formal_policy_hard_gate,0,0,,,True,EXT_E003_2026_ACCIDENT_DATE_LIMIT_FORMULA,formula=accident_date_limit_times_loss_rate,1,DETERMINISTIC_SELECT,False,CAND_002,formula=accident_date_limit_times_loss_rate,True
external,EXT_E004,TEMPORAL_VERSION,5,20260824,DIRECT_FREE,SELECTED,OPTION_A,CAND_002,wcag22_added=2.4.11;level=AA,The public evidence note explicitly states that the W3C WCAG 2.2 change page lists '2.4.11 Focus Not Obscured Minimum with conformance level AA'. This directly supports CAND_002. W,OPTION_A=CAND_002|OPTION_B=CAND_001|OPTION_C=CAND_003,3462,json_schema,888,93,stop,"{
  ""abstain"": false,
  ""value"": ""wcag22_added=2.4.11;level=AA"",
  ""reason"": ""The public evidence note explicitly states that the W3C WCAG 2.2 change page lists '2.4.11 Focus Not Obscured Minimum with conformance level AA'. This directly supports CAND_002. W""
}",,,,,,True,CAND_002,wcag22_added=2.4.11;level=AA,True
external,EXT_E004,TEMPORAL_VERSION,5,20260824,OPTION_VALUE_ONLY,ABSTAIN,,,,"Evidence Note states WCAG 2.2 change page lists 2.4.11 with conformance level AA (CAND_002). However, the provided source documents (WCAG 2.1 REC and WCAG 2.2 Change Summary) do *n",OPTION_A=CAND_002|OPTION_B=CAND_001|OPTION_C=CAND_003,3367,json_schema,1016,83,stop,"{""abstain"": true, ""option_id"": ""ABSTAIN"", ""reason"": ""Evidence Note states WCAG 2.2 change page lists 2.4.11 with conformance level AA (CAND_002). However, the provided source documents (WCAG 2.1 REC and WCAG 2.2 Change Summary) do *n""
}",,,,,,True,CAND_002,wcag22_added=2.4.11;level=AA,False
external,EXT_E004,TEMPORAL_VERSION,5,20260824,OPTION_FORMAL_OPERATION,SELECTED,OPTION_A,CAND_002,wcag22_added=2.4.11;level=AA,Document EXT_DOC_004_NEW (WCAG 2.2 change summary) published on 2023-10-05 explicitly lists '2.4.11 Focus Not Obscured Minimum' with conformance level AA as a new success criterion,OPTION_A=CAND_002|OPTION_B=CAND_001|OPTION_C=CAND_003,3424,json_schema,1567,88,stop,"{
  ""abstain"": false,
  ""option_id"": ""OPTION_A"",
  ""reason"": ""Document EXT_DOC_004_NEW (WCAG 2.2 change summary) published on 2023-10-05 explicitly lists '2.4.11 Focus Not Obscured Minimum' with conformance level AA as a new success criterion""
}",,,,,,True,CAND_002,wcag22_added=2.4.11;level=AA,True
external,EXT_E004,TEMPORAL_VERSION,5,20260824,OPTION_FORMAL_POLICY,SELECTED,OPTION_A,CAND_002,wcag22_added=2.4.11;level=AA,"The formal_policy rule EXT_E004_NEW_PUBLIC_CHANGE matches the facts (public_change_present=true, selected_revision=new) with priority 300. Its allowed_values list contains only 'wc",OPTION_A=CAND_002|OPTION_B=CAND_001|OPTION_C=CAND_003,2801,json_schema,1890,71,stop,"{
  ""abstain"": false,
  ""option_id"": ""OPTION_A"",
  ""reason"": ""The formal_policy rule EXT_E004_NEW_PUBLIC_CHANGE matches the facts (public_change_present=true, selected_revision=new) with priority 300. Its allowed_values list contains only 'wc""
}",True,,,,,True,CAND_002,wcag22_added=2.4.11;level=AA,True
external,EXT_E004,TEMPORAL_VERSION,5,20260824,OPTION_FORMAL_POLICY_HARD_GATE,SELECTED,OPTION_A,CAND_002,wcag22_added=2.4.11;level=AA,deterministic gate selected EXT_E004_NEW_PUBLIC_CHANGE,OPTION_A=CAND_002|OPTION_B=CAND_001|OPTION_C=CAND_003,0,formal_policy_hard_gate,0,0,,,True,EXT_E004_NEW_PUBLIC_CHANGE,wcag22_added=2.4.11;level=AA,1,DETERMINISTIC_SELECT,False,CAND_002,wcag22_added=2.4.11;level=AA,True
external,EXT_E005,TEMPORAL_VERSION,5,20260824,DIRECT_FREE,SELECTED,OPTION_A,CAND_002,wcag22_added=2.4.12;level=AAA,The public evidence note explicitly states that the W3C WCAG 2.2 change page lists '2.4.12 Focus Not Obscured Enhanced with conformance level AAA'. This directly supports CAND_002.,OPTION_A=CAND_002|OPTION_B=CAND_001|OPTION_C=CAND_003,3217,json_schema,888,91,stop,"{
  ""abstain"": false,
  ""value"": ""wcag22_added=2.4.12;level=AAA"",
  ""reason"": ""The public evidence note explicitly states that the W3C WCAG 2.2 change page lists '2.4.12 Focus Not Obscured Enhanced with conformance level AAA'. This directly supports CAND_002.""
}",,,,,,True,CAND_002,wcag22_added=2.4.12;level=AAA,True
external,EXT_E005,TEMPORAL_VERSION,5,20260824,OPTION_VALUE_ONLY,SELECTED,OPTION_A,CAND_002,wcag22_added=2.4.12;level=AAA,The source document EXT_DOC_005_NEW (WCAG 2.2 change summary) explicitly lists success criterion 2.4.12 Focus Not Obscured Enhanced with conformance level AAA. The event type is 'W,OPTION_A=CAND_002|OPTION_B=CAND_001|OPTION_C=CAND_003,3383,json_schema,1016,80,stop,"{
  ""abstain"": false,
  ""option_id"": ""OPTION_A"",
  ""reason"": ""The source document EXT_DOC_005_NEW (WCAG 2.2 change summary) explicitly lists success criterion 2.4.12 Focus Not Obscured Enhanced with conformance level AAA. The event type is 'W""
}",,,,,,True,CAND_002,wcag22_added=2.4.12;level=AAA,True
external,EXT_E005,TEMPORAL_VERSION,5,20260824,OPTION_FORMAL_OPERATION,SELECTED,OPTION_A,CAND_002,wcag22_added=2.4.12;level=AAA,The source document EXT_DOC_005_NEW ('What is New in WCAG 2.2') explicitly lists success criterion 2.4.12 Focus Not Obscured Enhanced with conformance level AAA as a new addition. ,OPTION_A=CAND_002|OPTION_B=CAND_001|OPTION_C=CAND_003,3340,json_schema,1567,79,stop,"{
  ""abstain"": false,
  ""option_id"": ""OPTION_A"",
  ""reason"": ""The source document EXT_DOC_005_NEW ('What is New in WCAG 2.2') explicitly lists success criterion 2.4.12 Focus Not Obscured Enhanced with conformance level AAA as a new addition. ""}",,,,,,True,CAND_002,wcag22_added=2.4.12;level=AAA,True
external,EXT_E005,TEMPORAL_VERSION,5,20260824,OPTION_FORMAL_POLICY,SELECTED,OPTION_A,CAND_002,wcag22_added=2.4.12;level=AAA,The formal_policy rule EXT_E005_NEW_PUBLIC_CHANGE has priority 300 and applies because public_change_present is true and selected_revision is 'new'. Its allowed_values list only [',OPTION_A=CAND_002|OPTION_B=CAND_001|OPTION_C=CAND_003,2953,json_schema,1890,70,stop,"{
  ""abstain"": false,
  ""option_id"": ""OPTION_A"",
  ""reason"": ""The formal_policy rule EXT_E005_NEW_PUBLIC_CHANGE has priority 300 and applies because public_change_present is true and selected_revision is 'new'. Its allowed_values list only ['""
}",True,,,,,True,CAND_002,wcag22_added=2.4.12;level=AAA,True
external,EXT_E005,TEMPORAL_VERSION,5,20260824,OPTION_FORMAL_POLICY_HARD_GATE,SELECTED,OPTION_A,CAND_002,wcag22_added=2.4.12;level=AAA,deterministic gate selected EXT_E005_NEW_PUBLIC_CHANGE,OPTION_A=CAND_002|OPTION_B=CAND_001|OPTION_C=CAND_003,0,formal_policy_hard_gate,0,0,,,True,EXT_E005_NEW_PUBLIC_CHANGE,wcag22_added=2.4.12;level=AAA,1,DETERMINISTIC_SELECT,False,CAND_002,wcag22_added=2.4.12;level=AAA,True
external,EXT_E006,TEMPORAL_VERSION,5,20260824,DIRECT_FREE,SELECTED,OPTION_B,CAND_002,wcag22_added=2.4.13;level=AAA,The source document EXT_DOC_006_NEW ('What is New in WCAG 2.2') explicitly lists success criterion 2.4.13 Focus Appearance with conformance level AAA as a new addition in WCAG 2.2.,OPTION_A=CAND_003|OPTION_B=CAND_002|OPTION_C=CAND_001,3501,json_schema,880,94,stop,"{
  ""abstain"": false,
  ""value"": ""wcag22_added=2.4.13;level=AAA"",
  ""reason"": ""The source document EXT_DOC_006_NEW ('What is New in WCAG 2.2') explicitly lists success criterion 2.4.13 Focus Appearance with conformance level AAA as a new addition in WCAG 2.2.""}",,,,,,True,CAND_002,wcag22_added=2.4.13;level=AAA,True
external,EXT_E006,TEMPORAL_VERSION,5,20260824,OPTION_VALUE_ONLY,SELECTED,OPTION_B,CAND_002,wcag22_added=2.4.13;level=AAA,The source document EXT_DOC_006_NEW ('What is New in WCAG 2.2') explicitly lists success criterion 2.4.13 Focus Appearance with conformance level AAA as a new addition in WCAG 2.2.,OPTION_A=CAND_003|OPTION_B=CAND_002|OPTION_C=CAND_001,3109,json_schema,1008,81,stop,"{
  ""abstain"": false,
  ""option_id"": ""OPTION_B"",
  ""reason"": ""The source document EXT_DOC_006_NEW ('What is New in WCAG 2.2') explicitly lists success criterion 2.4.13 Focus Appearance with conformance level AAA as a new addition in WCAG 2.2.""}",,,,,,True,CAND_002,wcag22_added=2.4.13;level=AAA,True
external,EXT_E006,TEMPORAL_VERSION,5,20260824,OPTION_FORMAL_OPERATION,SELECTED,OPTION_B,CAND_002,wcag22_added=2.4.13;level=AAA,The source document EXT_DOC_006_NEW (What is New in WCAG 2.2) explicitly lists success criterion 2.4.13 Focus Appearance with conformance level AAA. OPTION_B sets the value to 'wcg,OPTION_A=CAND_003|OPTION_B=CAND_002|OPTION_C=CAND_001,3269,json_schema,1559,81,stop,"{
  ""abstain"": false,
  ""option_id"": ""OPTION_B"",
  ""reason"": ""The source document EXT_DOC_006_NEW (What is New in WCAG 2.2) explicitly lists success criterion 2.4.13 Focus Appearance with conformance level AAA. OPTION_B sets the value to 'wcg""
}",,,,,,True,CAND_002,wcag22_added=2.4.13;level=AAA,True
external,EXT_E006,TEMPORAL_VERSION,5,20260824,OPTION_FORMAL_POLICY,SELECTED,OPTION_B,CAND_002,wcag22_added=2.4.13;level=AAA,The formal_policy rule EXT_E006_NEW_PUBLIC_CHANGE has priority 300 and applies when public_change_present is true and selected_revision is 'new'. Its allowed_values strictly list ',OPTION_A=CAND_003|OPTION_B=CAND_002|OPTION_C=CAND_001,2727,json_schema,1882,68,stop,"{
  ""abstain"": false,
  ""option_id"": ""OPTION_B"",
  ""reason"": ""The formal_policy rule EXT_E006_NEW_PUBLIC_CHANGE has priority 300 and applies when public_change_present is true and selected_revision is 'new'. Its allowed_values strictly list '""}",True,,,,,True,CAND_002,wcag22_added=2.4.13;level=AAA,True
external,EXT_E006,TEMPORAL_VERSION,5,20260824,OPTION_FORMAL_POLICY_HARD_GATE,SELECTED,OPTION_B,CAND_002,wcag22_added=2.4.13;level=AAA,deterministic gate selected EXT_E006_NEW_PUBLIC_CHANGE,OPTION_A=CAND_003|OPTION_B=CAND_002|OPTION_C=CAND_001,0,formal_policy_hard_gate,0,0,,,True,EXT_E006_NEW_PUBLIC_CHANGE,wcag22_added=2.4.13;level=AAA,1,DETERMINISTIC_SELECT,False,CAND_002,wcag22_added=2.4.13;level=AAA,True
external,EXT_E007,TEMPORAL_VERSION,5,20260824,DIRECT_FREE,SELECTED,OPTION_A,CAND_002,wcag22_added=2.5.7;level=AA,EXT_DOC_007_NEW (WCAG 2.2 change summary) is the most authoritative and current document regarding WCAG 2.2 additions. It explicitly lists success criterion 2.5.7 Dragging Movement,OPTION_A=CAND_002|OPTION_B=CAND_001|OPTION_C=CAND_003,3342,json_schema,878,91,stop,"{
  ""abstain"": false,
  ""value"": ""wcag22_added=2.5.7;level=AA"",
  ""reason"": ""EXT_DOC_007_NEW (WCAG 2.2 change summary) is the most authoritative and current document regarding WCAG 2.2 additions. It explicitly lists success criterion 2.5.7 Dragging Movement""
}",,,,,,True,CAND_002,wcag22_added=2.5.7;level=AA,True
external,EXT_E007,TEMPORAL_VERSION,5,20260824,OPTION_VALUE_ONLY,SELECTED,OPTION_A,CAND_002,wcag22_added=2.5.7;level=AA,"Document EXT_DOC_007_NEW (WCAG 2.2) is the most authoritative and current source regarding WCAG 2.2 changes, effective from 2023-10-05. It explicitly lists success criterion 2.5.7 ",OPTION_A=CAND_002|OPTION_B=CAND_001|OPTION_C=CAND_003,3691,json_schema,1004,91,stop,"{
  ""abstain"": false,
  ""option_id"": ""OPTION_A"",
  ""reason"": ""Document EXT_DOC_007_NEW (WCAG 2.2) is the most authoritative and current source regarding WCAG 2.2 changes, effective from 2023-10-05. It explicitly lists success criterion 2.5.7 ""

      }",,,,,,True,CAND_002,wcag22_added=2.5.7;level=AA,True
external,EXT_E007,TEMPORAL_VERSION,5,20260824,OPTION_FORMAL_OPERATION,SELECTED,OPTION_A,CAND_002,wcag22_added=2.5.7;level=AA,"The source document EXT_DOC_007_NEW ('What is New in WCAG 2.2', effective from 2023-10-05) explicitly lists success criterion 2.5.7 Dragging Movements with conformance level AA. It",OPTION_A=CAND_002|OPTION_B=CAND_001|OPTION_C=CAND_003,3591,json_schema,1552,88,stop,"{
  ""abstain"": false,
  ""option_id"": ""OPTION_A"",
  ""reason"": ""The source document EXT_DOC_007_NEW ('What is New in WCAG 2.2', effective from 2023-10-05) explicitly lists success criterion 2.5.7 Dragging Movements with conformance level AA. It""
}",,,,,,True,CAND_002,wcag22_added=2.5.7;level=AA,True
external,EXT_E007,TEMPORAL_VERSION,5,20260824,OPTION_FORMAL_POLICY,SELECTED,OPTION_A,CAND_002,wcag22_added=2.5.7;level=AA,The formal_policy rule 'EXT_E007_NEW_PUBLIC_CHANGE' has priority 300 and applies because public_change_present is true and selected_revision is 'new'. This rule explicitly allows ',OPTION_A=CAND_002|OPTION_B=CAND_001|OPTION_C=CAND_003,2807,json_schema,1873,71,stop,"{
  ""abstain"": false,
  ""option_id"": ""OPTION_A"",
  ""reason"": ""The formal_policy rule 'EXT_E007_NEW_PUBLIC_CHANGE' has priority 300 and applies because public_change_present is true and selected_revision is 'new'. This rule explicitly allows '""
}",True,,,,,True,CAND_002,wcag22_added=2.5.7;level=AA,True
external,EXT_E007,TEMPORAL_VERSION,5,20260824,OPTION_FORMAL_POLICY_HARD_GATE,SELECTED,OPTION_A,CAND_002,wcag22_added=2.5.7;level=AA,deterministic gate selected EXT_E007_NEW_PUBLIC_CHANGE,OPTION_A=CAND_002|OPTION_B=CAND_001|OPTION_C=CAND_003,0,formal_policy_hard_gate,0,0,,,True,EXT_E007_NEW_PUBLIC_CHANGE,wcag22_added=2.5.7;level=AA,1,DETERMINISTIC_SELECT,False,CAND_002,wcag22_added=2.5.7;level=AA,True
external,EXT_E008,TEMPORAL_VERSION,5,20260824,DIRECT_FREE,SELECTED,OPTION_A,CAND_002,wcag22_added=2.5.8;level=AA,Document EXT_DOC_008_NEW (WCAG 2.2 change summary) explicitly lists success criterion 2.5.8 with conformance level AA as a new addition effective 2023-10-05. Document EXT_DOC_008_O,OPTION_A=CAND_002|OPTION_B=CAND_003|OPTION_C=CAND_001,3728,json_schema,876,101,stop,"{
  ""abstain"": false,
  ""value"": ""wcag22_added=2.5.8;level=AA"",
  ""reason"": ""Document EXT_DOC_008_NEW (WCAG 2.2 change summary) explicitly lists success criterion 2.5.8 with conformance level AA as a new addition effective 2023-10-05. Document EXT_DOC_008_O""
}",,,,,,True,CAND_002,wcag22_added=2.5.8;level=AA,True
external,EXT_E008,TEMPORAL_VERSION,5,20260824,OPTION_VALUE_ONLY,SELECTED,OPTION_A,CAND_002,wcag22_added=2.5.8;level=AA,WCAG 2.2 change summary (EXT_DOC_008_NEW) explicitly lists '2.5.8 Target Size Minimum' with conformance level AA as a new criterion. WCAG 2.1 (EXT_DOC_008_OLD) does not contain 2.5,OPTION_A=CAND_002|OPTION_B=CAND_003|OPTION_C=CAND_001,3600,json_schema,1002,91,stop,"{
  ""abstain"": false,
  ""option_id"": ""OPTION_A"",
  ""reason"": ""WCAG 2.2 change summary (EXT_DOC_008_NEW) explicitly lists '2.5.8 Target Size Minimum' with conformance level AA as a new criterion. WCAG 2.1 (EXT_DOC_008_OLD) does not contain 2.5""
}",,,,,,True,CAND_002,wcag22_added=2.5.8;level=AA,True
external,EXT_E008,TEMPORAL_VERSION,5,20260824,OPTION_FORMAL_OPERATION,SELECTED,OPTION_A,CAND_002,wcag22_added=2.5.8;level=AA,The source document EXT_DOC_008_NEW ('What is New in WCAG 2.2') explicitly lists success criterion 2.5.8 with conformance level AA as a new addition in WCAG 2.2. This evidence sups,OPTION_A=CAND_002|OPTION_B=CAND_003|OPTION_C=CAND_001,3461,json_schema,1550,84,stop,"{
  ""abstain"": false,
  ""option_id"": ""OPTION_A"",
  ""reason"": ""The source document EXT_DOC_008_NEW ('What is New in WCAG 2.2') explicitly lists success criterion 2.5.8 with conformance level AA as a new addition in WCAG 2.2. This evidence sups""
}",,,,,,True,CAND_002,wcag22_added=2.5.8;level=AA,True
external,EXT_E008,TEMPORAL_VERSION,5,20260824,OPTION_FORMAL_POLICY,SELECTED,OPTION_A,CAND_002,wcag22_added=2.5.8;level=AA,"The formal_policy rule EXT_E008_NEW_PUBLIC_CHANGE matches the facts (public_change_present=true, selected_revision=new) with priority 300. Its allowed_values list contains only 'wc",OPTION_A=CAND_002|OPTION_B=CAND_003|OPTION_C=CAND_001,2970,json_schema,1871,71,stop,"{
  ""abstain"": false,
  ""option_id"": ""OPTION_A"",
  ""reason"": ""The formal_policy rule EXT_E008_NEW_PUBLIC_CHANGE matches the facts (public_change_present=true, selected_revision=new) with priority 300. Its allowed_values list contains only 'wc""
}",True,,,,,True,CAND_002,wcag22_added=2.5.8;level=AA,True
external,EXT_E008,TEMPORAL_VERSION,5,20260824,OPTION_FORMAL_POLICY_HARD_GATE,SELECTED,OPTION_A,CAND_002,wcag22_added=2.5.8;level=AA,deterministic gate selected EXT_E008_NEW_PUBLIC_CHANGE,OPTION_A=CAND_002|OPTION_B=CAND_003|OPTION_C=CAND_001,0,formal_policy_hard_gate,0,0,,,True,EXT_E008_NEW_PUBLIC_CHANGE,wcag22_added=2.5.8;level=AA,1,DETERMINISTIC_SELECT,False,CAND_002,wcag22_added=2.5.8;level=AA,True
external,EXT_E009,TEMPORAL_VERSION,5,20260824,DIRECT_FREE,SELECTED,OPTION_B,CAND_002,wcag22_added=3.2.6;level=A,The public evidence note explicitly states that the W3C WCAG 2.2 change page lists success criterion 3.2.6 with conformance level A. This directly supports CAND_002 over CAND_001 (,OPTION_A=CAND_003|OPTION_B=CAND_002|OPTION_C=CAND_001,3190,json_schema,875,89,stop,"{
  ""abstain"": false,
  ""value"": ""wcag22_added=3.2.6;level=A"",
  ""reason"": ""The public evidence note explicitly states that the W3C WCAG 2.2 change page lists success criterion 3.2.6 with conformance level A. This directly supports CAND_002 over CAND_001 (""}",,,,,,True,CAND_002,wcag22_added=3.2.6;level=A,True
external,EXT_E009,TEMPORAL_VERSION,5,20260824,OPTION_VALUE_ONLY,SELECTED,OPTION_B,CAND_002,wcag22_added=3.2.6;level=A,The document EXT_DOC_009_NEW (WCAG 2.2 change summary) explicitly lists success criterion 3.2.6 Consistent Help with conformance level A. The candidate value in OPTION_B matches '3,OPTION_A=CAND_003|OPTION_B=CAND_002|OPTION_C=CAND_001,3230,json_schema,1000,78,stop,"{
  ""abstain"": false,
  ""option_id"": ""OPTION_B"",
  ""reason"": ""The document EXT_DOC_009_NEW (WCAG 2.2 change summary) explicitly lists success criterion 3.2.6 Consistent Help with conformance level A. The candidate value in OPTION_B matches '3""
}",,,,,,True,CAND_002,wcag22_added=3.2.6;level=A,True
external,EXT_E009,TEMPORAL_VERSION,5,20260824,OPTION_FORMAL_OPERATION,SELECTED,OPTION_B,CAND_002,wcag22_added=3.2.6;level=A,The source document EXT_DOC_009_NEW ('What is New in WCAG 2.2') explicitly lists success criterion 3.2.6 Consistent Help with conformance level A. OPTION_B correctly updates the `w,OPTION_A=CAND_003|OPTION_B=CAND_002|OPTION_C=CAND_001,3274,json_schema,1548,79,stop,"{
  ""abstain"": false,
  ""option_id"": ""OPTION_B"",
  ""reason"": ""The source document EXT_DOC_009_NEW ('What is New in WCAG 2.2') explicitly lists success criterion 3.2.6 Consistent Help with conformance level A. OPTION_B correctly updates the `w""
}",,,,,,True,CAND_002,wcag22_added=3.2.6;level=A,True
external,EXT_E009,TEMPORAL_VERSION,5,20260824,OPTION_FORMAL_POLICY,SELECTED,OPTION_B,CAND_002,wcag22_added=3.2.6;level=A,The formal_policy rule EXT_E009_NEW_PUBLIC_CHANGE has priority 300 and applies when selected_revision is 'new'. Its allowed_values strictly include only 'wcag22_added=3.2.6;level=A,OPTION_A=CAND_003|OPTION_B=CAND_002|OPTION_C=CAND_001,3012,json_schema,1868,79,stop,"{
  ""abstain"": false,
  ""option_id"": ""OPTION_B"",
  ""reason"": ""The formal_policy rule EXT_E009_NEW_PUBLIC_CHANGE has priority 300 and applies when selected_revision is 'new'. Its allowed_values strictly include only 'wcag22_added=3.2.6;level=A""
}",True,,,,,True,CAND_002,wcag22_added=3.2.6;level=A,True
external,EXT_E009,TEMPORAL_VERSION,5,20260824,OPTION_FORMAL_POLICY_HARD_GATE,SELECTED,OPTION_B,CAND_002,wcag22_added=3.2.6;level=A,deterministic gate selected EXT_E009_NEW_PUBLIC_CHANGE,OPTION_A=CAND_003|OPTION_B=CAND_002|OPTION_C=CAND_001,0,formal_policy_hard_gate,0,0,,,True,EXT_E009_NEW_PUBLIC_CHANGE,wcag22_added=3.2.6;level=A,1,DETERMINISTIC_SELECT,False,CAND_002,wcag22_added=3.2.6;level=A,True
external,EXT_E010,TEMPORAL_VERSION,5,20260824,DIRECT_FREE,SELECTED,OPTION_A,CAND_002,wcag22_added=3.3.7;level=A,The source document EXT_DOC_010_NEW (What is New in WCAG 2.2) explicitly lists success criterion 3.3.7 Redundant Entry with conformance level A as a new addition in WCAG 2.2. This ,OPTION_A=CAND_002|OPTION_B=CAND_001|OPTION_C=CAND_003,3558,json_schema,877,95,stop,"{
  ""abstain"": false,
  ""value"": ""wcag22_added=3.3.7;level=A"",
  ""reason"": ""The source document EXT_DOC_010_NEW (What is New in WCAG 2.2) explicitly lists success criterion 3.3.7 Redundant Entry with conformance level A as a new addition in WCAG 2.2. This ""}",,,,,,True,CAND_002,wcag22_added=3.3.7;level=A,True
external,EXT_E010,TEMPORAL_VERSION,5,20260824,OPTION_VALUE_ONLY,SELECTED,OPTION_A,CAND_002,wcag22_added=3.3.7;level=A,The document EXT_DOC_010_NEW (WCAG 2.2 change summary) explicitly lists success criterion 3.3.7 Redundant Entry with conformance level A as a new addition in WCAG 2.2. The document,OPTION_A=CAND_002|OPTION_B=CAND_001|OPTION_C=CAND_003,3444,json_schema,1002,83,stop,"{
  ""abstain"": false,
  ""option_id"": ""OPTION_A"",
  ""reason"": ""The document EXT_DOC_010_NEW (WCAG 2.2 change summary) explicitly lists success criterion 3.3.7 Redundant Entry with conformance level A as a new addition in WCAG 2.2. The document""
}",,,,,,True,CAND_002,wcag22_added=3.3.7;level=A,True
external,EXT_E010,TEMPORAL_VERSION,5,20260824,OPTION_FORMAL_OPERATION,SELECTED,OPTION_A,CAND_002,wcag22_added=3.3.7;level=A,Document EXT_DOC_010_NEW (WCAG 2.2 change summary) explicitly lists success criterion 3.3.7 Redundant Entry with conformance level A as a new addition in WCAG 2.2. This evidence is,OPTION_A=CAND_002|OPTION_B=CAND_001|OPTION_C=CAND_003,3465,json_schema,1550,83,stop,"{
  ""abstain"": false,
  ""option_id"": ""OPTION_A"",
  ""reason"": ""Document EXT_DOC_010_NEW (WCAG 2.2 change summary) explicitly lists success criterion 3.3.7 Redundant Entry with conformance level A as a new addition in WCAG 2.2. This evidence is""
}",,,,,,True,CAND_002,wcag22_added=3.3.7;level=A,True
external,EXT_E010,TEMPORAL_VERSION,5,20260824,OPTION_FORMAL_POLICY,SELECTED,OPTION_A,CAND_002,wcag22_added=3.3.7;level=A,"The formal_policy rule EXT_E010_NEW_PUBLIC_CHANGE matches the facts (public_change_present=true, selected_revision=new) with priority 300. Its allowed_values list contains only 'wc",OPTION_A=CAND_002|OPTION_B=CAND_001|OPTION_C=CAND_003,2771,json_schema,1870,71,stop,"{
  ""abstain"": false,
  ""option_id"": ""OPTION_A"",
  ""reason"": ""The formal_policy rule EXT_E010_NEW_PUBLIC_CHANGE matches the facts (public_change_present=true, selected_revision=new) with priority 300. Its allowed_values list contains only 'wc""
}",True,,,,,True,CAND_002,wcag22_added=3.3.7;level=A,True
external,EXT_E010,TEMPORAL_VERSION,5,20260824,OPTION_FORMAL_POLICY_HARD_GATE,SELECTED,OPTION_A,CAND_002,wcag22_added=3.3.7;level=A,deterministic gate selected EXT_E010_NEW_PUBLIC_CHANGE,OPTION_A=CAND_002|OPTION_B=CAND_001|OPTION_C=CAND_003,0,formal_policy_hard_gate,0,0,,,True,EXT_E010_NEW_PUBLIC_CHANGE,wcag22_added=3.3.7;level=A,1,DETERMINISTIC_SELECT,False,CAND_002,wcag22_added=3.3.7;level=A,True
external,EXT_E011,TEMPORAL_VERSION,5,20260824,DIRECT_FREE,SELECTED,OPTION_A,CAND_002,wcag22_added=3.3.8;level=AA,EXT_DOC_011_NEW (WCAG 2.2 change summary) explicitly lists 3.3.8 Accessible Authentication Minimum as a new criterion with conformance level AA. EXT_DOC_011_OLD (WCAG 2.1) does not,OPTION_A=CAND_002|OPTION_B=CAND_003|OPTION_C=CAND_001,3497,json_schema,878,99,stop,"{
  ""abstain"": false,
  ""value"": ""wcag22_added=3.3.8;level=AA"",
  ""reason"": ""EXT_DOC_011_NEW (WCAG 2.2 change summary) explicitly lists 3.3.8 Accessible Authentication Minimum as a new criterion with conformance level AA. EXT_DOC_011_OLD (WCAG 2.1) does not""
}",,,,,,True,CAND_002,wcag22_added=3.3.8;level=AA,True
external,EXT_E011,TEMPORAL_VERSION,5,20260824,OPTION_VALUE_ONLY,SELECTED,OPTION_A,CAND_002,wcag22_added=3.3.8;level=AA,The source document EXT_DOC_011_NEW ('What is New in WCAG 2.2') explicitly lists '3.3.8 Accessible Authentication Minimum' as a new criterion added in WCAG 2.2 with conformance 'AA,OPTION_A=CAND_002|OPTION_B=CAND_003|OPTION_C=CAND_001,3271,json_schema,1004,83,stop,"{
  ""abstain"": false,
  ""option_id"": ""OPTION_A"",
  ""reason"": ""The source document EXT_DOC_011_NEW ('What is New in WCAG 2.2') explicitly lists '3.3.8 Accessible Authentication Minimum' as a new criterion added in WCAG 2.2 with conformance 'AA""
}",,,,,,True,CAND_002,wcag22_added=3.3.8;level=AA,True
external,EXT_E011,TEMPORAL_VERSION,5,20260824,OPTION_FORMAL_OPERATION,SELECTED,OPTION_A,CAND_002,wcag22_added=3.3.8;level=AA,"The source document EXT_DOC_011_NEW (WCAG 2.2 change summary) explicitly lists success criterion 3.3.8 with conformance level AA. Therefore, the status must be updated to reflect '",OPTION_A=CAND_002|OPTION_B=CAND_003|OPTION_C=CAND_001,3158,json_schema,1552,77,stop,"{
  ""abstain"": false,
  ""option_id"": ""OPTION_A"",
  ""reason"": ""The source document EXT_DOC_011_NEW (WCAG 2.2 change summary) explicitly lists success criterion 3.3.8 with conformance level AA. Therefore, the status must be updated to reflect '""
}",,,,,,True,CAND_002,wcag22_added=3.3.8;level=AA,True
external,EXT_E011,TEMPORAL_VERSION,5,20260824,OPTION_FORMAL_POLICY,SELECTED,OPTION_A,CAND_002,wcag22_added=3.3.8;level=AA,"The formal_policy rule EXT_E011_NEW_PUBLIC_CHANGE matches the facts (public_change_present=true, selected_revision=new) with priority 300. This rule explicitly allows only 'wcag22_",OPTION_A=CAND_002|OPTION_B=CAND_003|OPTION_C=CAND_001,2762,json_schema,1873,72,stop,"{
  ""abstain"": false,
  ""option_id"": ""OPTION_A"",
  ""reason"": ""The formal_policy rule EXT_E011_NEW_PUBLIC_CHANGE matches the facts (public_change_present=true, selected_revision=new) with priority 300. This rule explicitly allows only 'wcag22_""}",True,,,,,True,CAND_002,wcag22_added=3.3.8;level=AA,True
external,EXT_E011,TEMPORAL_VERSION,5,20260824,OPTION_FORMAL_POLICY_HARD_GATE,SELECTED,OPTION_A,CAND_002,wcag22_added=3.3.8;level=AA,deterministic gate selected EXT_E011_NEW_PUBLIC_CHANGE,OPTION_A=CAND_002|OPTION_B=CAND_003|OPTION_C=CAND_001,0,formal_policy_hard_gate,0,0,,,True,EXT_E011_NEW_PUBLIC_CHANGE,wcag22_added=3.3.8;level=AA,1,DETERMINISTIC_SELECT,False,CAND_002,wcag22_added=3.3.8;level=AA,True
external,EXT_E012,TEMPORAL_VERSION,5,20260824,DIRECT_FREE,SELECTED,OPTION_A,CAND_002,wcag22_added=3.3.9;level=AAA,The source document EXT_DOC_012_NEW (What is New in WCAG 2.2) explicitly lists success criterion 3.3.9 Accessible Authentication Enhanced with conformance level AAA as a new item. ,OPTION_A=CAND_002|OPTION_B=CAND_003|OPTION_C=CAND_001,3345,json_schema,878,88,stop,"{
  ""abstain"": false,
  ""value"": ""wcag22_added=3.3.9;level=AAA"",
  ""reason"": ""The source document EXT_DOC_012_NEW (What is New in WCAG 2.2) explicitly lists success criterion 3.3.9 Accessible Authentication Enhanced with conformance level AAA as a new item. ""}",,,,,,True,CAND_002,wcag22_added=3.3.9;level=AAA,True
external,EXT_E012,TEMPORAL_VERSION,5,20260824,OPTION_VALUE_ONLY,SELECTED,OPTION_A,CAND_002,wcag22_added=3.3.9;level=AAA,The document EXT_DOC_012_NEW (WCAG 2.2 change summary) explicitly lists success criterion 3.3.9 Accessible Authentication Enhanced with conformance level AAA. This evidence is more,OPTION_A=CAND_002|OPTION_B=CAND_003|OPTION_C=CAND_001,3167,json_schema,1004,74,stop,"{
  ""abstain"": false,
  ""option_id"": ""OPTION_A"",
  ""reason"": ""The document EXT_DOC_012_NEW (WCAG 2.2 change summary) explicitly lists success criterion 3.3.9 Accessible Authentication Enhanced with conformance level AAA. This evidence is more""
}",,,,,,True,CAND_002,wcag22_added=3.3.9;level=AAA,True
external,EXT_E012,TEMPORAL_VERSION,5,20260824,OPTION_FORMAL_OPERATION,SELECTED,OPTION_A,CAND_002,wcag22_added=3.3.9;level=AAA,The source document EXT_DOC_012_NEW ('What is New in WCAG 2.2') explicitly lists '3.3.9 Accessible Authentication Enhanced' with conformance level AAA. This evidence supports the ',OPTION_A=CAND_002|OPTION_B=CAND_003|OPTION_C=CAND_001,3411,json_schema,1552,77,stop,"{
  ""abstain"": false,
  ""option_id"": ""OPTION_A"",
  ""reason"": ""The source document EXT_DOC_012_NEW ('What is New in WCAG 2.2') explicitly lists '3.3.9 Accessible Authentication Enhanced' with conformance level AAA. This evidence supports the '""
}",,,,,,True,CAND_002,wcag22_added=3.3.9;level=AAA,True
external,EXT_E012,TEMPORAL_VERSION,5,20260824,OPTION_FORMAL_POLICY,SELECTED,OPTION_A,CAND_002,wcag22_added=3.3.9;level=AAA,The formal_policy rule EXT_E012_NEW_PUBLIC_CHANGE applies because public_change_present is true and selected_revision is 'new'. This rule explicitly allows only the value 'wcag22_3,OPTION_A=CAND_002|OPTION_B=CAND_003|OPTION_C=CAND_001,2923,json_schema,1873,71,stop,"{
  ""abstain"": false,
  ""option_id"": ""OPTION_A"",
  ""reason"": ""The formal_policy rule EXT_E012_NEW_PUBLIC_CHANGE applies because public_change_present is true and selected_revision is 'new'. This rule explicitly allows only the value 'wcag22_3""
}",True,,,,,True,CAND_002,wcag22_added=3.3.9;level=AAA,True
external,EXT_E012,TEMPORAL_VERSION,5,20260824,OPTION_FORMAL_POLICY_HARD_GATE,SELECTED,OPTION_A,CAND_002,wcag22_added=3.3.9;level=AAA,deterministic gate selected EXT_E012_NEW_PUBLIC_CHANGE,OPTION_A=CAND_002|OPTION_B=CAND_003|OPTION_C=CAND_001,0,formal_policy_hard_gate,0,0,,,True,EXT_E012_NEW_PUBLIC_CHANGE,wcag22_added=3.3.9;level=AAA,1,DETERMINISTIC_SELECT,False,CAND_002,wcag22_added=3.3.9;level=AAA,True
external,EXT_E013,CROSS_SENTENCE_SCOPE,5,20260824,DIRECT_FREE,SELECTED,OPTION_C,CAND_002,wcag21_cross_scope=1.3.4;level=AA,EXT_DOC_013_NEW (effective from 2018-06-05) explicitly lists WCAG 2.1 additions including criterion 1.3.4 Orientation at conformance level AA. EXT_DOC_013_OLD is superseded for new,OPTION_A=CAND_003|OPTION_B=CAND_001|OPTION_C=CAND_002,3653,json_schema,880,102,stop,"{
  ""abstain"": false,
  ""value"": ""wcag21_cross_scope=1.3.4;level=AA"",
  ""reason"": ""EXT_DOC_013_NEW (effective from 2018-06-05) explicitly lists WCAG 2.1 additions including criterion 1.3.4 Orientation at conformance level AA. EXT_DOC_013_OLD is superseded for new""
}",,,,,,True,CAND_002,wcag21_cross_scope=1.3.4;level=AA,True
external,EXT_E013,CROSS_SENTENCE_SCOPE,5,20260824,OPTION_VALUE_ONLY,SELECTED,OPTION_C,CAND_002,wcag21_cross_scope=1.3.4;level=AA,"The source document EXT_DOC_013_NEW (WCAG 2.1 change summary) explicitly lists the addition of success criterion 1.3.4 Orientation at conformance level AA. Therefore, OPTION_C is a",OPTION_A=CAND_003|OPTION_B=CAND_001|OPTION_C=CAND_002,3032,json_schema,1008,76,stop,"{
  ""abstain"": false,
  ""option_id"": ""OPTION_C"",
  ""reason"": ""The source document EXT_DOC_013_NEW (WCAG 2.1 change summary) explicitly lists the addition of success criterion 1.3.4 Orientation at conformance level AA. Therefore, OPTION_C is a""
}",,,,,,True,CAND_002,wcag21_cross_scope=1.3.4;level=AA,True
external,EXT_E013,CROSS_SENTENCE_SCOPE,5,20260824,OPTION_FORMAL_OPERATION,SELECTED,OPTION_C,CAND_002,wcag21_cross_scope=1.3.4;level=AA,Document EXT_DOC_013_NEW (effective 2018-06-05) explicitly lists '1.3.4 Orientation' as a new addition at conformance level AA. OPTION_A sets level AAA which contradicts the source,OPTION_A=CAND_003|OPTION_B=CAND_001|OPTION_C=CAND_002,3364,json_schema,1556,83,stop,"{
  ""abstain"": false,
  ""option_id"": ""OPTION_C"",
  ""reason"": ""Document EXT_DOC_013_NEW (effective 2018-06-05) explicitly lists '1.3.4 Orientation' as a new addition at conformance level AA. OPTION_A sets level AAA which contradicts the source""
}",,,,,,True,CAND_002,wcag21_cross_scope=1.3.4;level=AA,True
external,EXT_E013,CROSS_SENTENCE_SCOPE,5,20260824,OPTION_FORMAL_POLICY,SELECTED,OPTION_C,CAND_002,wcag21_cross_scope=1.3.4;level=AA,The formal_policy rule EXT_E013_NEW_PUBLIC_CHANGE applies because public_change_present is true and selected_revision is 'new'. This rule explicitly allows only 'wcag21_cross_scope,OPTION_A=CAND_003|OPTION_B=CAND_001|OPTION_C=CAND_002,2759,json_schema,1878,69,stop,"{
  ""abstain"": false,
  ""option_id"": ""OPTION_C"",
  ""reason"": ""The formal_policy rule EXT_E013_NEW_PUBLIC_CHANGE applies because public_change_present is true and selected_revision is 'new'. This rule explicitly allows only 'wcag21_cross_scope""
}",True,,,,,True,CAND_002,wcag21_cross_scope=1.3.4;level=AA,True
external,EXT_E013,CROSS_SENTENCE_SCOPE,5,20260824,OPTION_FORMAL_POLICY_HARD_GATE,SELECTED,OPTION_C,CAND_002,wcag21_cross_scope=1.3.4;level=AA,deterministic gate selected EXT_E013_NEW_PUBLIC_CHANGE,OPTION_A=CAND_003|OPTION_B=CAND_001|OPTION_C=CAND_002,0,formal_policy_hard_gate,0,0,,,True,EXT_E013_NEW_PUBLIC_CHANGE,wcag21_cross_scope=1.3.4;level=AA,1,DETERMINISTIC_SELECT,False,CAND_002,wcag21_cross_scope=1.3.4;level=AA,True
external,EXT_E014,CROSS_SENTENCE_SCOPE,5,20260824,DIRECT_FREE,SELECTED,OPTION_C,CAND_002,wcag21_cross_scope=1.3.5;level=AA,EXT_DOC_014_NEW (effective from 2018-06-05) supersedes EXT_DOC_014_OLD for WCAG 2.1 additions. The document explicitly lists 1.3.5 Identify Input Purpose at level AA as a new entry,OPTION_A=CAND_003|OPTION_B=CAND_001|OPTION_C=CAND_002,3938,json_schema,884,105,stop,"{
  ""abstain"": false,
  ""value"": ""wcag21_cross_scope=1.3.5;level=AA"",
  ""reason"": ""EXT_DOC_014_NEW (effective from 2018-06-05) supersedes EXT_DOC_014_OLD for WCAG 2.1 additions. The document explicitly lists 1.3.5 Identify Input Purpose at level AA as a new entry""
}",,,,,,True,CAND_002,wcag21_cross_scope=1.3.5;level=AA,True
external,EXT_E014,CROSS_SENTENCE_SCOPE,5,20260824,OPTION_VALUE_ONLY,SELECTED,OPTION_C,CAND_002,wcag21_cross_scope=1.3.5;level=AA,The document EXT_DOC_014_NEW (WCAG 2.1 change summary) published on 2018-06-05 explicitly lists the addition of success criterion 1.3.5 Identify Input Purpose at conformance level ,OPTION_A=CAND_003|OPTION_B=CAND_001|OPTION_C=CAND_002,3319,json_schema,1012,82,stop,"{
  ""abstain"": false,
  ""option_id"": ""OPTION_C"",
  ""reason"": ""The document EXT_DOC_014_NEW (WCAG 2.1 change summary) published on 2018-06-05 explicitly lists the addition of success criterion 1.3.5 Identify Input Purpose at conformance level "" }",,,,,,True,CAND_002,wcag21_cross_scope=1.3.5;level=AA,True
external,EXT_E014,CROSS_SENTENCE_SCOPE,5,20260824,OPTION_FORMAL_OPERATION,SELECTED,OPTION_C,CAND_002,wcag21_cross_scope=1.3.5;level=AA,The source document EXT_DOC_014_NEW ('What is New in WCAG 2.1') explicitly lists success criterion 1.3.5 Identify Input Purpose at conformance level AA as a new addition to WCAG 2.,OPTION_A=CAND_003|OPTION_B=CAND_001|OPTION_C=CAND_002,3225,json_schema,1560,79,stop,"{
  ""abstain"": false,
  ""option_id"": ""OPTION_C"",
  ""reason"": ""The source document EXT_DOC_014_NEW ('What is New in WCAG 2.1') explicitly lists success criterion 1.3.5 Identify Input Purpose at conformance level AA as a new addition to WCAG 2.""}",,,,,,True,CAND_002,wcag21_cross_scope=1.3.5;level=AA,True
external,EXT_E014,CROSS_SENTENCE_SCOPE,5,20260824,OPTION_FORMAL_POLICY,SELECTED,OPTION_C,CAND_002,wcag21_cross_scope=1.3.5;level=AA,The formal_policy rule EXT_E014_NEW_PUBLIC_CHANGE (priority 300) applies because public_change_present is true and selected_revision is 'new'. This rule explicitly allows only the值,OPTION_A=CAND_003|OPTION_B=CAND_001|OPTION_C=CAND_002,2999,json_schema,1882,71,stop,"{
  ""abstain"": false,
  ""option_id"": ""OPTION_C"",
  ""reason"": ""The formal_policy rule EXT_E014_NEW_PUBLIC_CHANGE (priority 300) applies because public_change_present is true and selected_revision is 'new'. This rule explicitly allows only the值""
}",True,,,,,True,CAND_002,wcag21_cross_scope=1.3.5;level=AA,True
external,EXT_E014,CROSS_SENTENCE_SCOPE,5,20260824,OPTION_FORMAL_POLICY_HARD_GATE,SELECTED,OPTION_C,CAND_002,wcag21_cross_scope=1.3.5;level=AA,deterministic gate selected EXT_E014_NEW_PUBLIC_CHANGE,OPTION_A=CAND_003|OPTION_B=CAND_001|OPTION_C=CAND_002,0,formal_policy_hard_gate,0,0,,,True,EXT_E014_NEW_PUBLIC_CHANGE,wcag21_cross_scope=1.3.5;level=AA,1,DETERMINISTIC_SELECT,False,CAND_002,wcag21_cross_scope=1.3.5;level=AA,True
external,EXT_E015,CROSS_SENTENCE_SCOPE,5,20260824,DIRECT_FREE,SELECTED,OPTION_C,CAND_002,wcag21_cross_scope=1.3.6;level=AAA,The source document EXT_DOC_015_NEW (effective from 2018-06-05) explicitly lists '1.3.6 Identify Purpose' as a new addition at level AAA. The previous standard (EXT_DOC_015_OLD) is,OPTION_A=CAND_003|OPTION_B=CAND_001|OPTION_C=CAND_002,3860,json_schema,882,101,stop,"{
  ""abstain"": false,
  ""value"": ""wcag21_cross_scope=1.3.6;level=AAA"",
  ""reason"": ""The source document EXT_DOC_015_NEW (effective from 2018-06-05) explicitly lists '1.3.6 Identify Purpose' as a new addition at level AAA. The previous standard (EXT_DOC_015_OLD) is""
}",,,,,,True,CAND_002,wcag21_cross_scope=1.3.6;level=AAA,True
external,EXT_E015,CROSS_SENTENCE_SCOPE,5,20260824,OPTION_VALUE_ONLY,SELECTED,OPTION_C,CAND_002,wcag21_cross_scope=1.3.6;level=AAA,The document EXT_DOC_015_NEW (WCAG 2.1 change summary) explicitly lists the addition of criterion 1.3.6 Identify Purpose at level AAA. This supersedes the status in WCAG 2.0 where ,OPTION_A=CAND_003|OPTION_B=CAND_001|OPTION_C=CAND_002,3286,json_schema,1010,80,stop,"{
  ""abstain"": false,
  ""option_id"": ""OPTION_C"",
  ""reason"": ""The document EXT_DOC_015_NEW (WCAG 2.1 change summary) explicitly lists the addition of criterion 1.3.6 Identify Purpose at level AAA. This supersedes the status in WCAG 2.0 where ""}",,,,,,True,CAND_002,wcag21_cross_scope=1.3.6;level=AAA,True
external,EXT_E015,CROSS_SENTENCE_SCOPE,5,20260824,OPTION_FORMAL_OPERATION,SELECTED,OPTION_C,CAND_002,wcag21_cross_scope=1.3.6;level=AAA,The source document EXT_DOC_015_NEW ('What is New in WCAG 2.1') explicitly lists '1.3.6 Identify Purpose' at level AAA as a new addition after WCAG 2.0. The evidence note confirms ,OPTION_A=CAND_003|OPTION_B=CAND_001|OPTION_C=CAND_002,3376,json_schema,1558,84,stop,"{
  ""abstain"": false,
  ""option_id"": ""OPTION_C"",
  ""reason"": ""The source document EXT_DOC_015_NEW ('What is New in WCAG 2.1') explicitly lists '1.3.6 Identify Purpose' at level AAA as a new addition after WCAG 2.0. The evidence note confirms ""
}",,,,,,True,CAND_002,wcag21_cross_scope=1.3.6;level=AAA,True
external,EXT_E015,CROSS_SENTENCE_SCOPE,5,20260824,OPTION_FORMAL_POLICY,SELECTED,OPTION_C,CAND_002,wcag21_cross_scope=1.3.6;level=AAA,The formal_policy rule EXT_E015_NEW_PUBLIC_CHANGE has priority 300 and applies because public_change_present is true and selected_revision is 'new'. This rule explicitly allows the,OPTION_A=CAND_003|OPTION_B=CAND_001|OPTION_C=CAND_002,2823,json_schema,1880,69,stop,"{
  ""abstain"": false,
  ""option_id"": ""OPTION_C"",
  ""reason"": ""The formal_policy rule EXT_E015_NEW_PUBLIC_CHANGE has priority 300 and applies because public_change_present is true and selected_revision is 'new'. This rule explicitly allows the""
}",True,,,,,True,CAND_002,wcag21_cross_scope=1.3.6;level=AAA,True
external,EXT_E015,CROSS_SENTENCE_SCOPE,5,20260824,OPTION_FORMAL_POLICY_HARD_GATE,SELECTED,OPTION_C,CAND_002,wcag21_cross_scope=1.3.6;level=AAA,deterministic gate selected EXT_E015_NEW_PUBLIC_CHANGE,OPTION_A=CAND_003|OPTION_B=CAND_001|OPTION_C=CAND_002,0,formal_policy_hard_gate,0,0,,,True,EXT_E015_NEW_PUBLIC_CHANGE,wcag21_cross_scope=1.3.6;level=AAA,1,DETERMINISTIC_SELECT,False,CAND_002,wcag21_cross_scope=1.3.6;level=AAA,True
external,EXT_E016,CROSS_SENTENCE_SCOPE,5,20260824,DIRECT_FREE,SELECTED,OPTION_B,CAND_002,wcag21_cross_scope=1.4.10;level=AA,Document EXT_DOC_016_NEW (effective from 2018-06-05) supersedes EXT_DOC_016_OLD (effective to 2018-06-04). The evidence note explicitly states that the WCAG 2.1 change page lists ',OPTION_A=CAND_001|OPTION_B=CAND_002|OPTION_C=CAND_003,3983,json_schema,888,110,stop,"{
  ""abstain"": false,
  ""value"": ""wcag21_cross_scope=1.4.10;level=AA"",
  ""reason"": ""Document EXT_DOC_016_NEW (effective from 2018-06-05) supersedes EXT_DOC_016_OLD (effective to 2018-06-04). The evidence note explicitly states that the WCAG 2.1 change page lists '"" }",,,,,,True,CAND_002,wcag21_cross_scope=1.4.10;level=AA,True
external,EXT_E016,CROSS_SENTENCE_SCOPE,5,20260824,OPTION_VALUE_ONLY,SELECTED,OPTION_B,CAND_002,wcag21_cross_scope=1.4.10;level=AA,Document EXT_DOC_016_NEW (WCAG 2.1 change summary) published on 2018-06-05 is the most authoritative source for WCAG 2.1 additions and supersedes EXT_DOC_016_OLD regarding new con.,OPTION_A=CAND_001|OPTION_B=CAND_002|OPTION_C=CAND_003,3458,json_schema,1018,87,stop,"{
  ""abstain"": false,
  ""option_id"": ""OPTION_B"",
  ""reason"": ""Document EXT_DOC_016_NEW (WCAG 2.1 change summary) published on 2018-06-05 is the most authoritative source for WCAG 2.1 additions and supersedes EXT_DOC_016_OLD regarding new con.""}",,,,,,True,CAND_002,wcag21_cross_scope=1.4.10;level=AA,True
external,EXT_E016,CROSS_SENTENCE_SCOPE,5,20260824,OPTION_FORMAL_OPERATION,SELECTED,OPTION_B,CAND_002,wcag21_cross_scope=1.4.10;level=AA,Document EXT_DOC_016_NEW (effective from 2018-06-05) explicitly adds success criterion 1.4.10 Reflow at conformance level AA to WCAG 2.1. The evidence note confirms this addition. ,OPTION_A=CAND_001|OPTION_B=CAND_002|OPTION_C=CAND_003,3454,json_schema,1569,87,stop,"{
  ""abstain"": false,
  ""option_id"": ""OPTION_B"",
  ""reason"": ""Document EXT_DOC_016_NEW (effective from 2018-06-05) explicitly adds success criterion 1.4.10 Reflow at conformance level AA to WCAG 2.1. The evidence note confirms this addition. ""
}",,,,,,True,CAND_002,wcag21_cross_scope=1.4.10;level=AA,True
external,EXT_E016,CROSS_SENTENCE_SCOPE,5,20260824,OPTION_FORMAL_POLICY,SELECTED,OPTION_B,CAND_002,wcag21_cross_scope=1.4.10;level=AA,The formal_policy rule EXT_E016_NEW_PUBLIC_CHANGE has priority 300 and applies because public_change_present is true and selected_revision is 'new'. Its allowed_values strictly enl,OPTION_A=CAND_001|OPTION_B=CAND_002|OPTION_C=CAND_003,2878,json_schema,1893,70,stop,"{
  ""abstain"": false,
  ""option_id"": ""OPTION_B"",
  ""reason"": ""The formal_policy rule EXT_E016_NEW_PUBLIC_CHANGE has priority 300 and applies because public_change_present is true and selected_revision is 'new'. Its allowed_values strictly enl""
}",True,,,,,True,CAND_002,wcag21_cross_scope=1.4.10;level=AA,True
external,EXT_E016,CROSS_SENTENCE_SCOPE,5,20260824,OPTION_FORMAL_POLICY_HARD_GATE,SELECTED,OPTION_B,CAND_002,wcag21_cross_scope=1.4.10;level=AA,deterministic gate selected EXT_E016_NEW_PUBLIC_CHANGE,OPTION_A=CAND_001|OPTION_B=CAND_002|OPTION_C=CAND_003,0,formal_policy_hard_gate,0,0,,,True,EXT_E016_NEW_PUBLIC_CHANGE,wcag21_cross_scope=1.4.10;level=AA,1,DETERMINISTIC_SELECT,False,CAND_002,wcag21_cross_scope=1.4.10;level=AA,True
external,EXT_E017,CROSS_SENTENCE_SCOPE,5,20260824,DIRECT_FREE,SELECTED,OPTION_B,CAND_002,wcag21_cross_scope=1.4.11;level=AA,Document EXT_DOC_017_NEW (effective 2018-06-05) supersedes EXT_DOC_017_OLD regarding WCAG 2.1 additions. The evidence note explicitly states that the listed addition includes '1.4.,OPTION_A=CAND_001|OPTION_B=CAND_002|OPTION_C=CAND_003,3746,json_schema,890,101,stop,"{
  ""abstain"": false,
  ""value"": ""wcag21_cross_scope=1.4.11;level=AA"",
  ""reason"": ""Document EXT_DOC_017_NEW (effective 2018-06-05) supersedes EXT_DOC_017_OLD regarding WCAG 2.1 additions. The evidence note explicitly states that the listed addition includes '1.4.""
}",,,,,,True,CAND_002,wcag21_cross_scope=1.4.11;level=AA,True
external,EXT_E017,CROSS_SENTENCE_SCOPE,5,20260824,OPTION_VALUE_ONLY,SELECTED,OPTION_B,CAND_002,wcag21_cross_scope=1.4.11;level=AA,Document EXT_DOC_017_NEW (WCAG 2.1 change summary) published on 2018-06-05 explicitly lists the addition of success criterion 1.4.11 Non-text Contrast at conformance level AA. This,OPTION_A=CAND_001|OPTION_B=CAND_002|OPTION_C=CAND_003,3332,json_schema,1020,85,stop,"{
  ""abstain"": false,
  ""option_id"": ""OPTION_B"",
  ""reason"": ""Document EXT_DOC_017_NEW (WCAG 2.1 change summary) published on 2018-06-05 explicitly lists the addition of success criterion 1.4.11 Non-text Contrast at conformance level AA. This""
}",,,,,,True,CAND_002,wcag21_cross_scope=1.4.11;level=AA,True
external,EXT_E017,CROSS_SENTENCE_SCOPE,5,20260824,OPTION_FORMAL_OPERATION,SELECTED,OPTION_B,CAND_002,wcag21_cross_scope=1.4.11;level=AA,Document EXT_DOC_017_NEW (effective 2018-06-05) supersedes EXT_DOC_017_OLD. It explicitly lists WCAG 2.1 additions including criterion 1.4.11 at level AA. The evidence supports the,OPTION_A=CAND_001|OPTION_B=CAND_002|OPTION_C=CAND_003,3529,json_schema,1571,91,stop,"{
  ""abstain"": false,
  ""option_id"": ""OPTION_B"",
  ""reason"": ""Document EXT_DOC_017_NEW (effective 2018-06-05) supersedes EXT_DOC_017_OLD. It explicitly lists WCAG 2.1 additions including criterion 1.4.11 at level AA. The evidence supports the""
}",,,,,,True,CAND_002,wcag21_cross_scope=1.4.11;level=AA,True
external,EXT_E017,CROSS_SENTENCE_SCOPE,5,20260824,OPTION_FORMAL_POLICY,SELECTED,OPTION_B,CAND_002,wcag21_cross_scope=1.4.11;level=AA,The formal_policy rule EXT_E017_NEW_PUBLIC_CHANGE has priority 300 and applies because public_change_present is true and selected_revision is 'new'. Its allowed_values strictly set,OPTION_A=CAND_001|OPTION_B=CAND_002|OPTION_C=CAND_003,2831,json_schema,1895,69,stop,"{
  ""abstain"": false,
  ""option_id"": ""OPTION_B"",
  ""reason"": ""The formal_policy rule EXT_E017_NEW_PUBLIC_CHANGE has priority 300 and applies because public_change_present is true and selected_revision is 'new'. Its allowed_values strictly set""
}",True,,,,,True,CAND_002,wcag21_cross_scope=1.4.11;level=AA,True
external,EXT_E017,CROSS_SENTENCE_SCOPE,5,20260824,OPTION_FORMAL_POLICY_HARD_GATE,SELECTED,OPTION_B,CAND_002,wcag21_cross_scope=1.4.11;level=AA,deterministic gate selected EXT_E017_NEW_PUBLIC_CHANGE,OPTION_A=CAND_001|OPTION_B=CAND_002|OPTION_C=CAND_003,0,formal_policy_hard_gate,0,0,,,True,EXT_E017_NEW_PUBLIC_CHANGE,wcag21_cross_scope=1.4.11;level=AA,1,DETERMINISTIC_SELECT,False,CAND_002,wcag21_cross_scope=1.4.11;level=AA,True
external,EXT_E018,CROSS_SENTENCE_SCOPE,5,20260824,DIRECT_FREE,SELECTED,OPTION_A,CAND_002,wcag21_cross_scope=1.4.12;level=AA,The public evidence note explicitly states that the W3C WCAG 2.1 change page lists '1.4.12 Text Spacing at level AA' as a new addition. CAND_002 matches this specific scope (criter,OPTION_A=CAND_002|OPTION_B=CAND_003|OPTION_C=CAND_001,3581,json_schema,890,96,stop,"{
  ""abstain"": false,
  ""value"": ""wcag21_cross_scope=1.4.12;level=AA"",
  ""reason"": ""The public evidence note explicitly states that the W3C WCAG 2.1 change page lists '1.4.12 Text Spacing at level AA' as a new addition. CAND_002 matches this specific scope (criter""
}",,,,,,True,CAND_002,wcag21_cross_scope=1.4.12;level=AA,True
external,EXT_E018,CROSS_SENTENCE_SCOPE,5,20260824,OPTION_VALUE_ONLY,SELECTED,OPTION_A,CAND_002,wcag21_cross_scope=1.4.12;level=AA,"The source document EXT_DOC_018_NEW ('What is New in WCAG 2.1', effective from 2018-06-05) supersedes EXT_DOC_018_OLD for criteria added after WCAG 2.0. The evidence note confirms ",OPTION_A=CAND_002|OPTION_B=CAND_003|OPTION_C=CAND_001,3721,json_schema,1020,92,stop,"{
  ""abstain"": false,
  ""option_id"": ""OPTION_A"",
  ""reason"": ""The source document EXT_DOC_018_NEW ('What is New in WCAG 2.1', effective from 2018-06-05) supersedes EXT_DOC_018_OLD for criteria added after WCAG 2.0. The evidence note confirms ""
}",,,,,,True,CAND_002,wcag21_cross_scope=1.4.12;level=AA,True
external,EXT_E018,CROSS_SENTENCE_SCOPE,5,20260824,OPTION_FORMAL_OPERATION,SELECTED,OPTION_A,CAND_002,wcag21_cross_scope=1.4.12;level=AA,"The source document EXT_DOC_018_NEW (WCAG 2.1 change summary) explicitly lists the addition of success criterion 1.4.12 Text Spacing at conformance level AA. Therefore, OPTION_A, a",OPTION_A=CAND_002|OPTION_B=CAND_003|OPTION_C=CAND_001,3524,json_schema,1571,80,stop,"{
  ""abstain"": false,
  ""option_id"": ""OPTION_A"",
  ""reason"": ""The source document EXT_DOC_018_NEW (WCAG 2.1 change summary) explicitly lists the addition of success criterion 1.4.12 Text Spacing at conformance level AA. Therefore, OPTION_A, a""
}",,,,,,True,CAND_002,wcag21_cross_scope=1.4.12;level=AA,True
external,EXT_E018,CROSS_SENTENCE_SCOPE,5,20260824,OPTION_FORMAL_POLICY,SELECTED,OPTION_A,CAND_002,wcag21_cross_scope=1.4.12;level=AA,The formal_policy rule EXT_E018_NEW_PUBLIC_CHANGE (priority 300) applies because public_change_present is true and selected_revision is 'new'. This rule explicitly allows only the值,OPTION_A=CAND_002|OPTION_B=CAND_003|OPTION_C=CAND_001,2947,json_schema,1895,71,stop,"{
  ""abstain"": false,
  ""option_id"": ""OPTION_A"",
  ""reason"": ""The formal_policy rule EXT_E018_NEW_PUBLIC_CHANGE (priority 300) applies because public_change_present is true and selected_revision is 'new'. This rule explicitly allows only the值""
}",True,,,,,True,CAND_002,wcag21_cross_scope=1.4.12;level=AA,True
external,EXT_E018,CROSS_SENTENCE_SCOPE,5,20260824,OPTION_FORMAL_POLICY_HARD_GATE,SELECTED,OPTION_A,CAND_002,wcag21_cross_scope=1.4.12;level=AA,deterministic gate selected EXT_E018_NEW_PUBLIC_CHANGE,OPTION_A=CAND_002|OPTION_B=CAND_003|OPTION_C=CAND_001,0,formal_policy_hard_gate,0,0,,,True,EXT_E018_NEW_PUBLIC_CHANGE,wcag21_cross_scope=1.4.12;level=AA,1,DETERMINISTIC_SELECT,False,CAND_002,wcag21_cross_scope=1.4.12;level=AA,True
external,EXT_E019,CROSS_SENTENCE_SCOPE,5,20260824,DIRECT_FREE,SELECTED,OPTION_B,CAND_002,wcag21_cross_scope=1.4.13;level=AA,EXT_DOC_019_NEW (effective from 2018-06-05) supersedes EXT_DOC_019_OLD. The evidence note explicitly states that WCAG 2.1 added criterion 1.4.13 at level AA.,OPTION_A=CAND_003|OPTION_B=CAND_002|OPTION_C=CAND_001,3460,json_schema,894,102,stop,"{
  ""abstain"": false,
  ""value"": ""wcag21_cross_scope=1.4.13;level=AA"",
  ""reason"": ""EXT_DOC_019_NEW (effective from 2018-06-05) supersedes EXT_DOC_019_OLD. The evidence note explicitly states that WCAG 2.1 added criterion 1.4.13 at level AA.""
}",,,,,,True,CAND_002,wcag21_cross_scope=1.4.13;level=AA,True
external,EXT_E019,CROSS_SENTENCE_SCOPE,5,20260824,OPTION_VALUE_ONLY,SELECTED,OPTION_B,CAND_002,wcag21_cross_scope=1.4.13;level=AA,The public evidence note explicitly states that WCAG 2.1 change page lists the addition of 1.4.13 at level AA. CAND_002 matches this fact (level=AA). CAND_001 is incorrect as it is,OPTION_A=CAND_003|OPTION_B=CAND_002|OPTION_C=CAND_001,3329,json_schema,1024,83,stop,"{
  ""abstain"": false,
  ""option_id"": ""OPTION_B"",
  ""reason"": ""The public evidence note explicitly states that WCAG 2.1 change page lists the addition of 1.4.13 at level AA. CAND_002 matches this fact (level=AA). CAND_001 is incorrect as it is""
}",,,,,,True,CAND_002,wcag21_cross_scope=1.4.13;level=AA,True
external,EXT_E019,CROSS_SENTENCE_SCOPE,5,20260824,OPTION_FORMAL_OPERATION,SELECTED,OPTION_B,CAND_002,wcag21_cross_scope=1.4.13;level=AA,The source document EXT_DOC_019_NEW ('What is New in WCAG 2.1') explicitly lists criterion 1.4.13 at conformance level AA. Option B correctly updates the scope to reflect this fact,OPTION_A=CAND_003|OPTION_B=CAND_002|OPTION_C=CAND_001,3124,json_schema,1575,79,stop,"{
  ""abstain"": false,
  ""option_id"": ""OPTION_B"",
  ""reason"": ""The source document EXT_DOC_019_NEW ('What is New in WCAG 2.1') explicitly lists criterion 1.4.13 at conformance level AA. Option B correctly updates the scope to reflect this fact""
}",,,,,,True,CAND_002,wcag21_cross_scope=1.4.13;level=AA,True
external,EXT_E019,CROSS_SENTENCE_SCOPE,5,20260824,OPTION_FORMAL_POLICY,SELECTED,OPTION_B,CAND_002,wcag21_cross_scope=1.4.13;level=AA,The formal_policy rule EXT_E019_NEW_PUBLIC_CHANGE applies because public_change_present is true and selected_revision is 'new'. This rule explicitly allows only 'wcag21_cross_scope,OPTION_A=CAND_003|OPTION_B=CAND_002|OPTION_C=CAND_001,2758,json_schema,1899,69,stop,"{
  ""abstain"": false,
  ""option_id"": ""OPTION_B"",
  ""reason"": ""The formal_policy rule EXT_E019_NEW_PUBLIC_CHANGE applies because public_change_present is true and selected_revision is 'new'. This rule explicitly allows only 'wcag21_cross_scope""
}",True,,,,,True,CAND_002,wcag21_cross_scope=1.4.13;level=AA,True
external,EXT_E019,CROSS_SENTENCE_SCOPE,5,20260824,OPTION_FORMAL_POLICY_HARD_GATE,SELECTED,OPTION_B,CAND_002,wcag21_cross_scope=1.4.13;level=AA,deterministic gate selected EXT_E019_NEW_PUBLIC_CHANGE,OPTION_A=CAND_003|OPTION_B=CAND_002|OPTION_C=CAND_001,0,formal_policy_hard_gate,0,0,,,True,EXT_E019_NEW_PUBLIC_CHANGE,wcag21_cross_scope=1.4.13;level=AA,1,DETERMINISTIC_SELECT,False,CAND_002,wcag21_cross_scope=1.4.13;level=AA,True
external,EXT_E020,CROSS_SENTENCE_SCOPE,5,20260824,DIRECT_FREE,SELECTED,OPTION_A,CAND_002,wcag21_cross_scope=2.1.4;level=A,"The document EXT_DOC_020_NEW (What is New in WCAG 2.1), effective from 2018-06-05, explicitly lists the addition of success criterion 2.1.4 Character Key Shortcuts at conformance '",OPTION_A=CAND_002|OPTION_B=CAND_003|OPTION_C=CAND_001,3658,json_schema,885,99,stop,"{
  ""abstain"": false,
  ""value"": ""wcag21_cross_scope=2.1.4;level=A"",
  ""reason"": ""The document EXT_DOC_020_NEW (What is New in WCAG 2.1), effective from 2018-06-05, explicitly lists the addition of success criterion 2.1.4 Character Key Shortcuts at conformance '""
}",,,,,,True,CAND_002,wcag21_cross_scope=2.1.4;level=A,True
external,EXT_E020,CROSS_SENTENCE_SCOPE,5,20260824,OPTION_VALUE_ONLY,SELECTED,OPTION_A,CAND_002,wcag21_cross_scope=2.1.4;level=A,The source document EXT_DOC_020_NEW (WCAG 2.1 change summary) explicitly lists the addition of success criterion 2.1.4 Character Key Shortcuts at conformance level A. The target is,OPTION_A=CAND_002|OPTION_B=CAND_003|OPTION_C=CAND_001,3330,json_schema,1012,77,stop,"{
  ""abstain"": false,
  ""option_id"": ""OPTION_A"",
  ""reason"": ""The source document EXT_DOC_020_NEW (WCAG 2.1 change summary) explicitly lists the addition of success criterion 2.1.4 Character Key Shortcuts at conformance level A. The target is""
}",,,,,,True,CAND_002,wcag21_cross_scope=2.1.4;level=A,True
external,EXT_E020,CROSS_SENTENCE_SCOPE,5,20260824,OPTION_FORMAL_OPERATION,SELECTED,OPTION_A,CAND_002,wcag21_cross_scope=2.1.4;level=A,"The source document EXT_DOC_020_NEW ('What is New in WCAG 2.1') explicitly lists the addition of success criterion 2.1.4 Character Key Shortcuts at conformance level A. Therefore, ",OPTION_A=CAND_002|OPTION_B=CAND_003|OPTION_C=CAND_001,3085,json_schema,1560,77,stop,"{
  ""abstain"": false,
  ""option_id"": ""OPTION_A"",
  ""reason"": ""The source document EXT_DOC_020_NEW ('What is New in WCAG 2.1') explicitly lists the addition of success criterion 2.1.4 Character Key Shortcuts at conformance level A. Therefore, ""}",,,,,,True,CAND_002,wcag21_cross_scope=2.1.4;level=A,True
external,EXT_E020,CROSS_SENTENCE_SCOPE,5,20260824,OPTION_FORMAL_POLICY,SELECTED,OPTION_A,CAND_002,wcag21_cross_scope=2.1.4;level=A,The formal_policy rule EXT_E020_NEW_PUBLIC_CHANGE has priority 300 and applies because public_change_present is true and selected_revision is 'new'. This rule explicitly allows the,OPTION_A=CAND_002|OPTION_B=CAND_003|OPTION_C=CAND_001,2870,json_schema,1881,69,stop,"{
  ""abstain"": false,
  ""option_id"": ""OPTION_A"",
  ""reason"": ""The formal_policy rule EXT_E020_NEW_PUBLIC_CHANGE has priority 300 and applies because public_change_present is true and selected_revision is 'new'. This rule explicitly allows the""
}",True,,,,,True,CAND_002,wcag21_cross_scope=2.1.4;level=A,True
external,EXT_E020,CROSS_SENTENCE_SCOPE,5,20260824,OPTION_FORMAL_POLICY_HARD_GATE,SELECTED,OPTION_A,CAND_002,wcag21_cross_scope=2.1.4;level=A,deterministic gate selected EXT_E020_NEW_PUBLIC_CHANGE,OPTION_A=CAND_002|OPTION_B=CAND_003|OPTION_C=CAND_001,0,formal_policy_hard_gate,0,0,,,True,EXT_E020_NEW_PUBLIC_CHANGE,wcag21_cross_scope=2.1.4;level=A,1,DETERMINISTIC_SELECT,False,CAND_002,wcag21_cross_scope=2.1.4;level=A,True
external,EXT_E021,CROSS_SENTENCE_SCOPE,5,20260824,DIRECT_FREE,SELECTED,OPTION_C,CAND_002,wcag21_cross_scope=4.1.3;level=AA,EXT_DOC_021_NEW (effective 2018-06-05) supersedes EXT_DOC_021_OLD for WCAG 2.1 additions. The document explicitly lists 'Status Messages' as a new success criterion at conformance',OPTION_A=CAND_001|OPTION_B=CAND_003|OPTION_C=CAND_002,3585,json_schema,882,99,stop,"{
  ""abstain"": false,
  ""value"": ""wcag21_cross_scope=4.1.3;level=AA"",
  ""reason"": ""EXT_DOC_021_NEW (effective 2018-06-05) supersedes EXT_DOC_021_OLD for WCAG 2.1 additions. The document explicitly lists 'Status Messages' as a new success criterion at conformance'""}",,,,,,True,CAND_002,wcag21_cross_scope=4.1.3;level=AA,True
external,EXT_E021,CROSS_SENTENCE_SCOPE,5,20260824,OPTION_VALUE_ONLY,SELECTED,OPTION_C,CAND_002,wcag21_cross_scope=4.1.3;level=AA,The source document EXT_DOC_021_NEW (WCAG 2.1 change summary) explicitly lists the addition of success criterion 4.1.3 Status Messages at conformance level AA. The target requires ,OPTION_A=CAND_001|OPTION_B=CAND_003|OPTION_C=CAND_002,3007,json_schema,1010,73,stop,"{
  ""abstain"": false,
  ""option_id"": ""OPTION_C"",
  ""reason"": ""The source document EXT_DOC_021_NEW (WCAG 2.1 change summary) explicitly lists the addition of success criterion 4.1.3 Status Messages at conformance level AA. The target requires ""}",,,,,,True,CAND_002,wcag21_cross_scope=4.1.3;level=AA,True
external,EXT_E021,CROSS_SENTENCE_SCOPE,5,20260824,OPTION_FORMAL_OPERATION,SELECTED,OPTION_C,CAND_002,wcag21_cross_scope=4.1.3;level=AA,Document EXT_DOC_021_NEW (effective from 2018-06-05) explicitly adds WCAG 2.1 criterion 4.1.3 at conformance level AA. The public evidence note confirms the addition is at level AA,OPTION_A=CAND_001|OPTION_B=CAND_003|OPTION_C=CAND_002,3389,json_schema,1558,86,stop,"{
  ""abstain"": false,
  ""option_id"": ""OPTION_C"",
  ""reason"": ""Document EXT_DOC_021_NEW (effective from 2018-06-05) explicitly adds WCAG 2.1 criterion 4.1.3 at conformance level AA. The public evidence note confirms the addition is at level AA""
}",,,,,,True,CAND_002,wcag21_cross_scope=4.1.3;level=AA,True
external,EXT_E021,CROSS_SENTENCE_SCOPE,5,20260824,OPTION_FORMAL_POLICY,SELECTED,OPTION_C,CAND_002,wcag21_cross_scope=4.1.3;level=AA,The formal_policy rule EXT_E021_NEW_PUBLIC_CHANGE applies because public_change_present is true and selected_revision is 'new'. This rule explicitly allows only 'wcag21_cross_scope,OPTION_A=CAND_001|OPTION_B=CAND_003|OPTION_C=CAND_002,2759,json_schema,1880,69,stop,"{
  ""abstain"": false,
  ""option_id"": ""OPTION_C"",
  ""reason"": ""The formal_policy rule EXT_E021_NEW_PUBLIC_CHANGE applies because public_change_present is true and selected_revision is 'new'. This rule explicitly allows only 'wcag21_cross_scope""
}",True,,,,,True,CAND_002,wcag21_cross_scope=4.1.3;level=AA,True
external,EXT_E021,CROSS_SENTENCE_SCOPE,5,20260824,OPTION_FORMAL_POLICY_HARD_GATE,SELECTED,OPTION_C,CAND_002,wcag21_cross_scope=4.1.3;level=AA,deterministic gate selected EXT_E021_NEW_PUBLIC_CHANGE,OPTION_A=CAND_001|OPTION_B=CAND_003|OPTION_C=CAND_002,0,formal_policy_hard_gate,0,0,,,True,EXT_E021_NEW_PUBLIC_CHANGE,wcag21_cross_scope=4.1.3;level=AA,1,DETERMINISTIC_SELECT,False,CAND_002,wcag21_cross_scope=4.1.3;level=AA,True
external,EXT_E022,GENERAL_RULE_EXCEPTION,5,20260824,DIRECT_FREE,SELECTED,OPTION_B,CAND_002,wcag21_input_rule=2.5.1;level=A,EXT_DOC_022_NEW (effective 2018-06-05) supersedes EXT_DOC_022_OLD. The change summary explicitly lists '2.5.1 Pointer Gestures' as a new addition at conformance level A.,OPTION_A=CAND_003|OPTION_B=CAND_002|OPTION_C=CAND_001,3471,json_schema,875,99,stop,"{
  ""abstain"": false,
  ""value"": ""wcag21_input_rule=2.5.1;level=A"",
  ""reason"": ""EXT_DOC_022_NEW (effective 2018-06-05) supersedes EXT_DOC_022_OLD. The change summary explicitly lists '2.5.1 Pointer Gestures' as a new addition at conformance level A.""
}",,,,,,True,CAND_002,wcag21_input_rule=2.5.1;level=A,True
external,EXT_E022,GENERAL_RULE_EXCEPTION,5,20260824,OPTION_VALUE_ONLY,SELECTED,OPTION_B,CAND_002,wcag21_input_rule=2.5.1;level=A,The document EXT_DOC_022_NEW (WCAG 2.1 change summary) explicitly lists the addition of success criterion 2.5.1 Pointer Gestures at conformance level A. This supersedes the status.,OPTION_A=CAND_003|OPTION_B=CAND_002|OPTION_C=CAND_001,3113,json_schema,1002,77,stop,"{
  ""abstain"": false,
  ""option_id"": ""OPTION_B"",
  ""reason"": ""The document EXT_DOC_022_NEW (WCAG 2.1 change summary) explicitly lists the addition of success criterion 2.5.1 Pointer Gestures at conformance level A. This supersedes the status.""}",,,,,,True,CAND_002,wcag21_input_rule=2.5.1;level=A,True
external,EXT_E022,GENERAL_RULE_EXCEPTION,5,20260824,OPTION_FORMAL_OPERATION,SELECTED,OPTION_B,CAND_002,wcag21_input_rule=2.5.1;level=A,The source document EXT_DOC_022_NEW ('What is New in WCAG 2.1') explicitly lists 2.5.1 Pointer Gestures as a new success criterion added at Level A. Option B correctly reflects the,OPTION_A=CAND_003|OPTION_B=CAND_002|OPTION_C=CAND_001,3225,json_schema,1550,79,stop,"{
  ""abstain"": false,
  ""option_id"": ""OPTION_B"",
  ""reason"": ""The source document EXT_DOC_022_NEW ('What is New in WCAG 2.1') explicitly lists 2.5.1 Pointer Gestures as a new success criterion added at Level A. Option B correctly reflects the""
}",,,,,,True,CAND_002,wcag21_input_rule=2.5.1;level=A,True
external,EXT_E022,GENERAL_RULE_EXCEPTION,5,20260824,OPTION_FORMAL_POLICY,SELECTED,OPTION_B,CAND_002,wcag21_input_rule=2.5.1;level=A,"The formal_policy rule EXT_E022_NEW_PUBLIC_CHANGE has priority 300 and matches the facts (public_change_present=true, selected_revision=new). Its allowed_values list contains only ",OPTION_A=CAND_003|OPTION_B=CAND_002|OPTION_C=CAND_001,2941,json_schema,1871,70,stop,"{
  ""abstain"": false,
  ""option_id"": ""OPTION_B"",
  ""reason"": ""The formal_policy rule EXT_E022_NEW_PUBLIC_CHANGE has priority 300 and matches the facts (public_change_present=true, selected_revision=new). Its allowed_values list contains only ""

  }",True,,,,,True,CAND_002,wcag21_input_rule=2.5.1;level=A,True
external,EXT_E022,GENERAL_RULE_EXCEPTION,5,20260824,OPTION_FORMAL_POLICY_HARD_GATE,SELECTED,OPTION_B,CAND_002,wcag21_input_rule=2.5.1;level=A,deterministic gate selected EXT_E022_NEW_PUBLIC_CHANGE,OPTION_A=CAND_003|OPTION_B=CAND_002|OPTION_C=CAND_001,0,formal_policy_hard_gate,0,0,,,True,EXT_E022_NEW_PUBLIC_CHANGE,wcag21_input_rule=2.5.1;level=A,1,DETERMINISTIC_SELECT,False,CAND_002,wcag21_input_rule=2.5.1;level=A,True
external,EXT_E023,GENERAL_RULE_EXCEPTION,5,20260824,DIRECT_FREE,SELECTED,OPTION_B,CAND_002,wcag21_input_rule=2.5.2;level=A,EXT_DOC_023_NEW (effective from 2018-06-05) supersedes EXT_DOC_023_OLD. The document explicitly lists '2.5.2 Pointer Cancellation' as a new addition at level A.,OPTION_A=CAND_003|OPTION_B=CAND_002|OPTION_C=CAND_001,3421,json_schema,875,97,stop,"{
  ""abstain"": false,
  ""value"": ""wcag21_input_rule=2.5.2;level=A"",
  ""reason"": ""EXT_DOC_023_NEW (effective from 2018-06-05) supersedes EXT_DOC_023_OLD. The document explicitly lists '2.5.2 Pointer Cancellation' as a new addition at level A.""
}",,,,,,True,CAND_002,wcag21_input_rule=2.5.2;level=A,True
external,EXT_E023,GENERAL_RULE_EXCEPTION,5,20260824,OPTION_VALUE_ONLY,SELECTED,OPTION_B,CAND_002,wcag21_input_rule=2.5.2;level=A,WCAG 2.1 (effective 2018-06-05) added success criterion 2.5.2 Pointer Cancellation at conformance level A. WCAG 2.0 did not contain this specific criterion. The evidence explicitly,OPTION_A=CAND_003|OPTION_B=CAND_002|OPTION_C=CAND_001,3407,json_schema,1002,84,stop,"{
  ""abstain"": false,
  ""option_id"": ""OPTION_B"",
  ""reason"": ""WCAG 2.1 (effective 2018-06-05) added success criterion 2.5.2 Pointer Cancellation at conformance level A. WCAG 2.0 did not contain this specific criterion. The evidence explicitly""

}",,,,,,True,CAND_002,wcag21_input_rule=2.5.2;level=A,True
external,EXT_E023,GENERAL_RULE_EXCEPTION,5,20260824,OPTION_FORMAL_OPERATION,SELECTED,OPTION_B,CAND_002,wcag21_input_rule=2.5.2;level=A,"The source document EXT_DOC_023_NEW ('What is New in WCAG 2.1') explicitly lists success criterion 2.5.2 Pointer Cancellation as a new addition at conformance level A. Therefore, '",OPTION_A=CAND_003|OPTION_B=CAND_002|OPTION_C=CAND_001,3180,json_schema,1550,79,stop,"{
  ""abstain"": false,
  ""option_id"": ""OPTION_B"",
  ""reason"": ""The source document EXT_DOC_023_NEW ('What is New in WCAG 2.1') explicitly lists success criterion 2.5.2 Pointer Cancellation as a new addition at conformance level A. Therefore, '""
}",,,,,,True,CAND_002,wcag21_input_rule=2.5.2;level=A,True
external,EXT_E023,GENERAL_RULE_EXCEPTION,5,20260824,OPTION_FORMAL_POLICY,SELECTED,OPTION_B,CAND_002,wcag21_input_rule=2.5.2;level=A,"The formal_policy rule EXT_E023_NEW_PUBLIC_CHANGE has priority 300 and matches the facts (public_change_present=true, selected_revision=new). Its allowed_values strictly contain 'C",OPTION_A=CAND_003|OPTION_B=CAND_002|OPTION_C=CAND_001,2881,json_schema,1871,70,stop,"{
  ""abstain"": false,
  ""option_id"": ""OPTION_B"",
  ""reason"": ""The formal_policy rule EXT_E023_NEW_PUBLIC_CHANGE has priority 300 and matches the facts (public_change_present=true, selected_revision=new). Its allowed_values strictly contain 'C""
}",True,,,,,True,CAND_002,wcag21_input_rule=2.5.2;level=A,True
external,EXT_E023,GENERAL_RULE_EXCEPTION,5,20260824,OPTION_FORMAL_POLICY_HARD_GATE,SELECTED,OPTION_B,CAND_002,wcag21_input_rule=2.5.2;level=A,deterministic gate selected EXT_E023_NEW_PUBLIC_CHANGE,OPTION_A=CAND_003|OPTION_B=CAND_002|OPTION_C=CAND_001,0,formal_policy_hard_gate,0,0,,,True,EXT_E023_NEW_PUBLIC_CHANGE,wcag21_input_rule=2.5.2;level=A,1,DETERMINISTIC_SELECT,False,CAND_002,wcag21_input_rule=2.5.2;level=A,True
external,EXT_E024,GENERAL_RULE_EXCEPTION,5,20260824,DIRECT_FREE,SELECTED,OPTION_A,CAND_002,wcag21_input_rule=2.5.3;level=A,"The document EXT_DOC_024_NEW (WCAG 2.1 change summary) explicitly lists 2.5.3 Label in Name as a new input modality related success criterion at level A, superseding the status in ",OPTION_A=CAND_002|OPTION_B=CAND_001|OPTION_C=CAND_003,3305,json_schema,875,90,stop,"{
  ""abstain"": false,
  ""value"": ""wcag21_input_rule=2.5.3;level=A"",
  ""reason"": ""The document EXT_DOC_024_NEW (WCAG 2.1 change summary) explicitly lists 2.5.3 Label in Name as a new input modality related success criterion at level A, superseding the status in ""}",,,,,,True,CAND_002,wcag21_input_rule=2.5.3;level=A,True
external,EXT_E024,GENERAL_RULE_EXCEPTION,5,20260824,OPTION_VALUE_ONLY,SELECTED,OPTION_A,CAND_002,wcag21_input_rule=2.5.3;level=A,WCAG 2.1 (effective 2018-06-05) supersedes WCAG 2.0 for the input modality rule status. The document 'What is New in WCAG 2.1' explicitly lists 2.5.3 Label in Name as a new success,OPTION_A=CAND_002|OPTION_B=CAND_001|OPTION_C=CAND_003,3658,json_schema,1002,96,stop,"{
  ""abstain"": false,
  ""option_id"": ""OPTION_A"",
  ""reason"": ""WCAG 2.1 (effective 2018-06-05) supersedes WCAG 2.0 for the input modality rule status. The document 'What is New in WCAG 2.1' explicitly lists 2.5.3 Label in Name as a new success""
}",,,,,,True,CAND_002,wcag21_input_rule=2.5.3;level=A,True
external,EXT_E024,GENERAL_RULE_EXCEPTION,5,20260824,OPTION_FORMAL_OPERATION,SELECTED,OPTION_A,CAND_002,wcag21_input_rule=2.5.3;level=A,Document EXT_DOC_024_NEW (effective 2018-06-05) supersedes EXT_DOC_024_OLD. It explicitly lists WCAG 2.5.3 Label in Name as a new input modality requirement at Level A. OPTION_A's ,OPTION_A=CAND_002|OPTION_B=CAND_001|OPTION_C=CAND_003,3602,json_schema,1550,92,stop,"{
  ""abstain"": false,
  ""option_id"": ""OPTION_A"",
  ""reason"": ""Document EXT_DOC_024_NEW (effective 2018-06-05) supersedes EXT_DOC_024_OLD. It explicitly lists WCAG 2.5.3 Label in Name as a new input modality requirement at Level A. OPTION_A's ""
}",,,,,,True,CAND_002,wcag21_input_rule=2.5.3;level=A,True
external,EXT_E024,GENERAL_RULE_EXCEPTION,5,20260824,OPTION_FORMAL_POLICY,SELECTED,OPTION_A,CAND_002,wcag21_input_rule=2.5.3;level=A,The formal_policy rule EXT_E024_NEW_PUBLIC_CHANGE has priority 300 and applies because public_change_present is true and selected_revision is 'new'. Its allowed_values list only [',OPTION_A=CAND_002|OPTION_B=CAND_001|OPTION_C=CAND_003,2837,json_schema,1871,70,stop,"{
  ""abstain"": false,
  ""option_id"": ""OPTION_A"",
  ""reason"": ""The formal_policy rule EXT_E024_NEW_PUBLIC_CHANGE has priority 300 and applies because public_change_present is true and selected_revision is 'new'. Its allowed_values list only ['""
}",True,,,,,True,CAND_002,wcag21_input_rule=2.5.3;level=A,True
external,EXT_E024,GENERAL_RULE_EXCEPTION,5,20260824,OPTION_FORMAL_POLICY_HARD_GATE,SELECTED,OPTION_A,CAND_002,wcag21_input_rule=2.5.3;level=A,deterministic gate selected EXT_E024_NEW_PUBLIC_CHANGE,OPTION_A=CAND_002|OPTION_B=CAND_001|OPTION_C=CAND_003,0,formal_policy_hard_gate,0,0,,,True,EXT_E024_NEW_PUBLIC_CHANGE,wcag21_input_rule=2.5.3;level=A,1,DETERMINISTIC_SELECT,False,CAND_002,wcag21_input_rule=2.5.3;level=A,True
external,EXT_E025,GENERAL_RULE_EXCEPTION,5,20260824,DIRECT_FREE,SELECTED,OPTION_C,CAND_002,risk_management_text=updated_context_setting,The source document EXT_DOC_025_NEW (NIST SP 800-63-4) is authoritative and effective from 2025-08-01. The public evidence note explicitly states that the landing page lists the 'U,OPTION_A=CAND_003|OPTION_B=CAND_001|OPTION_C=CAND_002,3485,json_schema,876,90,stop,"{
  ""abstain"": false,
  ""value"": ""risk_management_text=updated_context_setting"",
  ""reason"": ""The source document EXT_DOC_025_NEW (NIST SP 800-63-4) is authoritative and effective from 2025-08-01. The public evidence note explicitly states that the landing page lists the 'U""
}",,,,,,True,CAND_002,risk_management_text=updated_context_setting,True
external,EXT_E025,GENERAL_RULE_EXCEPTION,5,20260824,OPTION_VALUE_ONLY,SELECTED,OPTION_C,CAND_002,risk_management_text=updated_context_setting,The source document EXT_DOC_025_NEW (NIST SP 800-63-4) is authoritative and effective from 2025-08-01. The case context explicitly states the target change is 'Updates text and ...,OPTION_A=CAND_003|OPTION_B=CAND_001|OPTION_C=CAND_002,3315,json_schema,990,86,stop,"{
  ""abstain"": false,
  ""option_id"": ""OPTION_C"",
  ""reason"": ""The source document EXT_DOC_025_NEW (NIST SP 800-63-4) is authoritative and effective from 2025-08-01. The case context explicitly states the target change is 'Updates text and ...""
}",,,,,,True,CAND_002,risk_management_text=updated_context_setting,True
external,EXT_E025,GENERAL_RULE_EXCEPTION,5,20260824,OPTION_FORMAL_OPERATION,SELECTED,OPTION_C,CAND_002,risk_management_text=updated_context_setting,The target change explicitly states 'Updates text and context setting for risk management'. CAND_002 ('risk_management_text=updated_context_setting') directly matches this textual/,OPTION_A=CAND_003|OPTION_B=CAND_001|OPTION_C=CAND_002,2813,json_schema,1553,63,stop,"{
  ""abstain"": false,
  ""option_id"": ""OPTION_C"",
  ""reason"": ""The target change explicitly states 'Updates text and context setting for risk management'. CAND_002 ('risk_management_text=updated_context_setting') directly matches this textual/""}",,,,,,True,CAND_002,risk_management_text=updated_context_setting,True
external,EXT_E025,GENERAL_RULE_EXCEPTION,5,20260824,OPTION_FORMAL_POLICY,SELECTED,OPTION_C,CAND_002,risk_management_text=updated_context_setting,The formal_policy rule EXT_E025_NEW_PUBLIC_CHANGE has priority 300 and applies when selected_revision is 'new' (which matches the case context of assessing the 2025 final release).,OPTION_A=CAND_003|OPTION_B=CAND_001|OPTION_C=CAND_002,2814,json_schema,1879,75,stop,"{
  ""abstain"": false,
  ""option_id"": ""OPTION_C"",
  ""reason"": ""The formal_policy rule EXT_E025_NEW_PUBLIC_CHANGE has priority 300 and applies when selected_revision is 'new' (which matches the case context of assessing the 2025 final release).""
}",True,,,,,True,CAND_002,risk_management_text=updated_context_setting,True
external,EXT_E025,GENERAL_RULE_EXCEPTION,5,20260824,OPTION_FORMAL_POLICY_HARD_GATE,SELECTED,OPTION_C,CAND_002,risk_management_text=updated_context_setting,deterministic gate selected EXT_E025_NEW_PUBLIC_CHANGE,OPTION_A=CAND_003|OPTION_B=CAND_001|OPTION_C=CAND_002,0,formal_policy_hard_gate,0,0,,,True,EXT_E025_NEW_PUBLIC_CHANGE,risk_management_text=updated_context_setting,1,DETERMINISTIC_SELECT,False,CAND_002,risk_management_text=updated_context_setting,True
external,EXT_E026,GENERAL_RULE_EXCEPTION,5,20260824,DIRECT_FREE,REJECTED_OUT_OF_CANDIDATE,,,,value outside candidate set: 'recommended_added',OPTION_A=CAND_003|OPTION_B=CAND_002|OPTION_C=CAND_001,3148,json_schema,869,83,stop,"{
  ""abstain"": false,
  ""value"": ""recommended_added"",
  ""reason"": ""The source document EXT_DOC_026_NEW (NIST SP 800-63-4) is authoritative and effective from 2025-08-01. The evidence note explicitly states that the substantial content change for N""
}",,,,,,True,CAND_002,continuous_evaluation_metrics=recommended_added,False
external,EXT_E026,GENERAL_RULE_EXCEPTION,5,20260824,OPTION_VALUE_ONLY,SELECTED,OPTION_B,CAND_002,continuous_evaluation_metrics=recommended_added,"The NIST SP 800-63-4 document (EXT_DOC_026_NEW), effective from 2025-08-01, explicitly lists the change 'Adds recommended continuous evaluation metrics' as a substantial content in",OPTION_A=CAND_003|OPTION_B=CAND_002|OPTION_C=CAND_001,3376,json_schema,982,84,stop,"{
  ""abstain"": false,
  ""option_id"": ""OPTION_B"",
  ""reason"": ""The NIST SP 800-63-4 document (EXT_DOC_026_NEW), effective from 2025-08-01, explicitly lists the change 'Adds recommended continuous evaluation metrics' as a substantial content in""
}",,,,,,True,CAND_002,continuous_evaluation_metrics=recommended_added,True
external,EXT_E026,GENERAL_RULE_EXCEPTION,5,20260824,OPTION_FORMAL_OPERATION,SELECTED,OPTION_B,CAND_002,continuous_evaluation_metrics=recommended_added,The source document EXT_DOC_026_NEW (NIST SP 800-63-4) is authoritative and effective from 2025-08-01. It explicitly states the change 'Adds recommended continuous evaluation'. The,OPTION_A=CAND_003|OPTION_B=CAND_002|OPTION_C=CAND_001,3400,json_schema,1542,84,stop,"{
  ""abstain"": false,
  ""option_id"": ""OPTION_B"",
  ""reason"": ""The source document EXT_DOC_026_NEW (NIST SP 800-63-4) is authoritative and effective from 2025-08-01. It explicitly states the change 'Adds recommended continuous evaluation'. The""
}",,,,,,True,CAND_002,continuous_evaluation_metrics=recommended_added,True
external,EXT_E026,GENERAL_RULE_EXCEPTION,5,20260824,OPTION_FORMAL_POLICY,SELECTED,OPTION_B,CAND_002,continuous_evaluation_metrics=recommended_added,The formal_policy rule EXT_E026_NEW_PUBLIC_CHANGE has priority 300 and applies because public_change_present is true and selected_revision is 'new'. Its allowed_values list only [',OPTION_A=CAND_003|OPTION_B=CAND_002|OPTION_C=CAND_001,2905,json_schema,1866,70,stop,"{
  ""abstain"": false,
  ""option_id"": ""OPTION_B"",
  ""reason"": ""The formal_policy rule EXT_E026_NEW_PUBLIC_CHANGE has priority 300 and applies because public_change_present is true and selected_revision is 'new'. Its allowed_values list only ['""
}",True,,,,,True,CAND_002,continuous_evaluation_metrics=recommended_added,True
external,EXT_E026,GENERAL_RULE_EXCEPTION,5,20260824,OPTION_FORMAL_POLICY_HARD_GATE,SELECTED,OPTION_B,CAND_002,continuous_evaluation_metrics=recommended_added,deterministic gate selected EXT_E026_NEW_PUBLIC_CHANGE,OPTION_A=CAND_003|OPTION_B=CAND_002|OPTION_C=CAND_001,0,formal_policy_hard_gate,0,0,,,True,EXT_E026_NEW_PUBLIC_CHANGE,continuous_evaluation_metrics=recommended_added,1,DETERMINISTIC_SELECT,False,CAND_002,continuous_evaluation_metrics=recommended_added,True
external,EXT_E027,GENERAL_RULE_EXCEPTION,5,20260824,DIRECT_FREE,SELECTED,OPTION_C,CAND_002,fraud_requirements=expanded_identity_proofing,The source document EXT_DOC_027_NEW (NIST SP 800-63-4) is authoritative and effective from 2025-08-01. The evidence note explicitly states that the substantial content change in N ,OPTION_A=CAND_003|OPTION_B=CAND_001|OPTION_C=CAND_002,4074,json_schema,890,88,stop,"{
  ""abstain"": false,
  ""value"": ""fraud_requirements=expanded_identity_proofing"",
  ""reason"": ""The source document EXT_DOC_027_NEW (NIST SP 800-63-4) is authoritative and effective from 2025-08-01. The evidence note explicitly states that the substantial content change in N ""}",,,,,,True,CAND_002,fraud_requirements=expanded_identity_proofing,True
external,EXT_E027,GENERAL_RULE_EXCEPTION,5,20260824,OPTION_VALUE_ONLY,SELECTED,OPTION_C,CAND_002,fraud_requirements=expanded_identity_proofing,The source document EXT_DOC_027_NEW (NIST SP 800-63-4) is authoritative and effective from 2025-08-01. The case context explicitly states the target change 'Expands fraud requires',OPTION_A=CAND_003|OPTION_B=CAND_001|OPTION_C=CAND_002,4083,json_schema,1008,84,stop,"{
  ""abstain"": false,
  ""option_id"": ""OPTION_C"",
  ""reason"": ""The source document EXT_DOC_027_NEW (NIST SP 800-63-4) is authoritative and effective from 2025-08-01. The case context explicitly states the target change 'Expands fraud requires'""}",,,,,,True,CAND_002,fraud_requirements=expanded_identity_proofing,True
external,EXT_E027,GENERAL_RULE_EXCEPTION,5,20260824,OPTION_FORMAL_OPERATION,SELECTED,OPTION_C,CAND_002,fraud_requirements=expanded_identity_proofing,The source document EXT_DOC_027_NEW (NIST SP 800-63-4) explicitly states the change is: 'Expands fraud requirements and recommendations for identity proofing processes.' This maps ,OPTION_A=CAND_003|OPTION_B=CAND_001|OPTION_C=CAND_002,3212,json_schema,1577,75,stop,"{
  ""abstain"": false,
  ""option_id"": ""OPTION_C"",
  ""reason"": ""The source document EXT_DOC_027_NEW (NIST SP 800-63-4) explicitly states the change is: 'Expands fraud requirements and recommendations for identity proofing processes.' This maps ""}",,,,,,True,CAND_002,fraud_requirements=expanded_identity_proofing,True
external,EXT_E027,GENERAL_RULE_EXCEPTION,5,20260824,OPTION_FORMAL_POLICY,SELECTED,OPTION_C,CAND_002,fraud_requirements=expanded_identity_proofing,The formal_policy rule EXT_E027_NEW_PUBLIC_CHANGE applies because public_change_present is true and selected_revision is 'new'. This rule allows only the value 'fraud_requirements=,OPTION_A=CAND_003|OPTION_B=CAND_001|OPTION_C=CAND_002,2790,json_schema,1906,68,stop,"{
  ""abstain"": false,
  ""option_id"": ""OPTION_C"",
  ""reason"": ""The formal_policy rule EXT_E027_NEW_PUBLIC_CHANGE applies because public_change_present is true and selected_revision is 'new'. This rule allows only the value 'fraud_requirements=""
}",True,,,,,True,CAND_002,fraud_requirements=expanded_identity_proofing,True
external,EXT_E027,GENERAL_RULE_EXCEPTION,5,20260824,OPTION_FORMAL_POLICY_HARD_GATE,SELECTED,OPTION_C,CAND_002,fraud_requirements=expanded_identity_proofing,deterministic gate selected EXT_E027_NEW_PUBLIC_CHANGE,OPTION_A=CAND_003|OPTION_B=CAND_001|OPTION_C=CAND_002,0,formal_policy_hard_gate,0,0,,,True,EXT_E027_NEW_PUBLIC_CHANGE,fraud_requirements=expanded_identity_proofing,1,DETERMINISTIC_SELECT,False,CAND_002,fraud_requirements=expanded_identity_proofing,True
external,EXT_E028,GENERAL_RULE_EXCEPTION,5,20260824,DIRECT_FREE,SELECTED,OPTION_C,CAND_002,identity_proofing_controls=restructured_roles_and_types,The source document EXT_DOC_028_NEW (NIST SP 800-63-4) is authoritative and effective from 2025-08-01. The public evidence explicitly states that the substantial content change for,OPTION_A=CAND_003|OPTION_B=CAND_001|OPTION_C=CAND_002,3323,json_schema,904,89,stop,"{
  ""abstain"": false,
  ""value"": ""identity_proofing_controls=restructured_roles_and_types"",
  ""reason"": ""The source document EXT_DOC_028_NEW (NIST SP 800-63-4) is authoritative and effective from 2025-08-01. The public evidence explicitly states that the substantial content change for""
}",,,,,,True,CAND_002,identity_proofing_controls=restructured_roles_and_types,True
external,EXT_E028,GENERAL_RULE_EXCEPTION,5,20260824,OPTION_VALUE_ONLY,SELECTED,OPTION_C,CAND_002,identity_proofing_controls=restructured_roles_and_types,The target predicate 'revision change status' for subject 'NIST SP 800-63-4 identity_proofing_roles_types' is explicitly defined in the source document EXT_DOC_028_NEW as: 'Restrct,OPTION_A=CAND_003|OPTION_B=CAND_001|OPTION_C=CAND_002,3240,json_schema,1022,79,stop,"{
  ""abstain"": false,
  ""option_id"": ""OPTION_C"",
  ""reason"": ""The target predicate 'revision change status' for subject 'NIST SP 800-63-4 identity_proofing_roles_types' is explicitly defined in the source document EXT_DOC_028_NEW as: 'Restrct""
}",,,,,,True,CAND_002,identity_proofing_controls=restructured_roles_and_types,True
external,EXT_E028,GENERAL_RULE_EXCEPTION,5,20260824,OPTION_FORMAL_OPERATION,SELECTED,OPTION_C,CAND_002,identity_proofing_controls=restructured_roles_and_types,The target change explicitly states 'Restructures the identity proofing controls to better define roles and types of identity proofing'. CAND_002 ('identity_proofing_controls=re结构化,OPTION_A=CAND_003|OPTION_B=CAND_001|OPTION_C=CAND_002,3088,json_schema,1588,68,stop,"{
  ""abstain"": false,
  ""option_id"": ""OPTION_C"",
  ""reason"": ""The target change explicitly states 'Restructures the identity proofing controls to better define roles and types of identity proofing'. CAND_002 ('identity_proofing_controls=re结构化""
}",,,,,,True,CAND_002,identity_proofing_controls=restructured_roles_and_types,True
external,EXT_E028,GENERAL_RULE_EXCEPTION,5,20260824,OPTION_FORMAL_POLICY,SELECTED,OPTION_C,CAND_002,identity_proofing_controls=restructured_roles_and_types,The formal_policy rule EXT_E028_NEW_PUBLIC_CHANGE applies because public_change_present is true and selected_revision is 'new'. This rule allows only the value 'identity_proofing_\,OPTION_A=CAND_003|OPTION_B=CAND_001|OPTION_C=CAND_002,2780,json_schema,1917,69,stop,"{
  ""abstain"": false,
  ""option_id"": ""OPTION_C"",
  ""reason"": ""The formal_policy rule EXT_E028_NEW_PUBLIC_CHANGE applies because public_change_present is true and selected_revision is 'new'. This rule allows only the value 'identity_proofing_\\""
}",True,,,,,True,CAND_002,identity_proofing_controls=restructured_roles_and_types,True
external,EXT_E028,GENERAL_RULE_EXCEPTION,5,20260824,OPTION_FORMAL_POLICY_HARD_GATE,SELECTED,OPTION_C,CAND_002,identity_proofing_controls=restructured_roles_and_types,deterministic gate selected EXT_E028_NEW_PUBLIC_CHANGE,OPTION_A=CAND_003|OPTION_B=CAND_001|OPTION_C=CAND_002,0,formal_policy_hard_gate,0,0,,,True,EXT_E028_NEW_PUBLIC_CHANGE,identity_proofing_controls=restructured_roles_and_types,1,DETERMINISTIC_SELECT,False,CAND_002,identity_proofing_controls=restructured_roles_and_types,True
external,EXT_E029,GENERAL_RULE_EXCEPTION,5,20260824,DIRECT_FREE,SELECTED,OPTION_A,CAND_002,controls_added=injection_attacks_and_forged_media,"The NIST SP 800-63-4 document (EXT_DOC_029_NEW), effective from 2025-08-01, explicitly lists the change 'Adds controls for addressing injection attacks and forged media' as a final",OPTION_A=CAND_002|OPTION_B=CAND_003|OPTION_C=CAND_001,3592,json_schema,895,94,stop,"{
  ""abstain"": false,
  ""value"": ""controls_added=injection_attacks_and_forged_media"",
  ""reason"": ""The NIST SP 800-63-4 document (EXT_DOC_029_NEW), effective from 2025-08-01, explicitly lists the change 'Adds controls for addressing injection attacks and forged media' as a final""
}",,,,,,True,CAND_002,controls_added=injection_attacks_and_forged_media,True
external,EXT_E029,GENERAL_RULE_EXCEPTION,5,20260824,OPTION_VALUE_ONLY,SELECTED,OPTION_A,CAND_002,controls_added=injection_attacks_and_forged_media,"The NIST SP 800-63-4 document (EXT_DOC_029_NEW), effective from 2025-08-01, explicitly states that the revision adds controls for addressing injection attacks and forged media. The",OPTION_A=CAND_002|OPTION_B=CAND_003|OPTION_C=CAND_001,3161,json_schema,1018,82,stop,"{
  ""abstain"": false,
  ""option_id"": ""OPTION_A"",
  ""reason"": ""The NIST SP 800-63-4 document (EXT_DOC_029_NEW), effective from 2025-08-01, explicitly states that the revision adds controls for addressing injection attacks and forged media. The""}",,,,,,True,CAND_002,controls_added=injection_attacks_and_forged_media,True
external,EXT_E029,GENERAL_RULE_EXCEPTION,5,20260824,OPTION_FORMAL_OPERATION,SELECTED,OPTION_A,CAND_002,controls_added=injection_attacks_and_forged_media,The NIST SP 800-63-4 (2025) document explicitly states that Revision 4 adds controls for addressing injection attacks and forged media. This confirms the change is integrated into ,OPTION_A=CAND_002|OPTION_B=CAND_003|OPTION_C=CAND_001,3041,json_schema,1593,73,stop,"{
  ""abstain"": false,
  ""option_id"": ""OPTION_A"",
  ""reason"": ""The NIST SP 800-63-4 (2025) document explicitly states that Revision 4 adds controls for addressing injection attacks and forged media. This confirms the change is integrated into ""}",,,,,,True,CAND_002,controls_added=injection_attacks_and_forged_media,True
external,EXT_E029,GENERAL_RULE_EXCEPTION,5,20260824,OPTION_FORMAL_POLICY,SELECTED,OPTION_A,CAND_002,controls_added=injection_attacks_and_forged_media,The formal_policy rule EXT_E029_NEW_PUBLIC_CHANGE has priority 300 and applies because public_change_present is true and selected_revision is 'new'. Its allowed_values list only [',OPTION_A=CAND_002|OPTION_B=CAND_003|OPTION_C=CAND_001,2946,json_schema,1927,71,stop,"{
  ""abstain"": false,
  ""option_id"": ""OPTION_A"",
  ""reason"": ""The formal_policy rule EXT_E029_NEW_PUBLIC_CHANGE has priority 300 and applies because public_change_present is true and selected_revision is 'new'. Its allowed_values list only ['""

  }",True,,,,,True,CAND_002,controls_added=injection_attacks_and_forged_media,True
external,EXT_E029,GENERAL_RULE_EXCEPTION,5,20260824,OPTION_FORMAL_POLICY_HARD_GATE,SELECTED,OPTION_A,CAND_002,controls_added=injection_attacks_and_forged_media,deterministic gate selected EXT_E029_NEW_PUBLIC_CHANGE,OPTION_A=CAND_002|OPTION_B=CAND_003|OPTION_C=CAND_001,0,formal_policy_hard_gate,0,0,,,True,EXT_E029_NEW_PUBLIC_CHANGE,controls_added=injection_attacks_and_forged_media,1,DETERMINISTIC_SELECT,False,CAND_002,controls_added=injection_attacks_and_forged_media,True
external,EXT_E030,GENERAL_RULE_EXCEPTION,5,20260824,DIRECT_FREE,SELECTED,OPTION_C,CAND_002,syncable_authenticators=integrated,"The NIST SP 800-63-4 document (EXT_DOC_030_NEW), effective from 2025-08-01, explicitly lists 'Integrates syncable authenticators' as a substantial content change in its final July ",OPTION_A=CAND_001|OPTION_B=CAND_003|OPTION_C=CAND_002,3324,json_schema,878,93,stop,"{
  ""abstain"": false,
  ""value"": ""syncable_authenticators=integrated"",
  ""reason"": ""The NIST SP 800-63-4 document (EXT_DOC_030_NEW), effective from 2025-08-01, explicitly lists 'Integrates syncable authenticators' as a substantial content change in its final July ""
}",,,,,,True,CAND_002,syncable_authenticators=integrated,True
external,EXT_E030,GENERAL_RULE_EXCEPTION,5,20260824,OPTION_VALUE_ONLY,SELECTED,OPTION_C,CAND_002,syncable_authenticators=integrated,"The NIST SP 800-63-4 (Revision 4) document, effective from 2025-08-01, explicitly lists 'Integrates syncable authenticators' as a substantial content change. This confirms that in ",OPTION_A=CAND_001|OPTION_B=CAND_003|OPTION_C=CAND_002,3463,json_schema,994,85,stop,"{
  ""abstain"": false,
  ""option_id"": ""OPTION_C"",
  ""reason"": ""The NIST SP 800-63-4 (Revision 4) document, effective from 2025-08-01, explicitly lists 'Integrates syncable authenticators' as a substantial content change. This confirms that in ""}",,,,,,True,CAND_002,syncable_authenticators=integrated,True
external,EXT_E030,GENERAL_RULE_EXCEPTION,5,20260824,OPTION_FORMAL_OPERATION,SELECTED,OPTION_C,CAND_002,syncable_authenticators=integrated,The NIST SP 800-63-4 Revision 4 (effective 2025-08-01) explicitly integrates syncable authenticators. The target predicate 'revision_change_status' must reflect this integration. ',OPTION_A=CAND_001|OPTION_B=CAND_003|OPTION_C=CAND_002,3175,json_schema,1560,80,stop,"{
  ""abstain"": false,
  ""option_id"": ""OPTION_C"",
  ""reason"": ""The NIST SP 800-63-4 Revision 4 (effective 2025-08-01) explicitly integrates syncable authenticators. The target predicate 'revision_change_status' must reflect this integration. '""}",,,,,,True,CAND_002,syncable_authenticators=integrated,True
external,EXT_E030,GENERAL_RULE_EXCEPTION,5,20260824,OPTION_FORMAL_POLICY,SELECTED,OPTION_C,CAND_002,syncable_authenticators=integrated,The formal_policy rule EXT_E030_NEW_PUBLIC_CHANGE applies because public_change_present is true and selected_revision is 'new'. This rule allows only 'syncable_authenticators=inted,OPTION_A=CAND_001|OPTION_B=CAND_003|OPTION_C=CAND_002,2813,json_schema,1887,69,stop,"{
  ""abstain"": false,
  ""option_id"": ""OPTION_C"",
  ""reason"": ""The formal_policy rule EXT_E030_NEW_PUBLIC_CHANGE applies because public_change_present is true and selected_revision is 'new'. This rule allows only 'syncable_authenticators=inted""
}",True,,,,,True,CAND_002,syncable_authenticators=integrated,True
external,EXT_E030,GENERAL_RULE_EXCEPTION,5,20260824,OPTION_FORMAL_POLICY_HARD_GATE,SELECTED,OPTION_C,CAND_002,syncable_authenticators=integrated,deterministic gate selected EXT_E030_NEW_PUBLIC_CHANGE,OPTION_A=CAND_001|OPTION_B=CAND_003|OPTION_C=CAND_002,0,formal_policy_hard_gate,0,0,,,True,EXT_E030_NEW_PUBLIC_CHANGE,syncable_authenticators=integrated,1,DETERMINISTIC_SELECT,False,CAND_002,syncable_authenticators=integrated,True
