method,run_id,seed,error_id,error_type,candidate_count,selected,abstained,selected_candidate_id,full_safe,unsafe_accepted,oracle_match,oracle_available,edit_cost,source_catalog
FIRST_CANDIDATE_ORDER_BIASED,1,20260820,E1,数值漂移,3,True,False,CAND_001,True,False,True,True,2,G:\LearnAI\ontology-evolution\benchmark\repairs\candidate-effects.json
FIRST_CANDIDATE_ORDER_BIASED,1,20260820,E2,公理缺失,1,True,False,CAND_001,True,False,True,True,1,G:\LearnAI\ontology-evolution\benchmark\repairs\candidate-effects.json
FIRST_CANDIDATE_ORDER_BIASED,1,20260820,E3,关系对象错误,3,True,False,CAND_001,True,False,True,True,2,G:\LearnAI\ontology-evolution\benchmark\repairs\candidate-effects.json
FIRST_CANDIDATE_ORDER_BIASED,1,20260820,E4,互斥类别冲突,1,True,False,CAND_001,True,False,True,True,1,G:\LearnAI\ontology-evolution\benchmark\repairs\candidate-effects.json
FIRST_CANDIDATE_ORDER_BIASED,1,20260820,E5,功能属性值冲突,3,True,False,CAND_001,True,False,True,True,1,G:\LearnAI\ontology-evolution\benchmark\repairs\candidate-effects.json
FIRST_CANDIDATE_ORDER_BIASED,1,20260820,E6,类层级链路缺失,3,True,False,CAND_001,True,False,True,True,1,G:\LearnAI\ontology-evolution\benchmark\repairs\tbox-candidate-effects.json
FIRST_CANDIDATE_ORDER_BIASED,1,20260820,E7,错误直接父类,3,True,False,CAND_001,True,False,True,True,2,G:\LearnAI\ontology-evolution\benchmark\repairs\tbox-candidate-effects.json
FIRST_CANDIDATE_ORDER_BIASED,1,20260820,E8,对象属性值域缺失,3,True,False,CAND_001,True,False,True,True,1,G:\LearnAI\ontology-evolution\benchmark\repairs\tbox-candidate-effects.json
HASH_FIRST,1,20260820,E1,数值漂移,3,True,False,CAND_001,True,False,True,True,2,G:\LearnAI\ontology-evolution\benchmark\repairs\candidate-effects.json
HASH_FIRST,1,20260820,E2,公理缺失,1,True,False,CAND_001,True,False,True,True,1,G:\LearnAI\ontology-evolution\benchmark\repairs\candidate-effects.json
HASH_FIRST,1,20260820,E3,关系对象错误,3,True,False,CAND_003,False,True,False,True,1,G:\LearnAI\ontology-evolution\benchmark\repairs\candidate-effects.json
HASH_FIRST,1,20260820,E4,互斥类别冲突,1,True,False,CAND_001,True,False,True,True,1,G:\LearnAI\ontology-evolution\benchmark\repairs\candidate-effects.json
HASH_FIRST,1,20260820,E5,功能属性值冲突,3,True,False,CAND_003,True,False,True,True,1,G:\LearnAI\ontology-evolution\benchmark\repairs\candidate-effects.json
HASH_FIRST,1,20260820,E6,类层级链路缺失,3,True,False,CAND_003,False,True,False,True,1,G:\LearnAI\ontology-evolution\benchmark\repairs\tbox-candidate-effects.json
HASH_FIRST,1,20260820,E7,错误直接父类,3,True,False,CAND_003,False,True,False,True,2,G:\LearnAI\ontology-evolution\benchmark\repairs\tbox-candidate-effects.json
HASH_FIRST,1,20260820,E8,对象属性值域缺失,3,True,False,CAND_002,False,True,False,True,1,G:\LearnAI\ontology-evolution\benchmark\repairs\tbox-candidate-effects.json
HASH_FIRST,2,20260821,E1,数值漂移,3,True,False,CAND_002,False,True,False,True,1,G:\LearnAI\ontology-evolution\benchmark\repairs\candidate-effects.json
HASH_FIRST,2,20260821,E2,公理缺失,1,True,False,CAND_001,True,False,True,True,1,G:\LearnAI\ontology-evolution\benchmark\repairs\candidate-effects.json
HASH_FIRST,2,20260821,E3,关系对象错误,3,True,False,CAND_001,True,False,True,True,2,G:\LearnAI\ontology-evolution\benchmark\repairs\candidate-effects.json
HASH_FIRST,2,20260821,E4,互斥类别冲突,1,True,False,CAND_001,True,False,True,True,1,G:\LearnAI\ontology-evolution\benchmark\repairs\candidate-effects.json
HASH_FIRST,2,20260821,E5,功能属性值冲突,3,True,False,CAND_001,True,False,True,True,1,G:\LearnAI\ontology-evolution\benchmark\repairs\candidate-effects.json
HASH_FIRST,2,20260821,E6,类层级链路缺失,3,True,False,CAND_003,False,True,False,True,1,G:\LearnAI\ontology-evolution\benchmark\repairs\tbox-candidate-effects.json
HASH_FIRST,2,20260821,E7,错误直接父类,3,True,False,CAND_003,False,True,False,True,2,G:\LearnAI\ontology-evolution\benchmark\repairs\tbox-candidate-effects.json
HASH_FIRST,2,20260821,E8,对象属性值域缺失,3,True,False,CAND_002,False,True,False,True,1,G:\LearnAI\ontology-evolution\benchmark\repairs\tbox-candidate-effects.json
HASH_FIRST,3,20260822,E1,数值漂移,3,True,False,CAND_001,True,False,True,True,2,G:\LearnAI\ontology-evolution\benchmark\repairs\candidate-effects.json
HASH_FIRST,3,20260822,E2,公理缺失,1,True,False,CAND_001,True,False,True,True,1,G:\LearnAI\ontology-evolution\benchmark\repairs\candidate-effects.json
HASH_FIRST,3,20260822,E3,关系对象错误,3,True,False,CAND_002,False,True,False,True,1,G:\LearnAI\ontology-evolution\benchmark\repairs\candidate-effects.json
HASH_FIRST,3,20260822,E4,互斥类别冲突,1,True,False,CAND_001,True,False,True,True,1,G:\LearnAI\ontology-evolution\benchmark\repairs\candidate-effects.json
HASH_FIRST,3,20260822,E5,功能属性值冲突,3,True,False,CAND_001,True,False,True,True,1,G:\LearnAI\ontology-evolution\benchmark\repairs\candidate-effects.json
HASH_FIRST,3,20260822,E6,类层级链路缺失,3,True,False,CAND_001,True,False,True,True,1,G:\LearnAI\ontology-evolution\benchmark\repairs\tbox-candidate-effects.json
HASH_FIRST,3,20260822,E7,错误直接父类,3,True,False,CAND_003,False,True,False,True,2,G:\LearnAI\ontology-evolution\benchmark\repairs\tbox-candidate-effects.json
HASH_FIRST,3,20260822,E8,对象属性值域缺失,3,True,False,CAND_003,False,True,False,True,1,G:\LearnAI\ontology-evolution\benchmark\repairs\tbox-candidate-effects.json
HASH_FIRST,4,20260823,E1,数值漂移,3,True,False,CAND_001,True,False,True,True,2,G:\LearnAI\ontology-evolution\benchmark\repairs\candidate-effects.json
HASH_FIRST,4,20260823,E2,公理缺失,1,True,False,CAND_001,True,False,True,True,1,G:\LearnAI\ontology-evolution\benchmark\repairs\candidate-effects.json
HASH_FIRST,4,20260823,E3,关系对象错误,3,True,False,CAND_001,True,False,True,True,2,G:\LearnAI\ontology-evolution\benchmark\repairs\candidate-effects.json
HASH_FIRST,4,20260823,E4,互斥类别冲突,1,True,False,CAND_001,True,False,True,True,1,G:\LearnAI\ontology-evolution\benchmark\repairs\candidate-effects.json
HASH_FIRST,4,20260823,E5,功能属性值冲突,3,True,False,CAND_001,True,False,True,True,1,G:\LearnAI\ontology-evolution\benchmark\repairs\candidate-effects.json
HASH_FIRST,4,20260823,E6,类层级链路缺失,3,True,False,CAND_003,False,True,False,True,1,G:\LearnAI\ontology-evolution\benchmark\repairs\tbox-candidate-effects.json
HASH_FIRST,4,20260823,E7,错误直接父类,3,True,False,CAND_002,False,True,False,True,1,G:\LearnAI\ontology-evolution\benchmark\repairs\tbox-candidate-effects.json
HASH_FIRST,4,20260823,E8,对象属性值域缺失,3,True,False,CAND_002,False,True,False,True,1,G:\LearnAI\ontology-evolution\benchmark\repairs\tbox-candidate-effects.json
HASH_FIRST,5,20260824,E1,数值漂移,3,True,False,CAND_001,True,False,True,True,2,G:\LearnAI\ontology-evolution\benchmark\repairs\candidate-effects.json
HASH_FIRST,5,20260824,E2,公理缺失,1,True,False,CAND_001,True,False,True,True,1,G:\LearnAI\ontology-evolution\benchmark\repairs\candidate-effects.json
HASH_FIRST,5,20260824,E3,关系对象错误,3,True,False,CAND_003,False,True,False,True,1,G:\LearnAI\ontology-evolution\benchmark\repairs\candidate-effects.json
HASH_FIRST,5,20260824,E4,互斥类别冲突,1,True,False,CAND_001,True,False,True,True,1,G:\LearnAI\ontology-evolution\benchmark\repairs\candidate-effects.json
HASH_FIRST,5,20260824,E5,功能属性值冲突,3,True,False,CAND_003,True,False,True,True,1,G:\LearnAI\ontology-evolution\benchmark\repairs\candidate-effects.json
HASH_FIRST,5,20260824,E6,类层级链路缺失,3,True,False,CAND_001,True,False,True,True,1,G:\LearnAI\ontology-evolution\benchmark\repairs\tbox-candidate-effects.json
HASH_FIRST,5,20260824,E7,错误直接父类,3,True,False,CAND_003,False,True,False,True,2,G:\LearnAI\ontology-evolution\benchmark\repairs\tbox-candidate-effects.json
HASH_FIRST,5,20260824,E8,对象属性值域缺失,3,True,False,CAND_001,True,False,True,True,1,G:\LearnAI\ontology-evolution\benchmark\repairs\tbox-candidate-effects.json
HASH_FIRST,6,20260825,E1,数值漂移,3,True,False,CAND_003,False,True,False,True,1,G:\LearnAI\ontology-evolution\benchmark\repairs\candidate-effects.json
HASH_FIRST,6,20260825,E2,公理缺失,1,True,False,CAND_001,True,False,True,True,1,G:\LearnAI\ontology-evolution\benchmark\repairs\candidate-effects.json
HASH_FIRST,6,20260825,E3,关系对象错误,3,True,False,CAND_002,False,True,False,True,1,G:\LearnAI\ontology-evolution\benchmark\repairs\candidate-effects.json
HASH_FIRST,6,20260825,E4,互斥类别冲突,1,True,False,CAND_001,True,False,True,True,1,G:\LearnAI\ontology-evolution\benchmark\repairs\candidate-effects.json
HASH_FIRST,6,20260825,E5,功能属性值冲突,3,True,False,CAND_002,False,True,False,True,1,G:\LearnAI\ontology-evolution\benchmark\repairs\candidate-effects.json
HASH_FIRST,6,20260825,E6,类层级链路缺失,3,True,False,CAND_003,False,True,False,True,1,G:\LearnAI\ontology-evolution\benchmark\repairs\tbox-candidate-effects.json
HASH_FIRST,6,20260825,E7,错误直接父类,3,True,False,CAND_001,True,False,True,True,2,G:\LearnAI\ontology-evolution\benchmark\repairs\tbox-candidate-effects.json
HASH_FIRST,6,20260825,E8,对象属性值域缺失,3,True,False,CAND_003,False,True,False,True,1,G:\LearnAI\ontology-evolution\benchmark\repairs\tbox-candidate-effects.json
HASH_FIRST,7,20260826,E1,数值漂移,3,True,False,CAND_001,True,False,True,True,2,G:\LearnAI\ontology-evolution\benchmark\repairs\candidate-effects.json
HASH_FIRST,7,20260826,E2,公理缺失,1,True,False,CAND_001,True,False,True,True,1,G:\LearnAI\ontology-evolution\benchmark\repairs\candidate-effects.json
HASH_FIRST,7,20260826,E3,关系对象错误,3,True,False,CAND_002,False,True,False,True,1,G:\LearnAI\ontology-evolution\benchmark\repairs\candidate-effects.json
HASH_FIRST,7,20260826,E4,互斥类别冲突,1,True,False,CAND_001,True,False,True,True,1,G:\LearnAI\ontology-evolution\benchmark\repairs\candidate-effects.json
HASH_FIRST,7,20260826,E5,功能属性值冲突,3,True,False,CAND_001,True,False,True,True,1,G:\LearnAI\ontology-evolution\benchmark\repairs\candidate-effects.json
HASH_FIRST,7,20260826,E6,类层级链路缺失,3,True,False,CAND_001,True,False,True,True,1,G:\LearnAI\ontology-evolution\benchmark\repairs\tbox-candidate-effects.json
HASH_FIRST,7,20260826,E7,错误直接父类,3,True,False,CAND_001,True,False,True,True,2,G:\LearnAI\ontology-evolution\benchmark\repairs\tbox-candidate-effects.json
HASH_FIRST,7,20260826,E8,对象属性值域缺失,3,True,False,CAND_002,False,True,False,True,1,G:\LearnAI\ontology-evolution\benchmark\repairs\tbox-candidate-effects.json
HASH_FIRST,8,20260827,E1,数值漂移,3,True,False,CAND_001,True,False,True,True,2,G:\LearnAI\ontology-evolution\benchmark\repairs\candidate-effects.json
HASH_FIRST,8,20260827,E2,公理缺失,1,True,False,CAND_001,True,False,True,True,1,G:\LearnAI\ontology-evolution\benchmark\repairs\candidate-effects.json
HASH_FIRST,8,20260827,E3,关系对象错误,3,True,False,CAND_001,True,False,True,True,2,G:\LearnAI\ontology-evolution\benchmark\repairs\candidate-effects.json
HASH_FIRST,8,20260827,E4,互斥类别冲突,1,True,False,CAND_001,True,False,True,True,1,G:\LearnAI\ontology-evolution\benchmark\repairs\candidate-effects.json
HASH_FIRST,8,20260827,E5,功能属性值冲突,3,True,False,CAND_002,False,True,False,True,1,G:\LearnAI\ontology-evolution\benchmark\repairs\candidate-effects.json
HASH_FIRST,8,20260827,E6,类层级链路缺失,3,True,False,CAND_002,False,True,False,True,1,G:\LearnAI\ontology-evolution\benchmark\repairs\tbox-candidate-effects.json
HASH_FIRST,8,20260827,E7,错误直接父类,3,True,False,CAND_003,False,True,False,True,2,G:\LearnAI\ontology-evolution\benchmark\repairs\tbox-candidate-effects.json
HASH_FIRST,8,20260827,E8,对象属性值域缺失,3,True,False,CAND_001,True,False,True,True,1,G:\LearnAI\ontology-evolution\benchmark\repairs\tbox-candidate-effects.json
HASH_FIRST,9,20260828,E1,数值漂移,3,True,False,CAND_003,False,True,False,True,1,G:\LearnAI\ontology-evolution\benchmark\repairs\candidate-effects.json
HASH_FIRST,9,20260828,E2,公理缺失,1,True,False,CAND_001,True,False,True,True,1,G:\LearnAI\ontology-evolution\benchmark\repairs\candidate-effects.json
HASH_FIRST,9,20260828,E3,关系对象错误,3,True,False,CAND_003,False,True,False,True,1,G:\LearnAI\ontology-evolution\benchmark\repairs\candidate-effects.json
HASH_FIRST,9,20260828,E4,互斥类别冲突,1,True,False,CAND_001,True,False,True,True,1,G:\LearnAI\ontology-evolution\benchmark\repairs\candidate-effects.json
HASH_FIRST,9,20260828,E5,功能属性值冲突,3,True,False,CAND_001,True,False,True,True,1,G:\LearnAI\ontology-evolution\benchmark\repairs\candidate-effects.json
HASH_FIRST,9,20260828,E6,类层级链路缺失,3,True,False,CAND_002,False,True,False,True,1,G:\LearnAI\ontology-evolution\benchmark\repairs\tbox-candidate-effects.json
HASH_FIRST,9,20260828,E7,错误直接父类,3,True,False,CAND_001,True,False,True,True,2,G:\LearnAI\ontology-evolution\benchmark\repairs\tbox-candidate-effects.json
HASH_FIRST,9,20260828,E8,对象属性值域缺失,3,True,False,CAND_001,True,False,True,True,1,G:\LearnAI\ontology-evolution\benchmark\repairs\tbox-candidate-effects.json
HASH_FIRST,10,20260829,E1,数值漂移,3,True,False,CAND_001,True,False,True,True,2,G:\LearnAI\ontology-evolution\benchmark\repairs\candidate-effects.json
HASH_FIRST,10,20260829,E2,公理缺失,1,True,False,CAND_001,True,False,True,True,1,G:\LearnAI\ontology-evolution\benchmark\repairs\candidate-effects.json
HASH_FIRST,10,20260829,E3,关系对象错误,3,True,False,CAND_003,False,True,False,True,1,G:\LearnAI\ontology-evolution\benchmark\repairs\candidate-effects.json
HASH_FIRST,10,20260829,E4,互斥类别冲突,1,True,False,CAND_001,True,False,True,True,1,G:\LearnAI\ontology-evolution\benchmark\repairs\candidate-effects.json
HASH_FIRST,10,20260829,E5,功能属性值冲突,3,True,False,CAND_002,False,True,False,True,1,G:\LearnAI\ontology-evolution\benchmark\repairs\candidate-effects.json
HASH_FIRST,10,20260829,E6,类层级链路缺失,3,True,False,CAND_002,False,True,False,True,1,G:\LearnAI\ontology-evolution\benchmark\repairs\tbox-candidate-effects.json
HASH_FIRST,10,20260829,E7,错误直接父类,3,True,False,CAND_002,False,True,False,True,1,G:\LearnAI\ontology-evolution\benchmark\repairs\tbox-candidate-effects.json
HASH_FIRST,10,20260829,E8,对象属性值域缺失,3,True,False,CAND_002,False,True,False,True,1,G:\LearnAI\ontology-evolution\benchmark\repairs\tbox-candidate-effects.json
HASH_FIRST,11,20260830,E1,数值漂移,3,True,False,CAND_001,True,False,True,True,2,G:\LearnAI\ontology-evolution\benchmark\repairs\candidate-effects.json
HASH_FIRST,11,20260830,E2,公理缺失,1,True,False,CAND_001,True,False,True,True,1,G:\LearnAI\ontology-evolution\benchmark\repairs\candidate-effects.json
HASH_FIRST,11,20260830,E3,关系对象错误,3,True,False,CAND_001,True,False,True,True,2,G:\LearnAI\ontology-evolution\benchmark\repairs\candidate-effects.json
HASH_FIRST,11,20260830,E4,互斥类别冲突,1,True,False,CAND_001,True,False,True,True,1,G:\LearnAI\ontology-evolution\benchmark\repairs\candidate-effects.json
HASH_FIRST,11,20260830,E5,功能属性值冲突,3,True,False,CAND_001,True,False,True,True,1,G:\LearnAI\ontology-evolution\benchmark\repairs\candidate-effects.json
HASH_FIRST,11,20260830,E6,类层级链路缺失,3,True,False,CAND_002,False,True,False,True,1,G:\LearnAI\ontology-evolution\benchmark\repairs\tbox-candidate-effects.json
HASH_FIRST,11,20260830,E7,错误直接父类,3,True,False,CAND_001,True,False,True,True,2,G:\LearnAI\ontology-evolution\benchmark\repairs\tbox-candidate-effects.json
HASH_FIRST,11,20260830,E8,对象属性值域缺失,3,True,False,CAND_001,True,False,True,True,1,G:\LearnAI\ontology-evolution\benchmark\repairs\tbox-candidate-effects.json
HASH_FIRST,12,20260831,E1,数值漂移,3,True,False,CAND_002,False,True,False,True,1,G:\LearnAI\ontology-evolution\benchmark\repairs\candidate-effects.json
HASH_FIRST,12,20260831,E2,公理缺失,1,True,False,CAND_001,True,False,True,True,1,G:\LearnAI\ontology-evolution\benchmark\repairs\candidate-effects.json
HASH_FIRST,12,20260831,E3,关系对象错误,3,True,False,CAND_001,True,False,True,True,2,G:\LearnAI\ontology-evolution\benchmark\repairs\candidate-effects.json
HASH_FIRST,12,20260831,E4,互斥类别冲突,1,True,False,CAND_001,True,False,True,True,1,G:\LearnAI\ontology-evolution\benchmark\repairs\candidate-effects.json
HASH_FIRST,12,20260831,E5,功能属性值冲突,3,True,False,CAND_002,False,True,False,True,1,G:\LearnAI\ontology-evolution\benchmark\repairs\candidate-effects.json
HASH_FIRST,12,20260831,E6,类层级链路缺失,3,True,False,CAND_003,False,True,False,True,1,G:\LearnAI\ontology-evolution\benchmark\repairs\tbox-candidate-effects.json
HASH_FIRST,12,20260831,E7,错误直接父类,3,True,False,CAND_003,False,True,False,True,2,G:\LearnAI\ontology-evolution\benchmark\repairs\tbox-candidate-effects.json
HASH_FIRST,12,20260831,E8,对象属性值域缺失,3,True,False,CAND_003,False,True,False,True,1,G:\LearnAI\ontology-evolution\benchmark\repairs\tbox-candidate-effects.json
HASH_FIRST,13,20260832,E1,数值漂移,3,True,False,CAND_003,False,True,False,True,1,G:\LearnAI\ontology-evolution\benchmark\repairs\candidate-effects.json
HASH_FIRST,13,20260832,E2,公理缺失,1,True,False,CAND_001,True,False,True,True,1,G:\LearnAI\ontology-evolution\benchmark\repairs\candidate-effects.json
HASH_FIRST,13,20260832,E3,关系对象错误,3,True,False,CAND_003,False,True,False,True,1,G:\LearnAI\ontology-evolution\benchmark\repairs\candidate-effects.json
HASH_FIRST,13,20260832,E4,互斥类别冲突,1,True,False,CAND_001,True,False,True,True,1,G:\LearnAI\ontology-evolution\benchmark\repairs\candidate-effects.json
HASH_FIRST,13,20260832,E5,功能属性值冲突,3,True,False,CAND_003,True,False,True,True,1,G:\LearnAI\ontology-evolution\benchmark\repairs\candidate-effects.json
HASH_FIRST,13,20260832,E6,类层级链路缺失,3,True,False,CAND_003,False,True,False,True,1,G:\LearnAI\ontology-evolution\benchmark\repairs\tbox-candidate-effects.json
HASH_FIRST,13,20260832,E7,错误直接父类,3,True,False,CAND_003,False,True,False,True,2,G:\LearnAI\ontology-evolution\benchmark\repairs\tbox-candidate-effects.json
HASH_FIRST,13,20260832,E8,对象属性值域缺失,3,True,False,CAND_002,False,True,False,True,1,G:\LearnAI\ontology-evolution\benchmark\repairs\tbox-candidate-effects.json
HASH_FIRST,14,20260833,E1,数值漂移,3,True,False,CAND_001,True,False,True,True,2,G:\LearnAI\ontology-evolution\benchmark\repairs\candidate-effects.json
HASH_FIRST,14,20260833,E2,公理缺失,1,True,False,CAND_001,True,False,True,True,1,G:\LearnAI\ontology-evolution\benchmark\repairs\candidate-effects.json
HASH_FIRST,14,20260833,E3,关系对象错误,3,True,False,CAND_003,False,True,False,True,1,G:\LearnAI\ontology-evolution\benchmark\repairs\candidate-effects.json
HASH_FIRST,14,20260833,E4,互斥类别冲突,1,True,False,CAND_001,True,False,True,True,1,G:\LearnAI\ontology-evolution\benchmark\repairs\candidate-effects.json
HASH_FIRST,14,20260833,E5,功能属性值冲突,3,True,False,CAND_002,False,True,False,True,1,G:\LearnAI\ontology-evolution\benchmark\repairs\candidate-effects.json
HASH_FIRST,14,20260833,E6,类层级链路缺失,3,True,False,CAND_002,False,True,False,True,1,G:\LearnAI\ontology-evolution\benchmark\repairs\tbox-candidate-effects.json
HASH_FIRST,14,20260833,E7,错误直接父类,3,True,False,CAND_003,False,True,False,True,2,G:\LearnAI\ontology-evolution\benchmark\repairs\tbox-candidate-effects.json
HASH_FIRST,14,20260833,E8,对象属性值域缺失,3,True,False,CAND_001,True,False,True,True,1,G:\LearnAI\ontology-evolution\benchmark\repairs\tbox-candidate-effects.json
HASH_FIRST,15,20260834,E1,数值漂移,3,True,False,CAND_002,False,True,False,True,1,G:\LearnAI\ontology-evolution\benchmark\repairs\candidate-effects.json
HASH_FIRST,15,20260834,E2,公理缺失,1,True,False,CAND_001,True,False,True,True,1,G:\LearnAI\ontology-evolution\benchmark\repairs\candidate-effects.json
HASH_FIRST,15,20260834,E3,关系对象错误,3,True,False,CAND_001,True,False,True,True,2,G:\LearnAI\ontology-evolution\benchmark\repairs\candidate-effects.json
HASH_FIRST,15,20260834,E4,互斥类别冲突,1,True,False,CAND_001,True,False,True,True,1,G:\LearnAI\ontology-evolution\benchmark\repairs\candidate-effects.json
HASH_FIRST,15,20260834,E5,功能属性值冲突,3,True,False,CAND_001,True,False,True,True,1,G:\LearnAI\ontology-evolution\benchmark\repairs\candidate-effects.json
HASH_FIRST,15,20260834,E6,类层级链路缺失,3,True,False,CAND_002,False,True,False,True,1,G:\LearnAI\ontology-evolution\benchmark\repairs\tbox-candidate-effects.json
HASH_FIRST,15,20260834,E7,错误直接父类,3,True,False,CAND_002,False,True,False,True,1,G:\LearnAI\ontology-evolution\benchmark\repairs\tbox-candidate-effects.json
HASH_FIRST,15,20260834,E8,对象属性值域缺失,3,True,False,CAND_003,False,True,False,True,1,G:\LearnAI\ontology-evolution\benchmark\repairs\tbox-candidate-effects.json
HASH_FIRST,16,20260835,E1,数值漂移,3,True,False,CAND_003,False,True,False,True,1,G:\LearnAI\ontology-evolution\benchmark\repairs\candidate-effects.json
HASH_FIRST,16,20260835,E2,公理缺失,1,True,False,CAND_001,True,False,True,True,1,G:\LearnAI\ontology-evolution\benchmark\repairs\candidate-effects.json
HASH_FIRST,16,20260835,E3,关系对象错误,3,True,False,CAND_001,True,False,True,True,2,G:\LearnAI\ontology-evolution\benchmark\repairs\candidate-effects.json
HASH_FIRST,16,20260835,E4,互斥类别冲突,1,True,False,CAND_001,True,False,True,True,1,G:\LearnAI\ontology-evolution\benchmark\repairs\candidate-effects.json
HASH_FIRST,16,20260835,E5,功能属性值冲突,3,True,False,CAND_002,False,True,False,True,1,G:\LearnAI\ontology-evolution\benchmark\repairs\candidate-effects.json
HASH_FIRST,16,20260835,E6,类层级链路缺失,3,True,False,CAND_002,False,True,False,True,1,G:\LearnAI\ontology-evolution\benchmark\repairs\tbox-candidate-effects.json
HASH_FIRST,16,20260835,E7,错误直接父类,3,True,False,CAND_001,True,False,True,True,2,G:\LearnAI\ontology-evolution\benchmark\repairs\tbox-candidate-effects.json
HASH_FIRST,16,20260835,E8,对象属性值域缺失,3,True,False,CAND_003,False,True,False,True,1,G:\LearnAI\ontology-evolution\benchmark\repairs\tbox-candidate-effects.json
HASH_FIRST,17,20260836,E1,数值漂移,3,True,False,CAND_002,False,True,False,True,1,G:\LearnAI\ontology-evolution\benchmark\repairs\candidate-effects.json
HASH_FIRST,17,20260836,E2,公理缺失,1,True,False,CAND_001,True,False,True,True,1,G:\LearnAI\ontology-evolution\benchmark\repairs\candidate-effects.json
HASH_FIRST,17,20260836,E3,关系对象错误,3,True,False,CAND_001,True,False,True,True,2,G:\LearnAI\ontology-evolution\benchmark\repairs\candidate-effects.json
HASH_FIRST,17,20260836,E4,互斥类别冲突,1,True,False,CAND_001,True,False,True,True,1,G:\LearnAI\ontology-evolution\benchmark\repairs\candidate-effects.json
HASH_FIRST,17,20260836,E5,功能属性值冲突,3,True,False,CAND_002,False,True,False,True,1,G:\LearnAI\ontology-evolution\benchmark\repairs\candidate-effects.json
HASH_FIRST,17,20260836,E6,类层级链路缺失,3,True,False,CAND_001,True,False,True,True,1,G:\LearnAI\ontology-evolution\benchmark\repairs\tbox-candidate-effects.json
HASH_FIRST,17,20260836,E7,错误直接父类,3,True,False,CAND_003,False,True,False,True,2,G:\LearnAI\ontology-evolution\benchmark\repairs\tbox-candidate-effects.json
HASH_FIRST,17,20260836,E8,对象属性值域缺失,3,True,False,CAND_002,False,True,False,True,1,G:\LearnAI\ontology-evolution\benchmark\repairs\tbox-candidate-effects.json
HASH_FIRST,18,20260837,E1,数值漂移,3,True,False,CAND_003,False,True,False,True,1,G:\LearnAI\ontology-evolution\benchmark\repairs\candidate-effects.json
HASH_FIRST,18,20260837,E2,公理缺失,1,True,False,CAND_001,True,False,True,True,1,G:\LearnAI\ontology-evolution\benchmark\repairs\candidate-effects.json
HASH_FIRST,18,20260837,E3,关系对象错误,3,True,False,CAND_002,False,True,False,True,1,G:\LearnAI\ontology-evolution\benchmark\repairs\candidate-effects.json
HASH_FIRST,18,20260837,E4,互斥类别冲突,1,True,False,CAND_001,True,False,True,True,1,G:\LearnAI\ontology-evolution\benchmark\repairs\candidate-effects.json
HASH_FIRST,18,20260837,E5,功能属性值冲突,3,True,False,CAND_003,True,False,True,True,1,G:\LearnAI\ontology-evolution\benchmark\repairs\candidate-effects.json
HASH_FIRST,18,20260837,E6,类层级链路缺失,3,True,False,CAND_001,True,False,True,True,1,G:\LearnAI\ontology-evolution\benchmark\repairs\tbox-candidate-effects.json
HASH_FIRST,18,20260837,E7,错误直接父类,3,True,False,CAND_003,False,True,False,True,2,G:\LearnAI\ontology-evolution\benchmark\repairs\tbox-candidate-effects.json
HASH_FIRST,18,20260837,E8,对象属性值域缺失,3,True,False,CAND_002,False,True,False,True,1,G:\LearnAI\ontology-evolution\benchmark\repairs\tbox-candidate-effects.json
HASH_FIRST,19,20260838,E1,数值漂移,3,True,False,CAND_002,False,True,False,True,1,G:\LearnAI\ontology-evolution\benchmark\repairs\candidate-effects.json
HASH_FIRST,19,20260838,E2,公理缺失,1,True,False,CAND_001,True,False,True,True,1,G:\LearnAI\ontology-evolution\benchmark\repairs\candidate-effects.json
HASH_FIRST,19,20260838,E3,关系对象错误,3,True,False,CAND_001,True,False,True,True,2,G:\LearnAI\ontology-evolution\benchmark\repairs\candidate-effects.json
HASH_FIRST,19,20260838,E4,互斥类别冲突,1,True,False,CAND_001,True,False,True,True,1,G:\LearnAI\ontology-evolution\benchmark\repairs\candidate-effects.json
HASH_FIRST,19,20260838,E5,功能属性值冲突,3,True,False,CAND_001,True,False,True,True,1,G:\LearnAI\ontology-evolution\benchmark\repairs\candidate-effects.json
HASH_FIRST,19,20260838,E6,类层级链路缺失,3,True,False,CAND_002,False,True,False,True,1,G:\LearnAI\ontology-evolution\benchmark\repairs\tbox-candidate-effects.json
HASH_FIRST,19,20260838,E7,错误直接父类,3,True,False,CAND_003,False,True,False,True,2,G:\LearnAI\ontology-evolution\benchmark\repairs\tbox-candidate-effects.json
HASH_FIRST,19,20260838,E8,对象属性值域缺失,3,True,False,CAND_001,True,False,True,True,1,G:\LearnAI\ontology-evolution\benchmark\repairs\tbox-candidate-effects.json
HASH_FIRST,20,20260839,E1,数值漂移,3,True,False,CAND_003,False,True,False,True,1,G:\LearnAI\ontology-evolution\benchmark\repairs\candidate-effects.json
HASH_FIRST,20,20260839,E2,公理缺失,1,True,False,CAND_001,True,False,True,True,1,G:\LearnAI\ontology-evolution\benchmark\repairs\candidate-effects.json
HASH_FIRST,20,20260839,E3,关系对象错误,3,True,False,CAND_003,False,True,False,True,1,G:\LearnAI\ontology-evolution\benchmark\repairs\candidate-effects.json
HASH_FIRST,20,20260839,E4,互斥类别冲突,1,True,False,CAND_001,True,False,True,True,1,G:\LearnAI\ontology-evolution\benchmark\repairs\candidate-effects.json
HASH_FIRST,20,20260839,E5,功能属性值冲突,3,True,False,CAND_003,True,False,True,True,1,G:\LearnAI\ontology-evolution\benchmark\repairs\candidate-effects.json
HASH_FIRST,20,20260839,E6,类层级链路缺失,3,True,False,CAND_003,False,True,False,True,1,G:\LearnAI\ontology-evolution\benchmark\repairs\tbox-candidate-effects.json
HASH_FIRST,20,20260839,E7,错误直接父类,3,True,False,CAND_002,False,True,False,True,1,G:\LearnAI\ontology-evolution\benchmark\repairs\tbox-candidate-effects.json
HASH_FIRST,20,20260839,E8,对象属性值域缺失,3,True,False,CAND_003,False,True,False,True,1,G:\LearnAI\ontology-evolution\benchmark\repairs\tbox-candidate-effects.json
HASH_FIRST,21,20260840,E1,数值漂移,3,True,False,CAND_001,True,False,True,True,2,G:\LearnAI\ontology-evolution\benchmark\repairs\candidate-effects.json
HASH_FIRST,21,20260840,E2,公理缺失,1,True,False,CAND_001,True,False,True,True,1,G:\LearnAI\ontology-evolution\benchmark\repairs\candidate-effects.json
HASH_FIRST,21,20260840,E3,关系对象错误,3,True,False,CAND_002,False,True,False,True,1,G:\LearnAI\ontology-evolution\benchmark\repairs\candidate-effects.json
HASH_FIRST,21,20260840,E4,互斥类别冲突,1,True,False,CAND_001,True,False,True,True,1,G:\LearnAI\ontology-evolution\benchmark\repairs\candidate-effects.json
HASH_FIRST,21,20260840,E5,功能属性值冲突,3,True,False,CAND_001,True,False,True,True,1,G:\LearnAI\ontology-evolution\benchmark\repairs\candidate-effects.json
HASH_FIRST,21,20260840,E6,类层级链路缺失,3,True,False,CAND_003,False,True,False,True,1,G:\LearnAI\ontology-evolution\benchmark\repairs\tbox-candidate-effects.json
HASH_FIRST,21,20260840,E7,错误直接父类,3,True,False,CAND_003,False,True,False,True,2,G:\LearnAI\ontology-evolution\benchmark\repairs\tbox-candidate-effects.json
HASH_FIRST,21,20260840,E8,对象属性值域缺失,3,True,False,CAND_002,False,True,False,True,1,G:\LearnAI\ontology-evolution\benchmark\repairs\tbox-candidate-effects.json
HASH_FIRST,22,20260841,E1,数值漂移,3,True,False,CAND_003,False,True,False,True,1,G:\LearnAI\ontology-evolution\benchmark\repairs\candidate-effects.json
HASH_FIRST,22,20260841,E2,公理缺失,1,True,False,CAND_001,True,False,True,True,1,G:\LearnAI\ontology-evolution\benchmark\repairs\candidate-effects.json
HASH_FIRST,22,20260841,E3,关系对象错误,3,True,False,CAND_001,True,False,True,True,2,G:\LearnAI\ontology-evolution\benchmark\repairs\candidate-effects.json
HASH_FIRST,22,20260841,E4,互斥类别冲突,1,True,False,CAND_001,True,False,True,True,1,G:\LearnAI\ontology-evolution\benchmark\repairs\candidate-effects.json
HASH_FIRST,22,20260841,E5,功能属性值冲突,3,True,False,CAND_001,True,False,True,True,1,G:\LearnAI\ontology-evolution\benchmark\repairs\candidate-effects.json
HASH_FIRST,22,20260841,E6,类层级链路缺失,3,True,False,CAND_002,False,True,False,True,1,G:\LearnAI\ontology-evolution\benchmark\repairs\tbox-candidate-effects.json
HASH_FIRST,22,20260841,E7,错误直接父类,3,True,False,CAND_003,False,True,False,True,2,G:\LearnAI\ontology-evolution\benchmark\repairs\tbox-candidate-effects.json
HASH_FIRST,22,20260841,E8,对象属性值域缺失,3,True,False,CAND_003,False,True,False,True,1,G:\LearnAI\ontology-evolution\benchmark\repairs\tbox-candidate-effects.json
HASH_FIRST,23,20260842,E1,数值漂移,3,True,False,CAND_001,True,False,True,True,2,G:\LearnAI\ontology-evolution\benchmark\repairs\candidate-effects.json
HASH_FIRST,23,20260842,E2,公理缺失,1,True,False,CAND_001,True,False,True,True,1,G:\LearnAI\ontology-evolution\benchmark\repairs\candidate-effects.json
HASH_FIRST,23,20260842,E3,关系对象错误,3,True,False,CAND_002,False,True,False,True,1,G:\LearnAI\ontology-evolution\benchmark\repairs\candidate-effects.json
HASH_FIRST,23,20260842,E4,互斥类别冲突,1,True,False,CAND_001,True,False,True,True,1,G:\LearnAI\ontology-evolution\benchmark\repairs\candidate-effects.json
HASH_FIRST,23,20260842,E5,功能属性值冲突,3,True,False,CAND_001,True,False,True,True,1,G:\LearnAI\ontology-evolution\benchmark\repairs\candidate-effects.json
HASH_FIRST,23,20260842,E6,类层级链路缺失,3,True,False,CAND_003,False,True,False,True,1,G:\LearnAI\ontology-evolution\benchmark\repairs\tbox-candidate-effects.json
HASH_FIRST,23,20260842,E7,错误直接父类,3,True,False,CAND_003,False,True,False,True,2,G:\LearnAI\ontology-evolution\benchmark\repairs\tbox-candidate-effects.json
HASH_FIRST,23,20260842,E8,对象属性值域缺失,3,True,False,CAND_003,False,True,False,True,1,G:\LearnAI\ontology-evolution\benchmark\repairs\tbox-candidate-effects.json
HASH_FIRST,24,20260843,E1,数值漂移,3,True,False,CAND_002,False,True,False,True,1,G:\LearnAI\ontology-evolution\benchmark\repairs\candidate-effects.json
HASH_FIRST,24,20260843,E2,公理缺失,1,True,False,CAND_001,True,False,True,True,1,G:\LearnAI\ontology-evolution\benchmark\repairs\candidate-effects.json
HASH_FIRST,24,20260843,E3,关系对象错误,3,True,False,CAND_003,False,True,False,True,1,G:\LearnAI\ontology-evolution\benchmark\repairs\candidate-effects.json
HASH_FIRST,24,20260843,E4,互斥类别冲突,1,True,False,CAND_001,True,False,True,True,1,G:\LearnAI\ontology-evolution\benchmark\repairs\candidate-effects.json
HASH_FIRST,24,20260843,E5,功能属性值冲突,3,True,False,CAND_002,False,True,False,True,1,G:\LearnAI\ontology-evolution\benchmark\repairs\candidate-effects.json
HASH_FIRST,24,20260843,E6,类层级链路缺失,3,True,False,CAND_003,False,True,False,True,1,G:\LearnAI\ontology-evolution\benchmark\repairs\tbox-candidate-effects.json
HASH_FIRST,24,20260843,E7,错误直接父类,3,True,False,CAND_001,True,False,True,True,2,G:\LearnAI\ontology-evolution\benchmark\repairs\tbox-candidate-effects.json
HASH_FIRST,24,20260843,E8,对象属性值域缺失,3,True,False,CAND_002,False,True,False,True,1,G:\LearnAI\ontology-evolution\benchmark\repairs\tbox-candidate-effects.json
HASH_FIRST,25,20260844,E1,数值漂移,3,True,False,CAND_001,True,False,True,True,2,G:\LearnAI\ontology-evolution\benchmark\repairs\candidate-effects.json
HASH_FIRST,25,20260844,E2,公理缺失,1,True,False,CAND_001,True,False,True,True,1,G:\LearnAI\ontology-evolution\benchmark\repairs\candidate-effects.json
HASH_FIRST,25,20260844,E3,关系对象错误,3,True,False,CAND_001,True,False,True,True,2,G:\LearnAI\ontology-evolution\benchmark\repairs\candidate-effects.json
HASH_FIRST,25,20260844,E4,互斥类别冲突,1,True,False,CAND_001,True,False,True,True,1,G:\LearnAI\ontology-evolution\benchmark\repairs\candidate-effects.json
HASH_FIRST,25,20260844,E5,功能属性值冲突,3,True,False,CAND_003,True,False,True,True,1,G:\LearnAI\ontology-evolution\benchmark\repairs\candidate-effects.json
HASH_FIRST,25,20260844,E6,类层级链路缺失,3,True,False,CAND_002,False,True,False,True,1,G:\LearnAI\ontology-evolution\benchmark\repairs\tbox-candidate-effects.json
HASH_FIRST,25,20260844,E7,错误直接父类,3,True,False,CAND_002,False,True,False,True,1,G:\LearnAI\ontology-evolution\benchmark\repairs\tbox-candidate-effects.json
HASH_FIRST,25,20260844,E8,对象属性值域缺失,3,True,False,CAND_002,False,True,False,True,1,G:\LearnAI\ontology-evolution\benchmark\repairs\tbox-candidate-effects.json
HASH_FIRST,26,20260845,E1,数值漂移,3,True,False,CAND_002,False,True,False,True,1,G:\LearnAI\ontology-evolution\benchmark\repairs\candidate-effects.json
HASH_FIRST,26,20260845,E2,公理缺失,1,True,False,CAND_001,True,False,True,True,1,G:\LearnAI\ontology-evolution\benchmark\repairs\candidate-effects.json
HASH_FIRST,26,20260845,E3,关系对象错误,3,True,False,CAND_003,False,True,False,True,1,G:\LearnAI\ontology-evolution\benchmark\repairs\candidate-effects.json
HASH_FIRST,26,20260845,E4,互斥类别冲突,1,True,False,CAND_001,True,False,True,True,1,G:\LearnAI\ontology-evolution\benchmark\repairs\candidate-effects.json
HASH_FIRST,26,20260845,E5,功能属性值冲突,3,True,False,CAND_002,False,True,False,True,1,G:\LearnAI\ontology-evolution\benchmark\repairs\candidate-effects.json
HASH_FIRST,26,20260845,E6,类层级链路缺失,3,True,False,CAND_003,False,True,False,True,1,G:\LearnAI\ontology-evolution\benchmark\repairs\tbox-candidate-effects.json
HASH_FIRST,26,20260845,E7,错误直接父类,3,True,False,CAND_001,True,False,True,True,2,G:\LearnAI\ontology-evolution\benchmark\repairs\tbox-candidate-effects.json
HASH_FIRST,26,20260845,E8,对象属性值域缺失,3,True,False,CAND_002,False,True,False,True,1,G:\LearnAI\ontology-evolution\benchmark\repairs\tbox-candidate-effects.json
HASH_FIRST,27,20260846,E1,数值漂移,3,True,False,CAND_001,True,False,True,True,2,G:\LearnAI\ontology-evolution\benchmark\repairs\candidate-effects.json
HASH_FIRST,27,20260846,E2,公理缺失,1,True,False,CAND_001,True,False,True,True,1,G:\LearnAI\ontology-evolution\benchmark\repairs\candidate-effects.json
HASH_FIRST,27,20260846,E3,关系对象错误,3,True,False,CAND_001,True,False,True,True,2,G:\LearnAI\ontology-evolution\benchmark\repairs\candidate-effects.json
HASH_FIRST,27,20260846,E4,互斥类别冲突,1,True,False,CAND_001,True,False,True,True,1,G:\LearnAI\ontology-evolution\benchmark\repairs\candidate-effects.json
HASH_FIRST,27,20260846,E5,功能属性值冲突,3,True,False,CAND_002,False,True,False,True,1,G:\LearnAI\ontology-evolution\benchmark\repairs\candidate-effects.json
HASH_FIRST,27,20260846,E6,类层级链路缺失,3,True,False,CAND_001,True,False,True,True,1,G:\LearnAI\ontology-evolution\benchmark\repairs\tbox-candidate-effects.json
HASH_FIRST,27,20260846,E7,错误直接父类,3,True,False,CAND_002,False,True,False,True,1,G:\LearnAI\ontology-evolution\benchmark\repairs\tbox-candidate-effects.json
HASH_FIRST,27,20260846,E8,对象属性值域缺失,3,True,False,CAND_001,True,False,True,True,1,G:\LearnAI\ontology-evolution\benchmark\repairs\tbox-candidate-effects.json
HASH_FIRST,28,20260847,E1,数值漂移,3,True,False,CAND_002,False,True,False,True,1,G:\LearnAI\ontology-evolution\benchmark\repairs\candidate-effects.json
HASH_FIRST,28,20260847,E2,公理缺失,1,True,False,CAND_001,True,False,True,True,1,G:\LearnAI\ontology-evolution\benchmark\repairs\candidate-effects.json
HASH_FIRST,28,20260847,E3,关系对象错误,3,True,False,CAND_001,True,False,True,True,2,G:\LearnAI\ontology-evolution\benchmark\repairs\candidate-effects.json
HASH_FIRST,28,20260847,E4,互斥类别冲突,1,True,False,CAND_001,True,False,True,True,1,G:\LearnAI\ontology-evolution\benchmark\repairs\candidate-effects.json
HASH_FIRST,28,20260847,E5,功能属性值冲突,3,True,False,CAND_002,False,True,False,True,1,G:\LearnAI\ontology-evolution\benchmark\repairs\candidate-effects.json
HASH_FIRST,28,20260847,E6,类层级链路缺失,3,True,False,CAND_003,False,True,False,True,1,G:\LearnAI\ontology-evolution\benchmark\repairs\tbox-candidate-effects.json
HASH_FIRST,28,20260847,E7,错误直接父类,3,True,False,CAND_001,True,False,True,True,2,G:\LearnAI\ontology-evolution\benchmark\repairs\tbox-candidate-effects.json
HASH_FIRST,28,20260847,E8,对象属性值域缺失,3,True,False,CAND_001,True,False,True,True,1,G:\LearnAI\ontology-evolution\benchmark\repairs\tbox-candidate-effects.json
HASH_FIRST,29,20260848,E1,数值漂移,3,True,False,CAND_003,False,True,False,True,1,G:\LearnAI\ontology-evolution\benchmark\repairs\candidate-effects.json
HASH_FIRST,29,20260848,E2,公理缺失,1,True,False,CAND_001,True,False,True,True,1,G:\LearnAI\ontology-evolution\benchmark\repairs\candidate-effects.json
HASH_FIRST,29,20260848,E3,关系对象错误,3,True,False,CAND_001,True,False,True,True,2,G:\LearnAI\ontology-evolution\benchmark\repairs\candidate-effects.json
HASH_FIRST,29,20260848,E4,互斥类别冲突,1,True,False,CAND_001,True,False,True,True,1,G:\LearnAI\ontology-evolution\benchmark\repairs\candidate-effects.json
HASH_FIRST,29,20260848,E5,功能属性值冲突,3,True,False,CAND_001,True,False,True,True,1,G:\LearnAI\ontology-evolution\benchmark\repairs\candidate-effects.json
HASH_FIRST,29,20260848,E6,类层级链路缺失,3,True,False,CAND_003,False,True,False,True,1,G:\LearnAI\ontology-evolution\benchmark\repairs\tbox-candidate-effects.json
HASH_FIRST,29,20260848,E7,错误直接父类,3,True,False,CAND_002,False,True,False,True,1,G:\LearnAI\ontology-evolution\benchmark\repairs\tbox-candidate-effects.json
HASH_FIRST,29,20260848,E8,对象属性值域缺失,3,True,False,CAND_001,True,False,True,True,1,G:\LearnAI\ontology-evolution\benchmark\repairs\tbox-candidate-effects.json
HASH_FIRST,30,20260849,E1,数值漂移,3,True,False,CAND_002,False,True,False,True,1,G:\LearnAI\ontology-evolution\benchmark\repairs\candidate-effects.json
HASH_FIRST,30,20260849,E2,公理缺失,1,True,False,CAND_001,True,False,True,True,1,G:\LearnAI\ontology-evolution\benchmark\repairs\candidate-effects.json
HASH_FIRST,30,20260849,E3,关系对象错误,3,True,False,CAND_001,True,False,True,True,2,G:\LearnAI\ontology-evolution\benchmark\repairs\candidate-effects.json
HASH_FIRST,30,20260849,E4,互斥类别冲突,1,True,False,CAND_001,True,False,True,True,1,G:\LearnAI\ontology-evolution\benchmark\repairs\candidate-effects.json
HASH_FIRST,30,20260849,E5,功能属性值冲突,3,True,False,CAND_002,False,True,False,True,1,G:\LearnAI\ontology-evolution\benchmark\repairs\candidate-effects.json
HASH_FIRST,30,20260849,E6,类层级链路缺失,3,True,False,CAND_001,True,False,True,True,1,G:\LearnAI\ontology-evolution\benchmark\repairs\tbox-candidate-effects.json
HASH_FIRST,30,20260849,E7,错误直接父类,3,True,False,CAND_002,False,True,False,True,1,G:\LearnAI\ontology-evolution\benchmark\repairs\tbox-candidate-effects.json
HASH_FIRST,30,20260849,E8,对象属性值域缺失,3,True,False,CAND_002,False,True,False,True,1,G:\LearnAI\ontology-evolution\benchmark\repairs\tbox-candidate-effects.json
HASH_FIRST,31,20260850,E1,数值漂移,3,True,False,CAND_002,False,True,False,True,1,G:\LearnAI\ontology-evolution\benchmark\repairs\candidate-effects.json
HASH_FIRST,31,20260850,E2,公理缺失,1,True,False,CAND_001,True,False,True,True,1,G:\LearnAI\ontology-evolution\benchmark\repairs\candidate-effects.json
HASH_FIRST,31,20260850,E3,关系对象错误,3,True,False,CAND_003,False,True,False,True,1,G:\LearnAI\ontology-evolution\benchmark\repairs\candidate-effects.json
HASH_FIRST,31,20260850,E4,互斥类别冲突,1,True,False,CAND_001,True,False,True,True,1,G:\LearnAI\ontology-evolution\benchmark\repairs\candidate-effects.json
HASH_FIRST,31,20260850,E5,功能属性值冲突,3,True,False,CAND_002,False,True,False,True,1,G:\LearnAI\ontology-evolution\benchmark\repairs\candidate-effects.json
HASH_FIRST,31,20260850,E6,类层级链路缺失,3,True,False,CAND_001,True,False,True,True,1,G:\LearnAI\ontology-evolution\benchmark\repairs\tbox-candidate-effects.json
HASH_FIRST,31,20260850,E7,错误直接父类,3,True,False,CAND_003,False,True,False,True,2,G:\LearnAI\ontology-evolution\benchmark\repairs\tbox-candidate-effects.json
HASH_FIRST,31,20260850,E8,对象属性值域缺失,3,True,False,CAND_001,True,False,True,True,1,G:\LearnAI\ontology-evolution\benchmark\repairs\tbox-candidate-effects.json
HASH_FIRST,32,20260851,E1,数值漂移,3,True,False,CAND_001,True,False,True,True,2,G:\LearnAI\ontology-evolution\benchmark\repairs\candidate-effects.json
HASH_FIRST,32,20260851,E2,公理缺失,1,True,False,CAND_001,True,False,True,True,1,G:\LearnAI\ontology-evolution\benchmark\repairs\candidate-effects.json
HASH_FIRST,32,20260851,E3,关系对象错误,3,True,False,CAND_002,False,True,False,True,1,G:\LearnAI\ontology-evolution\benchmark\repairs\candidate-effects.json
HASH_FIRST,32,20260851,E4,互斥类别冲突,1,True,False,CAND_001,True,False,True,True,1,G:\LearnAI\ontology-evolution\benchmark\repairs\candidate-effects.json
HASH_FIRST,32,20260851,E5,功能属性值冲突,3,True,False,CAND_002,False,True,False,True,1,G:\LearnAI\ontology-evolution\benchmark\repairs\candidate-effects.json
HASH_FIRST,32,20260851,E6,类层级链路缺失,3,True,False,CAND_003,False,True,False,True,1,G:\LearnAI\ontology-evolution\benchmark\repairs\tbox-candidate-effects.json
HASH_FIRST,32,20260851,E7,错误直接父类,3,True,False,CAND_002,False,True,False,True,1,G:\LearnAI\ontology-evolution\benchmark\repairs\tbox-candidate-effects.json
HASH_FIRST,32,20260851,E8,对象属性值域缺失,3,True,False,CAND_003,False,True,False,True,1,G:\LearnAI\ontology-evolution\benchmark\repairs\tbox-candidate-effects.json
HASH_FIRST,33,20260852,E1,数值漂移,3,True,False,CAND_001,True,False,True,True,2,G:\LearnAI\ontology-evolution\benchmark\repairs\candidate-effects.json
HASH_FIRST,33,20260852,E2,公理缺失,1,True,False,CAND_001,True,False,True,True,1,G:\LearnAI\ontology-evolution\benchmark\repairs\candidate-effects.json
HASH_FIRST,33,20260852,E3,关系对象错误,3,True,False,CAND_002,False,True,False,True,1,G:\LearnAI\ontology-evolution\benchmark\repairs\candidate-effects.json
HASH_FIRST,33,20260852,E4,互斥类别冲突,1,True,False,CAND_001,True,False,True,True,1,G:\LearnAI\ontology-evolution\benchmark\repairs\candidate-effects.json
HASH_FIRST,33,20260852,E5,功能属性值冲突,3,True,False,CAND_003,True,False,True,True,1,G:\LearnAI\ontology-evolution\benchmark\repairs\candidate-effects.json
HASH_FIRST,33,20260852,E6,类层级链路缺失,3,True,False,CAND_002,False,True,False,True,1,G:\LearnAI\ontology-evolution\benchmark\repairs\tbox-candidate-effects.json
HASH_FIRST,33,20260852,E7,错误直接父类,3,True,False,CAND_003,False,True,False,True,2,G:\LearnAI\ontology-evolution\benchmark\repairs\tbox-candidate-effects.json
HASH_FIRST,33,20260852,E8,对象属性值域缺失,3,True,False,CAND_001,True,False,True,True,1,G:\LearnAI\ontology-evolution\benchmark\repairs\tbox-candidate-effects.json
HASH_FIRST,34,20260853,E1,数值漂移,3,True,False,CAND_003,False,True,False,True,1,G:\LearnAI\ontology-evolution\benchmark\repairs\candidate-effects.json
HASH_FIRST,34,20260853,E2,公理缺失,1,True,False,CAND_001,True,False,True,True,1,G:\LearnAI\ontology-evolution\benchmark\repairs\candidate-effects.json
HASH_FIRST,34,20260853,E3,关系对象错误,3,True,False,CAND_002,False,True,False,True,1,G:\LearnAI\ontology-evolution\benchmark\repairs\candidate-effects.json
HASH_FIRST,34,20260853,E4,互斥类别冲突,1,True,False,CAND_001,True,False,True,True,1,G:\LearnAI\ontology-evolution\benchmark\repairs\candidate-effects.json
HASH_FIRST,34,20260853,E5,功能属性值冲突,3,True,False,CAND_002,False,True,False,True,1,G:\LearnAI\ontology-evolution\benchmark\repairs\candidate-effects.json
HASH_FIRST,34,20260853,E6,类层级链路缺失,3,True,False,CAND_001,True,False,True,True,1,G:\LearnAI\ontology-evolution\benchmark\repairs\tbox-candidate-effects.json
HASH_FIRST,34,20260853,E7,错误直接父类,3,True,False,CAND_003,False,True,False,True,2,G:\LearnAI\ontology-evolution\benchmark\repairs\tbox-candidate-effects.json
HASH_FIRST,34,20260853,E8,对象属性值域缺失,3,True,False,CAND_003,False,True,False,True,1,G:\LearnAI\ontology-evolution\benchmark\repairs\tbox-candidate-effects.json
HASH_FIRST,35,20260854,E1,数值漂移,3,True,False,CAND_001,True,False,True,True,2,G:\LearnAI\ontology-evolution\benchmark\repairs\candidate-effects.json
HASH_FIRST,35,20260854,E2,公理缺失,1,True,False,CAND_001,True,False,True,True,1,G:\LearnAI\ontology-evolution\benchmark\repairs\candidate-effects.json
HASH_FIRST,35,20260854,E3,关系对象错误,3,True,False,CAND_002,False,True,False,True,1,G:\LearnAI\ontology-evolution\benchmark\repairs\candidate-effects.json
HASH_FIRST,35,20260854,E4,互斥类别冲突,1,True,False,CAND_001,True,False,True,True,1,G:\LearnAI\ontology-evolution\benchmark\repairs\candidate-effects.json
HASH_FIRST,35,20260854,E5,功能属性值冲突,3,True,False,CAND_002,False,True,False,True,1,G:\LearnAI\ontology-evolution\benchmark\repairs\candidate-effects.json
HASH_FIRST,35,20260854,E6,类层级链路缺失,3,True,False,CAND_003,False,True,False,True,1,G:\LearnAI\ontology-evolution\benchmark\repairs\tbox-candidate-effects.json
HASH_FIRST,35,20260854,E7,错误直接父类,3,True,False,CAND_001,True,False,True,True,2,G:\LearnAI\ontology-evolution\benchmark\repairs\tbox-candidate-effects.json
HASH_FIRST,35,20260854,E8,对象属性值域缺失,3,True,False,CAND_001,True,False,True,True,1,G:\LearnAI\ontology-evolution\benchmark\repairs\tbox-candidate-effects.json
HASH_FIRST,36,20260855,E1,数值漂移,3,True,False,CAND_003,False,True,False,True,1,G:\LearnAI\ontology-evolution\benchmark\repairs\candidate-effects.json
HASH_FIRST,36,20260855,E2,公理缺失,1,True,False,CAND_001,True,False,True,True,1,G:\LearnAI\ontology-evolution\benchmark\repairs\candidate-effects.json
HASH_FIRST,36,20260855,E3,关系对象错误,3,True,False,CAND_002,False,True,False,True,1,G:\LearnAI\ontology-evolution\benchmark\repairs\candidate-effects.json
HASH_FIRST,36,20260855,E4,互斥类别冲突,1,True,False,CAND_001,True,False,True,True,1,G:\LearnAI\ontology-evolution\benchmark\repairs\candidate-effects.json
HASH_FIRST,36,20260855,E5,功能属性值冲突,3,True,False,CAND_002,False,True,False,True,1,G:\LearnAI\ontology-evolution\benchmark\repairs\candidate-effects.json
HASH_FIRST,36,20260855,E6,类层级链路缺失,3,True,False,CAND_001,True,False,True,True,1,G:\LearnAI\ontology-evolution\benchmark\repairs\tbox-candidate-effects.json
HASH_FIRST,36,20260855,E7,错误直接父类,3,True,False,CAND_001,True,False,True,True,2,G:\LearnAI\ontology-evolution\benchmark\repairs\tbox-candidate-effects.json
HASH_FIRST,36,20260855,E8,对象属性值域缺失,3,True,False,CAND_002,False,True,False,True,1,G:\LearnAI\ontology-evolution\benchmark\repairs\tbox-candidate-effects.json
HASH_FIRST,37,20260856,E1,数值漂移,3,True,False,CAND_001,True,False,True,True,2,G:\LearnAI\ontology-evolution\benchmark\repairs\candidate-effects.json
HASH_FIRST,37,20260856,E2,公理缺失,1,True,False,CAND_001,True,False,True,True,1,G:\LearnAI\ontology-evolution\benchmark\repairs\candidate-effects.json
HASH_FIRST,37,20260856,E3,关系对象错误,3,True,False,CAND_001,True,False,True,True,2,G:\LearnAI\ontology-evolution\benchmark\repairs\candidate-effects.json
HASH_FIRST,37,20260856,E4,互斥类别冲突,1,True,False,CAND_001,True,False,True,True,1,G:\LearnAI\ontology-evolution\benchmark\repairs\candidate-effects.json
HASH_FIRST,37,20260856,E5,功能属性值冲突,3,True,False,CAND_001,True,False,True,True,1,G:\LearnAI\ontology-evolution\benchmark\repairs\candidate-effects.json
HASH_FIRST,37,20260856,E6,类层级链路缺失,3,True,False,CAND_002,False,True,False,True,1,G:\LearnAI\ontology-evolution\benchmark\repairs\tbox-candidate-effects.json
HASH_FIRST,37,20260856,E7,错误直接父类,3,True,False,CAND_003,False,True,False,True,2,G:\LearnAI\ontology-evolution\benchmark\repairs\tbox-candidate-effects.json
HASH_FIRST,37,20260856,E8,对象属性值域缺失,3,True,False,CAND_002,False,True,False,True,1,G:\LearnAI\ontology-evolution\benchmark\repairs\tbox-candidate-effects.json
HASH_FIRST,38,20260857,E1,数值漂移,3,True,False,CAND_002,False,True,False,True,1,G:\LearnAI\ontology-evolution\benchmark\repairs\candidate-effects.json
HASH_FIRST,38,20260857,E2,公理缺失,1,True,False,CAND_001,True,False,True,True,1,G:\LearnAI\ontology-evolution\benchmark\repairs\candidate-effects.json
HASH_FIRST,38,20260857,E3,关系对象错误,3,True,False,CAND_001,True,False,True,True,2,G:\LearnAI\ontology-evolution\benchmark\repairs\candidate-effects.json
HASH_FIRST,38,20260857,E4,互斥类别冲突,1,True,False,CAND_001,True,False,True,True,1,G:\LearnAI\ontology-evolution\benchmark\repairs\candidate-effects.json
HASH_FIRST,38,20260857,E5,功能属性值冲突,3,True,False,CAND_001,True,False,True,True,1,G:\LearnAI\ontology-evolution\benchmark\repairs\candidate-effects.json
HASH_FIRST,38,20260857,E6,类层级链路缺失,3,True,False,CAND_002,False,True,False,True,1,G:\LearnAI\ontology-evolution\benchmark\repairs\tbox-candidate-effects.json
HASH_FIRST,38,20260857,E7,错误直接父类,3,True,False,CAND_002,False,True,False,True,1,G:\LearnAI\ontology-evolution\benchmark\repairs\tbox-candidate-effects.json
HASH_FIRST,38,20260857,E8,对象属性值域缺失,3,True,False,CAND_003,False,True,False,True,1,G:\LearnAI\ontology-evolution\benchmark\repairs\tbox-candidate-effects.json
HASH_FIRST,39,20260858,E1,数值漂移,3,True,False,CAND_002,False,True,False,True,1,G:\LearnAI\ontology-evolution\benchmark\repairs\candidate-effects.json
HASH_FIRST,39,20260858,E2,公理缺失,1,True,False,CAND_001,True,False,True,True,1,G:\LearnAI\ontology-evolution\benchmark\repairs\candidate-effects.json
HASH_FIRST,39,20260858,E3,关系对象错误,3,True,False,CAND_002,False,True,False,True,1,G:\LearnAI\ontology-evolution\benchmark\repairs\candidate-effects.json
HASH_FIRST,39,20260858,E4,互斥类别冲突,1,True,False,CAND_001,True,False,True,True,1,G:\LearnAI\ontology-evolution\benchmark\repairs\candidate-effects.json
HASH_FIRST,39,20260858,E5,功能属性值冲突,3,True,False,CAND_001,True,False,True,True,1,G:\LearnAI\ontology-evolution\benchmark\repairs\candidate-effects.json
HASH_FIRST,39,20260858,E6,类层级链路缺失,3,True,False,CAND_003,False,True,False,True,1,G:\LearnAI\ontology-evolution\benchmark\repairs\tbox-candidate-effects.json
HASH_FIRST,39,20260858,E7,错误直接父类,3,True,False,CAND_003,False,True,False,True,2,G:\LearnAI\ontology-evolution\benchmark\repairs\tbox-candidate-effects.json
HASH_FIRST,39,20260858,E8,对象属性值域缺失,3,True,False,CAND_002,False,True,False,True,1,G:\LearnAI\ontology-evolution\benchmark\repairs\tbox-candidate-effects.json
HASH_FIRST,40,20260859,E1,数值漂移,3,True,False,CAND_001,True,False,True,True,2,G:\LearnAI\ontology-evolution\benchmark\repairs\candidate-effects.json
HASH_FIRST,40,20260859,E2,公理缺失,1,True,False,CAND_001,True,False,True,True,1,G:\LearnAI\ontology-evolution\benchmark\repairs\candidate-effects.json
HASH_FIRST,40,20260859,E3,关系对象错误,3,True,False,CAND_001,True,False,True,True,2,G:\LearnAI\ontology-evolution\benchmark\repairs\candidate-effects.json
HASH_FIRST,40,20260859,E4,互斥类别冲突,1,True,False,CAND_001,True,False,True,True,1,G:\LearnAI\ontology-evolution\benchmark\repairs\candidate-effects.json
HASH_FIRST,40,20260859,E5,功能属性值冲突,3,True,False,CAND_002,False,True,False,True,1,G:\LearnAI\ontology-evolution\benchmark\repairs\candidate-effects.json
HASH_FIRST,40,20260859,E6,类层级链路缺失,3,True,False,CAND_002,False,True,False,True,1,G:\LearnAI\ontology-evolution\benchmark\repairs\tbox-candidate-effects.json
HASH_FIRST,40,20260859,E7,错误直接父类,3,True,False,CAND_002,False,True,False,True,1,G:\LearnAI\ontology-evolution\benchmark\repairs\tbox-candidate-effects.json
HASH_FIRST,40,20260859,E8,对象属性值域缺失,3,True,False,CAND_003,False,True,False,True,1,G:\LearnAI\ontology-evolution\benchmark\repairs\tbox-candidate-effects.json
HASH_FIRST,41,20260860,E1,数值漂移,3,True,False,CAND_002,False,True,False,True,1,G:\LearnAI\ontology-evolution\benchmark\repairs\candidate-effects.json
HASH_FIRST,41,20260860,E2,公理缺失,1,True,False,CAND_001,True,False,True,True,1,G:\LearnAI\ontology-evolution\benchmark\repairs\candidate-effects.json
HASH_FIRST,41,20260860,E3,关系对象错误,3,True,False,CAND_002,False,True,False,True,1,G:\LearnAI\ontology-evolution\benchmark\repairs\candidate-effects.json
HASH_FIRST,41,20260860,E4,互斥类别冲突,1,True,False,CAND_001,True,False,True,True,1,G:\LearnAI\ontology-evolution\benchmark\repairs\candidate-effects.json
HASH_FIRST,41,20260860,E5,功能属性值冲突,3,True,False,CAND_001,True,False,True,True,1,G:\LearnAI\ontology-evolution\benchmark\repairs\candidate-effects.json
HASH_FIRST,41,20260860,E6,类层级链路缺失,3,True,False,CAND_002,False,True,False,True,1,G:\LearnAI\ontology-evolution\benchmark\repairs\tbox-candidate-effects.json
HASH_FIRST,41,20260860,E7,错误直接父类,3,True,False,CAND_003,False,True,False,True,2,G:\LearnAI\ontology-evolution\benchmark\repairs\tbox-candidate-effects.json
HASH_FIRST,41,20260860,E8,对象属性值域缺失,3,True,False,CAND_003,False,True,False,True,1,G:\LearnAI\ontology-evolution\benchmark\repairs\tbox-candidate-effects.json
HASH_FIRST,42,20260861,E1,数值漂移,3,True,False,CAND_003,False,True,False,True,1,G:\LearnAI\ontology-evolution\benchmark\repairs\candidate-effects.json
HASH_FIRST,42,20260861,E2,公理缺失,1,True,False,CAND_001,True,False,True,True,1,G:\LearnAI\ontology-evolution\benchmark\repairs\candidate-effects.json
HASH_FIRST,42,20260861,E3,关系对象错误,3,True,False,CAND_002,False,True,False,True,1,G:\LearnAI\ontology-evolution\benchmark\repairs\candidate-effects.json
HASH_FIRST,42,20260861,E4,互斥类别冲突,1,True,False,CAND_001,True,False,True,True,1,G:\LearnAI\ontology-evolution\benchmark\repairs\candidate-effects.json
HASH_FIRST,42,20260861,E5,功能属性值冲突,3,True,False,CAND_001,True,False,True,True,1,G:\LearnAI\ontology-evolution\benchmark\repairs\candidate-effects.json
HASH_FIRST,42,20260861,E6,类层级链路缺失,3,True,False,CAND_002,False,True,False,True,1,G:\LearnAI\ontology-evolution\benchmark\repairs\tbox-candidate-effects.json
HASH_FIRST,42,20260861,E7,错误直接父类,3,True,False,CAND_003,False,True,False,True,2,G:\LearnAI\ontology-evolution\benchmark\repairs\tbox-candidate-effects.json
HASH_FIRST,42,20260861,E8,对象属性值域缺失,3,True,False,CAND_003,False,True,False,True,1,G:\LearnAI\ontology-evolution\benchmark\repairs\tbox-candidate-effects.json
HASH_FIRST,43,20260862,E1,数值漂移,3,True,False,CAND_003,False,True,False,True,1,G:\LearnAI\ontology-evolution\benchmark\repairs\candidate-effects.json
HASH_FIRST,43,20260862,E2,公理缺失,1,True,False,CAND_001,True,False,True,True,1,G:\LearnAI\ontology-evolution\benchmark\repairs\candidate-effects.json
HASH_FIRST,43,20260862,E3,关系对象错误,3,True,False,CAND_002,False,True,False,True,1,G:\LearnAI\ontology-evolution\benchmark\repairs\candidate-effects.json
HASH_FIRST,43,20260862,E4,互斥类别冲突,1,True,False,CAND_001,True,False,True,True,1,G:\LearnAI\ontology-evolution\benchmark\repairs\candidate-effects.json
HASH_FIRST,43,20260862,E5,功能属性值冲突,3,True,False,CAND_002,False,True,False,True,1,G:\LearnAI\ontology-evolution\benchmark\repairs\candidate-effects.json
HASH_FIRST,43,20260862,E6,类层级链路缺失,3,True,False,CAND_002,False,True,False,True,1,G:\LearnAI\ontology-evolution\benchmark\repairs\tbox-candidate-effects.json
HASH_FIRST,43,20260862,E7,错误直接父类,3,True,False,CAND_001,True,False,True,True,2,G:\LearnAI\ontology-evolution\benchmark\repairs\tbox-candidate-effects.json
HASH_FIRST,43,20260862,E8,对象属性值域缺失,3,True,False,CAND_003,False,True,False,True,1,G:\LearnAI\ontology-evolution\benchmark\repairs\tbox-candidate-effects.json
HASH_FIRST,44,20260863,E1,数值漂移,3,True,False,CAND_002,False,True,False,True,1,G:\LearnAI\ontology-evolution\benchmark\repairs\candidate-effects.json
HASH_FIRST,44,20260863,E2,公理缺失,1,True,False,CAND_001,True,False,True,True,1,G:\LearnAI\ontology-evolution\benchmark\repairs\candidate-effects.json
HASH_FIRST,44,20260863,E3,关系对象错误,3,True,False,CAND_002,False,True,False,True,1,G:\LearnAI\ontology-evolution\benchmark\repairs\candidate-effects.json
HASH_FIRST,44,20260863,E4,互斥类别冲突,1,True,False,CAND_001,True,False,True,True,1,G:\LearnAI\ontology-evolution\benchmark\repairs\candidate-effects.json
HASH_FIRST,44,20260863,E5,功能属性值冲突,3,True,False,CAND_003,True,False,True,True,1,G:\LearnAI\ontology-evolution\benchmark\repairs\candidate-effects.json
HASH_FIRST,44,20260863,E6,类层级链路缺失,3,True,False,CAND_003,False,True,False,True,1,G:\LearnAI\ontology-evolution\benchmark\repairs\tbox-candidate-effects.json
HASH_FIRST,44,20260863,E7,错误直接父类,3,True,False,CAND_002,False,True,False,True,1,G:\LearnAI\ontology-evolution\benchmark\repairs\tbox-candidate-effects.json
HASH_FIRST,44,20260863,E8,对象属性值域缺失,3,True,False,CAND_002,False,True,False,True,1,G:\LearnAI\ontology-evolution\benchmark\repairs\tbox-candidate-effects.json
HASH_FIRST,45,20260864,E1,数值漂移,3,True,False,CAND_001,True,False,True,True,2,G:\LearnAI\ontology-evolution\benchmark\repairs\candidate-effects.json
HASH_FIRST,45,20260864,E2,公理缺失,1,True,False,CAND_001,True,False,True,True,1,G:\LearnAI\ontology-evolution\benchmark\repairs\candidate-effects.json
HASH_FIRST,45,20260864,E3,关系对象错误,3,True,False,CAND_001,True,False,True,True,2,G:\LearnAI\ontology-evolution\benchmark\repairs\candidate-effects.json
HASH_FIRST,45,20260864,E4,互斥类别冲突,1,True,False,CAND_001,True,False,True,True,1,G:\LearnAI\ontology-evolution\benchmark\repairs\candidate-effects.json
HASH_FIRST,45,20260864,E5,功能属性值冲突,3,True,False,CAND_003,True,False,True,True,1,G:\LearnAI\ontology-evolution\benchmark\repairs\candidate-effects.json
HASH_FIRST,45,20260864,E6,类层级链路缺失,3,True,False,CAND_001,True,False,True,True,1,G:\LearnAI\ontology-evolution\benchmark\repairs\tbox-candidate-effects.json
HASH_FIRST,45,20260864,E7,错误直接父类,3,True,False,CAND_001,True,False,True,True,2,G:\LearnAI\ontology-evolution\benchmark\repairs\tbox-candidate-effects.json
HASH_FIRST,45,20260864,E8,对象属性值域缺失,3,True,False,CAND_003,False,True,False,True,1,G:\LearnAI\ontology-evolution\benchmark\repairs\tbox-candidate-effects.json
HASH_FIRST,46,20260865,E1,数值漂移,3,True,False,CAND_003,False,True,False,True,1,G:\LearnAI\ontology-evolution\benchmark\repairs\candidate-effects.json
HASH_FIRST,46,20260865,E2,公理缺失,1,True,False,CAND_001,True,False,True,True,1,G:\LearnAI\ontology-evolution\benchmark\repairs\candidate-effects.json
HASH_FIRST,46,20260865,E3,关系对象错误,3,True,False,CAND_002,False,True,False,True,1,G:\LearnAI\ontology-evolution\benchmark\repairs\candidate-effects.json
HASH_FIRST,46,20260865,E4,互斥类别冲突,1,True,False,CAND_001,True,False,True,True,1,G:\LearnAI\ontology-evolution\benchmark\repairs\candidate-effects.json
HASH_FIRST,46,20260865,E5,功能属性值冲突,3,True,False,CAND_001,True,False,True,True,1,G:\LearnAI\ontology-evolution\benchmark\repairs\candidate-effects.json
HASH_FIRST,46,20260865,E6,类层级链路缺失,3,True,False,CAND_002,False,True,False,True,1,G:\LearnAI\ontology-evolution\benchmark\repairs\tbox-candidate-effects.json
HASH_FIRST,46,20260865,E7,错误直接父类,3,True,False,CAND_002,False,True,False,True,1,G:\LearnAI\ontology-evolution\benchmark\repairs\tbox-candidate-effects.json
HASH_FIRST,46,20260865,E8,对象属性值域缺失,3,True,False,CAND_003,False,True,False,True,1,G:\LearnAI\ontology-evolution\benchmark\repairs\tbox-candidate-effects.json
HASH_FIRST,47,20260866,E1,数值漂移,3,True,False,CAND_001,True,False,True,True,2,G:\LearnAI\ontology-evolution\benchmark\repairs\candidate-effects.json
HASH_FIRST,47,20260866,E2,公理缺失,1,True,False,CAND_001,True,False,True,True,1,G:\LearnAI\ontology-evolution\benchmark\repairs\candidate-effects.json
HASH_FIRST,47,20260866,E3,关系对象错误,3,True,False,CAND_001,True,False,True,True,2,G:\LearnAI\ontology-evolution\benchmark\repairs\candidate-effects.json
HASH_FIRST,47,20260866,E4,互斥类别冲突,1,True,False,CAND_001,True,False,True,True,1,G:\LearnAI\ontology-evolution\benchmark\repairs\candidate-effects.json
HASH_FIRST,47,20260866,E5,功能属性值冲突,3,True,False,CAND_001,True,False,True,True,1,G:\LearnAI\ontology-evolution\benchmark\repairs\candidate-effects.json
HASH_FIRST,47,20260866,E6,类层级链路缺失,3,True,False,CAND_001,True,False,True,True,1,G:\LearnAI\ontology-evolution\benchmark\repairs\tbox-candidate-effects.json
HASH_FIRST,47,20260866,E7,错误直接父类,3,True,False,CAND_001,True,False,True,True,2,G:\LearnAI\ontology-evolution\benchmark\repairs\tbox-candidate-effects.json
HASH_FIRST,47,20260866,E8,对象属性值域缺失,3,True,False,CAND_002,False,True,False,True,1,G:\LearnAI\ontology-evolution\benchmark\repairs\tbox-candidate-effects.json
HASH_FIRST,48,20260867,E1,数值漂移,3,True,False,CAND_001,True,False,True,True,2,G:\LearnAI\ontology-evolution\benchmark\repairs\candidate-effects.json
HASH_FIRST,48,20260867,E2,公理缺失,1,True,False,CAND_001,True,False,True,True,1,G:\LearnAI\ontology-evolution\benchmark\repairs\candidate-effects.json
HASH_FIRST,48,20260867,E3,关系对象错误,3,True,False,CAND_002,False,True,False,True,1,G:\LearnAI\ontology-evolution\benchmark\repairs\candidate-effects.json
HASH_FIRST,48,20260867,E4,互斥类别冲突,1,True,False,CAND_001,True,False,True,True,1,G:\LearnAI\ontology-evolution\benchmark\repairs\candidate-effects.json
HASH_FIRST,48,20260867,E5,功能属性值冲突,3,True,False,CAND_003,True,False,True,True,1,G:\LearnAI\ontology-evolution\benchmark\repairs\candidate-effects.json
HASH_FIRST,48,20260867,E6,类层级链路缺失,3,True,False,CAND_003,False,True,False,True,1,G:\LearnAI\ontology-evolution\benchmark\repairs\tbox-candidate-effects.json
HASH_FIRST,48,20260867,E7,错误直接父类,3,True,False,CAND_001,True,False,True,True,2,G:\LearnAI\ontology-evolution\benchmark\repairs\tbox-candidate-effects.json
HASH_FIRST,48,20260867,E8,对象属性值域缺失,3,True,False,CAND_001,True,False,True,True,1,G:\LearnAI\ontology-evolution\benchmark\repairs\tbox-candidate-effects.json
HASH_FIRST,49,20260868,E1,数值漂移,3,True,False,CAND_002,False,True,False,True,1,G:\LearnAI\ontology-evolution\benchmark\repairs\candidate-effects.json
HASH_FIRST,49,20260868,E2,公理缺失,1,True,False,CAND_001,True,False,True,True,1,G:\LearnAI\ontology-evolution\benchmark\repairs\candidate-effects.json
HASH_FIRST,49,20260868,E3,关系对象错误,3,True,False,CAND_003,False,True,False,True,1,G:\LearnAI\ontology-evolution\benchmark\repairs\candidate-effects.json
HASH_FIRST,49,20260868,E4,互斥类别冲突,1,True,False,CAND_001,True,False,True,True,1,G:\LearnAI\ontology-evolution\benchmark\repairs\candidate-effects.json
HASH_FIRST,49,20260868,E5,功能属性值冲突,3,True,False,CAND_003,True,False,True,True,1,G:\LearnAI\ontology-evolution\benchmark\repairs\candidate-effects.json
HASH_FIRST,49,20260868,E6,类层级链路缺失,3,True,False,CAND_001,True,False,True,True,1,G:\LearnAI\ontology-evolution\benchmark\repairs\tbox-candidate-effects.json
HASH_FIRST,49,20260868,E7,错误直接父类,3,True,False,CAND_002,False,True,False,True,1,G:\LearnAI\ontology-evolution\benchmark\repairs\tbox-candidate-effects.json
HASH_FIRST,49,20260868,E8,对象属性值域缺失,3,True,False,CAND_002,False,True,False,True,1,G:\LearnAI\ontology-evolution\benchmark\repairs\tbox-candidate-effects.json
HASH_FIRST,50,20260869,E1,数值漂移,3,True,False,CAND_001,True,False,True,True,2,G:\LearnAI\ontology-evolution\benchmark\repairs\candidate-effects.json
HASH_FIRST,50,20260869,E2,公理缺失,1,True,False,CAND_001,True,False,True,True,1,G:\LearnAI\ontology-evolution\benchmark\repairs\candidate-effects.json
HASH_FIRST,50,20260869,E3,关系对象错误,3,True,False,CAND_003,False,True,False,True,1,G:\LearnAI\ontology-evolution\benchmark\repairs\candidate-effects.json
HASH_FIRST,50,20260869,E4,互斥类别冲突,1,True,False,CAND_001,True,False,True,True,1,G:\LearnAI\ontology-evolution\benchmark\repairs\candidate-effects.json
HASH_FIRST,50,20260869,E5,功能属性值冲突,3,True,False,CAND_001,True,False,True,True,1,G:\LearnAI\ontology-evolution\benchmark\repairs\candidate-effects.json
HASH_FIRST,50,20260869,E6,类层级链路缺失,3,True,False,CAND_003,False,True,False,True,1,G:\LearnAI\ontology-evolution\benchmark\repairs\tbox-candidate-effects.json
HASH_FIRST,50,20260869,E7,错误直接父类,3,True,False,CAND_001,True,False,True,True,2,G:\LearnAI\ontology-evolution\benchmark\repairs\tbox-candidate-effects.json
HASH_FIRST,50,20260869,E8,对象属性值域缺失,3,True,False,CAND_003,False,True,False,True,1,G:\LearnAI\ontology-evolution\benchmark\repairs\tbox-candidate-effects.json
HASH_FIRST,51,20260870,E1,数值漂移,3,True,False,CAND_002,False,True,False,True,1,G:\LearnAI\ontology-evolution\benchmark\repairs\candidate-effects.json
HASH_FIRST,51,20260870,E2,公理缺失,1,True,False,CAND_001,True,False,True,True,1,G:\LearnAI\ontology-evolution\benchmark\repairs\candidate-effects.json
HASH_FIRST,51,20260870,E3,关系对象错误,3,True,False,CAND_001,True,False,True,True,2,G:\LearnAI\ontology-evolution\benchmark\repairs\candidate-effects.json
HASH_FIRST,51,20260870,E4,互斥类别冲突,1,True,False,CAND_001,True,False,True,True,1,G:\LearnAI\ontology-evolution\benchmark\repairs\candidate-effects.json
HASH_FIRST,51,20260870,E5,功能属性值冲突,3,True,False,CAND_003,True,False,True,True,1,G:\LearnAI\ontology-evolution\benchmark\repairs\candidate-effects.json
HASH_FIRST,51,20260870,E6,类层级链路缺失,3,True,False,CAND_003,False,True,False,True,1,G:\LearnAI\ontology-evolution\benchmark\repairs\tbox-candidate-effects.json
HASH_FIRST,51,20260870,E7,错误直接父类,3,True,False,CAND_001,True,False,True,True,2,G:\LearnAI\ontology-evolution\benchmark\repairs\tbox-candidate-effects.json
HASH_FIRST,51,20260870,E8,对象属性值域缺失,3,True,False,CAND_002,False,True,False,True,1,G:\LearnAI\ontology-evolution\benchmark\repairs\tbox-candidate-effects.json
HASH_FIRST,52,20260871,E1,数值漂移,3,True,False,CAND_003,False,True,False,True,1,G:\LearnAI\ontology-evolution\benchmark\repairs\candidate-effects.json
HASH_FIRST,52,20260871,E2,公理缺失,1,True,False,CAND_001,True,False,True,True,1,G:\LearnAI\ontology-evolution\benchmark\repairs\candidate-effects.json
HASH_FIRST,52,20260871,E3,关系对象错误,3,True,False,CAND_001,True,False,True,True,2,G:\LearnAI\ontology-evolution\benchmark\repairs\candidate-effects.json
HASH_FIRST,52,20260871,E4,互斥类别冲突,1,True,False,CAND_001,True,False,True,True,1,G:\LearnAI\ontology-evolution\benchmark\repairs\candidate-effects.json
HASH_FIRST,52,20260871,E5,功能属性值冲突,3,True,False,CAND_003,True,False,True,True,1,G:\LearnAI\ontology-evolution\benchmark\repairs\candidate-effects.json
HASH_FIRST,52,20260871,E6,类层级链路缺失,3,True,False,CAND_003,False,True,False,True,1,G:\LearnAI\ontology-evolution\benchmark\repairs\tbox-candidate-effects.json
HASH_FIRST,52,20260871,E7,错误直接父类,3,True,False,CAND_003,False,True,False,True,2,G:\LearnAI\ontology-evolution\benchmark\repairs\tbox-candidate-effects.json
HASH_FIRST,52,20260871,E8,对象属性值域缺失,3,True,False,CAND_003,False,True,False,True,1,G:\LearnAI\ontology-evolution\benchmark\repairs\tbox-candidate-effects.json
HASH_FIRST,53,20260872,E1,数值漂移,3,True,False,CAND_001,True,False,True,True,2,G:\LearnAI\ontology-evolution\benchmark\repairs\candidate-effects.json
HASH_FIRST,53,20260872,E2,公理缺失,1,True,False,CAND_001,True,False,True,True,1,G:\LearnAI\ontology-evolution\benchmark\repairs\candidate-effects.json
HASH_FIRST,53,20260872,E3,关系对象错误,3,True,False,CAND_003,False,True,False,True,1,G:\LearnAI\ontology-evolution\benchmark\repairs\candidate-effects.json
HASH_FIRST,53,20260872,E4,互斥类别冲突,1,True,False,CAND_001,True,False,True,True,1,G:\LearnAI\ontology-evolution\benchmark\repairs\candidate-effects.json
HASH_FIRST,53,20260872,E5,功能属性值冲突,3,True,False,CAND_001,True,False,True,True,1,G:\LearnAI\ontology-evolution\benchmark\repairs\candidate-effects.json
HASH_FIRST,53,20260872,E6,类层级链路缺失,3,True,False,CAND_001,True,False,True,True,1,G:\LearnAI\ontology-evolution\benchmark\repairs\tbox-candidate-effects.json
HASH_FIRST,53,20260872,E7,错误直接父类,3,True,False,CAND_001,True,False,True,True,2,G:\LearnAI\ontology-evolution\benchmark\repairs\tbox-candidate-effects.json
HASH_FIRST,53,20260872,E8,对象属性值域缺失,3,True,False,CAND_003,False,True,False,True,1,G:\LearnAI\ontology-evolution\benchmark\repairs\tbox-candidate-effects.json
HASH_FIRST,54,20260873,E1,数值漂移,3,True,False,CAND_003,False,True,False,True,1,G:\LearnAI\ontology-evolution\benchmark\repairs\candidate-effects.json
HASH_FIRST,54,20260873,E2,公理缺失,1,True,False,CAND_001,True,False,True,True,1,G:\LearnAI\ontology-evolution\benchmark\repairs\candidate-effects.json
HASH_FIRST,54,20260873,E3,关系对象错误,3,True,False,CAND_003,False,True,False,True,1,G:\LearnAI\ontology-evolution\benchmark\repairs\candidate-effects.json
HASH_FIRST,54,20260873,E4,互斥类别冲突,1,True,False,CAND_001,True,False,True,True,1,G:\LearnAI\ontology-evolution\benchmark\repairs\candidate-effects.json
HASH_FIRST,54,20260873,E5,功能属性值冲突,3,True,False,CAND_003,True,False,True,True,1,G:\LearnAI\ontology-evolution\benchmark\repairs\candidate-effects.json
HASH_FIRST,54,20260873,E6,类层级链路缺失,3,True,False,CAND_001,True,False,True,True,1,G:\LearnAI\ontology-evolution\benchmark\repairs\tbox-candidate-effects.json
HASH_FIRST,54,20260873,E7,错误直接父类,3,True,False,CAND_001,True,False,True,True,2,G:\LearnAI\ontology-evolution\benchmark\repairs\tbox-candidate-effects.json
HASH_FIRST,54,20260873,E8,对象属性值域缺失,3,True,False,CAND_001,True,False,True,True,1,G:\LearnAI\ontology-evolution\benchmark\repairs\tbox-candidate-effects.json
HASH_FIRST,55,20260874,E1,数值漂移,3,True,False,CAND_002,False,True,False,True,1,G:\LearnAI\ontology-evolution\benchmark\repairs\candidate-effects.json
HASH_FIRST,55,20260874,E2,公理缺失,1,True,False,CAND_001,True,False,True,True,1,G:\LearnAI\ontology-evolution\benchmark\repairs\candidate-effects.json
HASH_FIRST,55,20260874,E3,关系对象错误,3,True,False,CAND_001,True,False,True,True,2,G:\LearnAI\ontology-evolution\benchmark\repairs\candidate-effects.json
HASH_FIRST,55,20260874,E4,互斥类别冲突,1,True,False,CAND_001,True,False,True,True,1,G:\LearnAI\ontology-evolution\benchmark\repairs\candidate-effects.json
HASH_FIRST,55,20260874,E5,功能属性值冲突,3,True,False,CAND_003,True,False,True,True,1,G:\LearnAI\ontology-evolution\benchmark\repairs\candidate-effects.json
HASH_FIRST,55,20260874,E6,类层级链路缺失,3,True,False,CAND_001,True,False,True,True,1,G:\LearnAI\ontology-evolution\benchmark\repairs\tbox-candidate-effects.json
HASH_FIRST,55,20260874,E7,错误直接父类,3,True,False,CAND_003,False,True,False,True,2,G:\LearnAI\ontology-evolution\benchmark\repairs\tbox-candidate-effects.json
HASH_FIRST,55,20260874,E8,对象属性值域缺失,3,True,False,CAND_002,False,True,False,True,1,G:\LearnAI\ontology-evolution\benchmark\repairs\tbox-candidate-effects.json
HASH_FIRST,56,20260875,E1,数值漂移,3,True,False,CAND_002,False,True,False,True,1,G:\LearnAI\ontology-evolution\benchmark\repairs\candidate-effects.json
HASH_FIRST,56,20260875,E2,公理缺失,1,True,False,CAND_001,True,False,True,True,1,G:\LearnAI\ontology-evolution\benchmark\repairs\candidate-effects.json
HASH_FIRST,56,20260875,E3,关系对象错误,3,True,False,CAND_002,False,True,False,True,1,G:\LearnAI\ontology-evolution\benchmark\repairs\candidate-effects.json
HASH_FIRST,56,20260875,E4,互斥类别冲突,1,True,False,CAND_001,True,False,True,True,1,G:\LearnAI\ontology-evolution\benchmark\repairs\candidate-effects.json
HASH_FIRST,56,20260875,E5,功能属性值冲突,3,True,False,CAND_002,False,True,False,True,1,G:\LearnAI\ontology-evolution\benchmark\repairs\candidate-effects.json
HASH_FIRST,56,20260875,E6,类层级链路缺失,3,True,False,CAND_003,False,True,False,True,1,G:\LearnAI\ontology-evolution\benchmark\repairs\tbox-candidate-effects.json
HASH_FIRST,56,20260875,E7,错误直接父类,3,True,False,CAND_002,False,True,False,True,1,G:\LearnAI\ontology-evolution\benchmark\repairs\tbox-candidate-effects.json
HASH_FIRST,56,20260875,E8,对象属性值域缺失,3,True,False,CAND_003,False,True,False,True,1,G:\LearnAI\ontology-evolution\benchmark\repairs\tbox-candidate-effects.json
HASH_FIRST,57,20260876,E1,数值漂移,3,True,False,CAND_003,False,True,False,True,1,G:\LearnAI\ontology-evolution\benchmark\repairs\candidate-effects.json
HASH_FIRST,57,20260876,E2,公理缺失,1,True,False,CAND_001,True,False,True,True,1,G:\LearnAI\ontology-evolution\benchmark\repairs\candidate-effects.json
HASH_FIRST,57,20260876,E3,关系对象错误,3,True,False,CAND_001,True,False,True,True,2,G:\LearnAI\ontology-evolution\benchmark\repairs\candidate-effects.json
HASH_FIRST,57,20260876,E4,互斥类别冲突,1,True,False,CAND_001,True,False,True,True,1,G:\LearnAI\ontology-evolution\benchmark\repairs\candidate-effects.json
HASH_FIRST,57,20260876,E5,功能属性值冲突,3,True,False,CAND_003,True,False,True,True,1,G:\LearnAI\ontology-evolution\benchmark\repairs\candidate-effects.json
HASH_FIRST,57,20260876,E6,类层级链路缺失,3,True,False,CAND_002,False,True,False,True,1,G:\LearnAI\ontology-evolution\benchmark\repairs\tbox-candidate-effects.json
HASH_FIRST,57,20260876,E7,错误直接父类,3,True,False,CAND_002,False,True,False,True,1,G:\LearnAI\ontology-evolution\benchmark\repairs\tbox-candidate-effects.json
HASH_FIRST,57,20260876,E8,对象属性值域缺失,3,True,False,CAND_003,False,True,False,True,1,G:\LearnAI\ontology-evolution\benchmark\repairs\tbox-candidate-effects.json
HASH_FIRST,58,20260877,E1,数值漂移,3,True,False,CAND_001,True,False,True,True,2,G:\LearnAI\ontology-evolution\benchmark\repairs\candidate-effects.json
HASH_FIRST,58,20260877,E2,公理缺失,1,True,False,CAND_001,True,False,True,True,1,G:\LearnAI\ontology-evolution\benchmark\repairs\candidate-effects.json
HASH_FIRST,58,20260877,E3,关系对象错误,3,True,False,CAND_001,True,False,True,True,2,G:\LearnAI\ontology-evolution\benchmark\repairs\candidate-effects.json
HASH_FIRST,58,20260877,E4,互斥类别冲突,1,True,False,CAND_001,True,False,True,True,1,G:\LearnAI\ontology-evolution\benchmark\repairs\candidate-effects.json
HASH_FIRST,58,20260877,E5,功能属性值冲突,3,True,False,CAND_002,False,True,False,True,1,G:\LearnAI\ontology-evolution\benchmark\repairs\candidate-effects.json
HASH_FIRST,58,20260877,E6,类层级链路缺失,3,True,False,CAND_001,True,False,True,True,1,G:\LearnAI\ontology-evolution\benchmark\repairs\tbox-candidate-effects.json
HASH_FIRST,58,20260877,E7,错误直接父类,3,True,False,CAND_001,True,False,True,True,2,G:\LearnAI\ontology-evolution\benchmark\repairs\tbox-candidate-effects.json
HASH_FIRST,58,20260877,E8,对象属性值域缺失,3,True,False,CAND_001,True,False,True,True,1,G:\LearnAI\ontology-evolution\benchmark\repairs\tbox-candidate-effects.json
HASH_FIRST,59,20260878,E1,数值漂移,3,True,False,CAND_002,False,True,False,True,1,G:\LearnAI\ontology-evolution\benchmark\repairs\candidate-effects.json
HASH_FIRST,59,20260878,E2,公理缺失,1,True,False,CAND_001,True,False,True,True,1,G:\LearnAI\ontology-evolution\benchmark\repairs\candidate-effects.json
HASH_FIRST,59,20260878,E3,关系对象错误,3,True,False,CAND_003,False,True,False,True,1,G:\LearnAI\ontology-evolution\benchmark\repairs\candidate-effects.json
HASH_FIRST,59,20260878,E4,互斥类别冲突,1,True,False,CAND_001,True,False,True,True,1,G:\LearnAI\ontology-evolution\benchmark\repairs\candidate-effects.json
HASH_FIRST,59,20260878,E5,功能属性值冲突,3,True,False,CAND_003,True,False,True,True,1,G:\LearnAI\ontology-evolution\benchmark\repairs\candidate-effects.json
HASH_FIRST,59,20260878,E6,类层级链路缺失,3,True,False,CAND_003,False,True,False,True,1,G:\LearnAI\ontology-evolution\benchmark\repairs\tbox-candidate-effects.json
HASH_FIRST,59,20260878,E7,错误直接父类,3,True,False,CAND_001,True,False,True,True,2,G:\LearnAI\ontology-evolution\benchmark\repairs\tbox-candidate-effects.json
HASH_FIRST,59,20260878,E8,对象属性值域缺失,3,True,False,CAND_001,True,False,True,True,1,G:\LearnAI\ontology-evolution\benchmark\repairs\tbox-candidate-effects.json
HASH_FIRST,60,20260879,E1,数值漂移,3,True,False,CAND_001,True,False,True,True,2,G:\LearnAI\ontology-evolution\benchmark\repairs\candidate-effects.json
HASH_FIRST,60,20260879,E2,公理缺失,1,True,False,CAND_001,True,False,True,True,1,G:\LearnAI\ontology-evolution\benchmark\repairs\candidate-effects.json
HASH_FIRST,60,20260879,E3,关系对象错误,3,True,False,CAND_003,False,True,False,True,1,G:\LearnAI\ontology-evolution\benchmark\repairs\candidate-effects.json
HASH_FIRST,60,20260879,E4,互斥类别冲突,1,True,False,CAND_001,True,False,True,True,1,G:\LearnAI\ontology-evolution\benchmark\repairs\candidate-effects.json
HASH_FIRST,60,20260879,E5,功能属性值冲突,3,True,False,CAND_002,False,True,False,True,1,G:\LearnAI\ontology-evolution\benchmark\repairs\candidate-effects.json
HASH_FIRST,60,20260879,E6,类层级链路缺失,3,True,False,CAND_001,True,False,True,True,1,G:\LearnAI\ontology-evolution\benchmark\repairs\tbox-candidate-effects.json
HASH_FIRST,60,20260879,E7,错误直接父类,3,True,False,CAND_002,False,True,False,True,1,G:\LearnAI\ontology-evolution\benchmark\repairs\tbox-candidate-effects.json
HASH_FIRST,60,20260879,E8,对象属性值域缺失,3,True,False,CAND_001,True,False,True,True,1,G:\LearnAI\ontology-evolution\benchmark\repairs\tbox-candidate-effects.json
HASH_FIRST,61,20260880,E1,数值漂移,3,True,False,CAND_002,False,True,False,True,1,G:\LearnAI\ontology-evolution\benchmark\repairs\candidate-effects.json
HASH_FIRST,61,20260880,E2,公理缺失,1,True,False,CAND_001,True,False,True,True,1,G:\LearnAI\ontology-evolution\benchmark\repairs\candidate-effects.json
HASH_FIRST,61,20260880,E3,关系对象错误,3,True,False,CAND_002,False,True,False,True,1,G:\LearnAI\ontology-evolution\benchmark\repairs\candidate-effects.json
HASH_FIRST,61,20260880,E4,互斥类别冲突,1,True,False,CAND_001,True,False,True,True,1,G:\LearnAI\ontology-evolution\benchmark\repairs\candidate-effects.json
HASH_FIRST,61,20260880,E5,功能属性值冲突,3,True,False,CAND_002,False,True,False,True,1,G:\LearnAI\ontology-evolution\benchmark\repairs\candidate-effects.json
HASH_FIRST,61,20260880,E6,类层级链路缺失,3,True,False,CAND_003,False,True,False,True,1,G:\LearnAI\ontology-evolution\benchmark\repairs\tbox-candidate-effects.json
HASH_FIRST,61,20260880,E7,错误直接父类,3,True,False,CAND_002,False,True,False,True,1,G:\LearnAI\ontology-evolution\benchmark\repairs\tbox-candidate-effects.json
HASH_FIRST,61,20260880,E8,对象属性值域缺失,3,True,False,CAND_003,False,True,False,True,1,G:\LearnAI\ontology-evolution\benchmark\repairs\tbox-candidate-effects.json
HASH_FIRST,62,20260881,E1,数值漂移,3,True,False,CAND_003,False,True,False,True,1,G:\LearnAI\ontology-evolution\benchmark\repairs\candidate-effects.json
HASH_FIRST,62,20260881,E2,公理缺失,1,True,False,CAND_001,True,False,True,True,1,G:\LearnAI\ontology-evolution\benchmark\repairs\candidate-effects.json
HASH_FIRST,62,20260881,E3,关系对象错误,3,True,False,CAND_003,False,True,False,True,1,G:\LearnAI\ontology-evolution\benchmark\repairs\candidate-effects.json
HASH_FIRST,62,20260881,E4,互斥类别冲突,1,True,False,CAND_001,True,False,True,True,1,G:\LearnAI\ontology-evolution\benchmark\repairs\candidate-effects.json
HASH_FIRST,62,20260881,E5,功能属性值冲突,3,True,False,CAND_002,False,True,False,True,1,G:\LearnAI\ontology-evolution\benchmark\repairs\candidate-effects.json
HASH_FIRST,62,20260881,E6,类层级链路缺失,3,True,False,CAND_002,False,True,False,True,1,G:\LearnAI\ontology-evolution\benchmark\repairs\tbox-candidate-effects.json
HASH_FIRST,62,20260881,E7,错误直接父类,3,True,False,CAND_002,False,True,False,True,1,G:\LearnAI\ontology-evolution\benchmark\repairs\tbox-candidate-effects.json
HASH_FIRST,62,20260881,E8,对象属性值域缺失,3,True,False,CAND_001,True,False,True,True,1,G:\LearnAI\ontology-evolution\benchmark\repairs\tbox-candidate-effects.json
HASH_FIRST,63,20260882,E1,数值漂移,3,True,False,CAND_003,False,True,False,True,1,G:\LearnAI\ontology-evolution\benchmark\repairs\candidate-effects.json
HASH_FIRST,63,20260882,E2,公理缺失,1,True,False,CAND_001,True,False,True,True,1,G:\LearnAI\ontology-evolution\benchmark\repairs\candidate-effects.json
HASH_FIRST,63,20260882,E3,关系对象错误,3,True,False,CAND_001,True,False,True,True,2,G:\LearnAI\ontology-evolution\benchmark\repairs\candidate-effects.json
HASH_FIRST,63,20260882,E4,互斥类别冲突,1,True,False,CAND_001,True,False,True,True,1,G:\LearnAI\ontology-evolution\benchmark\repairs\candidate-effects.json
HASH_FIRST,63,20260882,E5,功能属性值冲突,3,True,False,CAND_001,True,False,True,True,1,G:\LearnAI\ontology-evolution\benchmark\repairs\candidate-effects.json
HASH_FIRST,63,20260882,E6,类层级链路缺失,3,True,False,CAND_002,False,True,False,True,1,G:\LearnAI\ontology-evolution\benchmark\repairs\tbox-candidate-effects.json
HASH_FIRST,63,20260882,E7,错误直接父类,3,True,False,CAND_002,False,True,False,True,1,G:\LearnAI\ontology-evolution\benchmark\repairs\tbox-candidate-effects.json
HASH_FIRST,63,20260882,E8,对象属性值域缺失,3,True,False,CAND_002,False,True,False,True,1,G:\LearnAI\ontology-evolution\benchmark\repairs\tbox-candidate-effects.json
HASH_FIRST,64,20260883,E1,数值漂移,3,True,False,CAND_001,True,False,True,True,2,G:\LearnAI\ontology-evolution\benchmark\repairs\candidate-effects.json
HASH_FIRST,64,20260883,E2,公理缺失,1,True,False,CAND_001,True,False,True,True,1,G:\LearnAI\ontology-evolution\benchmark\repairs\candidate-effects.json
HASH_FIRST,64,20260883,E3,关系对象错误,3,True,False,CAND_002,False,True,False,True,1,G:\LearnAI\ontology-evolution\benchmark\repairs\candidate-effects.json
HASH_FIRST,64,20260883,E4,互斥类别冲突,1,True,False,CAND_001,True,False,True,True,1,G:\LearnAI\ontology-evolution\benchmark\repairs\candidate-effects.json
HASH_FIRST,64,20260883,E5,功能属性值冲突,3,True,False,CAND_001,True,False,True,True,1,G:\LearnAI\ontology-evolution\benchmark\repairs\candidate-effects.json
HASH_FIRST,64,20260883,E6,类层级链路缺失,3,True,False,CAND_001,True,False,True,True,1,G:\LearnAI\ontology-evolution\benchmark\repairs\tbox-candidate-effects.json
HASH_FIRST,64,20260883,E7,错误直接父类,3,True,False,CAND_002,False,True,False,True,1,G:\LearnAI\ontology-evolution\benchmark\repairs\tbox-candidate-effects.json
HASH_FIRST,64,20260883,E8,对象属性值域缺失,3,True,False,CAND_001,True,False,True,True,1,G:\LearnAI\ontology-evolution\benchmark\repairs\tbox-candidate-effects.json
HASH_FIRST,65,20260884,E1,数值漂移,3,True,False,CAND_001,True,False,True,True,2,G:\LearnAI\ontology-evolution\benchmark\repairs\candidate-effects.json
HASH_FIRST,65,20260884,E2,公理缺失,1,True,False,CAND_001,True,False,True,True,1,G:\LearnAI\ontology-evolution\benchmark\repairs\candidate-effects.json
HASH_FIRST,65,20260884,E3,关系对象错误,3,True,False,CAND_001,True,False,True,True,2,G:\LearnAI\ontology-evolution\benchmark\repairs\candidate-effects.json
HASH_FIRST,65,20260884,E4,互斥类别冲突,1,True,False,CAND_001,True,False,True,True,1,G:\LearnAI\ontology-evolution\benchmark\repairs\candidate-effects.json
HASH_FIRST,65,20260884,E5,功能属性值冲突,3,True,False,CAND_003,True,False,True,True,1,G:\LearnAI\ontology-evolution\benchmark\repairs\candidate-effects.json
HASH_FIRST,65,20260884,E6,类层级链路缺失,3,True,False,CAND_003,False,True,False,True,1,G:\LearnAI\ontology-evolution\benchmark\repairs\tbox-candidate-effects.json
HASH_FIRST,65,20260884,E7,错误直接父类,3,True,False,CAND_002,False,True,False,True,1,G:\LearnAI\ontology-evolution\benchmark\repairs\tbox-candidate-effects.json
HASH_FIRST,65,20260884,E8,对象属性值域缺失,3,True,False,CAND_001,True,False,True,True,1,G:\LearnAI\ontology-evolution\benchmark\repairs\tbox-candidate-effects.json
HASH_FIRST,66,20260885,E1,数值漂移,3,True,False,CAND_003,False,True,False,True,1,G:\LearnAI\ontology-evolution\benchmark\repairs\candidate-effects.json
HASH_FIRST,66,20260885,E2,公理缺失,1,True,False,CAND_001,True,False,True,True,1,G:\LearnAI\ontology-evolution\benchmark\repairs\candidate-effects.json
HASH_FIRST,66,20260885,E3,关系对象错误,3,True,False,CAND_003,False,True,False,True,1,G:\LearnAI\ontology-evolution\benchmark\repairs\candidate-effects.json
HASH_FIRST,66,20260885,E4,互斥类别冲突,1,True,False,CAND_001,True,False,True,True,1,G:\LearnAI\ontology-evolution\benchmark\repairs\candidate-effects.json
HASH_FIRST,66,20260885,E5,功能属性值冲突,3,True,False,CAND_002,False,True,False,True,1,G:\LearnAI\ontology-evolution\benchmark\repairs\candidate-effects.json
HASH_FIRST,66,20260885,E6,类层级链路缺失,3,True,False,CAND_001,True,False,True,True,1,G:\LearnAI\ontology-evolution\benchmark\repairs\tbox-candidate-effects.json
HASH_FIRST,66,20260885,E7,错误直接父类,3,True,False,CAND_001,True,False,True,True,2,G:\LearnAI\ontology-evolution\benchmark\repairs\tbox-candidate-effects.json
HASH_FIRST,66,20260885,E8,对象属性值域缺失,3,True,False,CAND_001,True,False,True,True,1,G:\LearnAI\ontology-evolution\benchmark\repairs\tbox-candidate-effects.json
HASH_FIRST,67,20260886,E1,数值漂移,3,True,False,CAND_001,True,False,True,True,2,G:\LearnAI\ontology-evolution\benchmark\repairs\candidate-effects.json
HASH_FIRST,67,20260886,E2,公理缺失,1,True,False,CAND_001,True,False,True,True,1,G:\LearnAI\ontology-evolution\benchmark\repairs\candidate-effects.json
HASH_FIRST,67,20260886,E3,关系对象错误,3,True,False,CAND_003,False,True,False,True,1,G:\LearnAI\ontology-evolution\benchmark\repairs\candidate-effects.json
HASH_FIRST,67,20260886,E4,互斥类别冲突,1,True,False,CAND_001,True,False,True,True,1,G:\LearnAI\ontology-evolution\benchmark\repairs\candidate-effects.json
HASH_FIRST,67,20260886,E5,功能属性值冲突,3,True,False,CAND_003,True,False,True,True,1,G:\LearnAI\ontology-evolution\benchmark\repairs\candidate-effects.json
HASH_FIRST,67,20260886,E6,类层级链路缺失,3,True,False,CAND_001,True,False,True,True,1,G:\LearnAI\ontology-evolution\benchmark\repairs\tbox-candidate-effects.json
HASH_FIRST,67,20260886,E7,错误直接父类,3,True,False,CAND_003,False,True,False,True,2,G:\LearnAI\ontology-evolution\benchmark\repairs\tbox-candidate-effects.json
HASH_FIRST,67,20260886,E8,对象属性值域缺失,3,True,False,CAND_001,True,False,True,True,1,G:\LearnAI\ontology-evolution\benchmark\repairs\tbox-candidate-effects.json
HASH_FIRST,68,20260887,E1,数值漂移,3,True,False,CAND_003,False,True,False,True,1,G:\LearnAI\ontology-evolution\benchmark\repairs\candidate-effects.json
HASH_FIRST,68,20260887,E2,公理缺失,1,True,False,CAND_001,True,False,True,True,1,G:\LearnAI\ontology-evolution\benchmark\repairs\candidate-effects.json
HASH_FIRST,68,20260887,E3,关系对象错误,3,True,False,CAND_003,False,True,False,True,1,G:\LearnAI\ontology-evolution\benchmark\repairs\candidate-effects.json
HASH_FIRST,68,20260887,E4,互斥类别冲突,1,True,False,CAND_001,True,False,True,True,1,G:\LearnAI\ontology-evolution\benchmark\repairs\candidate-effects.json
HASH_FIRST,68,20260887,E5,功能属性值冲突,3,True,False,CAND_003,True,False,True,True,1,G:\LearnAI\ontology-evolution\benchmark\repairs\candidate-effects.json
HASH_FIRST,68,20260887,E6,类层级链路缺失,3,True,False,CAND_001,True,False,True,True,1,G:\LearnAI\ontology-evolution\benchmark\repairs\tbox-candidate-effects.json
HASH_FIRST,68,20260887,E7,错误直接父类,3,True,False,CAND_001,True,False,True,True,2,G:\LearnAI\ontology-evolution\benchmark\repairs\tbox-candidate-effects.json
HASH_FIRST,68,20260887,E8,对象属性值域缺失,3,True,False,CAND_003,False,True,False,True,1,G:\LearnAI\ontology-evolution\benchmark\repairs\tbox-candidate-effects.json
HASH_FIRST,69,20260888,E1,数值漂移,3,True,False,CAND_003,False,True,False,True,1,G:\LearnAI\ontology-evolution\benchmark\repairs\candidate-effects.json
HASH_FIRST,69,20260888,E2,公理缺失,1,True,False,CAND_001,True,False,True,True,1,G:\LearnAI\ontology-evolution\benchmark\repairs\candidate-effects.json
HASH_FIRST,69,20260888,E3,关系对象错误,3,True,False,CAND_001,True,False,True,True,2,G:\LearnAI\ontology-evolution\benchmark\repairs\candidate-effects.json
HASH_FIRST,69,20260888,E4,互斥类别冲突,1,True,False,CAND_001,True,False,True,True,1,G:\LearnAI\ontology-evolution\benchmark\repairs\candidate-effects.json
HASH_FIRST,69,20260888,E5,功能属性值冲突,3,True,False,CAND_002,False,True,False,True,1,G:\LearnAI\ontology-evolution\benchmark\repairs\candidate-effects.json
HASH_FIRST,69,20260888,E6,类层级链路缺失,3,True,False,CAND_001,True,False,True,True,1,G:\LearnAI\ontology-evolution\benchmark\repairs\tbox-candidate-effects.json
HASH_FIRST,69,20260888,E7,错误直接父类,3,True,False,CAND_002,False,True,False,True,1,G:\LearnAI\ontology-evolution\benchmark\repairs\tbox-candidate-effects.json
HASH_FIRST,69,20260888,E8,对象属性值域缺失,3,True,False,CAND_002,False,True,False,True,1,G:\LearnAI\ontology-evolution\benchmark\repairs\tbox-candidate-effects.json
HASH_FIRST,70,20260889,E1,数值漂移,3,True,False,CAND_001,True,False,True,True,2,G:\LearnAI\ontology-evolution\benchmark\repairs\candidate-effects.json
HASH_FIRST,70,20260889,E2,公理缺失,1,True,False,CAND_001,True,False,True,True,1,G:\LearnAI\ontology-evolution\benchmark\repairs\candidate-effects.json
HASH_FIRST,70,20260889,E3,关系对象错误,3,True,False,CAND_001,True,False,True,True,2,G:\LearnAI\ontology-evolution\benchmark\repairs\candidate-effects.json
HASH_FIRST,70,20260889,E4,互斥类别冲突,1,True,False,CAND_001,True,False,True,True,1,G:\LearnAI\ontology-evolution\benchmark\repairs\candidate-effects.json
HASH_FIRST,70,20260889,E5,功能属性值冲突,3,True,False,CAND_002,False,True,False,True,1,G:\LearnAI\ontology-evolution\benchmark\repairs\candidate-effects.json
HASH_FIRST,70,20260889,E6,类层级链路缺失,3,True,False,CAND_001,True,False,True,True,1,G:\LearnAI\ontology-evolution\benchmark\repairs\tbox-candidate-effects.json
HASH_FIRST,70,20260889,E7,错误直接父类,3,True,False,CAND_002,False,True,False,True,1,G:\LearnAI\ontology-evolution\benchmark\repairs\tbox-candidate-effects.json
HASH_FIRST,70,20260889,E8,对象属性值域缺失,3,True,False,CAND_003,False,True,False,True,1,G:\LearnAI\ontology-evolution\benchmark\repairs\tbox-candidate-effects.json
HASH_FIRST,71,20260890,E1,数值漂移,3,True,False,CAND_002,False,True,False,True,1,G:\LearnAI\ontology-evolution\benchmark\repairs\candidate-effects.json
HASH_FIRST,71,20260890,E2,公理缺失,1,True,False,CAND_001,True,False,True,True,1,G:\LearnAI\ontology-evolution\benchmark\repairs\candidate-effects.json
HASH_FIRST,71,20260890,E3,关系对象错误,3,True,False,CAND_002,False,True,False,True,1,G:\LearnAI\ontology-evolution\benchmark\repairs\candidate-effects.json
HASH_FIRST,71,20260890,E4,互斥类别冲突,1,True,False,CAND_001,True,False,True,True,1,G:\LearnAI\ontology-evolution\benchmark\repairs\candidate-effects.json
HASH_FIRST,71,20260890,E5,功能属性值冲突,3,True,False,CAND_002,False,True,False,True,1,G:\LearnAI\ontology-evolution\benchmark\repairs\candidate-effects.json
HASH_FIRST,71,20260890,E6,类层级链路缺失,3,True,False,CAND_003,False,True,False,True,1,G:\LearnAI\ontology-evolution\benchmark\repairs\tbox-candidate-effects.json
HASH_FIRST,71,20260890,E7,错误直接父类,3,True,False,CAND_003,False,True,False,True,2,G:\LearnAI\ontology-evolution\benchmark\repairs\tbox-candidate-effects.json
HASH_FIRST,71,20260890,E8,对象属性值域缺失,3,True,False,CAND_002,False,True,False,True,1,G:\LearnAI\ontology-evolution\benchmark\repairs\tbox-candidate-effects.json
HASH_FIRST,72,20260891,E1,数值漂移,3,True,False,CAND_003,False,True,False,True,1,G:\LearnAI\ontology-evolution\benchmark\repairs\candidate-effects.json
HASH_FIRST,72,20260891,E2,公理缺失,1,True,False,CAND_001,True,False,True,True,1,G:\LearnAI\ontology-evolution\benchmark\repairs\candidate-effects.json
HASH_FIRST,72,20260891,E3,关系对象错误,3,True,False,CAND_001,True,False,True,True,2,G:\LearnAI\ontology-evolution\benchmark\repairs\candidate-effects.json
HASH_FIRST,72,20260891,E4,互斥类别冲突,1,True,False,CAND_001,True,False,True,True,1,G:\LearnAI\ontology-evolution\benchmark\repairs\candidate-effects.json
HASH_FIRST,72,20260891,E5,功能属性值冲突,3,True,False,CAND_002,False,True,False,True,1,G:\LearnAI\ontology-evolution\benchmark\repairs\candidate-effects.json
HASH_FIRST,72,20260891,E6,类层级链路缺失,3,True,False,CAND_002,False,True,False,True,1,G:\LearnAI\ontology-evolution\benchmark\repairs\tbox-candidate-effects.json
HASH_FIRST,72,20260891,E7,错误直接父类,3,True,False,CAND_001,True,False,True,True,2,G:\LearnAI\ontology-evolution\benchmark\repairs\tbox-candidate-effects.json
HASH_FIRST,72,20260891,E8,对象属性值域缺失,3,True,False,CAND_002,False,True,False,True,1,G:\LearnAI\ontology-evolution\benchmark\repairs\tbox-candidate-effects.json
HASH_FIRST,73,20260892,E1,数值漂移,3,True,False,CAND_003,False,True,False,True,1,G:\LearnAI\ontology-evolution\benchmark\repairs\candidate-effects.json
HASH_FIRST,73,20260892,E2,公理缺失,1,True,False,CAND_001,True,False,True,True,1,G:\LearnAI\ontology-evolution\benchmark\repairs\candidate-effects.json
HASH_FIRST,73,20260892,E3,关系对象错误,3,True,False,CAND_001,True,False,True,True,2,G:\LearnAI\ontology-evolution\benchmark\repairs\candidate-effects.json
HASH_FIRST,73,20260892,E4,互斥类别冲突,1,True,False,CAND_001,True,False,True,True,1,G:\LearnAI\ontology-evolution\benchmark\repairs\candidate-effects.json
HASH_FIRST,73,20260892,E5,功能属性值冲突,3,True,False,CAND_001,True,False,True,True,1,G:\LearnAI\ontology-evolution\benchmark\repairs\candidate-effects.json
HASH_FIRST,73,20260892,E6,类层级链路缺失,3,True,False,CAND_001,True,False,True,True,1,G:\LearnAI\ontology-evolution\benchmark\repairs\tbox-candidate-effects.json
HASH_FIRST,73,20260892,E7,错误直接父类,3,True,False,CAND_001,True,False,True,True,2,G:\LearnAI\ontology-evolution\benchmark\repairs\tbox-candidate-effects.json
HASH_FIRST,73,20260892,E8,对象属性值域缺失,3,True,False,CAND_001,True,False,True,True,1,G:\LearnAI\ontology-evolution\benchmark\repairs\tbox-candidate-effects.json
HASH_FIRST,74,20260893,E1,数值漂移,3,True,False,CAND_002,False,True,False,True,1,G:\LearnAI\ontology-evolution\benchmark\repairs\candidate-effects.json
HASH_FIRST,74,20260893,E2,公理缺失,1,True,False,CAND_001,True,False,True,True,1,G:\LearnAI\ontology-evolution\benchmark\repairs\candidate-effects.json
HASH_FIRST,74,20260893,E3,关系对象错误,3,True,False,CAND_003,False,True,False,True,1,G:\LearnAI\ontology-evolution\benchmark\repairs\candidate-effects.json
HASH_FIRST,74,20260893,E4,互斥类别冲突,1,True,False,CAND_001,True,False,True,True,1,G:\LearnAI\ontology-evolution\benchmark\repairs\candidate-effects.json
HASH_FIRST,74,20260893,E5,功能属性值冲突,3,True,False,CAND_001,True,False,True,True,1,G:\LearnAI\ontology-evolution\benchmark\repairs\candidate-effects.json
HASH_FIRST,74,20260893,E6,类层级链路缺失,3,True,False,CAND_001,True,False,True,True,1,G:\LearnAI\ontology-evolution\benchmark\repairs\tbox-candidate-effects.json
HASH_FIRST,74,20260893,E7,错误直接父类,3,True,False,CAND_002,False,True,False,True,1,G:\LearnAI\ontology-evolution\benchmark\repairs\tbox-candidate-effects.json
HASH_FIRST,74,20260893,E8,对象属性值域缺失,3,True,False,CAND_001,True,False,True,True,1,G:\LearnAI\ontology-evolution\benchmark\repairs\tbox-candidate-effects.json
HASH_FIRST,75,20260894,E1,数值漂移,3,True,False,CAND_002,False,True,False,True,1,G:\LearnAI\ontology-evolution\benchmark\repairs\candidate-effects.json
HASH_FIRST,75,20260894,E2,公理缺失,1,True,False,CAND_001,True,False,True,True,1,G:\LearnAI\ontology-evolution\benchmark\repairs\candidate-effects.json
HASH_FIRST,75,20260894,E3,关系对象错误,3,True,False,CAND_003,False,True,False,True,1,G:\LearnAI\ontology-evolution\benchmark\repairs\candidate-effects.json
HASH_FIRST,75,20260894,E4,互斥类别冲突,1,True,False,CAND_001,True,False,True,True,1,G:\LearnAI\ontology-evolution\benchmark\repairs\candidate-effects.json
HASH_FIRST,75,20260894,E5,功能属性值冲突,3,True,False,CAND_001,True,False,True,True,1,G:\LearnAI\ontology-evolution\benchmark\repairs\candidate-effects.json
HASH_FIRST,75,20260894,E6,类层级链路缺失,3,True,False,CAND_003,False,True,False,True,1,G:\LearnAI\ontology-evolution\benchmark\repairs\tbox-candidate-effects.json
HASH_FIRST,75,20260894,E7,错误直接父类,3,True,False,CAND_003,False,True,False,True,2,G:\LearnAI\ontology-evolution\benchmark\repairs\tbox-candidate-effects.json
HASH_FIRST,75,20260894,E8,对象属性值域缺失,3,True,False,CAND_002,False,True,False,True,1,G:\LearnAI\ontology-evolution\benchmark\repairs\tbox-candidate-effects.json
HASH_FIRST,76,20260895,E1,数值漂移,3,True,False,CAND_003,False,True,False,True,1,G:\LearnAI\ontology-evolution\benchmark\repairs\candidate-effects.json
HASH_FIRST,76,20260895,E2,公理缺失,1,True,False,CAND_001,True,False,True,True,1,G:\LearnAI\ontology-evolution\benchmark\repairs\candidate-effects.json
HASH_FIRST,76,20260895,E3,关系对象错误,3,True,False,CAND_001,True,False,True,True,2,G:\LearnAI\ontology-evolution\benchmark\repairs\candidate-effects.json
HASH_FIRST,76,20260895,E4,互斥类别冲突,1,True,False,CAND_001,True,False,True,True,1,G:\LearnAI\ontology-evolution\benchmark\repairs\candidate-effects.json
HASH_FIRST,76,20260895,E5,功能属性值冲突,3,True,False,CAND_001,True,False,True,True,1,G:\LearnAI\ontology-evolution\benchmark\repairs\candidate-effects.json
HASH_FIRST,76,20260895,E6,类层级链路缺失,3,True,False,CAND_003,False,True,False,True,1,G:\LearnAI\ontology-evolution\benchmark\repairs\tbox-candidate-effects.json
HASH_FIRST,76,20260895,E7,错误直接父类,3,True,False,CAND_003,False,True,False,True,2,G:\LearnAI\ontology-evolution\benchmark\repairs\tbox-candidate-effects.json
HASH_FIRST,76,20260895,E8,对象属性值域缺失,3,True,False,CAND_003,False,True,False,True,1,G:\LearnAI\ontology-evolution\benchmark\repairs\tbox-candidate-effects.json
HASH_FIRST,77,20260896,E1,数值漂移,3,True,False,CAND_003,False,True,False,True,1,G:\LearnAI\ontology-evolution\benchmark\repairs\candidate-effects.json
HASH_FIRST,77,20260896,E2,公理缺失,1,True,False,CAND_001,True,False,True,True,1,G:\LearnAI\ontology-evolution\benchmark\repairs\candidate-effects.json
HASH_FIRST,77,20260896,E3,关系对象错误,3,True,False,CAND_003,False,True,False,True,1,G:\LearnAI\ontology-evolution\benchmark\repairs\candidate-effects.json
HASH_FIRST,77,20260896,E4,互斥类别冲突,1,True,False,CAND_001,True,False,True,True,1,G:\LearnAI\ontology-evolution\benchmark\repairs\candidate-effects.json
HASH_FIRST,77,20260896,E5,功能属性值冲突,3,True,False,CAND_001,True,False,True,True,1,G:\LearnAI\ontology-evolution\benchmark\repairs\candidate-effects.json
HASH_FIRST,77,20260896,E6,类层级链路缺失,3,True,False,CAND_003,False,True,False,True,1,G:\LearnAI\ontology-evolution\benchmark\repairs\tbox-candidate-effects.json
HASH_FIRST,77,20260896,E7,错误直接父类,3,True,False,CAND_001,True,False,True,True,2,G:\LearnAI\ontology-evolution\benchmark\repairs\tbox-candidate-effects.json
HASH_FIRST,77,20260896,E8,对象属性值域缺失,3,True,False,CAND_002,False,True,False,True,1,G:\LearnAI\ontology-evolution\benchmark\repairs\tbox-candidate-effects.json
HASH_FIRST,78,20260897,E1,数值漂移,3,True,False,CAND_001,True,False,True,True,2,G:\LearnAI\ontology-evolution\benchmark\repairs\candidate-effects.json
HASH_FIRST,78,20260897,E2,公理缺失,1,True,False,CAND_001,True,False,True,True,1,G:\LearnAI\ontology-evolution\benchmark\repairs\candidate-effects.json
HASH_FIRST,78,20260897,E3,关系对象错误,3,True,False,CAND_002,False,True,False,True,1,G:\LearnAI\ontology-evolution\benchmark\repairs\candidate-effects.json
HASH_FIRST,78,20260897,E4,互斥类别冲突,1,True,False,CAND_001,True,False,True,True,1,G:\LearnAI\ontology-evolution\benchmark\repairs\candidate-effects.json
HASH_FIRST,78,20260897,E5,功能属性值冲突,3,True,False,CAND_002,False,True,False,True,1,G:\LearnAI\ontology-evolution\benchmark\repairs\candidate-effects.json
HASH_FIRST,78,20260897,E6,类层级链路缺失,3,True,False,CAND_001,True,False,True,True,1,G:\LearnAI\ontology-evolution\benchmark\repairs\tbox-candidate-effects.json
HASH_FIRST,78,20260897,E7,错误直接父类,3,True,False,CAND_003,False,True,False,True,2,G:\LearnAI\ontology-evolution\benchmark\repairs\tbox-candidate-effects.json
HASH_FIRST,78,20260897,E8,对象属性值域缺失,3,True,False,CAND_003,False,True,False,True,1,G:\LearnAI\ontology-evolution\benchmark\repairs\tbox-candidate-effects.json
HASH_FIRST,79,20260898,E1,数值漂移,3,True,False,CAND_002,False,True,False,True,1,G:\LearnAI\ontology-evolution\benchmark\repairs\candidate-effects.json
HASH_FIRST,79,20260898,E2,公理缺失,1,True,False,CAND_001,True,False,True,True,1,G:\LearnAI\ontology-evolution\benchmark\repairs\candidate-effects.json
HASH_FIRST,79,20260898,E3,关系对象错误,3,True,False,CAND_001,True,False,True,True,2,G:\LearnAI\ontology-evolution\benchmark\repairs\candidate-effects.json
HASH_FIRST,79,20260898,E4,互斥类别冲突,1,True,False,CAND_001,True,False,True,True,1,G:\LearnAI\ontology-evolution\benchmark\repairs\candidate-effects.json
HASH_FIRST,79,20260898,E5,功能属性值冲突,3,True,False,CAND_002,False,True,False,True,1,G:\LearnAI\ontology-evolution\benchmark\repairs\candidate-effects.json
HASH_FIRST,79,20260898,E6,类层级链路缺失,3,True,False,CAND_001,True,False,True,True,1,G:\LearnAI\ontology-evolution\benchmark\repairs\tbox-candidate-effects.json
HASH_FIRST,79,20260898,E7,错误直接父类,3,True,False,CAND_002,False,True,False,True,1,G:\LearnAI\ontology-evolution\benchmark\repairs\tbox-candidate-effects.json
HASH_FIRST,79,20260898,E8,对象属性值域缺失,3,True,False,CAND_002,False,True,False,True,1,G:\LearnAI\ontology-evolution\benchmark\repairs\tbox-candidate-effects.json
HASH_FIRST,80,20260899,E1,数值漂移,3,True,False,CAND_002,False,True,False,True,1,G:\LearnAI\ontology-evolution\benchmark\repairs\candidate-effects.json
HASH_FIRST,80,20260899,E2,公理缺失,1,True,False,CAND_001,True,False,True,True,1,G:\LearnAI\ontology-evolution\benchmark\repairs\candidate-effects.json
HASH_FIRST,80,20260899,E3,关系对象错误,3,True,False,CAND_003,False,True,False,True,1,G:\LearnAI\ontology-evolution\benchmark\repairs\candidate-effects.json
HASH_FIRST,80,20260899,E4,互斥类别冲突,1,True,False,CAND_001,True,False,True,True,1,G:\LearnAI\ontology-evolution\benchmark\repairs\candidate-effects.json
HASH_FIRST,80,20260899,E5,功能属性值冲突,3,True,False,CAND_003,True,False,True,True,1,G:\LearnAI\ontology-evolution\benchmark\repairs\candidate-effects.json
HASH_FIRST,80,20260899,E6,类层级链路缺失,3,True,False,CAND_003,False,True,False,True,1,G:\LearnAI\ontology-evolution\benchmark\repairs\tbox-candidate-effects.json
HASH_FIRST,80,20260899,E7,错误直接父类,3,True,False,CAND_002,False,True,False,True,1,G:\LearnAI\ontology-evolution\benchmark\repairs\tbox-candidate-effects.json
HASH_FIRST,80,20260899,E8,对象属性值域缺失,3,True,False,CAND_003,False,True,False,True,1,G:\LearnAI\ontology-evolution\benchmark\repairs\tbox-candidate-effects.json
HASH_FIRST,81,20260900,E1,数值漂移,3,True,False,CAND_002,False,True,False,True,1,G:\LearnAI\ontology-evolution\benchmark\repairs\candidate-effects.json
HASH_FIRST,81,20260900,E2,公理缺失,1,True,False,CAND_001,True,False,True,True,1,G:\LearnAI\ontology-evolution\benchmark\repairs\candidate-effects.json
HASH_FIRST,81,20260900,E3,关系对象错误,3,True,False,CAND_001,True,False,True,True,2,G:\LearnAI\ontology-evolution\benchmark\repairs\candidate-effects.json
HASH_FIRST,81,20260900,E4,互斥类别冲突,1,True,False,CAND_001,True,False,True,True,1,G:\LearnAI\ontology-evolution\benchmark\repairs\candidate-effects.json
HASH_FIRST,81,20260900,E5,功能属性值冲突,3,True,False,CAND_003,True,False,True,True,1,G:\LearnAI\ontology-evolution\benchmark\repairs\candidate-effects.json
HASH_FIRST,81,20260900,E6,类层级链路缺失,3,True,False,CAND_001,True,False,True,True,1,G:\LearnAI\ontology-evolution\benchmark\repairs\tbox-candidate-effects.json
HASH_FIRST,81,20260900,E7,错误直接父类,3,True,False,CAND_002,False,True,False,True,1,G:\LearnAI\ontology-evolution\benchmark\repairs\tbox-candidate-effects.json
HASH_FIRST,81,20260900,E8,对象属性值域缺失,3,True,False,CAND_003,False,True,False,True,1,G:\LearnAI\ontology-evolution\benchmark\repairs\tbox-candidate-effects.json
HASH_FIRST,82,20260901,E1,数值漂移,3,True,False,CAND_001,True,False,True,True,2,G:\LearnAI\ontology-evolution\benchmark\repairs\candidate-effects.json
HASH_FIRST,82,20260901,E2,公理缺失,1,True,False,CAND_001,True,False,True,True,1,G:\LearnAI\ontology-evolution\benchmark\repairs\candidate-effects.json
HASH_FIRST,82,20260901,E3,关系对象错误,3,True,False,CAND_002,False,True,False,True,1,G:\LearnAI\ontology-evolution\benchmark\repairs\candidate-effects.json
HASH_FIRST,82,20260901,E4,互斥类别冲突,1,True,False,CAND_001,True,False,True,True,1,G:\LearnAI\ontology-evolution\benchmark\repairs\candidate-effects.json
HASH_FIRST,82,20260901,E5,功能属性值冲突,3,True,False,CAND_002,False,True,False,True,1,G:\LearnAI\ontology-evolution\benchmark\repairs\candidate-effects.json
HASH_FIRST,82,20260901,E6,类层级链路缺失,3,True,False,CAND_002,False,True,False,True,1,G:\LearnAI\ontology-evolution\benchmark\repairs\tbox-candidate-effects.json
HASH_FIRST,82,20260901,E7,错误直接父类,3,True,False,CAND_003,False,True,False,True,2,G:\LearnAI\ontology-evolution\benchmark\repairs\tbox-candidate-effects.json
HASH_FIRST,82,20260901,E8,对象属性值域缺失,3,True,False,CAND_002,False,True,False,True,1,G:\LearnAI\ontology-evolution\benchmark\repairs\tbox-candidate-effects.json
HASH_FIRST,83,20260902,E1,数值漂移,3,True,False,CAND_003,False,True,False,True,1,G:\LearnAI\ontology-evolution\benchmark\repairs\candidate-effects.json
HASH_FIRST,83,20260902,E2,公理缺失,1,True,False,CAND_001,True,False,True,True,1,G:\LearnAI\ontology-evolution\benchmark\repairs\candidate-effects.json
HASH_FIRST,83,20260902,E3,关系对象错误,3,True,False,CAND_003,False,True,False,True,1,G:\LearnAI\ontology-evolution\benchmark\repairs\candidate-effects.json
HASH_FIRST,83,20260902,E4,互斥类别冲突,1,True,False,CAND_001,True,False,True,True,1,G:\LearnAI\ontology-evolution\benchmark\repairs\candidate-effects.json
HASH_FIRST,83,20260902,E5,功能属性值冲突,3,True,False,CAND_003,True,False,True,True,1,G:\LearnAI\ontology-evolution\benchmark\repairs\candidate-effects.json
HASH_FIRST,83,20260902,E6,类层级链路缺失,3,True,False,CAND_003,False,True,False,True,1,G:\LearnAI\ontology-evolution\benchmark\repairs\tbox-candidate-effects.json
HASH_FIRST,83,20260902,E7,错误直接父类,3,True,False,CAND_002,False,True,False,True,1,G:\LearnAI\ontology-evolution\benchmark\repairs\tbox-candidate-effects.json
HASH_FIRST,83,20260902,E8,对象属性值域缺失,3,True,False,CAND_002,False,True,False,True,1,G:\LearnAI\ontology-evolution\benchmark\repairs\tbox-candidate-effects.json
HASH_FIRST,84,20260903,E1,数值漂移,3,True,False,CAND_002,False,True,False,True,1,G:\LearnAI\ontology-evolution\benchmark\repairs\candidate-effects.json
HASH_FIRST,84,20260903,E2,公理缺失,1,True,False,CAND_001,True,False,True,True,1,G:\LearnAI\ontology-evolution\benchmark\repairs\candidate-effects.json
HASH_FIRST,84,20260903,E3,关系对象错误,3,True,False,CAND_001,True,False,True,True,2,G:\LearnAI\ontology-evolution\benchmark\repairs\candidate-effects.json
HASH_FIRST,84,20260903,E4,互斥类别冲突,1,True,False,CAND_001,True,False,True,True,1,G:\LearnAI\ontology-evolution\benchmark\repairs\candidate-effects.json
HASH_FIRST,84,20260903,E5,功能属性值冲突,3,True,False,CAND_001,True,False,True,True,1,G:\LearnAI\ontology-evolution\benchmark\repairs\candidate-effects.json
HASH_FIRST,84,20260903,E6,类层级链路缺失,3,True,False,CAND_001,True,False,True,True,1,G:\LearnAI\ontology-evolution\benchmark\repairs\tbox-candidate-effects.json
HASH_FIRST,84,20260903,E7,错误直接父类,3,True,False,CAND_001,True,False,True,True,2,G:\LearnAI\ontology-evolution\benchmark\repairs\tbox-candidate-effects.json
HASH_FIRST,84,20260903,E8,对象属性值域缺失,3,True,False,CAND_001,True,False,True,True,1,G:\LearnAI\ontology-evolution\benchmark\repairs\tbox-candidate-effects.json
HASH_FIRST,85,20260904,E1,数值漂移,3,True,False,CAND_003,False,True,False,True,1,G:\LearnAI\ontology-evolution\benchmark\repairs\candidate-effects.json
HASH_FIRST,85,20260904,E2,公理缺失,1,True,False,CAND_001,True,False,True,True,1,G:\LearnAI\ontology-evolution\benchmark\repairs\candidate-effects.json
HASH_FIRST,85,20260904,E3,关系对象错误,3,True,False,CAND_002,False,True,False,True,1,G:\LearnAI\ontology-evolution\benchmark\repairs\candidate-effects.json
HASH_FIRST,85,20260904,E4,互斥类别冲突,1,True,False,CAND_001,True,False,True,True,1,G:\LearnAI\ontology-evolution\benchmark\repairs\candidate-effects.json
HASH_FIRST,85,20260904,E5,功能属性值冲突,3,True,False,CAND_002,False,True,False,True,1,G:\LearnAI\ontology-evolution\benchmark\repairs\candidate-effects.json
HASH_FIRST,85,20260904,E6,类层级链路缺失,3,True,False,CAND_003,False,True,False,True,1,G:\LearnAI\ontology-evolution\benchmark\repairs\tbox-candidate-effects.json
HASH_FIRST,85,20260904,E7,错误直接父类,3,True,False,CAND_002,False,True,False,True,1,G:\LearnAI\ontology-evolution\benchmark\repairs\tbox-candidate-effects.json
HASH_FIRST,85,20260904,E8,对象属性值域缺失,3,True,False,CAND_002,False,True,False,True,1,G:\LearnAI\ontology-evolution\benchmark\repairs\tbox-candidate-effects.json
HASH_FIRST,86,20260905,E1,数值漂移,3,True,False,CAND_003,False,True,False,True,1,G:\LearnAI\ontology-evolution\benchmark\repairs\candidate-effects.json
HASH_FIRST,86,20260905,E2,公理缺失,1,True,False,CAND_001,True,False,True,True,1,G:\LearnAI\ontology-evolution\benchmark\repairs\candidate-effects.json
HASH_FIRST,86,20260905,E3,关系对象错误,3,True,False,CAND_001,True,False,True,True,2,G:\LearnAI\ontology-evolution\benchmark\repairs\candidate-effects.json
HASH_FIRST,86,20260905,E4,互斥类别冲突,1,True,False,CAND_001,True,False,True,True,1,G:\LearnAI\ontology-evolution\benchmark\repairs\candidate-effects.json
HASH_FIRST,86,20260905,E5,功能属性值冲突,3,True,False,CAND_001,True,False,True,True,1,G:\LearnAI\ontology-evolution\benchmark\repairs\candidate-effects.json
HASH_FIRST,86,20260905,E6,类层级链路缺失,3,True,False,CAND_003,False,True,False,True,1,G:\LearnAI\ontology-evolution\benchmark\repairs\tbox-candidate-effects.json
HASH_FIRST,86,20260905,E7,错误直接父类,3,True,False,CAND_002,False,True,False,True,1,G:\LearnAI\ontology-evolution\benchmark\repairs\tbox-candidate-effects.json
HASH_FIRST,86,20260905,E8,对象属性值域缺失,3,True,False,CAND_002,False,True,False,True,1,G:\LearnAI\ontology-evolution\benchmark\repairs\tbox-candidate-effects.json
HASH_FIRST,87,20260906,E1,数值漂移,3,True,False,CAND_001,True,False,True,True,2,G:\LearnAI\ontology-evolution\benchmark\repairs\candidate-effects.json
HASH_FIRST,87,20260906,E2,公理缺失,1,True,False,CAND_001,True,False,True,True,1,G:\LearnAI\ontology-evolution\benchmark\repairs\candidate-effects.json
HASH_FIRST,87,20260906,E3,关系对象错误,3,True,False,CAND_002,False,True,False,True,1,G:\LearnAI\ontology-evolution\benchmark\repairs\candidate-effects.json
HASH_FIRST,87,20260906,E4,互斥类别冲突,1,True,False,CAND_001,True,False,True,True,1,G:\LearnAI\ontology-evolution\benchmark\repairs\candidate-effects.json
HASH_FIRST,87,20260906,E5,功能属性值冲突,3,True,False,CAND_002,False,True,False,True,1,G:\LearnAI\ontology-evolution\benchmark\repairs\candidate-effects.json
HASH_FIRST,87,20260906,E6,类层级链路缺失,3,True,False,CAND_003,False,True,False,True,1,G:\LearnAI\ontology-evolution\benchmark\repairs\tbox-candidate-effects.json
HASH_FIRST,87,20260906,E7,错误直接父类,3,True,False,CAND_003,False,True,False,True,2,G:\LearnAI\ontology-evolution\benchmark\repairs\tbox-candidate-effects.json
HASH_FIRST,87,20260906,E8,对象属性值域缺失,3,True,False,CAND_001,True,False,True,True,1,G:\LearnAI\ontology-evolution\benchmark\repairs\tbox-candidate-effects.json
HASH_FIRST,88,20260907,E1,数值漂移,3,True,False,CAND_001,True,False,True,True,2,G:\LearnAI\ontology-evolution\benchmark\repairs\candidate-effects.json
HASH_FIRST,88,20260907,E2,公理缺失,1,True,False,CAND_001,True,False,True,True,1,G:\LearnAI\ontology-evolution\benchmark\repairs\candidate-effects.json
HASH_FIRST,88,20260907,E3,关系对象错误,3,True,False,CAND_002,False,True,False,True,1,G:\LearnAI\ontology-evolution\benchmark\repairs\candidate-effects.json
HASH_FIRST,88,20260907,E4,互斥类别冲突,1,True,False,CAND_001,True,False,True,True,1,G:\LearnAI\ontology-evolution\benchmark\repairs\candidate-effects.json
HASH_FIRST,88,20260907,E5,功能属性值冲突,3,True,False,CAND_001,True,False,True,True,1,G:\LearnAI\ontology-evolution\benchmark\repairs\candidate-effects.json
HASH_FIRST,88,20260907,E6,类层级链路缺失,3,True,False,CAND_003,False,True,False,True,1,G:\LearnAI\ontology-evolution\benchmark\repairs\tbox-candidate-effects.json
HASH_FIRST,88,20260907,E7,错误直接父类,3,True,False,CAND_003,False,True,False,True,2,G:\LearnAI\ontology-evolution\benchmark\repairs\tbox-candidate-effects.json
HASH_FIRST,88,20260907,E8,对象属性值域缺失,3,True,False,CAND_003,False,True,False,True,1,G:\LearnAI\ontology-evolution\benchmark\repairs\tbox-candidate-effects.json
HASH_FIRST,89,20260908,E1,数值漂移,3,True,False,CAND_003,False,True,False,True,1,G:\LearnAI\ontology-evolution\benchmark\repairs\candidate-effects.json
HASH_FIRST,89,20260908,E2,公理缺失,1,True,False,CAND_001,True,False,True,True,1,G:\LearnAI\ontology-evolution\benchmark\repairs\candidate-effects.json
HASH_FIRST,89,20260908,E3,关系对象错误,3,True,False,CAND_003,False,True,False,True,1,G:\LearnAI\ontology-evolution\benchmark\repairs\candidate-effects.json
HASH_FIRST,89,20260908,E4,互斥类别冲突,1,True,False,CAND_001,True,False,True,True,1,G:\LearnAI\ontology-evolution\benchmark\repairs\candidate-effects.json
HASH_FIRST,89,20260908,E5,功能属性值冲突,3,True,False,CAND_002,False,True,False,True,1,G:\LearnAI\ontology-evolution\benchmark\repairs\candidate-effects.json
HASH_FIRST,89,20260908,E6,类层级链路缺失,3,True,False,CAND_001,True,False,True,True,1,G:\LearnAI\ontology-evolution\benchmark\repairs\tbox-candidate-effects.json
HASH_FIRST,89,20260908,E7,错误直接父类,3,True,False,CAND_003,False,True,False,True,2,G:\LearnAI\ontology-evolution\benchmark\repairs\tbox-candidate-effects.json
HASH_FIRST,89,20260908,E8,对象属性值域缺失,3,True,False,CAND_003,False,True,False,True,1,G:\LearnAI\ontology-evolution\benchmark\repairs\tbox-candidate-effects.json
HASH_FIRST,90,20260909,E1,数值漂移,3,True,False,CAND_003,False,True,False,True,1,G:\LearnAI\ontology-evolution\benchmark\repairs\candidate-effects.json
HASH_FIRST,90,20260909,E2,公理缺失,1,True,False,CAND_001,True,False,True,True,1,G:\LearnAI\ontology-evolution\benchmark\repairs\candidate-effects.json
HASH_FIRST,90,20260909,E3,关系对象错误,3,True,False,CAND_003,False,True,False,True,1,G:\LearnAI\ontology-evolution\benchmark\repairs\candidate-effects.json
HASH_FIRST,90,20260909,E4,互斥类别冲突,1,True,False,CAND_001,True,False,True,True,1,G:\LearnAI\ontology-evolution\benchmark\repairs\candidate-effects.json
HASH_FIRST,90,20260909,E5,功能属性值冲突,3,True,False,CAND_001,True,False,True,True,1,G:\LearnAI\ontology-evolution\benchmark\repairs\candidate-effects.json
HASH_FIRST,90,20260909,E6,类层级链路缺失,3,True,False,CAND_001,True,False,True,True,1,G:\LearnAI\ontology-evolution\benchmark\repairs\tbox-candidate-effects.json
HASH_FIRST,90,20260909,E7,错误直接父类,3,True,False,CAND_001,True,False,True,True,2,G:\LearnAI\ontology-evolution\benchmark\repairs\tbox-candidate-effects.json
HASH_FIRST,90,20260909,E8,对象属性值域缺失,3,True,False,CAND_001,True,False,True,True,1,G:\LearnAI\ontology-evolution\benchmark\repairs\tbox-candidate-effects.json
HASH_FIRST,91,20260910,E1,数值漂移,3,True,False,CAND_003,False,True,False,True,1,G:\LearnAI\ontology-evolution\benchmark\repairs\candidate-effects.json
HASH_FIRST,91,20260910,E2,公理缺失,1,True,False,CAND_001,True,False,True,True,1,G:\LearnAI\ontology-evolution\benchmark\repairs\candidate-effects.json
HASH_FIRST,91,20260910,E3,关系对象错误,3,True,False,CAND_002,False,True,False,True,1,G:\LearnAI\ontology-evolution\benchmark\repairs\candidate-effects.json
HASH_FIRST,91,20260910,E4,互斥类别冲突,1,True,False,CAND_001,True,False,True,True,1,G:\LearnAI\ontology-evolution\benchmark\repairs\candidate-effects.json
HASH_FIRST,91,20260910,E5,功能属性值冲突,3,True,False,CAND_002,False,True,False,True,1,G:\LearnAI\ontology-evolution\benchmark\repairs\candidate-effects.json
HASH_FIRST,91,20260910,E6,类层级链路缺失,3,True,False,CAND_002,False,True,False,True,1,G:\LearnAI\ontology-evolution\benchmark\repairs\tbox-candidate-effects.json
HASH_FIRST,91,20260910,E7,错误直接父类,3,True,False,CAND_003,False,True,False,True,2,G:\LearnAI\ontology-evolution\benchmark\repairs\tbox-candidate-effects.json
HASH_FIRST,91,20260910,E8,对象属性值域缺失,3,True,False,CAND_002,False,True,False,True,1,G:\LearnAI\ontology-evolution\benchmark\repairs\tbox-candidate-effects.json
HASH_FIRST,92,20260911,E1,数值漂移,3,True,False,CAND_001,True,False,True,True,2,G:\LearnAI\ontology-evolution\benchmark\repairs\candidate-effects.json
HASH_FIRST,92,20260911,E2,公理缺失,1,True,False,CAND_001,True,False,True,True,1,G:\LearnAI\ontology-evolution\benchmark\repairs\candidate-effects.json
HASH_FIRST,92,20260911,E3,关系对象错误,3,True,False,CAND_003,False,True,False,True,1,G:\LearnAI\ontology-evolution\benchmark\repairs\candidate-effects.json
HASH_FIRST,92,20260911,E4,互斥类别冲突,1,True,False,CAND_001,True,False,True,True,1,G:\LearnAI\ontology-evolution\benchmark\repairs\candidate-effects.json
HASH_FIRST,92,20260911,E5,功能属性值冲突,3,True,False,CAND_003,True,False,True,True,1,G:\LearnAI\ontology-evolution\benchmark\repairs\candidate-effects.json
HASH_FIRST,92,20260911,E6,类层级链路缺失,3,True,False,CAND_003,False,True,False,True,1,G:\LearnAI\ontology-evolution\benchmark\repairs\tbox-candidate-effects.json
HASH_FIRST,92,20260911,E7,错误直接父类,3,True,False,CAND_002,False,True,False,True,1,G:\LearnAI\ontology-evolution\benchmark\repairs\tbox-candidate-effects.json
HASH_FIRST,92,20260911,E8,对象属性值域缺失,3,True,False,CAND_002,False,True,False,True,1,G:\LearnAI\ontology-evolution\benchmark\repairs\tbox-candidate-effects.json
HASH_FIRST,93,20260912,E1,数值漂移,3,True,False,CAND_001,True,False,True,True,2,G:\LearnAI\ontology-evolution\benchmark\repairs\candidate-effects.json
HASH_FIRST,93,20260912,E2,公理缺失,1,True,False,CAND_001,True,False,True,True,1,G:\LearnAI\ontology-evolution\benchmark\repairs\candidate-effects.json
HASH_FIRST,93,20260912,E3,关系对象错误,3,True,False,CAND_003,False,True,False,True,1,G:\LearnAI\ontology-evolution\benchmark\repairs\candidate-effects.json
HASH_FIRST,93,20260912,E4,互斥类别冲突,1,True,False,CAND_001,True,False,True,True,1,G:\LearnAI\ontology-evolution\benchmark\repairs\candidate-effects.json
HASH_FIRST,93,20260912,E5,功能属性值冲突,3,True,False,CAND_002,False,True,False,True,1,G:\LearnAI\ontology-evolution\benchmark\repairs\candidate-effects.json
HASH_FIRST,93,20260912,E6,类层级链路缺失,3,True,False,CAND_003,False,True,False,True,1,G:\LearnAI\ontology-evolution\benchmark\repairs\tbox-candidate-effects.json
HASH_FIRST,93,20260912,E7,错误直接父类,3,True,False,CAND_003,False,True,False,True,2,G:\LearnAI\ontology-evolution\benchmark\repairs\tbox-candidate-effects.json
HASH_FIRST,93,20260912,E8,对象属性值域缺失,3,True,False,CAND_002,False,True,False,True,1,G:\LearnAI\ontology-evolution\benchmark\repairs\tbox-candidate-effects.json
HASH_FIRST,94,20260913,E1,数值漂移,3,True,False,CAND_003,False,True,False,True,1,G:\LearnAI\ontology-evolution\benchmark\repairs\candidate-effects.json
HASH_FIRST,94,20260913,E2,公理缺失,1,True,False,CAND_001,True,False,True,True,1,G:\LearnAI\ontology-evolution\benchmark\repairs\candidate-effects.json
HASH_FIRST,94,20260913,E3,关系对象错误,3,True,False,CAND_002,False,True,False,True,1,G:\LearnAI\ontology-evolution\benchmark\repairs\candidate-effects.json
HASH_FIRST,94,20260913,E4,互斥类别冲突,1,True,False,CAND_001,True,False,True,True,1,G:\LearnAI\ontology-evolution\benchmark\repairs\candidate-effects.json
HASH_FIRST,94,20260913,E5,功能属性值冲突,3,True,False,CAND_002,False,True,False,True,1,G:\LearnAI\ontology-evolution\benchmark\repairs\candidate-effects.json
HASH_FIRST,94,20260913,E6,类层级链路缺失,3,True,False,CAND_002,False,True,False,True,1,G:\LearnAI\ontology-evolution\benchmark\repairs\tbox-candidate-effects.json
HASH_FIRST,94,20260913,E7,错误直接父类,3,True,False,CAND_003,False,True,False,True,2,G:\LearnAI\ontology-evolution\benchmark\repairs\tbox-candidate-effects.json
HASH_FIRST,94,20260913,E8,对象属性值域缺失,3,True,False,CAND_001,True,False,True,True,1,G:\LearnAI\ontology-evolution\benchmark\repairs\tbox-candidate-effects.json
HASH_FIRST,95,20260914,E1,数值漂移,3,True,False,CAND_002,False,True,False,True,1,G:\LearnAI\ontology-evolution\benchmark\repairs\candidate-effects.json
HASH_FIRST,95,20260914,E2,公理缺失,1,True,False,CAND_001,True,False,True,True,1,G:\LearnAI\ontology-evolution\benchmark\repairs\candidate-effects.json
HASH_FIRST,95,20260914,E3,关系对象错误,3,True,False,CAND_001,True,False,True,True,2,G:\LearnAI\ontology-evolution\benchmark\repairs\candidate-effects.json
HASH_FIRST,95,20260914,E4,互斥类别冲突,1,True,False,CAND_001,True,False,True,True,1,G:\LearnAI\ontology-evolution\benchmark\repairs\candidate-effects.json
HASH_FIRST,95,20260914,E5,功能属性值冲突,3,True,False,CAND_003,True,False,True,True,1,G:\LearnAI\ontology-evolution\benchmark\repairs\candidate-effects.json
HASH_FIRST,95,20260914,E6,类层级链路缺失,3,True,False,CAND_002,False,True,False,True,1,G:\LearnAI\ontology-evolution\benchmark\repairs\tbox-candidate-effects.json
HASH_FIRST,95,20260914,E7,错误直接父类,3,True,False,CAND_001,True,False,True,True,2,G:\LearnAI\ontology-evolution\benchmark\repairs\tbox-candidate-effects.json
HASH_FIRST,95,20260914,E8,对象属性值域缺失,3,True,False,CAND_001,True,False,True,True,1,G:\LearnAI\ontology-evolution\benchmark\repairs\tbox-candidate-effects.json
HASH_FIRST,96,20260915,E1,数值漂移,3,True,False,CAND_001,True,False,True,True,2,G:\LearnAI\ontology-evolution\benchmark\repairs\candidate-effects.json
HASH_FIRST,96,20260915,E2,公理缺失,1,True,False,CAND_001,True,False,True,True,1,G:\LearnAI\ontology-evolution\benchmark\repairs\candidate-effects.json
HASH_FIRST,96,20260915,E3,关系对象错误,3,True,False,CAND_001,True,False,True,True,2,G:\LearnAI\ontology-evolution\benchmark\repairs\candidate-effects.json
HASH_FIRST,96,20260915,E4,互斥类别冲突,1,True,False,CAND_001,True,False,True,True,1,G:\LearnAI\ontology-evolution\benchmark\repairs\candidate-effects.json
HASH_FIRST,96,20260915,E5,功能属性值冲突,3,True,False,CAND_001,True,False,True,True,1,G:\LearnAI\ontology-evolution\benchmark\repairs\candidate-effects.json
HASH_FIRST,96,20260915,E6,类层级链路缺失,3,True,False,CAND_001,True,False,True,True,1,G:\LearnAI\ontology-evolution\benchmark\repairs\tbox-candidate-effects.json
HASH_FIRST,96,20260915,E7,错误直接父类,3,True,False,CAND_001,True,False,True,True,2,G:\LearnAI\ontology-evolution\benchmark\repairs\tbox-candidate-effects.json
HASH_FIRST,96,20260915,E8,对象属性值域缺失,3,True,False,CAND_002,False,True,False,True,1,G:\LearnAI\ontology-evolution\benchmark\repairs\tbox-candidate-effects.json
HASH_FIRST,97,20260916,E1,数值漂移,3,True,False,CAND_002,False,True,False,True,1,G:\LearnAI\ontology-evolution\benchmark\repairs\candidate-effects.json
HASH_FIRST,97,20260916,E2,公理缺失,1,True,False,CAND_001,True,False,True,True,1,G:\LearnAI\ontology-evolution\benchmark\repairs\candidate-effects.json
HASH_FIRST,97,20260916,E3,关系对象错误,3,True,False,CAND_002,False,True,False,True,1,G:\LearnAI\ontology-evolution\benchmark\repairs\candidate-effects.json
HASH_FIRST,97,20260916,E4,互斥类别冲突,1,True,False,CAND_001,True,False,True,True,1,G:\LearnAI\ontology-evolution\benchmark\repairs\candidate-effects.json
HASH_FIRST,97,20260916,E5,功能属性值冲突,3,True,False,CAND_003,True,False,True,True,1,G:\LearnAI\ontology-evolution\benchmark\repairs\candidate-effects.json
HASH_FIRST,97,20260916,E6,类层级链路缺失,3,True,False,CAND_002,False,True,False,True,1,G:\LearnAI\ontology-evolution\benchmark\repairs\tbox-candidate-effects.json
HASH_FIRST,97,20260916,E7,错误直接父类,3,True,False,CAND_003,False,True,False,True,2,G:\LearnAI\ontology-evolution\benchmark\repairs\tbox-candidate-effects.json
HASH_FIRST,97,20260916,E8,对象属性值域缺失,3,True,False,CAND_001,True,False,True,True,1,G:\LearnAI\ontology-evolution\benchmark\repairs\tbox-candidate-effects.json
HASH_FIRST,98,20260917,E1,数值漂移,3,True,False,CAND_003,False,True,False,True,1,G:\LearnAI\ontology-evolution\benchmark\repairs\candidate-effects.json
HASH_FIRST,98,20260917,E2,公理缺失,1,True,False,CAND_001,True,False,True,True,1,G:\LearnAI\ontology-evolution\benchmark\repairs\candidate-effects.json
HASH_FIRST,98,20260917,E3,关系对象错误,3,True,False,CAND_001,True,False,True,True,2,G:\LearnAI\ontology-evolution\benchmark\repairs\candidate-effects.json
HASH_FIRST,98,20260917,E4,互斥类别冲突,1,True,False,CAND_001,True,False,True,True,1,G:\LearnAI\ontology-evolution\benchmark\repairs\candidate-effects.json
HASH_FIRST,98,20260917,E5,功能属性值冲突,3,True,False,CAND_001,True,False,True,True,1,G:\LearnAI\ontology-evolution\benchmark\repairs\candidate-effects.json
HASH_FIRST,98,20260917,E6,类层级链路缺失,3,True,False,CAND_003,False,True,False,True,1,G:\LearnAI\ontology-evolution\benchmark\repairs\tbox-candidate-effects.json
HASH_FIRST,98,20260917,E7,错误直接父类,3,True,False,CAND_002,False,True,False,True,1,G:\LearnAI\ontology-evolution\benchmark\repairs\tbox-candidate-effects.json
HASH_FIRST,98,20260917,E8,对象属性值域缺失,3,True,False,CAND_002,False,True,False,True,1,G:\LearnAI\ontology-evolution\benchmark\repairs\tbox-candidate-effects.json
HASH_FIRST,99,20260918,E1,数值漂移,3,True,False,CAND_002,False,True,False,True,1,G:\LearnAI\ontology-evolution\benchmark\repairs\candidate-effects.json
HASH_FIRST,99,20260918,E2,公理缺失,1,True,False,CAND_001,True,False,True,True,1,G:\LearnAI\ontology-evolution\benchmark\repairs\candidate-effects.json
HASH_FIRST,99,20260918,E3,关系对象错误,3,True,False,CAND_003,False,True,False,True,1,G:\LearnAI\ontology-evolution\benchmark\repairs\candidate-effects.json
HASH_FIRST,99,20260918,E4,互斥类别冲突,1,True,False,CAND_001,True,False,True,True,1,G:\LearnAI\ontology-evolution\benchmark\repairs\candidate-effects.json
HASH_FIRST,99,20260918,E5,功能属性值冲突,3,True,False,CAND_003,True,False,True,True,1,G:\LearnAI\ontology-evolution\benchmark\repairs\candidate-effects.json
HASH_FIRST,99,20260918,E6,类层级链路缺失,3,True,False,CAND_002,False,True,False,True,1,G:\LearnAI\ontology-evolution\benchmark\repairs\tbox-candidate-effects.json
HASH_FIRST,99,20260918,E7,错误直接父类,3,True,False,CAND_003,False,True,False,True,2,G:\LearnAI\ontology-evolution\benchmark\repairs\tbox-candidate-effects.json
HASH_FIRST,99,20260918,E8,对象属性值域缺失,3,True,False,CAND_001,True,False,True,True,1,G:\LearnAI\ontology-evolution\benchmark\repairs\tbox-candidate-effects.json
HASH_FIRST,100,20260919,E1,数值漂移,3,True,False,CAND_002,False,True,False,True,1,G:\LearnAI\ontology-evolution\benchmark\repairs\candidate-effects.json
HASH_FIRST,100,20260919,E2,公理缺失,1,True,False,CAND_001,True,False,True,True,1,G:\LearnAI\ontology-evolution\benchmark\repairs\candidate-effects.json
HASH_FIRST,100,20260919,E3,关系对象错误,3,True,False,CAND_001,True,False,True,True,2,G:\LearnAI\ontology-evolution\benchmark\repairs\candidate-effects.json
HASH_FIRST,100,20260919,E4,互斥类别冲突,1,True,False,CAND_001,True,False,True,True,1,G:\LearnAI\ontology-evolution\benchmark\repairs\candidate-effects.json
HASH_FIRST,100,20260919,E5,功能属性值冲突,3,True,False,CAND_002,False,True,False,True,1,G:\LearnAI\ontology-evolution\benchmark\repairs\candidate-effects.json
HASH_FIRST,100,20260919,E6,类层级链路缺失,3,True,False,CAND_001,True,False,True,True,1,G:\LearnAI\ontology-evolution\benchmark\repairs\tbox-candidate-effects.json
HASH_FIRST,100,20260919,E7,错误直接父类,3,True,False,CAND_001,True,False,True,True,2,G:\LearnAI\ontology-evolution\benchmark\repairs\tbox-candidate-effects.json
HASH_FIRST,100,20260919,E8,对象属性值域缺失,3,True,False,CAND_001,True,False,True,True,1,G:\LearnAI\ontology-evolution\benchmark\repairs\tbox-candidate-effects.json
RANDOM,1,20260820,E1,数值漂移,3,True,False,CAND_003,False,True,False,True,1,G:\LearnAI\ontology-evolution\benchmark\repairs\candidate-effects.json
RANDOM,1,20260820,E2,公理缺失,1,True,False,CAND_001,True,False,True,True,1,G:\LearnAI\ontology-evolution\benchmark\repairs\candidate-effects.json
RANDOM,1,20260820,E3,关系对象错误,3,True,False,CAND_002,False,True,False,True,1,G:\LearnAI\ontology-evolution\benchmark\repairs\candidate-effects.json
RANDOM,1,20260820,E4,互斥类别冲突,1,True,False,CAND_001,True,False,True,True,1,G:\LearnAI\ontology-evolution\benchmark\repairs\candidate-effects.json
RANDOM,1,20260820,E5,功能属性值冲突,3,True,False,CAND_003,True,False,True,True,1,G:\LearnAI\ontology-evolution\benchmark\repairs\candidate-effects.json
RANDOM,1,20260820,E6,类层级链路缺失,3,True,False,CAND_001,True,False,True,True,1,G:\LearnAI\ontology-evolution\benchmark\repairs\tbox-candidate-effects.json
RANDOM,1,20260820,E7,错误直接父类,3,True,False,CAND_002,False,True,False,True,1,G:\LearnAI\ontology-evolution\benchmark\repairs\tbox-candidate-effects.json
RANDOM,1,20260820,E8,对象属性值域缺失,3,True,False,CAND_001,True,False,True,True,1,G:\LearnAI\ontology-evolution\benchmark\repairs\tbox-candidate-effects.json
RANDOM,2,20260821,E1,数值漂移,3,True,False,CAND_003,False,True,False,True,1,G:\LearnAI\ontology-evolution\benchmark\repairs\candidate-effects.json
RANDOM,2,20260821,E2,公理缺失,1,True,False,CAND_001,True,False,True,True,1,G:\LearnAI\ontology-evolution\benchmark\repairs\candidate-effects.json
RANDOM,2,20260821,E3,关系对象错误,3,True,False,CAND_003,False,True,False,True,1,G:\LearnAI\ontology-evolution\benchmark\repairs\candidate-effects.json
RANDOM,2,20260821,E4,互斥类别冲突,1,True,False,CAND_001,True,False,True,True,1,G:\LearnAI\ontology-evolution\benchmark\repairs\candidate-effects.json
RANDOM,2,20260821,E5,功能属性值冲突,3,True,False,CAND_003,True,False,True,True,1,G:\LearnAI\ontology-evolution\benchmark\repairs\candidate-effects.json
RANDOM,2,20260821,E6,类层级链路缺失,3,True,False,CAND_002,False,True,False,True,1,G:\LearnAI\ontology-evolution\benchmark\repairs\tbox-candidate-effects.json
RANDOM,2,20260821,E7,错误直接父类,3,True,False,CAND_001,True,False,True,True,2,G:\LearnAI\ontology-evolution\benchmark\repairs\tbox-candidate-effects.json
RANDOM,2,20260821,E8,对象属性值域缺失,3,True,False,CAND_001,True,False,True,True,1,G:\LearnAI\ontology-evolution\benchmark\repairs\tbox-candidate-effects.json
RANDOM,3,20260822,E1,数值漂移,3,True,False,CAND_001,True,False,True,True,2,G:\LearnAI\ontology-evolution\benchmark\repairs\candidate-effects.json
RANDOM,3,20260822,E2,公理缺失,1,True,False,CAND_001,True,False,True,True,1,G:\LearnAI\ontology-evolution\benchmark\repairs\candidate-effects.json
RANDOM,3,20260822,E3,关系对象错误,3,True,False,CAND_003,False,True,False,True,1,G:\LearnAI\ontology-evolution\benchmark\repairs\candidate-effects.json
RANDOM,3,20260822,E4,互斥类别冲突,1,True,False,CAND_001,True,False,True,True,1,G:\LearnAI\ontology-evolution\benchmark\repairs\candidate-effects.json
RANDOM,3,20260822,E5,功能属性值冲突,3,True,False,CAND_003,True,False,True,True,1,G:\LearnAI\ontology-evolution\benchmark\repairs\candidate-effects.json
RANDOM,3,20260822,E6,类层级链路缺失,3,True,False,CAND_003,False,True,False,True,1,G:\LearnAI\ontology-evolution\benchmark\repairs\tbox-candidate-effects.json
RANDOM,3,20260822,E7,错误直接父类,3,True,False,CAND_002,False,True,False,True,1,G:\LearnAI\ontology-evolution\benchmark\repairs\tbox-candidate-effects.json
RANDOM,3,20260822,E8,对象属性值域缺失,3,True,False,CAND_001,True,False,True,True,1,G:\LearnAI\ontology-evolution\benchmark\repairs\tbox-candidate-effects.json
RANDOM,4,20260823,E1,数值漂移,3,True,False,CAND_001,True,False,True,True,2,G:\LearnAI\ontology-evolution\benchmark\repairs\candidate-effects.json
RANDOM,4,20260823,E2,公理缺失,1,True,False,CAND_001,True,False,True,True,1,G:\LearnAI\ontology-evolution\benchmark\repairs\candidate-effects.json
RANDOM,4,20260823,E3,关系对象错误,3,True,False,CAND_003,False,True,False,True,1,G:\LearnAI\ontology-evolution\benchmark\repairs\candidate-effects.json
RANDOM,4,20260823,E4,互斥类别冲突,1,True,False,CAND_001,True,False,True,True,1,G:\LearnAI\ontology-evolution\benchmark\repairs\candidate-effects.json
RANDOM,4,20260823,E5,功能属性值冲突,3,True,False,CAND_002,False,True,False,True,1,G:\LearnAI\ontology-evolution\benchmark\repairs\candidate-effects.json
RANDOM,4,20260823,E6,类层级链路缺失,3,True,False,CAND_001,True,False,True,True,1,G:\LearnAI\ontology-evolution\benchmark\repairs\tbox-candidate-effects.json
RANDOM,4,20260823,E7,错误直接父类,3,True,False,CAND_002,False,True,False,True,1,G:\LearnAI\ontology-evolution\benchmark\repairs\tbox-candidate-effects.json
RANDOM,4,20260823,E8,对象属性值域缺失,3,True,False,CAND_002,False,True,False,True,1,G:\LearnAI\ontology-evolution\benchmark\repairs\tbox-candidate-effects.json
RANDOM,5,20260824,E1,数值漂移,3,True,False,CAND_002,False,True,False,True,1,G:\LearnAI\ontology-evolution\benchmark\repairs\candidate-effects.json
RANDOM,5,20260824,E2,公理缺失,1,True,False,CAND_001,True,False,True,True,1,G:\LearnAI\ontology-evolution\benchmark\repairs\candidate-effects.json
RANDOM,5,20260824,E3,关系对象错误,3,True,False,CAND_001,True,False,True,True,2,G:\LearnAI\ontology-evolution\benchmark\repairs\candidate-effects.json
RANDOM,5,20260824,E4,互斥类别冲突,1,True,False,CAND_001,True,False,True,True,1,G:\LearnAI\ontology-evolution\benchmark\repairs\candidate-effects.json
RANDOM,5,20260824,E5,功能属性值冲突,3,True,False,CAND_001,True,False,True,True,1,G:\LearnAI\ontology-evolution\benchmark\repairs\candidate-effects.json
RANDOM,5,20260824,E6,类层级链路缺失,3,True,False,CAND_002,False,True,False,True,1,G:\LearnAI\ontology-evolution\benchmark\repairs\tbox-candidate-effects.json
RANDOM,5,20260824,E7,错误直接父类,3,True,False,CAND_001,True,False,True,True,2,G:\LearnAI\ontology-evolution\benchmark\repairs\tbox-candidate-effects.json
RANDOM,5,20260824,E8,对象属性值域缺失,3,True,False,CAND_001,True,False,True,True,1,G:\LearnAI\ontology-evolution\benchmark\repairs\tbox-candidate-effects.json
RANDOM,6,20260825,E1,数值漂移,3,True,False,CAND_003,False,True,False,True,1,G:\LearnAI\ontology-evolution\benchmark\repairs\candidate-effects.json
RANDOM,6,20260825,E2,公理缺失,1,True,False,CAND_001,True,False,True,True,1,G:\LearnAI\ontology-evolution\benchmark\repairs\candidate-effects.json
RANDOM,6,20260825,E3,关系对象错误,3,True,False,CAND_002,False,True,False,True,1,G:\LearnAI\ontology-evolution\benchmark\repairs\candidate-effects.json
RANDOM,6,20260825,E4,互斥类别冲突,1,True,False,CAND_001,True,False,True,True,1,G:\LearnAI\ontology-evolution\benchmark\repairs\candidate-effects.json
RANDOM,6,20260825,E5,功能属性值冲突,3,True,False,CAND_001,True,False,True,True,1,G:\LearnAI\ontology-evolution\benchmark\repairs\candidate-effects.json
RANDOM,6,20260825,E6,类层级链路缺失,3,True,False,CAND_003,False,True,False,True,1,G:\LearnAI\ontology-evolution\benchmark\repairs\tbox-candidate-effects.json
RANDOM,6,20260825,E7,错误直接父类,3,True,False,CAND_002,False,True,False,True,1,G:\LearnAI\ontology-evolution\benchmark\repairs\tbox-candidate-effects.json
RANDOM,6,20260825,E8,对象属性值域缺失,3,True,False,CAND_001,True,False,True,True,1,G:\LearnAI\ontology-evolution\benchmark\repairs\tbox-candidate-effects.json
RANDOM,7,20260826,E1,数值漂移,3,True,False,CAND_002,False,True,False,True,1,G:\LearnAI\ontology-evolution\benchmark\repairs\candidate-effects.json
RANDOM,7,20260826,E2,公理缺失,1,True,False,CAND_001,True,False,True,True,1,G:\LearnAI\ontology-evolution\benchmark\repairs\candidate-effects.json
RANDOM,7,20260826,E3,关系对象错误,3,True,False,CAND_003,False,True,False,True,1,G:\LearnAI\ontology-evolution\benchmark\repairs\candidate-effects.json
RANDOM,7,20260826,E4,互斥类别冲突,1,True,False,CAND_001,True,False,True,True,1,G:\LearnAI\ontology-evolution\benchmark\repairs\candidate-effects.json
RANDOM,7,20260826,E5,功能属性值冲突,3,True,False,CAND_002,False,True,False,True,1,G:\LearnAI\ontology-evolution\benchmark\repairs\candidate-effects.json
RANDOM,7,20260826,E6,类层级链路缺失,3,True,False,CAND_002,False,True,False,True,1,G:\LearnAI\ontology-evolution\benchmark\repairs\tbox-candidate-effects.json
RANDOM,7,20260826,E7,错误直接父类,3,True,False,CAND_002,False,True,False,True,1,G:\LearnAI\ontology-evolution\benchmark\repairs\tbox-candidate-effects.json
RANDOM,7,20260826,E8,对象属性值域缺失,3,True,False,CAND_003,False,True,False,True,1,G:\LearnAI\ontology-evolution\benchmark\repairs\tbox-candidate-effects.json
RANDOM,8,20260827,E1,数值漂移,3,True,False,CAND_002,False,True,False,True,1,G:\LearnAI\ontology-evolution\benchmark\repairs\candidate-effects.json
RANDOM,8,20260827,E2,公理缺失,1,True,False,CAND_001,True,False,True,True,1,G:\LearnAI\ontology-evolution\benchmark\repairs\candidate-effects.json
RANDOM,8,20260827,E3,关系对象错误,3,True,False,CAND_001,True,False,True,True,2,G:\LearnAI\ontology-evolution\benchmark\repairs\candidate-effects.json
RANDOM,8,20260827,E4,互斥类别冲突,1,True,False,CAND_001,True,False,True,True,1,G:\LearnAI\ontology-evolution\benchmark\repairs\candidate-effects.json
RANDOM,8,20260827,E5,功能属性值冲突,3,True,False,CAND_002,False,True,False,True,1,G:\LearnAI\ontology-evolution\benchmark\repairs\candidate-effects.json
RANDOM,8,20260827,E6,类层级链路缺失,3,True,False,CAND_002,False,True,False,True,1,G:\LearnAI\ontology-evolution\benchmark\repairs\tbox-candidate-effects.json
RANDOM,8,20260827,E7,错误直接父类,3,True,False,CAND_001,True,False,True,True,2,G:\LearnAI\ontology-evolution\benchmark\repairs\tbox-candidate-effects.json
RANDOM,8,20260827,E8,对象属性值域缺失,3,True,False,CAND_002,False,True,False,True,1,G:\LearnAI\ontology-evolution\benchmark\repairs\tbox-candidate-effects.json
RANDOM,9,20260828,E1,数值漂移,3,True,False,CAND_001,True,False,True,True,2,G:\LearnAI\ontology-evolution\benchmark\repairs\candidate-effects.json
RANDOM,9,20260828,E2,公理缺失,1,True,False,CAND_001,True,False,True,True,1,G:\LearnAI\ontology-evolution\benchmark\repairs\candidate-effects.json
RANDOM,9,20260828,E3,关系对象错误,3,True,False,CAND_002,False,True,False,True,1,G:\LearnAI\ontology-evolution\benchmark\repairs\candidate-effects.json
RANDOM,9,20260828,E4,互斥类别冲突,1,True,False,CAND_001,True,False,True,True,1,G:\LearnAI\ontology-evolution\benchmark\repairs\candidate-effects.json
RANDOM,9,20260828,E5,功能属性值冲突,3,True,False,CAND_003,True,False,True,True,1,G:\LearnAI\ontology-evolution\benchmark\repairs\candidate-effects.json
RANDOM,9,20260828,E6,类层级链路缺失,3,True,False,CAND_001,True,False,True,True,1,G:\LearnAI\ontology-evolution\benchmark\repairs\tbox-candidate-effects.json
RANDOM,9,20260828,E7,错误直接父类,3,True,False,CAND_003,False,True,False,True,2,G:\LearnAI\ontology-evolution\benchmark\repairs\tbox-candidate-effects.json
RANDOM,9,20260828,E8,对象属性值域缺失,3,True,False,CAND_001,True,False,True,True,1,G:\LearnAI\ontology-evolution\benchmark\repairs\tbox-candidate-effects.json
RANDOM,10,20260829,E1,数值漂移,3,True,False,CAND_002,False,True,False,True,1,G:\LearnAI\ontology-evolution\benchmark\repairs\candidate-effects.json
RANDOM,10,20260829,E2,公理缺失,1,True,False,CAND_001,True,False,True,True,1,G:\LearnAI\ontology-evolution\benchmark\repairs\candidate-effects.json
RANDOM,10,20260829,E3,关系对象错误,3,True,False,CAND_003,False,True,False,True,1,G:\LearnAI\ontology-evolution\benchmark\repairs\candidate-effects.json
RANDOM,10,20260829,E4,互斥类别冲突,1,True,False,CAND_001,True,False,True,True,1,G:\LearnAI\ontology-evolution\benchmark\repairs\candidate-effects.json
RANDOM,10,20260829,E5,功能属性值冲突,3,True,False,CAND_003,True,False,True,True,1,G:\LearnAI\ontology-evolution\benchmark\repairs\candidate-effects.json
RANDOM,10,20260829,E6,类层级链路缺失,3,True,False,CAND_003,False,True,False,True,1,G:\LearnAI\ontology-evolution\benchmark\repairs\tbox-candidate-effects.json
RANDOM,10,20260829,E7,错误直接父类,3,True,False,CAND_003,False,True,False,True,2,G:\LearnAI\ontology-evolution\benchmark\repairs\tbox-candidate-effects.json
RANDOM,10,20260829,E8,对象属性值域缺失,3,True,False,CAND_001,True,False,True,True,1,G:\LearnAI\ontology-evolution\benchmark\repairs\tbox-candidate-effects.json
RANDOM,11,20260830,E1,数值漂移,3,True,False,CAND_002,False,True,False,True,1,G:\LearnAI\ontology-evolution\benchmark\repairs\candidate-effects.json
RANDOM,11,20260830,E2,公理缺失,1,True,False,CAND_001,True,False,True,True,1,G:\LearnAI\ontology-evolution\benchmark\repairs\candidate-effects.json
RANDOM,11,20260830,E3,关系对象错误,3,True,False,CAND_002,False,True,False,True,1,G:\LearnAI\ontology-evolution\benchmark\repairs\candidate-effects.json
RANDOM,11,20260830,E4,互斥类别冲突,1,True,False,CAND_001,True,False,True,True,1,G:\LearnAI\ontology-evolution\benchmark\repairs\candidate-effects.json
RANDOM,11,20260830,E5,功能属性值冲突,3,True,False,CAND_003,True,False,True,True,1,G:\LearnAI\ontology-evolution\benchmark\repairs\candidate-effects.json
RANDOM,11,20260830,E6,类层级链路缺失,3,True,False,CAND_002,False,True,False,True,1,G:\LearnAI\ontology-evolution\benchmark\repairs\tbox-candidate-effects.json
RANDOM,11,20260830,E7,错误直接父类,3,True,False,CAND_001,True,False,True,True,2,G:\LearnAI\ontology-evolution\benchmark\repairs\tbox-candidate-effects.json
RANDOM,11,20260830,E8,对象属性值域缺失,3,True,False,CAND_003,False,True,False,True,1,G:\LearnAI\ontology-evolution\benchmark\repairs\tbox-candidate-effects.json
RANDOM,12,20260831,E1,数值漂移,3,True,False,CAND_003,False,True,False,True,1,G:\LearnAI\ontology-evolution\benchmark\repairs\candidate-effects.json
RANDOM,12,20260831,E2,公理缺失,1,True,False,CAND_001,True,False,True,True,1,G:\LearnAI\ontology-evolution\benchmark\repairs\candidate-effects.json
RANDOM,12,20260831,E3,关系对象错误,3,True,False,CAND_001,True,False,True,True,2,G:\LearnAI\ontology-evolution\benchmark\repairs\candidate-effects.json
RANDOM,12,20260831,E4,互斥类别冲突,1,True,False,CAND_001,True,False,True,True,1,G:\LearnAI\ontology-evolution\benchmark\repairs\candidate-effects.json
RANDOM,12,20260831,E5,功能属性值冲突,3,True,False,CAND_003,True,False,True,True,1,G:\LearnAI\ontology-evolution\benchmark\repairs\candidate-effects.json
RANDOM,12,20260831,E6,类层级链路缺失,3,True,False,CAND_001,True,False,True,True,1,G:\LearnAI\ontology-evolution\benchmark\repairs\tbox-candidate-effects.json
RANDOM,12,20260831,E7,错误直接父类,3,True,False,CAND_001,True,False,True,True,2,G:\LearnAI\ontology-evolution\benchmark\repairs\tbox-candidate-effects.json
RANDOM,12,20260831,E8,对象属性值域缺失,3,True,False,CAND_002,False,True,False,True,1,G:\LearnAI\ontology-evolution\benchmark\repairs\tbox-candidate-effects.json
RANDOM,13,20260832,E1,数值漂移,3,True,False,CAND_001,True,False,True,True,2,G:\LearnAI\ontology-evolution\benchmark\repairs\candidate-effects.json
RANDOM,13,20260832,E2,公理缺失,1,True,False,CAND_001,True,False,True,True,1,G:\LearnAI\ontology-evolution\benchmark\repairs\candidate-effects.json
RANDOM,13,20260832,E3,关系对象错误,3,True,False,CAND_003,False,True,False,True,1,G:\LearnAI\ontology-evolution\benchmark\repairs\candidate-effects.json
RANDOM,13,20260832,E4,互斥类别冲突,1,True,False,CAND_001,True,False,True,True,1,G:\LearnAI\ontology-evolution\benchmark\repairs\candidate-effects.json
RANDOM,13,20260832,E5,功能属性值冲突,3,True,False,CAND_001,True,False,True,True,1,G:\LearnAI\ontology-evolution\benchmark\repairs\candidate-effects.json
RANDOM,13,20260832,E6,类层级链路缺失,3,True,False,CAND_003,False,True,False,True,1,G:\LearnAI\ontology-evolution\benchmark\repairs\tbox-candidate-effects.json
RANDOM,13,20260832,E7,错误直接父类,3,True,False,CAND_001,True,False,True,True,2,G:\LearnAI\ontology-evolution\benchmark\repairs\tbox-candidate-effects.json
RANDOM,13,20260832,E8,对象属性值域缺失,3,True,False,CAND_001,True,False,True,True,1,G:\LearnAI\ontology-evolution\benchmark\repairs\tbox-candidate-effects.json
RANDOM,14,20260833,E1,数值漂移,3,True,False,CAND_003,False,True,False,True,1,G:\LearnAI\ontology-evolution\benchmark\repairs\candidate-effects.json
RANDOM,14,20260833,E2,公理缺失,1,True,False,CAND_001,True,False,True,True,1,G:\LearnAI\ontology-evolution\benchmark\repairs\candidate-effects.json
RANDOM,14,20260833,E3,关系对象错误,3,True,False,CAND_003,False,True,False,True,1,G:\LearnAI\ontology-evolution\benchmark\repairs\candidate-effects.json
RANDOM,14,20260833,E4,互斥类别冲突,1,True,False,CAND_001,True,False,True,True,1,G:\LearnAI\ontology-evolution\benchmark\repairs\candidate-effects.json
RANDOM,14,20260833,E5,功能属性值冲突,3,True,False,CAND_003,True,False,True,True,1,G:\LearnAI\ontology-evolution\benchmark\repairs\candidate-effects.json
RANDOM,14,20260833,E6,类层级链路缺失,3,True,False,CAND_001,True,False,True,True,1,G:\LearnAI\ontology-evolution\benchmark\repairs\tbox-candidate-effects.json
RANDOM,14,20260833,E7,错误直接父类,3,True,False,CAND_001,True,False,True,True,2,G:\LearnAI\ontology-evolution\benchmark\repairs\tbox-candidate-effects.json
RANDOM,14,20260833,E8,对象属性值域缺失,3,True,False,CAND_002,False,True,False,True,1,G:\LearnAI\ontology-evolution\benchmark\repairs\tbox-candidate-effects.json
RANDOM,15,20260834,E1,数值漂移,3,True,False,CAND_001,True,False,True,True,2,G:\LearnAI\ontology-evolution\benchmark\repairs\candidate-effects.json
RANDOM,15,20260834,E2,公理缺失,1,True,False,CAND_001,True,False,True,True,1,G:\LearnAI\ontology-evolution\benchmark\repairs\candidate-effects.json
RANDOM,15,20260834,E3,关系对象错误,3,True,False,CAND_003,False,True,False,True,1,G:\LearnAI\ontology-evolution\benchmark\repairs\candidate-effects.json
RANDOM,15,20260834,E4,互斥类别冲突,1,True,False,CAND_001,True,False,True,True,1,G:\LearnAI\ontology-evolution\benchmark\repairs\candidate-effects.json
RANDOM,15,20260834,E5,功能属性值冲突,3,True,False,CAND_003,True,False,True,True,1,G:\LearnAI\ontology-evolution\benchmark\repairs\candidate-effects.json
RANDOM,15,20260834,E6,类层级链路缺失,3,True,False,CAND_001,True,False,True,True,1,G:\LearnAI\ontology-evolution\benchmark\repairs\tbox-candidate-effects.json
RANDOM,15,20260834,E7,错误直接父类,3,True,False,CAND_002,False,True,False,True,1,G:\LearnAI\ontology-evolution\benchmark\repairs\tbox-candidate-effects.json
RANDOM,15,20260834,E8,对象属性值域缺失,3,True,False,CAND_001,True,False,True,True,1,G:\LearnAI\ontology-evolution\benchmark\repairs\tbox-candidate-effects.json
RANDOM,16,20260835,E1,数值漂移,3,True,False,CAND_002,False,True,False,True,1,G:\LearnAI\ontology-evolution\benchmark\repairs\candidate-effects.json
RANDOM,16,20260835,E2,公理缺失,1,True,False,CAND_001,True,False,True,True,1,G:\LearnAI\ontology-evolution\benchmark\repairs\candidate-effects.json
RANDOM,16,20260835,E3,关系对象错误,3,True,False,CAND_002,False,True,False,True,1,G:\LearnAI\ontology-evolution\benchmark\repairs\candidate-effects.json
RANDOM,16,20260835,E4,互斥类别冲突,1,True,False,CAND_001,True,False,True,True,1,G:\LearnAI\ontology-evolution\benchmark\repairs\candidate-effects.json
RANDOM,16,20260835,E5,功能属性值冲突,3,True,False,CAND_003,True,False,True,True,1,G:\LearnAI\ontology-evolution\benchmark\repairs\candidate-effects.json
RANDOM,16,20260835,E6,类层级链路缺失,3,True,False,CAND_001,True,False,True,True,1,G:\LearnAI\ontology-evolution\benchmark\repairs\tbox-candidate-effects.json
RANDOM,16,20260835,E7,错误直接父类,3,True,False,CAND_001,True,False,True,True,2,G:\LearnAI\ontology-evolution\benchmark\repairs\tbox-candidate-effects.json
RANDOM,16,20260835,E8,对象属性值域缺失,3,True,False,CAND_003,False,True,False,True,1,G:\LearnAI\ontology-evolution\benchmark\repairs\tbox-candidate-effects.json
RANDOM,17,20260836,E1,数值漂移,3,True,False,CAND_002,False,True,False,True,1,G:\LearnAI\ontology-evolution\benchmark\repairs\candidate-effects.json
RANDOM,17,20260836,E2,公理缺失,1,True,False,CAND_001,True,False,True,True,1,G:\LearnAI\ontology-evolution\benchmark\repairs\candidate-effects.json
RANDOM,17,20260836,E3,关系对象错误,3,True,False,CAND_003,False,True,False,True,1,G:\LearnAI\ontology-evolution\benchmark\repairs\candidate-effects.json
RANDOM,17,20260836,E4,互斥类别冲突,1,True,False,CAND_001,True,False,True,True,1,G:\LearnAI\ontology-evolution\benchmark\repairs\candidate-effects.json
RANDOM,17,20260836,E5,功能属性值冲突,3,True,False,CAND_002,False,True,False,True,1,G:\LearnAI\ontology-evolution\benchmark\repairs\candidate-effects.json
RANDOM,17,20260836,E6,类层级链路缺失,3,True,False,CAND_003,False,True,False,True,1,G:\LearnAI\ontology-evolution\benchmark\repairs\tbox-candidate-effects.json
RANDOM,17,20260836,E7,错误直接父类,3,True,False,CAND_001,True,False,True,True,2,G:\LearnAI\ontology-evolution\benchmark\repairs\tbox-candidate-effects.json
RANDOM,17,20260836,E8,对象属性值域缺失,3,True,False,CAND_002,False,True,False,True,1,G:\LearnAI\ontology-evolution\benchmark\repairs\tbox-candidate-effects.json
RANDOM,18,20260837,E1,数值漂移,3,True,False,CAND_003,False,True,False,True,1,G:\LearnAI\ontology-evolution\benchmark\repairs\candidate-effects.json
RANDOM,18,20260837,E2,公理缺失,1,True,False,CAND_001,True,False,True,True,1,G:\LearnAI\ontology-evolution\benchmark\repairs\candidate-effects.json
RANDOM,18,20260837,E3,关系对象错误,3,True,False,CAND_001,True,False,True,True,2,G:\LearnAI\ontology-evolution\benchmark\repairs\candidate-effects.json
RANDOM,18,20260837,E4,互斥类别冲突,1,True,False,CAND_001,True,False,True,True,1,G:\LearnAI\ontology-evolution\benchmark\repairs\candidate-effects.json
RANDOM,18,20260837,E5,功能属性值冲突,3,True,False,CAND_003,True,False,True,True,1,G:\LearnAI\ontology-evolution\benchmark\repairs\candidate-effects.json
RANDOM,18,20260837,E6,类层级链路缺失,3,True,False,CAND_003,False,True,False,True,1,G:\LearnAI\ontology-evolution\benchmark\repairs\tbox-candidate-effects.json
RANDOM,18,20260837,E7,错误直接父类,3,True,False,CAND_001,True,False,True,True,2,G:\LearnAI\ontology-evolution\benchmark\repairs\tbox-candidate-effects.json
RANDOM,18,20260837,E8,对象属性值域缺失,3,True,False,CAND_002,False,True,False,True,1,G:\LearnAI\ontology-evolution\benchmark\repairs\tbox-candidate-effects.json
RANDOM,19,20260838,E1,数值漂移,3,True,False,CAND_001,True,False,True,True,2,G:\LearnAI\ontology-evolution\benchmark\repairs\candidate-effects.json
RANDOM,19,20260838,E2,公理缺失,1,True,False,CAND_001,True,False,True,True,1,G:\LearnAI\ontology-evolution\benchmark\repairs\candidate-effects.json
RANDOM,19,20260838,E3,关系对象错误,3,True,False,CAND_003,False,True,False,True,1,G:\LearnAI\ontology-evolution\benchmark\repairs\candidate-effects.json
RANDOM,19,20260838,E4,互斥类别冲突,1,True,False,CAND_001,True,False,True,True,1,G:\LearnAI\ontology-evolution\benchmark\repairs\candidate-effects.json
RANDOM,19,20260838,E5,功能属性值冲突,3,True,False,CAND_003,True,False,True,True,1,G:\LearnAI\ontology-evolution\benchmark\repairs\candidate-effects.json
RANDOM,19,20260838,E6,类层级链路缺失,3,True,False,CAND_002,False,True,False,True,1,G:\LearnAI\ontology-evolution\benchmark\repairs\tbox-candidate-effects.json
RANDOM,19,20260838,E7,错误直接父类,3,True,False,CAND_003,False,True,False,True,2,G:\LearnAI\ontology-evolution\benchmark\repairs\tbox-candidate-effects.json
RANDOM,19,20260838,E8,对象属性值域缺失,3,True,False,CAND_002,False,True,False,True,1,G:\LearnAI\ontology-evolution\benchmark\repairs\tbox-candidate-effects.json
RANDOM,20,20260839,E1,数值漂移,3,True,False,CAND_002,False,True,False,True,1,G:\LearnAI\ontology-evolution\benchmark\repairs\candidate-effects.json
RANDOM,20,20260839,E2,公理缺失,1,True,False,CAND_001,True,False,True,True,1,G:\LearnAI\ontology-evolution\benchmark\repairs\candidate-effects.json
RANDOM,20,20260839,E3,关系对象错误,3,True,False,CAND_002,False,True,False,True,1,G:\LearnAI\ontology-evolution\benchmark\repairs\candidate-effects.json
RANDOM,20,20260839,E4,互斥类别冲突,1,True,False,CAND_001,True,False,True,True,1,G:\LearnAI\ontology-evolution\benchmark\repairs\candidate-effects.json
RANDOM,20,20260839,E5,功能属性值冲突,3,True,False,CAND_002,False,True,False,True,1,G:\LearnAI\ontology-evolution\benchmark\repairs\candidate-effects.json
RANDOM,20,20260839,E6,类层级链路缺失,3,True,False,CAND_002,False,True,False,True,1,G:\LearnAI\ontology-evolution\benchmark\repairs\tbox-candidate-effects.json
RANDOM,20,20260839,E7,错误直接父类,3,True,False,CAND_001,True,False,True,True,2,G:\LearnAI\ontology-evolution\benchmark\repairs\tbox-candidate-effects.json
RANDOM,20,20260839,E8,对象属性值域缺失,3,True,False,CAND_003,False,True,False,True,1,G:\LearnAI\ontology-evolution\benchmark\repairs\tbox-candidate-effects.json
RANDOM,21,20260840,E1,数值漂移,3,True,False,CAND_001,True,False,True,True,2,G:\LearnAI\ontology-evolution\benchmark\repairs\candidate-effects.json
RANDOM,21,20260840,E2,公理缺失,1,True,False,CAND_001,True,False,True,True,1,G:\LearnAI\ontology-evolution\benchmark\repairs\candidate-effects.json
RANDOM,21,20260840,E3,关系对象错误,3,True,False,CAND_002,False,True,False,True,1,G:\LearnAI\ontology-evolution\benchmark\repairs\candidate-effects.json
RANDOM,21,20260840,E4,互斥类别冲突,1,True,False,CAND_001,True,False,True,True,1,G:\LearnAI\ontology-evolution\benchmark\repairs\candidate-effects.json
RANDOM,21,20260840,E5,功能属性值冲突,3,True,False,CAND_001,True,False,True,True,1,G:\LearnAI\ontology-evolution\benchmark\repairs\candidate-effects.json
RANDOM,21,20260840,E6,类层级链路缺失,3,True,False,CAND_002,False,True,False,True,1,G:\LearnAI\ontology-evolution\benchmark\repairs\tbox-candidate-effects.json
RANDOM,21,20260840,E7,错误直接父类,3,True,False,CAND_002,False,True,False,True,1,G:\LearnAI\ontology-evolution\benchmark\repairs\tbox-candidate-effects.json
RANDOM,21,20260840,E8,对象属性值域缺失,3,True,False,CAND_001,True,False,True,True,1,G:\LearnAI\ontology-evolution\benchmark\repairs\tbox-candidate-effects.json
RANDOM,22,20260841,E1,数值漂移,3,True,False,CAND_002,False,True,False,True,1,G:\LearnAI\ontology-evolution\benchmark\repairs\candidate-effects.json
RANDOM,22,20260841,E2,公理缺失,1,True,False,CAND_001,True,False,True,True,1,G:\LearnAI\ontology-evolution\benchmark\repairs\candidate-effects.json
RANDOM,22,20260841,E3,关系对象错误,3,True,False,CAND_002,False,True,False,True,1,G:\LearnAI\ontology-evolution\benchmark\repairs\candidate-effects.json
RANDOM,22,20260841,E4,互斥类别冲突,1,True,False,CAND_001,True,False,True,True,1,G:\LearnAI\ontology-evolution\benchmark\repairs\candidate-effects.json
RANDOM,22,20260841,E5,功能属性值冲突,3,True,False,CAND_001,True,False,True,True,1,G:\LearnAI\ontology-evolution\benchmark\repairs\candidate-effects.json
RANDOM,22,20260841,E6,类层级链路缺失,3,True,False,CAND_002,False,True,False,True,1,G:\LearnAI\ontology-evolution\benchmark\repairs\tbox-candidate-effects.json
RANDOM,22,20260841,E7,错误直接父类,3,True,False,CAND_003,False,True,False,True,2,G:\LearnAI\ontology-evolution\benchmark\repairs\tbox-candidate-effects.json
RANDOM,22,20260841,E8,对象属性值域缺失,3,True,False,CAND_003,False,True,False,True,1,G:\LearnAI\ontology-evolution\benchmark\repairs\tbox-candidate-effects.json
RANDOM,23,20260842,E1,数值漂移,3,True,False,CAND_003,False,True,False,True,1,G:\LearnAI\ontology-evolution\benchmark\repairs\candidate-effects.json
RANDOM,23,20260842,E2,公理缺失,1,True,False,CAND_001,True,False,True,True,1,G:\LearnAI\ontology-evolution\benchmark\repairs\candidate-effects.json
RANDOM,23,20260842,E3,关系对象错误,3,True,False,CAND_002,False,True,False,True,1,G:\LearnAI\ontology-evolution\benchmark\repairs\candidate-effects.json
RANDOM,23,20260842,E4,互斥类别冲突,1,True,False,CAND_001,True,False,True,True,1,G:\LearnAI\ontology-evolution\benchmark\repairs\candidate-effects.json
RANDOM,23,20260842,E5,功能属性值冲突,3,True,False,CAND_002,False,True,False,True,1,G:\LearnAI\ontology-evolution\benchmark\repairs\candidate-effects.json
RANDOM,23,20260842,E6,类层级链路缺失,3,True,False,CAND_001,True,False,True,True,1,G:\LearnAI\ontology-evolution\benchmark\repairs\tbox-candidate-effects.json
RANDOM,23,20260842,E7,错误直接父类,3,True,False,CAND_001,True,False,True,True,2,G:\LearnAI\ontology-evolution\benchmark\repairs\tbox-candidate-effects.json
RANDOM,23,20260842,E8,对象属性值域缺失,3,True,False,CAND_003,False,True,False,True,1,G:\LearnAI\ontology-evolution\benchmark\repairs\tbox-candidate-effects.json
RANDOM,24,20260843,E1,数值漂移,3,True,False,CAND_002,False,True,False,True,1,G:\LearnAI\ontology-evolution\benchmark\repairs\candidate-effects.json
RANDOM,24,20260843,E2,公理缺失,1,True,False,CAND_001,True,False,True,True,1,G:\LearnAI\ontology-evolution\benchmark\repairs\candidate-effects.json
RANDOM,24,20260843,E3,关系对象错误,3,True,False,CAND_001,True,False,True,True,2,G:\LearnAI\ontology-evolution\benchmark\repairs\candidate-effects.json
RANDOM,24,20260843,E4,互斥类别冲突,1,True,False,CAND_001,True,False,True,True,1,G:\LearnAI\ontology-evolution\benchmark\repairs\candidate-effects.json
RANDOM,24,20260843,E5,功能属性值冲突,3,True,False,CAND_002,False,True,False,True,1,G:\LearnAI\ontology-evolution\benchmark\repairs\candidate-effects.json
RANDOM,24,20260843,E6,类层级链路缺失,3,True,False,CAND_001,True,False,True,True,1,G:\LearnAI\ontology-evolution\benchmark\repairs\tbox-candidate-effects.json
RANDOM,24,20260843,E7,错误直接父类,3,True,False,CAND_003,False,True,False,True,2,G:\LearnAI\ontology-evolution\benchmark\repairs\tbox-candidate-effects.json
RANDOM,24,20260843,E8,对象属性值域缺失,3,True,False,CAND_002,False,True,False,True,1,G:\LearnAI\ontology-evolution\benchmark\repairs\tbox-candidate-effects.json
RANDOM,25,20260844,E1,数值漂移,3,True,False,CAND_002,False,True,False,True,1,G:\LearnAI\ontology-evolution\benchmark\repairs\candidate-effects.json
RANDOM,25,20260844,E2,公理缺失,1,True,False,CAND_001,True,False,True,True,1,G:\LearnAI\ontology-evolution\benchmark\repairs\candidate-effects.json
RANDOM,25,20260844,E3,关系对象错误,3,True,False,CAND_001,True,False,True,True,2,G:\LearnAI\ontology-evolution\benchmark\repairs\candidate-effects.json
RANDOM,25,20260844,E4,互斥类别冲突,1,True,False,CAND_001,True,False,True,True,1,G:\LearnAI\ontology-evolution\benchmark\repairs\candidate-effects.json
RANDOM,25,20260844,E5,功能属性值冲突,3,True,False,CAND_002,False,True,False,True,1,G:\LearnAI\ontology-evolution\benchmark\repairs\candidate-effects.json
RANDOM,25,20260844,E6,类层级链路缺失,3,True,False,CAND_003,False,True,False,True,1,G:\LearnAI\ontology-evolution\benchmark\repairs\tbox-candidate-effects.json
RANDOM,25,20260844,E7,错误直接父类,3,True,False,CAND_003,False,True,False,True,2,G:\LearnAI\ontology-evolution\benchmark\repairs\tbox-candidate-effects.json
RANDOM,25,20260844,E8,对象属性值域缺失,3,True,False,CAND_001,True,False,True,True,1,G:\LearnAI\ontology-evolution\benchmark\repairs\tbox-candidate-effects.json
RANDOM,26,20260845,E1,数值漂移,3,True,False,CAND_001,True,False,True,True,2,G:\LearnAI\ontology-evolution\benchmark\repairs\candidate-effects.json
RANDOM,26,20260845,E2,公理缺失,1,True,False,CAND_001,True,False,True,True,1,G:\LearnAI\ontology-evolution\benchmark\repairs\candidate-effects.json
RANDOM,26,20260845,E3,关系对象错误,3,True,False,CAND_002,False,True,False,True,1,G:\LearnAI\ontology-evolution\benchmark\repairs\candidate-effects.json
RANDOM,26,20260845,E4,互斥类别冲突,1,True,False,CAND_001,True,False,True,True,1,G:\LearnAI\ontology-evolution\benchmark\repairs\candidate-effects.json
RANDOM,26,20260845,E5,功能属性值冲突,3,True,False,CAND_002,False,True,False,True,1,G:\LearnAI\ontology-evolution\benchmark\repairs\candidate-effects.json
RANDOM,26,20260845,E6,类层级链路缺失,3,True,False,CAND_002,False,True,False,True,1,G:\LearnAI\ontology-evolution\benchmark\repairs\tbox-candidate-effects.json
RANDOM,26,20260845,E7,错误直接父类,3,True,False,CAND_002,False,True,False,True,1,G:\LearnAI\ontology-evolution\benchmark\repairs\tbox-candidate-effects.json
RANDOM,26,20260845,E8,对象属性值域缺失,3,True,False,CAND_002,False,True,False,True,1,G:\LearnAI\ontology-evolution\benchmark\repairs\tbox-candidate-effects.json
RANDOM,27,20260846,E1,数值漂移,3,True,False,CAND_002,False,True,False,True,1,G:\LearnAI\ontology-evolution\benchmark\repairs\candidate-effects.json
RANDOM,27,20260846,E2,公理缺失,1,True,False,CAND_001,True,False,True,True,1,G:\LearnAI\ontology-evolution\benchmark\repairs\candidate-effects.json
RANDOM,27,20260846,E3,关系对象错误,3,True,False,CAND_001,True,False,True,True,2,G:\LearnAI\ontology-evolution\benchmark\repairs\candidate-effects.json
RANDOM,27,20260846,E4,互斥类别冲突,1,True,False,CAND_001,True,False,True,True,1,G:\LearnAI\ontology-evolution\benchmark\repairs\candidate-effects.json
RANDOM,27,20260846,E5,功能属性值冲突,3,True,False,CAND_003,True,False,True,True,1,G:\LearnAI\ontology-evolution\benchmark\repairs\candidate-effects.json
RANDOM,27,20260846,E6,类层级链路缺失,3,True,False,CAND_003,False,True,False,True,1,G:\LearnAI\ontology-evolution\benchmark\repairs\tbox-candidate-effects.json
RANDOM,27,20260846,E7,错误直接父类,3,True,False,CAND_001,True,False,True,True,2,G:\LearnAI\ontology-evolution\benchmark\repairs\tbox-candidate-effects.json
RANDOM,27,20260846,E8,对象属性值域缺失,3,True,False,CAND_003,False,True,False,True,1,G:\LearnAI\ontology-evolution\benchmark\repairs\tbox-candidate-effects.json
RANDOM,28,20260847,E1,数值漂移,3,True,False,CAND_002,False,True,False,True,1,G:\LearnAI\ontology-evolution\benchmark\repairs\candidate-effects.json
RANDOM,28,20260847,E2,公理缺失,1,True,False,CAND_001,True,False,True,True,1,G:\LearnAI\ontology-evolution\benchmark\repairs\candidate-effects.json
RANDOM,28,20260847,E3,关系对象错误,3,True,False,CAND_001,True,False,True,True,2,G:\LearnAI\ontology-evolution\benchmark\repairs\candidate-effects.json
RANDOM,28,20260847,E4,互斥类别冲突,1,True,False,CAND_001,True,False,True,True,1,G:\LearnAI\ontology-evolution\benchmark\repairs\candidate-effects.json
RANDOM,28,20260847,E5,功能属性值冲突,3,True,False,CAND_003,True,False,True,True,1,G:\LearnAI\ontology-evolution\benchmark\repairs\candidate-effects.json
RANDOM,28,20260847,E6,类层级链路缺失,3,True,False,CAND_003,False,True,False,True,1,G:\LearnAI\ontology-evolution\benchmark\repairs\tbox-candidate-effects.json
RANDOM,28,20260847,E7,错误直接父类,3,True,False,CAND_001,True,False,True,True,2,G:\LearnAI\ontology-evolution\benchmark\repairs\tbox-candidate-effects.json
RANDOM,28,20260847,E8,对象属性值域缺失,3,True,False,CAND_003,False,True,False,True,1,G:\LearnAI\ontology-evolution\benchmark\repairs\tbox-candidate-effects.json
RANDOM,29,20260848,E1,数值漂移,3,True,False,CAND_001,True,False,True,True,2,G:\LearnAI\ontology-evolution\benchmark\repairs\candidate-effects.json
RANDOM,29,20260848,E2,公理缺失,1,True,False,CAND_001,True,False,True,True,1,G:\LearnAI\ontology-evolution\benchmark\repairs\candidate-effects.json
RANDOM,29,20260848,E3,关系对象错误,3,True,False,CAND_003,False,True,False,True,1,G:\LearnAI\ontology-evolution\benchmark\repairs\candidate-effects.json
RANDOM,29,20260848,E4,互斥类别冲突,1,True,False,CAND_001,True,False,True,True,1,G:\LearnAI\ontology-evolution\benchmark\repairs\candidate-effects.json
RANDOM,29,20260848,E5,功能属性值冲突,3,True,False,CAND_001,True,False,True,True,1,G:\LearnAI\ontology-evolution\benchmark\repairs\candidate-effects.json
RANDOM,29,20260848,E6,类层级链路缺失,3,True,False,CAND_003,False,True,False,True,1,G:\LearnAI\ontology-evolution\benchmark\repairs\tbox-candidate-effects.json
RANDOM,29,20260848,E7,错误直接父类,3,True,False,CAND_001,True,False,True,True,2,G:\LearnAI\ontology-evolution\benchmark\repairs\tbox-candidate-effects.json
RANDOM,29,20260848,E8,对象属性值域缺失,3,True,False,CAND_002,False,True,False,True,1,G:\LearnAI\ontology-evolution\benchmark\repairs\tbox-candidate-effects.json
RANDOM,30,20260849,E1,数值漂移,3,True,False,CAND_002,False,True,False,True,1,G:\LearnAI\ontology-evolution\benchmark\repairs\candidate-effects.json
RANDOM,30,20260849,E2,公理缺失,1,True,False,CAND_001,True,False,True,True,1,G:\LearnAI\ontology-evolution\benchmark\repairs\candidate-effects.json
RANDOM,30,20260849,E3,关系对象错误,3,True,False,CAND_001,True,False,True,True,2,G:\LearnAI\ontology-evolution\benchmark\repairs\candidate-effects.json
RANDOM,30,20260849,E4,互斥类别冲突,1,True,False,CAND_001,True,False,True,True,1,G:\LearnAI\ontology-evolution\benchmark\repairs\candidate-effects.json
RANDOM,30,20260849,E5,功能属性值冲突,3,True,False,CAND_001,True,False,True,True,1,G:\LearnAI\ontology-evolution\benchmark\repairs\candidate-effects.json
RANDOM,30,20260849,E6,类层级链路缺失,3,True,False,CAND_003,False,True,False,True,1,G:\LearnAI\ontology-evolution\benchmark\repairs\tbox-candidate-effects.json
RANDOM,30,20260849,E7,错误直接父类,3,True,False,CAND_003,False,True,False,True,2,G:\LearnAI\ontology-evolution\benchmark\repairs\tbox-candidate-effects.json
RANDOM,30,20260849,E8,对象属性值域缺失,3,True,False,CAND_002,False,True,False,True,1,G:\LearnAI\ontology-evolution\benchmark\repairs\tbox-candidate-effects.json
RANDOM,31,20260850,E1,数值漂移,3,True,False,CAND_002,False,True,False,True,1,G:\LearnAI\ontology-evolution\benchmark\repairs\candidate-effects.json
RANDOM,31,20260850,E2,公理缺失,1,True,False,CAND_001,True,False,True,True,1,G:\LearnAI\ontology-evolution\benchmark\repairs\candidate-effects.json
RANDOM,31,20260850,E3,关系对象错误,3,True,False,CAND_003,False,True,False,True,1,G:\LearnAI\ontology-evolution\benchmark\repairs\candidate-effects.json
RANDOM,31,20260850,E4,互斥类别冲突,1,True,False,CAND_001,True,False,True,True,1,G:\LearnAI\ontology-evolution\benchmark\repairs\candidate-effects.json
RANDOM,31,20260850,E5,功能属性值冲突,3,True,False,CAND_003,True,False,True,True,1,G:\LearnAI\ontology-evolution\benchmark\repairs\candidate-effects.json
RANDOM,31,20260850,E6,类层级链路缺失,3,True,False,CAND_003,False,True,False,True,1,G:\LearnAI\ontology-evolution\benchmark\repairs\tbox-candidate-effects.json
RANDOM,31,20260850,E7,错误直接父类,3,True,False,CAND_003,False,True,False,True,2,G:\LearnAI\ontology-evolution\benchmark\repairs\tbox-candidate-effects.json
RANDOM,31,20260850,E8,对象属性值域缺失,3,True,False,CAND_003,False,True,False,True,1,G:\LearnAI\ontology-evolution\benchmark\repairs\tbox-candidate-effects.json
RANDOM,32,20260851,E1,数值漂移,3,True,False,CAND_001,True,False,True,True,2,G:\LearnAI\ontology-evolution\benchmark\repairs\candidate-effects.json
RANDOM,32,20260851,E2,公理缺失,1,True,False,CAND_001,True,False,True,True,1,G:\LearnAI\ontology-evolution\benchmark\repairs\candidate-effects.json
RANDOM,32,20260851,E3,关系对象错误,3,True,False,CAND_002,False,True,False,True,1,G:\LearnAI\ontology-evolution\benchmark\repairs\candidate-effects.json
RANDOM,32,20260851,E4,互斥类别冲突,1,True,False,CAND_001,True,False,True,True,1,G:\LearnAI\ontology-evolution\benchmark\repairs\candidate-effects.json
RANDOM,32,20260851,E5,功能属性值冲突,3,True,False,CAND_002,False,True,False,True,1,G:\LearnAI\ontology-evolution\benchmark\repairs\candidate-effects.json
RANDOM,32,20260851,E6,类层级链路缺失,3,True,False,CAND_002,False,True,False,True,1,G:\LearnAI\ontology-evolution\benchmark\repairs\tbox-candidate-effects.json
RANDOM,32,20260851,E7,错误直接父类,3,True,False,CAND_001,True,False,True,True,2,G:\LearnAI\ontology-evolution\benchmark\repairs\tbox-candidate-effects.json
RANDOM,32,20260851,E8,对象属性值域缺失,3,True,False,CAND_001,True,False,True,True,1,G:\LearnAI\ontology-evolution\benchmark\repairs\tbox-candidate-effects.json
RANDOM,33,20260852,E1,数值漂移,3,True,False,CAND_001,True,False,True,True,2,G:\LearnAI\ontology-evolution\benchmark\repairs\candidate-effects.json
RANDOM,33,20260852,E2,公理缺失,1,True,False,CAND_001,True,False,True,True,1,G:\LearnAI\ontology-evolution\benchmark\repairs\candidate-effects.json
RANDOM,33,20260852,E3,关系对象错误,3,True,False,CAND_003,False,True,False,True,1,G:\LearnAI\ontology-evolution\benchmark\repairs\candidate-effects.json
RANDOM,33,20260852,E4,互斥类别冲突,1,True,False,CAND_001,True,False,True,True,1,G:\LearnAI\ontology-evolution\benchmark\repairs\candidate-effects.json
RANDOM,33,20260852,E5,功能属性值冲突,3,True,False,CAND_002,False,True,False,True,1,G:\LearnAI\ontology-evolution\benchmark\repairs\candidate-effects.json
RANDOM,33,20260852,E6,类层级链路缺失,3,True,False,CAND_002,False,True,False,True,1,G:\LearnAI\ontology-evolution\benchmark\repairs\tbox-candidate-effects.json
RANDOM,33,20260852,E7,错误直接父类,3,True,False,CAND_002,False,True,False,True,1,G:\LearnAI\ontology-evolution\benchmark\repairs\tbox-candidate-effects.json
RANDOM,33,20260852,E8,对象属性值域缺失,3,True,False,CAND_001,True,False,True,True,1,G:\LearnAI\ontology-evolution\benchmark\repairs\tbox-candidate-effects.json
RANDOM,34,20260853,E1,数值漂移,3,True,False,CAND_003,False,True,False,True,1,G:\LearnAI\ontology-evolution\benchmark\repairs\candidate-effects.json
RANDOM,34,20260853,E2,公理缺失,1,True,False,CAND_001,True,False,True,True,1,G:\LearnAI\ontology-evolution\benchmark\repairs\candidate-effects.json
RANDOM,34,20260853,E3,关系对象错误,3,True,False,CAND_001,True,False,True,True,2,G:\LearnAI\ontology-evolution\benchmark\repairs\candidate-effects.json
RANDOM,34,20260853,E4,互斥类别冲突,1,True,False,CAND_001,True,False,True,True,1,G:\LearnAI\ontology-evolution\benchmark\repairs\candidate-effects.json
RANDOM,34,20260853,E5,功能属性值冲突,3,True,False,CAND_002,False,True,False,True,1,G:\LearnAI\ontology-evolution\benchmark\repairs\candidate-effects.json
RANDOM,34,20260853,E6,类层级链路缺失,3,True,False,CAND_001,True,False,True,True,1,G:\LearnAI\ontology-evolution\benchmark\repairs\tbox-candidate-effects.json
RANDOM,34,20260853,E7,错误直接父类,3,True,False,CAND_002,False,True,False,True,1,G:\LearnAI\ontology-evolution\benchmark\repairs\tbox-candidate-effects.json
RANDOM,34,20260853,E8,对象属性值域缺失,3,True,False,CAND_001,True,False,True,True,1,G:\LearnAI\ontology-evolution\benchmark\repairs\tbox-candidate-effects.json
RANDOM,35,20260854,E1,数值漂移,3,True,False,CAND_001,True,False,True,True,2,G:\LearnAI\ontology-evolution\benchmark\repairs\candidate-effects.json
RANDOM,35,20260854,E2,公理缺失,1,True,False,CAND_001,True,False,True,True,1,G:\LearnAI\ontology-evolution\benchmark\repairs\candidate-effects.json
RANDOM,35,20260854,E3,关系对象错误,3,True,False,CAND_003,False,True,False,True,1,G:\LearnAI\ontology-evolution\benchmark\repairs\candidate-effects.json
RANDOM,35,20260854,E4,互斥类别冲突,1,True,False,CAND_001,True,False,True,True,1,G:\LearnAI\ontology-evolution\benchmark\repairs\candidate-effects.json
RANDOM,35,20260854,E5,功能属性值冲突,3,True,False,CAND_003,True,False,True,True,1,G:\LearnAI\ontology-evolution\benchmark\repairs\candidate-effects.json
RANDOM,35,20260854,E6,类层级链路缺失,3,True,False,CAND_002,False,True,False,True,1,G:\LearnAI\ontology-evolution\benchmark\repairs\tbox-candidate-effects.json
RANDOM,35,20260854,E7,错误直接父类,3,True,False,CAND_003,False,True,False,True,2,G:\LearnAI\ontology-evolution\benchmark\repairs\tbox-candidate-effects.json
RANDOM,35,20260854,E8,对象属性值域缺失,3,True,False,CAND_001,True,False,True,True,1,G:\LearnAI\ontology-evolution\benchmark\repairs\tbox-candidate-effects.json
RANDOM,36,20260855,E1,数值漂移,3,True,False,CAND_003,False,True,False,True,1,G:\LearnAI\ontology-evolution\benchmark\repairs\candidate-effects.json
RANDOM,36,20260855,E2,公理缺失,1,True,False,CAND_001,True,False,True,True,1,G:\LearnAI\ontology-evolution\benchmark\repairs\candidate-effects.json
RANDOM,36,20260855,E3,关系对象错误,3,True,False,CAND_003,False,True,False,True,1,G:\LearnAI\ontology-evolution\benchmark\repairs\candidate-effects.json
RANDOM,36,20260855,E4,互斥类别冲突,1,True,False,CAND_001,True,False,True,True,1,G:\LearnAI\ontology-evolution\benchmark\repairs\candidate-effects.json
RANDOM,36,20260855,E5,功能属性值冲突,3,True,False,CAND_001,True,False,True,True,1,G:\LearnAI\ontology-evolution\benchmark\repairs\candidate-effects.json
RANDOM,36,20260855,E6,类层级链路缺失,3,True,False,CAND_002,False,True,False,True,1,G:\LearnAI\ontology-evolution\benchmark\repairs\tbox-candidate-effects.json
RANDOM,36,20260855,E7,错误直接父类,3,True,False,CAND_002,False,True,False,True,1,G:\LearnAI\ontology-evolution\benchmark\repairs\tbox-candidate-effects.json
RANDOM,36,20260855,E8,对象属性值域缺失,3,True,False,CAND_001,True,False,True,True,1,G:\LearnAI\ontology-evolution\benchmark\repairs\tbox-candidate-effects.json
RANDOM,37,20260856,E1,数值漂移,3,True,False,CAND_003,False,True,False,True,1,G:\LearnAI\ontology-evolution\benchmark\repairs\candidate-effects.json
RANDOM,37,20260856,E2,公理缺失,1,True,False,CAND_001,True,False,True,True,1,G:\LearnAI\ontology-evolution\benchmark\repairs\candidate-effects.json
RANDOM,37,20260856,E3,关系对象错误,3,True,False,CAND_001,True,False,True,True,2,G:\LearnAI\ontology-evolution\benchmark\repairs\candidate-effects.json
RANDOM,37,20260856,E4,互斥类别冲突,1,True,False,CAND_001,True,False,True,True,1,G:\LearnAI\ontology-evolution\benchmark\repairs\candidate-effects.json
RANDOM,37,20260856,E5,功能属性值冲突,3,True,False,CAND_003,True,False,True,True,1,G:\LearnAI\ontology-evolution\benchmark\repairs\candidate-effects.json
RANDOM,37,20260856,E6,类层级链路缺失,3,True,False,CAND_003,False,True,False,True,1,G:\LearnAI\ontology-evolution\benchmark\repairs\tbox-candidate-effects.json
RANDOM,37,20260856,E7,错误直接父类,3,True,False,CAND_002,False,True,False,True,1,G:\LearnAI\ontology-evolution\benchmark\repairs\tbox-candidate-effects.json
RANDOM,37,20260856,E8,对象属性值域缺失,3,True,False,CAND_002,False,True,False,True,1,G:\LearnAI\ontology-evolution\benchmark\repairs\tbox-candidate-effects.json
RANDOM,38,20260857,E1,数值漂移,3,True,False,CAND_002,False,True,False,True,1,G:\LearnAI\ontology-evolution\benchmark\repairs\candidate-effects.json
RANDOM,38,20260857,E2,公理缺失,1,True,False,CAND_001,True,False,True,True,1,G:\LearnAI\ontology-evolution\benchmark\repairs\candidate-effects.json
RANDOM,38,20260857,E3,关系对象错误,3,True,False,CAND_001,True,False,True,True,2,G:\LearnAI\ontology-evolution\benchmark\repairs\candidate-effects.json
RANDOM,38,20260857,E4,互斥类别冲突,1,True,False,CAND_001,True,False,True,True,1,G:\LearnAI\ontology-evolution\benchmark\repairs\candidate-effects.json
RANDOM,38,20260857,E5,功能属性值冲突,3,True,False,CAND_003,True,False,True,True,1,G:\LearnAI\ontology-evolution\benchmark\repairs\candidate-effects.json
RANDOM,38,20260857,E6,类层级链路缺失,3,True,False,CAND_001,True,False,True,True,1,G:\LearnAI\ontology-evolution\benchmark\repairs\tbox-candidate-effects.json
RANDOM,38,20260857,E7,错误直接父类,3,True,False,CAND_002,False,True,False,True,1,G:\LearnAI\ontology-evolution\benchmark\repairs\tbox-candidate-effects.json
RANDOM,38,20260857,E8,对象属性值域缺失,3,True,False,CAND_002,False,True,False,True,1,G:\LearnAI\ontology-evolution\benchmark\repairs\tbox-candidate-effects.json
RANDOM,39,20260858,E1,数值漂移,3,True,False,CAND_001,True,False,True,True,2,G:\LearnAI\ontology-evolution\benchmark\repairs\candidate-effects.json
RANDOM,39,20260858,E2,公理缺失,1,True,False,CAND_001,True,False,True,True,1,G:\LearnAI\ontology-evolution\benchmark\repairs\candidate-effects.json
RANDOM,39,20260858,E3,关系对象错误,3,True,False,CAND_003,False,True,False,True,1,G:\LearnAI\ontology-evolution\benchmark\repairs\candidate-effects.json
RANDOM,39,20260858,E4,互斥类别冲突,1,True,False,CAND_001,True,False,True,True,1,G:\LearnAI\ontology-evolution\benchmark\repairs\candidate-effects.json
RANDOM,39,20260858,E5,功能属性值冲突,3,True,False,CAND_003,True,False,True,True,1,G:\LearnAI\ontology-evolution\benchmark\repairs\candidate-effects.json
RANDOM,39,20260858,E6,类层级链路缺失,3,True,False,CAND_001,True,False,True,True,1,G:\LearnAI\ontology-evolution\benchmark\repairs\tbox-candidate-effects.json
RANDOM,39,20260858,E7,错误直接父类,3,True,False,CAND_003,False,True,False,True,2,G:\LearnAI\ontology-evolution\benchmark\repairs\tbox-candidate-effects.json
RANDOM,39,20260858,E8,对象属性值域缺失,3,True,False,CAND_003,False,True,False,True,1,G:\LearnAI\ontology-evolution\benchmark\repairs\tbox-candidate-effects.json
RANDOM,40,20260859,E1,数值漂移,3,True,False,CAND_003,False,True,False,True,1,G:\LearnAI\ontology-evolution\benchmark\repairs\candidate-effects.json
RANDOM,40,20260859,E2,公理缺失,1,True,False,CAND_001,True,False,True,True,1,G:\LearnAI\ontology-evolution\benchmark\repairs\candidate-effects.json
RANDOM,40,20260859,E3,关系对象错误,3,True,False,CAND_003,False,True,False,True,1,G:\LearnAI\ontology-evolution\benchmark\repairs\candidate-effects.json
RANDOM,40,20260859,E4,互斥类别冲突,1,True,False,CAND_001,True,False,True,True,1,G:\LearnAI\ontology-evolution\benchmark\repairs\candidate-effects.json
RANDOM,40,20260859,E5,功能属性值冲突,3,True,False,CAND_001,True,False,True,True,1,G:\LearnAI\ontology-evolution\benchmark\repairs\candidate-effects.json
RANDOM,40,20260859,E6,类层级链路缺失,3,True,False,CAND_002,False,True,False,True,1,G:\LearnAI\ontology-evolution\benchmark\repairs\tbox-candidate-effects.json
RANDOM,40,20260859,E7,错误直接父类,3,True,False,CAND_002,False,True,False,True,1,G:\LearnAI\ontology-evolution\benchmark\repairs\tbox-candidate-effects.json
RANDOM,40,20260859,E8,对象属性值域缺失,3,True,False,CAND_003,False,True,False,True,1,G:\LearnAI\ontology-evolution\benchmark\repairs\tbox-candidate-effects.json
RANDOM,41,20260860,E1,数值漂移,3,True,False,CAND_003,False,True,False,True,1,G:\LearnAI\ontology-evolution\benchmark\repairs\candidate-effects.json
RANDOM,41,20260860,E2,公理缺失,1,True,False,CAND_001,True,False,True,True,1,G:\LearnAI\ontology-evolution\benchmark\repairs\candidate-effects.json
RANDOM,41,20260860,E3,关系对象错误,3,True,False,CAND_002,False,True,False,True,1,G:\LearnAI\ontology-evolution\benchmark\repairs\candidate-effects.json
RANDOM,41,20260860,E4,互斥类别冲突,1,True,False,CAND_001,True,False,True,True,1,G:\LearnAI\ontology-evolution\benchmark\repairs\candidate-effects.json
RANDOM,41,20260860,E5,功能属性值冲突,3,True,False,CAND_001,True,False,True,True,1,G:\LearnAI\ontology-evolution\benchmark\repairs\candidate-effects.json
RANDOM,41,20260860,E6,类层级链路缺失,3,True,False,CAND_003,False,True,False,True,1,G:\LearnAI\ontology-evolution\benchmark\repairs\tbox-candidate-effects.json
RANDOM,41,20260860,E7,错误直接父类,3,True,False,CAND_003,False,True,False,True,2,G:\LearnAI\ontology-evolution\benchmark\repairs\tbox-candidate-effects.json
RANDOM,41,20260860,E8,对象属性值域缺失,3,True,False,CAND_001,True,False,True,True,1,G:\LearnAI\ontology-evolution\benchmark\repairs\tbox-candidate-effects.json
RANDOM,42,20260861,E1,数值漂移,3,True,False,CAND_003,False,True,False,True,1,G:\LearnAI\ontology-evolution\benchmark\repairs\candidate-effects.json
RANDOM,42,20260861,E2,公理缺失,1,True,False,CAND_001,True,False,True,True,1,G:\LearnAI\ontology-evolution\benchmark\repairs\candidate-effects.json
RANDOM,42,20260861,E3,关系对象错误,3,True,False,CAND_001,True,False,True,True,2,G:\LearnAI\ontology-evolution\benchmark\repairs\candidate-effects.json
RANDOM,42,20260861,E4,互斥类别冲突,1,True,False,CAND_001,True,False,True,True,1,G:\LearnAI\ontology-evolution\benchmark\repairs\candidate-effects.json
RANDOM,42,20260861,E5,功能属性值冲突,3,True,False,CAND_001,True,False,True,True,1,G:\LearnAI\ontology-evolution\benchmark\repairs\candidate-effects.json
RANDOM,42,20260861,E6,类层级链路缺失,3,True,False,CAND_003,False,True,False,True,1,G:\LearnAI\ontology-evolution\benchmark\repairs\tbox-candidate-effects.json
RANDOM,42,20260861,E7,错误直接父类,3,True,False,CAND_002,False,True,False,True,1,G:\LearnAI\ontology-evolution\benchmark\repairs\tbox-candidate-effects.json
RANDOM,42,20260861,E8,对象属性值域缺失,3,True,False,CAND_002,False,True,False,True,1,G:\LearnAI\ontology-evolution\benchmark\repairs\tbox-candidate-effects.json
RANDOM,43,20260862,E1,数值漂移,3,True,False,CAND_003,False,True,False,True,1,G:\LearnAI\ontology-evolution\benchmark\repairs\candidate-effects.json
RANDOM,43,20260862,E2,公理缺失,1,True,False,CAND_001,True,False,True,True,1,G:\LearnAI\ontology-evolution\benchmark\repairs\candidate-effects.json
RANDOM,43,20260862,E3,关系对象错误,3,True,False,CAND_003,False,True,False,True,1,G:\LearnAI\ontology-evolution\benchmark\repairs\candidate-effects.json
RANDOM,43,20260862,E4,互斥类别冲突,1,True,False,CAND_001,True,False,True,True,1,G:\LearnAI\ontology-evolution\benchmark\repairs\candidate-effects.json
RANDOM,43,20260862,E5,功能属性值冲突,3,True,False,CAND_003,True,False,True,True,1,G:\LearnAI\ontology-evolution\benchmark\repairs\candidate-effects.json
RANDOM,43,20260862,E6,类层级链路缺失,3,True,False,CAND_001,True,False,True,True,1,G:\LearnAI\ontology-evolution\benchmark\repairs\tbox-candidate-effects.json
RANDOM,43,20260862,E7,错误直接父类,3,True,False,CAND_001,True,False,True,True,2,G:\LearnAI\ontology-evolution\benchmark\repairs\tbox-candidate-effects.json
RANDOM,43,20260862,E8,对象属性值域缺失,3,True,False,CAND_001,True,False,True,True,1,G:\LearnAI\ontology-evolution\benchmark\repairs\tbox-candidate-effects.json
RANDOM,44,20260863,E1,数值漂移,3,True,False,CAND_001,True,False,True,True,2,G:\LearnAI\ontology-evolution\benchmark\repairs\candidate-effects.json
RANDOM,44,20260863,E2,公理缺失,1,True,False,CAND_001,True,False,True,True,1,G:\LearnAI\ontology-evolution\benchmark\repairs\candidate-effects.json
RANDOM,44,20260863,E3,关系对象错误,3,True,False,CAND_003,False,True,False,True,1,G:\LearnAI\ontology-evolution\benchmark\repairs\candidate-effects.json
RANDOM,44,20260863,E4,互斥类别冲突,1,True,False,CAND_001,True,False,True,True,1,G:\LearnAI\ontology-evolution\benchmark\repairs\candidate-effects.json
RANDOM,44,20260863,E5,功能属性值冲突,3,True,False,CAND_002,False,True,False,True,1,G:\LearnAI\ontology-evolution\benchmark\repairs\candidate-effects.json
RANDOM,44,20260863,E6,类层级链路缺失,3,True,False,CAND_001,True,False,True,True,1,G:\LearnAI\ontology-evolution\benchmark\repairs\tbox-candidate-effects.json
RANDOM,44,20260863,E7,错误直接父类,3,True,False,CAND_003,False,True,False,True,2,G:\LearnAI\ontology-evolution\benchmark\repairs\tbox-candidate-effects.json
RANDOM,44,20260863,E8,对象属性值域缺失,3,True,False,CAND_003,False,True,False,True,1,G:\LearnAI\ontology-evolution\benchmark\repairs\tbox-candidate-effects.json
RANDOM,45,20260864,E1,数值漂移,3,True,False,CAND_001,True,False,True,True,2,G:\LearnAI\ontology-evolution\benchmark\repairs\candidate-effects.json
RANDOM,45,20260864,E2,公理缺失,1,True,False,CAND_001,True,False,True,True,1,G:\LearnAI\ontology-evolution\benchmark\repairs\candidate-effects.json
RANDOM,45,20260864,E3,关系对象错误,3,True,False,CAND_002,False,True,False,True,1,G:\LearnAI\ontology-evolution\benchmark\repairs\candidate-effects.json
RANDOM,45,20260864,E4,互斥类别冲突,1,True,False,CAND_001,True,False,True,True,1,G:\LearnAI\ontology-evolution\benchmark\repairs\candidate-effects.json
RANDOM,45,20260864,E5,功能属性值冲突,3,True,False,CAND_003,True,False,True,True,1,G:\LearnAI\ontology-evolution\benchmark\repairs\candidate-effects.json
RANDOM,45,20260864,E6,类层级链路缺失,3,True,False,CAND_003,False,True,False,True,1,G:\LearnAI\ontology-evolution\benchmark\repairs\tbox-candidate-effects.json
RANDOM,45,20260864,E7,错误直接父类,3,True,False,CAND_003,False,True,False,True,2,G:\LearnAI\ontology-evolution\benchmark\repairs\tbox-candidate-effects.json
RANDOM,45,20260864,E8,对象属性值域缺失,3,True,False,CAND_003,False,True,False,True,1,G:\LearnAI\ontology-evolution\benchmark\repairs\tbox-candidate-effects.json
RANDOM,46,20260865,E1,数值漂移,3,True,False,CAND_001,True,False,True,True,2,G:\LearnAI\ontology-evolution\benchmark\repairs\candidate-effects.json
RANDOM,46,20260865,E2,公理缺失,1,True,False,CAND_001,True,False,True,True,1,G:\LearnAI\ontology-evolution\benchmark\repairs\candidate-effects.json
RANDOM,46,20260865,E3,关系对象错误,3,True,False,CAND_001,True,False,True,True,2,G:\LearnAI\ontology-evolution\benchmark\repairs\candidate-effects.json
RANDOM,46,20260865,E4,互斥类别冲突,1,True,False,CAND_001,True,False,True,True,1,G:\LearnAI\ontology-evolution\benchmark\repairs\candidate-effects.json
RANDOM,46,20260865,E5,功能属性值冲突,3,True,False,CAND_002,False,True,False,True,1,G:\LearnAI\ontology-evolution\benchmark\repairs\candidate-effects.json
RANDOM,46,20260865,E6,类层级链路缺失,3,True,False,CAND_001,True,False,True,True,1,G:\LearnAI\ontology-evolution\benchmark\repairs\tbox-candidate-effects.json
RANDOM,46,20260865,E7,错误直接父类,3,True,False,CAND_002,False,True,False,True,1,G:\LearnAI\ontology-evolution\benchmark\repairs\tbox-candidate-effects.json
RANDOM,46,20260865,E8,对象属性值域缺失,3,True,False,CAND_002,False,True,False,True,1,G:\LearnAI\ontology-evolution\benchmark\repairs\tbox-candidate-effects.json
RANDOM,47,20260866,E1,数值漂移,3,True,False,CAND_001,True,False,True,True,2,G:\LearnAI\ontology-evolution\benchmark\repairs\candidate-effects.json
RANDOM,47,20260866,E2,公理缺失,1,True,False,CAND_001,True,False,True,True,1,G:\LearnAI\ontology-evolution\benchmark\repairs\candidate-effects.json
RANDOM,47,20260866,E3,关系对象错误,3,True,False,CAND_001,True,False,True,True,2,G:\LearnAI\ontology-evolution\benchmark\repairs\candidate-effects.json
RANDOM,47,20260866,E4,互斥类别冲突,1,True,False,CAND_001,True,False,True,True,1,G:\LearnAI\ontology-evolution\benchmark\repairs\candidate-effects.json
RANDOM,47,20260866,E5,功能属性值冲突,3,True,False,CAND_002,False,True,False,True,1,G:\LearnAI\ontology-evolution\benchmark\repairs\candidate-effects.json
RANDOM,47,20260866,E6,类层级链路缺失,3,True,False,CAND_001,True,False,True,True,1,G:\LearnAI\ontology-evolution\benchmark\repairs\tbox-candidate-effects.json
RANDOM,47,20260866,E7,错误直接父类,3,True,False,CAND_001,True,False,True,True,2,G:\LearnAI\ontology-evolution\benchmark\repairs\tbox-candidate-effects.json
RANDOM,47,20260866,E8,对象属性值域缺失,3,True,False,CAND_001,True,False,True,True,1,G:\LearnAI\ontology-evolution\benchmark\repairs\tbox-candidate-effects.json
RANDOM,48,20260867,E1,数值漂移,3,True,False,CAND_003,False,True,False,True,1,G:\LearnAI\ontology-evolution\benchmark\repairs\candidate-effects.json
RANDOM,48,20260867,E2,公理缺失,1,True,False,CAND_001,True,False,True,True,1,G:\LearnAI\ontology-evolution\benchmark\repairs\candidate-effects.json
RANDOM,48,20260867,E3,关系对象错误,3,True,False,CAND_002,False,True,False,True,1,G:\LearnAI\ontology-evolution\benchmark\repairs\candidate-effects.json
RANDOM,48,20260867,E4,互斥类别冲突,1,True,False,CAND_001,True,False,True,True,1,G:\LearnAI\ontology-evolution\benchmark\repairs\candidate-effects.json
RANDOM,48,20260867,E5,功能属性值冲突,3,True,False,CAND_002,False,True,False,True,1,G:\LearnAI\ontology-evolution\benchmark\repairs\candidate-effects.json
RANDOM,48,20260867,E6,类层级链路缺失,3,True,False,CAND_003,False,True,False,True,1,G:\LearnAI\ontology-evolution\benchmark\repairs\tbox-candidate-effects.json
RANDOM,48,20260867,E7,错误直接父类,3,True,False,CAND_001,True,False,True,True,2,G:\LearnAI\ontology-evolution\benchmark\repairs\tbox-candidate-effects.json
RANDOM,48,20260867,E8,对象属性值域缺失,3,True,False,CAND_003,False,True,False,True,1,G:\LearnAI\ontology-evolution\benchmark\repairs\tbox-candidate-effects.json
RANDOM,49,20260868,E1,数值漂移,3,True,False,CAND_002,False,True,False,True,1,G:\LearnAI\ontology-evolution\benchmark\repairs\candidate-effects.json
RANDOM,49,20260868,E2,公理缺失,1,True,False,CAND_001,True,False,True,True,1,G:\LearnAI\ontology-evolution\benchmark\repairs\candidate-effects.json
RANDOM,49,20260868,E3,关系对象错误,3,True,False,CAND_001,True,False,True,True,2,G:\LearnAI\ontology-evolution\benchmark\repairs\candidate-effects.json
RANDOM,49,20260868,E4,互斥类别冲突,1,True,False,CAND_001,True,False,True,True,1,G:\LearnAI\ontology-evolution\benchmark\repairs\candidate-effects.json
RANDOM,49,20260868,E5,功能属性值冲突,3,True,False,CAND_001,True,False,True,True,1,G:\LearnAI\ontology-evolution\benchmark\repairs\candidate-effects.json
RANDOM,49,20260868,E6,类层级链路缺失,3,True,False,CAND_002,False,True,False,True,1,G:\LearnAI\ontology-evolution\benchmark\repairs\tbox-candidate-effects.json
RANDOM,49,20260868,E7,错误直接父类,3,True,False,CAND_003,False,True,False,True,2,G:\LearnAI\ontology-evolution\benchmark\repairs\tbox-candidate-effects.json
RANDOM,49,20260868,E8,对象属性值域缺失,3,True,False,CAND_002,False,True,False,True,1,G:\LearnAI\ontology-evolution\benchmark\repairs\tbox-candidate-effects.json
RANDOM,50,20260869,E1,数值漂移,3,True,False,CAND_001,True,False,True,True,2,G:\LearnAI\ontology-evolution\benchmark\repairs\candidate-effects.json
RANDOM,50,20260869,E2,公理缺失,1,True,False,CAND_001,True,False,True,True,1,G:\LearnAI\ontology-evolution\benchmark\repairs\candidate-effects.json
RANDOM,50,20260869,E3,关系对象错误,3,True,False,CAND_003,False,True,False,True,1,G:\LearnAI\ontology-evolution\benchmark\repairs\candidate-effects.json
RANDOM,50,20260869,E4,互斥类别冲突,1,True,False,CAND_001,True,False,True,True,1,G:\LearnAI\ontology-evolution\benchmark\repairs\candidate-effects.json
RANDOM,50,20260869,E5,功能属性值冲突,3,True,False,CAND_002,False,True,False,True,1,G:\LearnAI\ontology-evolution\benchmark\repairs\candidate-effects.json
RANDOM,50,20260869,E6,类层级链路缺失,3,True,False,CAND_002,False,True,False,True,1,G:\LearnAI\ontology-evolution\benchmark\repairs\tbox-candidate-effects.json
RANDOM,50,20260869,E7,错误直接父类,3,True,False,CAND_002,False,True,False,True,1,G:\LearnAI\ontology-evolution\benchmark\repairs\tbox-candidate-effects.json
RANDOM,50,20260869,E8,对象属性值域缺失,3,True,False,CAND_003,False,True,False,True,1,G:\LearnAI\ontology-evolution\benchmark\repairs\tbox-candidate-effects.json
RANDOM,51,20260870,E1,数值漂移,3,True,False,CAND_002,False,True,False,True,1,G:\LearnAI\ontology-evolution\benchmark\repairs\candidate-effects.json
RANDOM,51,20260870,E2,公理缺失,1,True,False,CAND_001,True,False,True,True,1,G:\LearnAI\ontology-evolution\benchmark\repairs\candidate-effects.json
RANDOM,51,20260870,E3,关系对象错误,3,True,False,CAND_003,False,True,False,True,1,G:\LearnAI\ontology-evolution\benchmark\repairs\candidate-effects.json
RANDOM,51,20260870,E4,互斥类别冲突,1,True,False,CAND_001,True,False,True,True,1,G:\LearnAI\ontology-evolution\benchmark\repairs\candidate-effects.json
RANDOM,51,20260870,E5,功能属性值冲突,3,True,False,CAND_001,True,False,True,True,1,G:\LearnAI\ontology-evolution\benchmark\repairs\candidate-effects.json
RANDOM,51,20260870,E6,类层级链路缺失,3,True,False,CAND_001,True,False,True,True,1,G:\LearnAI\ontology-evolution\benchmark\repairs\tbox-candidate-effects.json
RANDOM,51,20260870,E7,错误直接父类,3,True,False,CAND_002,False,True,False,True,1,G:\LearnAI\ontology-evolution\benchmark\repairs\tbox-candidate-effects.json
RANDOM,51,20260870,E8,对象属性值域缺失,3,True,False,CAND_001,True,False,True,True,1,G:\LearnAI\ontology-evolution\benchmark\repairs\tbox-candidate-effects.json
RANDOM,52,20260871,E1,数值漂移,3,True,False,CAND_003,False,True,False,True,1,G:\LearnAI\ontology-evolution\benchmark\repairs\candidate-effects.json
RANDOM,52,20260871,E2,公理缺失,1,True,False,CAND_001,True,False,True,True,1,G:\LearnAI\ontology-evolution\benchmark\repairs\candidate-effects.json
RANDOM,52,20260871,E3,关系对象错误,3,True,False,CAND_002,False,True,False,True,1,G:\LearnAI\ontology-evolution\benchmark\repairs\candidate-effects.json
RANDOM,52,20260871,E4,互斥类别冲突,1,True,False,CAND_001,True,False,True,True,1,G:\LearnAI\ontology-evolution\benchmark\repairs\candidate-effects.json
RANDOM,52,20260871,E5,功能属性值冲突,3,True,False,CAND_003,True,False,True,True,1,G:\LearnAI\ontology-evolution\benchmark\repairs\candidate-effects.json
RANDOM,52,20260871,E6,类层级链路缺失,3,True,False,CAND_003,False,True,False,True,1,G:\LearnAI\ontology-evolution\benchmark\repairs\tbox-candidate-effects.json
RANDOM,52,20260871,E7,错误直接父类,3,True,False,CAND_001,True,False,True,True,2,G:\LearnAI\ontology-evolution\benchmark\repairs\tbox-candidate-effects.json
RANDOM,52,20260871,E8,对象属性值域缺失,3,True,False,CAND_003,False,True,False,True,1,G:\LearnAI\ontology-evolution\benchmark\repairs\tbox-candidate-effects.json
RANDOM,53,20260872,E1,数值漂移,3,True,False,CAND_002,False,True,False,True,1,G:\LearnAI\ontology-evolution\benchmark\repairs\candidate-effects.json
RANDOM,53,20260872,E2,公理缺失,1,True,False,CAND_001,True,False,True,True,1,G:\LearnAI\ontology-evolution\benchmark\repairs\candidate-effects.json
RANDOM,53,20260872,E3,关系对象错误,3,True,False,CAND_002,False,True,False,True,1,G:\LearnAI\ontology-evolution\benchmark\repairs\candidate-effects.json
RANDOM,53,20260872,E4,互斥类别冲突,1,True,False,CAND_001,True,False,True,True,1,G:\LearnAI\ontology-evolution\benchmark\repairs\candidate-effects.json
RANDOM,53,20260872,E5,功能属性值冲突,3,True,False,CAND_001,True,False,True,True,1,G:\LearnAI\ontology-evolution\benchmark\repairs\candidate-effects.json
RANDOM,53,20260872,E6,类层级链路缺失,3,True,False,CAND_002,False,True,False,True,1,G:\LearnAI\ontology-evolution\benchmark\repairs\tbox-candidate-effects.json
RANDOM,53,20260872,E7,错误直接父类,3,True,False,CAND_002,False,True,False,True,1,G:\LearnAI\ontology-evolution\benchmark\repairs\tbox-candidate-effects.json
RANDOM,53,20260872,E8,对象属性值域缺失,3,True,False,CAND_003,False,True,False,True,1,G:\LearnAI\ontology-evolution\benchmark\repairs\tbox-candidate-effects.json
RANDOM,54,20260873,E1,数值漂移,3,True,False,CAND_001,True,False,True,True,2,G:\LearnAI\ontology-evolution\benchmark\repairs\candidate-effects.json
RANDOM,54,20260873,E2,公理缺失,1,True,False,CAND_001,True,False,True,True,1,G:\LearnAI\ontology-evolution\benchmark\repairs\candidate-effects.json
RANDOM,54,20260873,E3,关系对象错误,3,True,False,CAND_002,False,True,False,True,1,G:\LearnAI\ontology-evolution\benchmark\repairs\candidate-effects.json
RANDOM,54,20260873,E4,互斥类别冲突,1,True,False,CAND_001,True,False,True,True,1,G:\LearnAI\ontology-evolution\benchmark\repairs\candidate-effects.json
RANDOM,54,20260873,E5,功能属性值冲突,3,True,False,CAND_002,False,True,False,True,1,G:\LearnAI\ontology-evolution\benchmark\repairs\candidate-effects.json
RANDOM,54,20260873,E6,类层级链路缺失,3,True,False,CAND_001,True,False,True,True,1,G:\LearnAI\ontology-evolution\benchmark\repairs\tbox-candidate-effects.json
RANDOM,54,20260873,E7,错误直接父类,3,True,False,CAND_003,False,True,False,True,2,G:\LearnAI\ontology-evolution\benchmark\repairs\tbox-candidate-effects.json
RANDOM,54,20260873,E8,对象属性值域缺失,3,True,False,CAND_002,False,True,False,True,1,G:\LearnAI\ontology-evolution\benchmark\repairs\tbox-candidate-effects.json
RANDOM,55,20260874,E1,数值漂移,3,True,False,CAND_002,False,True,False,True,1,G:\LearnAI\ontology-evolution\benchmark\repairs\candidate-effects.json
RANDOM,55,20260874,E2,公理缺失,1,True,False,CAND_001,True,False,True,True,1,G:\LearnAI\ontology-evolution\benchmark\repairs\candidate-effects.json
RANDOM,55,20260874,E3,关系对象错误,3,True,False,CAND_002,False,True,False,True,1,G:\LearnAI\ontology-evolution\benchmark\repairs\candidate-effects.json
RANDOM,55,20260874,E4,互斥类别冲突,1,True,False,CAND_001,True,False,True,True,1,G:\LearnAI\ontology-evolution\benchmark\repairs\candidate-effects.json
RANDOM,55,20260874,E5,功能属性值冲突,3,True,False,CAND_002,False,True,False,True,1,G:\LearnAI\ontology-evolution\benchmark\repairs\candidate-effects.json
RANDOM,55,20260874,E6,类层级链路缺失,3,True,False,CAND_002,False,True,False,True,1,G:\LearnAI\ontology-evolution\benchmark\repairs\tbox-candidate-effects.json
RANDOM,55,20260874,E7,错误直接父类,3,True,False,CAND_001,True,False,True,True,2,G:\LearnAI\ontology-evolution\benchmark\repairs\tbox-candidate-effects.json
RANDOM,55,20260874,E8,对象属性值域缺失,3,True,False,CAND_003,False,True,False,True,1,G:\LearnAI\ontology-evolution\benchmark\repairs\tbox-candidate-effects.json
RANDOM,56,20260875,E1,数值漂移,3,True,False,CAND_003,False,True,False,True,1,G:\LearnAI\ontology-evolution\benchmark\repairs\candidate-effects.json
RANDOM,56,20260875,E2,公理缺失,1,True,False,CAND_001,True,False,True,True,1,G:\LearnAI\ontology-evolution\benchmark\repairs\candidate-effects.json
RANDOM,56,20260875,E3,关系对象错误,3,True,False,CAND_003,False,True,False,True,1,G:\LearnAI\ontology-evolution\benchmark\repairs\candidate-effects.json
RANDOM,56,20260875,E4,互斥类别冲突,1,True,False,CAND_001,True,False,True,True,1,G:\LearnAI\ontology-evolution\benchmark\repairs\candidate-effects.json
RANDOM,56,20260875,E5,功能属性值冲突,3,True,False,CAND_002,False,True,False,True,1,G:\LearnAI\ontology-evolution\benchmark\repairs\candidate-effects.json
RANDOM,56,20260875,E6,类层级链路缺失,3,True,False,CAND_001,True,False,True,True,1,G:\LearnAI\ontology-evolution\benchmark\repairs\tbox-candidate-effects.json
RANDOM,56,20260875,E7,错误直接父类,3,True,False,CAND_002,False,True,False,True,1,G:\LearnAI\ontology-evolution\benchmark\repairs\tbox-candidate-effects.json
RANDOM,56,20260875,E8,对象属性值域缺失,3,True,False,CAND_002,False,True,False,True,1,G:\LearnAI\ontology-evolution\benchmark\repairs\tbox-candidate-effects.json
RANDOM,57,20260876,E1,数值漂移,3,True,False,CAND_002,False,True,False,True,1,G:\LearnAI\ontology-evolution\benchmark\repairs\candidate-effects.json
RANDOM,57,20260876,E2,公理缺失,1,True,False,CAND_001,True,False,True,True,1,G:\LearnAI\ontology-evolution\benchmark\repairs\candidate-effects.json
RANDOM,57,20260876,E3,关系对象错误,3,True,False,CAND_003,False,True,False,True,1,G:\LearnAI\ontology-evolution\benchmark\repairs\candidate-effects.json
RANDOM,57,20260876,E4,互斥类别冲突,1,True,False,CAND_001,True,False,True,True,1,G:\LearnAI\ontology-evolution\benchmark\repairs\candidate-effects.json
RANDOM,57,20260876,E5,功能属性值冲突,3,True,False,CAND_002,False,True,False,True,1,G:\LearnAI\ontology-evolution\benchmark\repairs\candidate-effects.json
RANDOM,57,20260876,E6,类层级链路缺失,3,True,False,CAND_001,True,False,True,True,1,G:\LearnAI\ontology-evolution\benchmark\repairs\tbox-candidate-effects.json
RANDOM,57,20260876,E7,错误直接父类,3,True,False,CAND_003,False,True,False,True,2,G:\LearnAI\ontology-evolution\benchmark\repairs\tbox-candidate-effects.json
RANDOM,57,20260876,E8,对象属性值域缺失,3,True,False,CAND_002,False,True,False,True,1,G:\LearnAI\ontology-evolution\benchmark\repairs\tbox-candidate-effects.json
RANDOM,58,20260877,E1,数值漂移,3,True,False,CAND_003,False,True,False,True,1,G:\LearnAI\ontology-evolution\benchmark\repairs\candidate-effects.json
RANDOM,58,20260877,E2,公理缺失,1,True,False,CAND_001,True,False,True,True,1,G:\LearnAI\ontology-evolution\benchmark\repairs\candidate-effects.json
RANDOM,58,20260877,E3,关系对象错误,3,True,False,CAND_001,True,False,True,True,2,G:\LearnAI\ontology-evolution\benchmark\repairs\candidate-effects.json
RANDOM,58,20260877,E4,互斥类别冲突,1,True,False,CAND_001,True,False,True,True,1,G:\LearnAI\ontology-evolution\benchmark\repairs\candidate-effects.json
RANDOM,58,20260877,E5,功能属性值冲突,3,True,False,CAND_001,True,False,True,True,1,G:\LearnAI\ontology-evolution\benchmark\repairs\candidate-effects.json
RANDOM,58,20260877,E6,类层级链路缺失,3,True,False,CAND_002,False,True,False,True,1,G:\LearnAI\ontology-evolution\benchmark\repairs\tbox-candidate-effects.json
RANDOM,58,20260877,E7,错误直接父类,3,True,False,CAND_001,True,False,True,True,2,G:\LearnAI\ontology-evolution\benchmark\repairs\tbox-candidate-effects.json
RANDOM,58,20260877,E8,对象属性值域缺失,3,True,False,CAND_001,True,False,True,True,1,G:\LearnAI\ontology-evolution\benchmark\repairs\tbox-candidate-effects.json
RANDOM,59,20260878,E1,数值漂移,3,True,False,CAND_001,True,False,True,True,2,G:\LearnAI\ontology-evolution\benchmark\repairs\candidate-effects.json
RANDOM,59,20260878,E2,公理缺失,1,True,False,CAND_001,True,False,True,True,1,G:\LearnAI\ontology-evolution\benchmark\repairs\candidate-effects.json
RANDOM,59,20260878,E3,关系对象错误,3,True,False,CAND_003,False,True,False,True,1,G:\LearnAI\ontology-evolution\benchmark\repairs\candidate-effects.json
RANDOM,59,20260878,E4,互斥类别冲突,1,True,False,CAND_001,True,False,True,True,1,G:\LearnAI\ontology-evolution\benchmark\repairs\candidate-effects.json
RANDOM,59,20260878,E5,功能属性值冲突,3,True,False,CAND_002,False,True,False,True,1,G:\LearnAI\ontology-evolution\benchmark\repairs\candidate-effects.json
RANDOM,59,20260878,E6,类层级链路缺失,3,True,False,CAND_001,True,False,True,True,1,G:\LearnAI\ontology-evolution\benchmark\repairs\tbox-candidate-effects.json
RANDOM,59,20260878,E7,错误直接父类,3,True,False,CAND_001,True,False,True,True,2,G:\LearnAI\ontology-evolution\benchmark\repairs\tbox-candidate-effects.json
RANDOM,59,20260878,E8,对象属性值域缺失,3,True,False,CAND_001,True,False,True,True,1,G:\LearnAI\ontology-evolution\benchmark\repairs\tbox-candidate-effects.json
RANDOM,60,20260879,E1,数值漂移,3,True,False,CAND_001,True,False,True,True,2,G:\LearnAI\ontology-evolution\benchmark\repairs\candidate-effects.json
RANDOM,60,20260879,E2,公理缺失,1,True,False,CAND_001,True,False,True,True,1,G:\LearnAI\ontology-evolution\benchmark\repairs\candidate-effects.json
RANDOM,60,20260879,E3,关系对象错误,3,True,False,CAND_003,False,True,False,True,1,G:\LearnAI\ontology-evolution\benchmark\repairs\candidate-effects.json
RANDOM,60,20260879,E4,互斥类别冲突,1,True,False,CAND_001,True,False,True,True,1,G:\LearnAI\ontology-evolution\benchmark\repairs\candidate-effects.json
RANDOM,60,20260879,E5,功能属性值冲突,3,True,False,CAND_001,True,False,True,True,1,G:\LearnAI\ontology-evolution\benchmark\repairs\candidate-effects.json
RANDOM,60,20260879,E6,类层级链路缺失,3,True,False,CAND_003,False,True,False,True,1,G:\LearnAI\ontology-evolution\benchmark\repairs\tbox-candidate-effects.json
RANDOM,60,20260879,E7,错误直接父类,3,True,False,CAND_003,False,True,False,True,2,G:\LearnAI\ontology-evolution\benchmark\repairs\tbox-candidate-effects.json
RANDOM,60,20260879,E8,对象属性值域缺失,3,True,False,CAND_003,False,True,False,True,1,G:\LearnAI\ontology-evolution\benchmark\repairs\tbox-candidate-effects.json
RANDOM,61,20260880,E1,数值漂移,3,True,False,CAND_001,True,False,True,True,2,G:\LearnAI\ontology-evolution\benchmark\repairs\candidate-effects.json
RANDOM,61,20260880,E2,公理缺失,1,True,False,CAND_001,True,False,True,True,1,G:\LearnAI\ontology-evolution\benchmark\repairs\candidate-effects.json
RANDOM,61,20260880,E3,关系对象错误,3,True,False,CAND_003,False,True,False,True,1,G:\LearnAI\ontology-evolution\benchmark\repairs\candidate-effects.json
RANDOM,61,20260880,E4,互斥类别冲突,1,True,False,CAND_001,True,False,True,True,1,G:\LearnAI\ontology-evolution\benchmark\repairs\candidate-effects.json
RANDOM,61,20260880,E5,功能属性值冲突,3,True,False,CAND_001,True,False,True,True,1,G:\LearnAI\ontology-evolution\benchmark\repairs\candidate-effects.json
RANDOM,61,20260880,E6,类层级链路缺失,3,True,False,CAND_003,False,True,False,True,1,G:\LearnAI\ontology-evolution\benchmark\repairs\tbox-candidate-effects.json
RANDOM,61,20260880,E7,错误直接父类,3,True,False,CAND_003,False,True,False,True,2,G:\LearnAI\ontology-evolution\benchmark\repairs\tbox-candidate-effects.json
RANDOM,61,20260880,E8,对象属性值域缺失,3,True,False,CAND_002,False,True,False,True,1,G:\LearnAI\ontology-evolution\benchmark\repairs\tbox-candidate-effects.json
RANDOM,62,20260881,E1,数值漂移,3,True,False,CAND_002,False,True,False,True,1,G:\LearnAI\ontology-evolution\benchmark\repairs\candidate-effects.json
RANDOM,62,20260881,E2,公理缺失,1,True,False,CAND_001,True,False,True,True,1,G:\LearnAI\ontology-evolution\benchmark\repairs\candidate-effects.json
RANDOM,62,20260881,E3,关系对象错误,3,True,False,CAND_002,False,True,False,True,1,G:\LearnAI\ontology-evolution\benchmark\repairs\candidate-effects.json
RANDOM,62,20260881,E4,互斥类别冲突,1,True,False,CAND_001,True,False,True,True,1,G:\LearnAI\ontology-evolution\benchmark\repairs\candidate-effects.json
RANDOM,62,20260881,E5,功能属性值冲突,3,True,False,CAND_003,True,False,True,True,1,G:\LearnAI\ontology-evolution\benchmark\repairs\candidate-effects.json
RANDOM,62,20260881,E6,类层级链路缺失,3,True,False,CAND_001,True,False,True,True,1,G:\LearnAI\ontology-evolution\benchmark\repairs\tbox-candidate-effects.json
RANDOM,62,20260881,E7,错误直接父类,3,True,False,CAND_001,True,False,True,True,2,G:\LearnAI\ontology-evolution\benchmark\repairs\tbox-candidate-effects.json
RANDOM,62,20260881,E8,对象属性值域缺失,3,True,False,CAND_001,True,False,True,True,1,G:\LearnAI\ontology-evolution\benchmark\repairs\tbox-candidate-effects.json
RANDOM,63,20260882,E1,数值漂移,3,True,False,CAND_001,True,False,True,True,2,G:\LearnAI\ontology-evolution\benchmark\repairs\candidate-effects.json
RANDOM,63,20260882,E2,公理缺失,1,True,False,CAND_001,True,False,True,True,1,G:\LearnAI\ontology-evolution\benchmark\repairs\candidate-effects.json
RANDOM,63,20260882,E3,关系对象错误,3,True,False,CAND_001,True,False,True,True,2,G:\LearnAI\ontology-evolution\benchmark\repairs\candidate-effects.json
RANDOM,63,20260882,E4,互斥类别冲突,1,True,False,CAND_001,True,False,True,True,1,G:\LearnAI\ontology-evolution\benchmark\repairs\candidate-effects.json
RANDOM,63,20260882,E5,功能属性值冲突,3,True,False,CAND_001,True,False,True,True,1,G:\LearnAI\ontology-evolution\benchmark\repairs\candidate-effects.json
RANDOM,63,20260882,E6,类层级链路缺失,3,True,False,CAND_001,True,False,True,True,1,G:\LearnAI\ontology-evolution\benchmark\repairs\tbox-candidate-effects.json
RANDOM,63,20260882,E7,错误直接父类,3,True,False,CAND_002,False,True,False,True,1,G:\LearnAI\ontology-evolution\benchmark\repairs\tbox-candidate-effects.json
RANDOM,63,20260882,E8,对象属性值域缺失,3,True,False,CAND_003,False,True,False,True,1,G:\LearnAI\ontology-evolution\benchmark\repairs\tbox-candidate-effects.json
RANDOM,64,20260883,E1,数值漂移,3,True,False,CAND_003,False,True,False,True,1,G:\LearnAI\ontology-evolution\benchmark\repairs\candidate-effects.json
RANDOM,64,20260883,E2,公理缺失,1,True,False,CAND_001,True,False,True,True,1,G:\LearnAI\ontology-evolution\benchmark\repairs\candidate-effects.json
RANDOM,64,20260883,E3,关系对象错误,3,True,False,CAND_002,False,True,False,True,1,G:\LearnAI\ontology-evolution\benchmark\repairs\candidate-effects.json
RANDOM,64,20260883,E4,互斥类别冲突,1,True,False,CAND_001,True,False,True,True,1,G:\LearnAI\ontology-evolution\benchmark\repairs\candidate-effects.json
RANDOM,64,20260883,E5,功能属性值冲突,3,True,False,CAND_002,False,True,False,True,1,G:\LearnAI\ontology-evolution\benchmark\repairs\candidate-effects.json
RANDOM,64,20260883,E6,类层级链路缺失,3,True,False,CAND_002,False,True,False,True,1,G:\LearnAI\ontology-evolution\benchmark\repairs\tbox-candidate-effects.json
RANDOM,64,20260883,E7,错误直接父类,3,True,False,CAND_003,False,True,False,True,2,G:\LearnAI\ontology-evolution\benchmark\repairs\tbox-candidate-effects.json
RANDOM,64,20260883,E8,对象属性值域缺失,3,True,False,CAND_003,False,True,False,True,1,G:\LearnAI\ontology-evolution\benchmark\repairs\tbox-candidate-effects.json
RANDOM,65,20260884,E1,数值漂移,3,True,False,CAND_002,False,True,False,True,1,G:\LearnAI\ontology-evolution\benchmark\repairs\candidate-effects.json
RANDOM,65,20260884,E2,公理缺失,1,True,False,CAND_001,True,False,True,True,1,G:\LearnAI\ontology-evolution\benchmark\repairs\candidate-effects.json
RANDOM,65,20260884,E3,关系对象错误,3,True,False,CAND_002,False,True,False,True,1,G:\LearnAI\ontology-evolution\benchmark\repairs\candidate-effects.json
RANDOM,65,20260884,E4,互斥类别冲突,1,True,False,CAND_001,True,False,True,True,1,G:\LearnAI\ontology-evolution\benchmark\repairs\candidate-effects.json
RANDOM,65,20260884,E5,功能属性值冲突,3,True,False,CAND_002,False,True,False,True,1,G:\LearnAI\ontology-evolution\benchmark\repairs\candidate-effects.json
RANDOM,65,20260884,E6,类层级链路缺失,3,True,False,CAND_003,False,True,False,True,1,G:\LearnAI\ontology-evolution\benchmark\repairs\tbox-candidate-effects.json
RANDOM,65,20260884,E7,错误直接父类,3,True,False,CAND_003,False,True,False,True,2,G:\LearnAI\ontology-evolution\benchmark\repairs\tbox-candidate-effects.json
RANDOM,65,20260884,E8,对象属性值域缺失,3,True,False,CAND_003,False,True,False,True,1,G:\LearnAI\ontology-evolution\benchmark\repairs\tbox-candidate-effects.json
RANDOM,66,20260885,E1,数值漂移,3,True,False,CAND_003,False,True,False,True,1,G:\LearnAI\ontology-evolution\benchmark\repairs\candidate-effects.json
RANDOM,66,20260885,E2,公理缺失,1,True,False,CAND_001,True,False,True,True,1,G:\LearnAI\ontology-evolution\benchmark\repairs\candidate-effects.json
RANDOM,66,20260885,E3,关系对象错误,3,True,False,CAND_001,True,False,True,True,2,G:\LearnAI\ontology-evolution\benchmark\repairs\candidate-effects.json
RANDOM,66,20260885,E4,互斥类别冲突,1,True,False,CAND_001,True,False,True,True,1,G:\LearnAI\ontology-evolution\benchmark\repairs\candidate-effects.json
RANDOM,66,20260885,E5,功能属性值冲突,3,True,False,CAND_003,True,False,True,True,1,G:\LearnAI\ontology-evolution\benchmark\repairs\candidate-effects.json
RANDOM,66,20260885,E6,类层级链路缺失,3,True,False,CAND_003,False,True,False,True,1,G:\LearnAI\ontology-evolution\benchmark\repairs\tbox-candidate-effects.json
RANDOM,66,20260885,E7,错误直接父类,3,True,False,CAND_002,False,True,False,True,1,G:\LearnAI\ontology-evolution\benchmark\repairs\tbox-candidate-effects.json
RANDOM,66,20260885,E8,对象属性值域缺失,3,True,False,CAND_002,False,True,False,True,1,G:\LearnAI\ontology-evolution\benchmark\repairs\tbox-candidate-effects.json
RANDOM,67,20260886,E1,数值漂移,3,True,False,CAND_003,False,True,False,True,1,G:\LearnAI\ontology-evolution\benchmark\repairs\candidate-effects.json
RANDOM,67,20260886,E2,公理缺失,1,True,False,CAND_001,True,False,True,True,1,G:\LearnAI\ontology-evolution\benchmark\repairs\candidate-effects.json
RANDOM,67,20260886,E3,关系对象错误,3,True,False,CAND_001,True,False,True,True,2,G:\LearnAI\ontology-evolution\benchmark\repairs\candidate-effects.json
RANDOM,67,20260886,E4,互斥类别冲突,1,True,False,CAND_001,True,False,True,True,1,G:\LearnAI\ontology-evolution\benchmark\repairs\candidate-effects.json
RANDOM,67,20260886,E5,功能属性值冲突,3,True,False,CAND_002,False,True,False,True,1,G:\LearnAI\ontology-evolution\benchmark\repairs\candidate-effects.json
RANDOM,67,20260886,E6,类层级链路缺失,3,True,False,CAND_001,True,False,True,True,1,G:\LearnAI\ontology-evolution\benchmark\repairs\tbox-candidate-effects.json
RANDOM,67,20260886,E7,错误直接父类,3,True,False,CAND_001,True,False,True,True,2,G:\LearnAI\ontology-evolution\benchmark\repairs\tbox-candidate-effects.json
RANDOM,67,20260886,E8,对象属性值域缺失,3,True,False,CAND_001,True,False,True,True,1,G:\LearnAI\ontology-evolution\benchmark\repairs\tbox-candidate-effects.json
RANDOM,68,20260887,E1,数值漂移,3,True,False,CAND_001,True,False,True,True,2,G:\LearnAI\ontology-evolution\benchmark\repairs\candidate-effects.json
RANDOM,68,20260887,E2,公理缺失,1,True,False,CAND_001,True,False,True,True,1,G:\LearnAI\ontology-evolution\benchmark\repairs\candidate-effects.json
RANDOM,68,20260887,E3,关系对象错误,3,True,False,CAND_001,True,False,True,True,2,G:\LearnAI\ontology-evolution\benchmark\repairs\candidate-effects.json
RANDOM,68,20260887,E4,互斥类别冲突,1,True,False,CAND_001,True,False,True,True,1,G:\LearnAI\ontology-evolution\benchmark\repairs\candidate-effects.json
RANDOM,68,20260887,E5,功能属性值冲突,3,True,False,CAND_001,True,False,True,True,1,G:\LearnAI\ontology-evolution\benchmark\repairs\candidate-effects.json
RANDOM,68,20260887,E6,类层级链路缺失,3,True,False,CAND_002,False,True,False,True,1,G:\LearnAI\ontology-evolution\benchmark\repairs\tbox-candidate-effects.json
RANDOM,68,20260887,E7,错误直接父类,3,True,False,CAND_003,False,True,False,True,2,G:\LearnAI\ontology-evolution\benchmark\repairs\tbox-candidate-effects.json
RANDOM,68,20260887,E8,对象属性值域缺失,3,True,False,CAND_003,False,True,False,True,1,G:\LearnAI\ontology-evolution\benchmark\repairs\tbox-candidate-effects.json
RANDOM,69,20260888,E1,数值漂移,3,True,False,CAND_002,False,True,False,True,1,G:\LearnAI\ontology-evolution\benchmark\repairs\candidate-effects.json
RANDOM,69,20260888,E2,公理缺失,1,True,False,CAND_001,True,False,True,True,1,G:\LearnAI\ontology-evolution\benchmark\repairs\candidate-effects.json
RANDOM,69,20260888,E3,关系对象错误,3,True,False,CAND_003,False,True,False,True,1,G:\LearnAI\ontology-evolution\benchmark\repairs\candidate-effects.json
RANDOM,69,20260888,E4,互斥类别冲突,1,True,False,CAND_001,True,False,True,True,1,G:\LearnAI\ontology-evolution\benchmark\repairs\candidate-effects.json
RANDOM,69,20260888,E5,功能属性值冲突,3,True,False,CAND_001,True,False,True,True,1,G:\LearnAI\ontology-evolution\benchmark\repairs\candidate-effects.json
RANDOM,69,20260888,E6,类层级链路缺失,3,True,False,CAND_002,False,True,False,True,1,G:\LearnAI\ontology-evolution\benchmark\repairs\tbox-candidate-effects.json
RANDOM,69,20260888,E7,错误直接父类,3,True,False,CAND_003,False,True,False,True,2,G:\LearnAI\ontology-evolution\benchmark\repairs\tbox-candidate-effects.json
RANDOM,69,20260888,E8,对象属性值域缺失,3,True,False,CAND_001,True,False,True,True,1,G:\LearnAI\ontology-evolution\benchmark\repairs\tbox-candidate-effects.json
RANDOM,70,20260889,E1,数值漂移,3,True,False,CAND_003,False,True,False,True,1,G:\LearnAI\ontology-evolution\benchmark\repairs\candidate-effects.json
RANDOM,70,20260889,E2,公理缺失,1,True,False,CAND_001,True,False,True,True,1,G:\LearnAI\ontology-evolution\benchmark\repairs\candidate-effects.json
RANDOM,70,20260889,E3,关系对象错误,3,True,False,CAND_002,False,True,False,True,1,G:\LearnAI\ontology-evolution\benchmark\repairs\candidate-effects.json
RANDOM,70,20260889,E4,互斥类别冲突,1,True,False,CAND_001,True,False,True,True,1,G:\LearnAI\ontology-evolution\benchmark\repairs\candidate-effects.json
RANDOM,70,20260889,E5,功能属性值冲突,3,True,False,CAND_003,True,False,True,True,1,G:\LearnAI\ontology-evolution\benchmark\repairs\candidate-effects.json
RANDOM,70,20260889,E6,类层级链路缺失,3,True,False,CAND_002,False,True,False,True,1,G:\LearnAI\ontology-evolution\benchmark\repairs\tbox-candidate-effects.json
RANDOM,70,20260889,E7,错误直接父类,3,True,False,CAND_001,True,False,True,True,2,G:\LearnAI\ontology-evolution\benchmark\repairs\tbox-candidate-effects.json
RANDOM,70,20260889,E8,对象属性值域缺失,3,True,False,CAND_003,False,True,False,True,1,G:\LearnAI\ontology-evolution\benchmark\repairs\tbox-candidate-effects.json
RANDOM,71,20260890,E1,数值漂移,3,True,False,CAND_001,True,False,True,True,2,G:\LearnAI\ontology-evolution\benchmark\repairs\candidate-effects.json
RANDOM,71,20260890,E2,公理缺失,1,True,False,CAND_001,True,False,True,True,1,G:\LearnAI\ontology-evolution\benchmark\repairs\candidate-effects.json
RANDOM,71,20260890,E3,关系对象错误,3,True,False,CAND_002,False,True,False,True,1,G:\LearnAI\ontology-evolution\benchmark\repairs\candidate-effects.json
RANDOM,71,20260890,E4,互斥类别冲突,1,True,False,CAND_001,True,False,True,True,1,G:\LearnAI\ontology-evolution\benchmark\repairs\candidate-effects.json
RANDOM,71,20260890,E5,功能属性值冲突,3,True,False,CAND_003,True,False,True,True,1,G:\LearnAI\ontology-evolution\benchmark\repairs\candidate-effects.json
RANDOM,71,20260890,E6,类层级链路缺失,3,True,False,CAND_003,False,True,False,True,1,G:\LearnAI\ontology-evolution\benchmark\repairs\tbox-candidate-effects.json
RANDOM,71,20260890,E7,错误直接父类,3,True,False,CAND_003,False,True,False,True,2,G:\LearnAI\ontology-evolution\benchmark\repairs\tbox-candidate-effects.json
RANDOM,71,20260890,E8,对象属性值域缺失,3,True,False,CAND_002,False,True,False,True,1,G:\LearnAI\ontology-evolution\benchmark\repairs\tbox-candidate-effects.json
RANDOM,72,20260891,E1,数值漂移,3,True,False,CAND_002,False,True,False,True,1,G:\LearnAI\ontology-evolution\benchmark\repairs\candidate-effects.json
RANDOM,72,20260891,E2,公理缺失,1,True,False,CAND_001,True,False,True,True,1,G:\LearnAI\ontology-evolution\benchmark\repairs\candidate-effects.json
RANDOM,72,20260891,E3,关系对象错误,3,True,False,CAND_003,False,True,False,True,1,G:\LearnAI\ontology-evolution\benchmark\repairs\candidate-effects.json
RANDOM,72,20260891,E4,互斥类别冲突,1,True,False,CAND_001,True,False,True,True,1,G:\LearnAI\ontology-evolution\benchmark\repairs\candidate-effects.json
RANDOM,72,20260891,E5,功能属性值冲突,3,True,False,CAND_003,True,False,True,True,1,G:\LearnAI\ontology-evolution\benchmark\repairs\candidate-effects.json
RANDOM,72,20260891,E6,类层级链路缺失,3,True,False,CAND_003,False,True,False,True,1,G:\LearnAI\ontology-evolution\benchmark\repairs\tbox-candidate-effects.json
RANDOM,72,20260891,E7,错误直接父类,3,True,False,CAND_003,False,True,False,True,2,G:\LearnAI\ontology-evolution\benchmark\repairs\tbox-candidate-effects.json
RANDOM,72,20260891,E8,对象属性值域缺失,3,True,False,CAND_001,True,False,True,True,1,G:\LearnAI\ontology-evolution\benchmark\repairs\tbox-candidate-effects.json
RANDOM,73,20260892,E1,数值漂移,3,True,False,CAND_002,False,True,False,True,1,G:\LearnAI\ontology-evolution\benchmark\repairs\candidate-effects.json
RANDOM,73,20260892,E2,公理缺失,1,True,False,CAND_001,True,False,True,True,1,G:\LearnAI\ontology-evolution\benchmark\repairs\candidate-effects.json
RANDOM,73,20260892,E3,关系对象错误,3,True,False,CAND_002,False,True,False,True,1,G:\LearnAI\ontology-evolution\benchmark\repairs\candidate-effects.json
RANDOM,73,20260892,E4,互斥类别冲突,1,True,False,CAND_001,True,False,True,True,1,G:\LearnAI\ontology-evolution\benchmark\repairs\candidate-effects.json
RANDOM,73,20260892,E5,功能属性值冲突,3,True,False,CAND_003,True,False,True,True,1,G:\LearnAI\ontology-evolution\benchmark\repairs\candidate-effects.json
RANDOM,73,20260892,E6,类层级链路缺失,3,True,False,CAND_001,True,False,True,True,1,G:\LearnAI\ontology-evolution\benchmark\repairs\tbox-candidate-effects.json
RANDOM,73,20260892,E7,错误直接父类,3,True,False,CAND_002,False,True,False,True,1,G:\LearnAI\ontology-evolution\benchmark\repairs\tbox-candidate-effects.json
RANDOM,73,20260892,E8,对象属性值域缺失,3,True,False,CAND_001,True,False,True,True,1,G:\LearnAI\ontology-evolution\benchmark\repairs\tbox-candidate-effects.json
RANDOM,74,20260893,E1,数值漂移,3,True,False,CAND_001,True,False,True,True,2,G:\LearnAI\ontology-evolution\benchmark\repairs\candidate-effects.json
RANDOM,74,20260893,E2,公理缺失,1,True,False,CAND_001,True,False,True,True,1,G:\LearnAI\ontology-evolution\benchmark\repairs\candidate-effects.json
RANDOM,74,20260893,E3,关系对象错误,3,True,False,CAND_003,False,True,False,True,1,G:\LearnAI\ontology-evolution\benchmark\repairs\candidate-effects.json
RANDOM,74,20260893,E4,互斥类别冲突,1,True,False,CAND_001,True,False,True,True,1,G:\LearnAI\ontology-evolution\benchmark\repairs\candidate-effects.json
RANDOM,74,20260893,E5,功能属性值冲突,3,True,False,CAND_003,True,False,True,True,1,G:\LearnAI\ontology-evolution\benchmark\repairs\candidate-effects.json
RANDOM,74,20260893,E6,类层级链路缺失,3,True,False,CAND_001,True,False,True,True,1,G:\LearnAI\ontology-evolution\benchmark\repairs\tbox-candidate-effects.json
RANDOM,74,20260893,E7,错误直接父类,3,True,False,CAND_001,True,False,True,True,2,G:\LearnAI\ontology-evolution\benchmark\repairs\tbox-candidate-effects.json
RANDOM,74,20260893,E8,对象属性值域缺失,3,True,False,CAND_003,False,True,False,True,1,G:\LearnAI\ontology-evolution\benchmark\repairs\tbox-candidate-effects.json
RANDOM,75,20260894,E1,数值漂移,3,True,False,CAND_003,False,True,False,True,1,G:\LearnAI\ontology-evolution\benchmark\repairs\candidate-effects.json
RANDOM,75,20260894,E2,公理缺失,1,True,False,CAND_001,True,False,True,True,1,G:\LearnAI\ontology-evolution\benchmark\repairs\candidate-effects.json
RANDOM,75,20260894,E3,关系对象错误,3,True,False,CAND_002,False,True,False,True,1,G:\LearnAI\ontology-evolution\benchmark\repairs\candidate-effects.json
RANDOM,75,20260894,E4,互斥类别冲突,1,True,False,CAND_001,True,False,True,True,1,G:\LearnAI\ontology-evolution\benchmark\repairs\candidate-effects.json
RANDOM,75,20260894,E5,功能属性值冲突,3,True,False,CAND_003,True,False,True,True,1,G:\LearnAI\ontology-evolution\benchmark\repairs\candidate-effects.json
RANDOM,75,20260894,E6,类层级链路缺失,3,True,False,CAND_002,False,True,False,True,1,G:\LearnAI\ontology-evolution\benchmark\repairs\tbox-candidate-effects.json
RANDOM,75,20260894,E7,错误直接父类,3,True,False,CAND_003,False,True,False,True,2,G:\LearnAI\ontology-evolution\benchmark\repairs\tbox-candidate-effects.json
RANDOM,75,20260894,E8,对象属性值域缺失,3,True,False,CAND_002,False,True,False,True,1,G:\LearnAI\ontology-evolution\benchmark\repairs\tbox-candidate-effects.json
RANDOM,76,20260895,E1,数值漂移,3,True,False,CAND_002,False,True,False,True,1,G:\LearnAI\ontology-evolution\benchmark\repairs\candidate-effects.json
RANDOM,76,20260895,E2,公理缺失,1,True,False,CAND_001,True,False,True,True,1,G:\LearnAI\ontology-evolution\benchmark\repairs\candidate-effects.json
RANDOM,76,20260895,E3,关系对象错误,3,True,False,CAND_003,False,True,False,True,1,G:\LearnAI\ontology-evolution\benchmark\repairs\candidate-effects.json
RANDOM,76,20260895,E4,互斥类别冲突,1,True,False,CAND_001,True,False,True,True,1,G:\LearnAI\ontology-evolution\benchmark\repairs\candidate-effects.json
RANDOM,76,20260895,E5,功能属性值冲突,3,True,False,CAND_003,True,False,True,True,1,G:\LearnAI\ontology-evolution\benchmark\repairs\candidate-effects.json
RANDOM,76,20260895,E6,类层级链路缺失,3,True,False,CAND_002,False,True,False,True,1,G:\LearnAI\ontology-evolution\benchmark\repairs\tbox-candidate-effects.json
RANDOM,76,20260895,E7,错误直接父类,3,True,False,CAND_002,False,True,False,True,1,G:\LearnAI\ontology-evolution\benchmark\repairs\tbox-candidate-effects.json
RANDOM,76,20260895,E8,对象属性值域缺失,3,True,False,CAND_001,True,False,True,True,1,G:\LearnAI\ontology-evolution\benchmark\repairs\tbox-candidate-effects.json
RANDOM,77,20260896,E1,数值漂移,3,True,False,CAND_002,False,True,False,True,1,G:\LearnAI\ontology-evolution\benchmark\repairs\candidate-effects.json
RANDOM,77,20260896,E2,公理缺失,1,True,False,CAND_001,True,False,True,True,1,G:\LearnAI\ontology-evolution\benchmark\repairs\candidate-effects.json
RANDOM,77,20260896,E3,关系对象错误,3,True,False,CAND_001,True,False,True,True,2,G:\LearnAI\ontology-evolution\benchmark\repairs\candidate-effects.json
RANDOM,77,20260896,E4,互斥类别冲突,1,True,False,CAND_001,True,False,True,True,1,G:\LearnAI\ontology-evolution\benchmark\repairs\candidate-effects.json
RANDOM,77,20260896,E5,功能属性值冲突,3,True,False,CAND_001,True,False,True,True,1,G:\LearnAI\ontology-evolution\benchmark\repairs\candidate-effects.json
RANDOM,77,20260896,E6,类层级链路缺失,3,True,False,CAND_002,False,True,False,True,1,G:\LearnAI\ontology-evolution\benchmark\repairs\tbox-candidate-effects.json
RANDOM,77,20260896,E7,错误直接父类,3,True,False,CAND_003,False,True,False,True,2,G:\LearnAI\ontology-evolution\benchmark\repairs\tbox-candidate-effects.json
RANDOM,77,20260896,E8,对象属性值域缺失,3,True,False,CAND_003,False,True,False,True,1,G:\LearnAI\ontology-evolution\benchmark\repairs\tbox-candidate-effects.json
RANDOM,78,20260897,E1,数值漂移,3,True,False,CAND_002,False,True,False,True,1,G:\LearnAI\ontology-evolution\benchmark\repairs\candidate-effects.json
RANDOM,78,20260897,E2,公理缺失,1,True,False,CAND_001,True,False,True,True,1,G:\LearnAI\ontology-evolution\benchmark\repairs\candidate-effects.json
RANDOM,78,20260897,E3,关系对象错误,3,True,False,CAND_001,True,False,True,True,2,G:\LearnAI\ontology-evolution\benchmark\repairs\candidate-effects.json
RANDOM,78,20260897,E4,互斥类别冲突,1,True,False,CAND_001,True,False,True,True,1,G:\LearnAI\ontology-evolution\benchmark\repairs\candidate-effects.json
RANDOM,78,20260897,E5,功能属性值冲突,3,True,False,CAND_001,True,False,True,True,1,G:\LearnAI\ontology-evolution\benchmark\repairs\candidate-effects.json
RANDOM,78,20260897,E6,类层级链路缺失,3,True,False,CAND_003,False,True,False,True,1,G:\LearnAI\ontology-evolution\benchmark\repairs\tbox-candidate-effects.json
RANDOM,78,20260897,E7,错误直接父类,3,True,False,CAND_002,False,True,False,True,1,G:\LearnAI\ontology-evolution\benchmark\repairs\tbox-candidate-effects.json
RANDOM,78,20260897,E8,对象属性值域缺失,3,True,False,CAND_002,False,True,False,True,1,G:\LearnAI\ontology-evolution\benchmark\repairs\tbox-candidate-effects.json
RANDOM,79,20260898,E1,数值漂移,3,True,False,CAND_002,False,True,False,True,1,G:\LearnAI\ontology-evolution\benchmark\repairs\candidate-effects.json
RANDOM,79,20260898,E2,公理缺失,1,True,False,CAND_001,True,False,True,True,1,G:\LearnAI\ontology-evolution\benchmark\repairs\candidate-effects.json
RANDOM,79,20260898,E3,关系对象错误,3,True,False,CAND_001,True,False,True,True,2,G:\LearnAI\ontology-evolution\benchmark\repairs\candidate-effects.json
RANDOM,79,20260898,E4,互斥类别冲突,1,True,False,CAND_001,True,False,True,True,1,G:\LearnAI\ontology-evolution\benchmark\repairs\candidate-effects.json
RANDOM,79,20260898,E5,功能属性值冲突,3,True,False,CAND_002,False,True,False,True,1,G:\LearnAI\ontology-evolution\benchmark\repairs\candidate-effects.json
RANDOM,79,20260898,E6,类层级链路缺失,3,True,False,CAND_001,True,False,True,True,1,G:\LearnAI\ontology-evolution\benchmark\repairs\tbox-candidate-effects.json
RANDOM,79,20260898,E7,错误直接父类,3,True,False,CAND_002,False,True,False,True,1,G:\LearnAI\ontology-evolution\benchmark\repairs\tbox-candidate-effects.json
RANDOM,79,20260898,E8,对象属性值域缺失,3,True,False,CAND_001,True,False,True,True,1,G:\LearnAI\ontology-evolution\benchmark\repairs\tbox-candidate-effects.json
RANDOM,80,20260899,E1,数值漂移,3,True,False,CAND_003,False,True,False,True,1,G:\LearnAI\ontology-evolution\benchmark\repairs\candidate-effects.json
RANDOM,80,20260899,E2,公理缺失,1,True,False,CAND_001,True,False,True,True,1,G:\LearnAI\ontology-evolution\benchmark\repairs\candidate-effects.json
RANDOM,80,20260899,E3,关系对象错误,3,True,False,CAND_001,True,False,True,True,2,G:\LearnAI\ontology-evolution\benchmark\repairs\candidate-effects.json
RANDOM,80,20260899,E4,互斥类别冲突,1,True,False,CAND_001,True,False,True,True,1,G:\LearnAI\ontology-evolution\benchmark\repairs\candidate-effects.json
RANDOM,80,20260899,E5,功能属性值冲突,3,True,False,CAND_002,False,True,False,True,1,G:\LearnAI\ontology-evolution\benchmark\repairs\candidate-effects.json
RANDOM,80,20260899,E6,类层级链路缺失,3,True,False,CAND_001,True,False,True,True,1,G:\LearnAI\ontology-evolution\benchmark\repairs\tbox-candidate-effects.json
RANDOM,80,20260899,E7,错误直接父类,3,True,False,CAND_001,True,False,True,True,2,G:\LearnAI\ontology-evolution\benchmark\repairs\tbox-candidate-effects.json
RANDOM,80,20260899,E8,对象属性值域缺失,3,True,False,CAND_001,True,False,True,True,1,G:\LearnAI\ontology-evolution\benchmark\repairs\tbox-candidate-effects.json
RANDOM,81,20260900,E1,数值漂移,3,True,False,CAND_003,False,True,False,True,1,G:\LearnAI\ontology-evolution\benchmark\repairs\candidate-effects.json
RANDOM,81,20260900,E2,公理缺失,1,True,False,CAND_001,True,False,True,True,1,G:\LearnAI\ontology-evolution\benchmark\repairs\candidate-effects.json
RANDOM,81,20260900,E3,关系对象错误,3,True,False,CAND_001,True,False,True,True,2,G:\LearnAI\ontology-evolution\benchmark\repairs\candidate-effects.json
RANDOM,81,20260900,E4,互斥类别冲突,1,True,False,CAND_001,True,False,True,True,1,G:\LearnAI\ontology-evolution\benchmark\repairs\candidate-effects.json
RANDOM,81,20260900,E5,功能属性值冲突,3,True,False,CAND_001,True,False,True,True,1,G:\LearnAI\ontology-evolution\benchmark\repairs\candidate-effects.json
RANDOM,81,20260900,E6,类层级链路缺失,3,True,False,CAND_003,False,True,False,True,1,G:\LearnAI\ontology-evolution\benchmark\repairs\tbox-candidate-effects.json
RANDOM,81,20260900,E7,错误直接父类,3,True,False,CAND_003,False,True,False,True,2,G:\LearnAI\ontology-evolution\benchmark\repairs\tbox-candidate-effects.json
RANDOM,81,20260900,E8,对象属性值域缺失,3,True,False,CAND_002,False,True,False,True,1,G:\LearnAI\ontology-evolution\benchmark\repairs\tbox-candidate-effects.json
RANDOM,82,20260901,E1,数值漂移,3,True,False,CAND_002,False,True,False,True,1,G:\LearnAI\ontology-evolution\benchmark\repairs\candidate-effects.json
RANDOM,82,20260901,E2,公理缺失,1,True,False,CAND_001,True,False,True,True,1,G:\LearnAI\ontology-evolution\benchmark\repairs\candidate-effects.json
RANDOM,82,20260901,E3,关系对象错误,3,True,False,CAND_001,True,False,True,True,2,G:\LearnAI\ontology-evolution\benchmark\repairs\candidate-effects.json
RANDOM,82,20260901,E4,互斥类别冲突,1,True,False,CAND_001,True,False,True,True,1,G:\LearnAI\ontology-evolution\benchmark\repairs\candidate-effects.json
RANDOM,82,20260901,E5,功能属性值冲突,3,True,False,CAND_002,False,True,False,True,1,G:\LearnAI\ontology-evolution\benchmark\repairs\candidate-effects.json
RANDOM,82,20260901,E6,类层级链路缺失,3,True,False,CAND_002,False,True,False,True,1,G:\LearnAI\ontology-evolution\benchmark\repairs\tbox-candidate-effects.json
RANDOM,82,20260901,E7,错误直接父类,3,True,False,CAND_001,True,False,True,True,2,G:\LearnAI\ontology-evolution\benchmark\repairs\tbox-candidate-effects.json
RANDOM,82,20260901,E8,对象属性值域缺失,3,True,False,CAND_003,False,True,False,True,1,G:\LearnAI\ontology-evolution\benchmark\repairs\tbox-candidate-effects.json
RANDOM,83,20260902,E1,数值漂移,3,True,False,CAND_003,False,True,False,True,1,G:\LearnAI\ontology-evolution\benchmark\repairs\candidate-effects.json
RANDOM,83,20260902,E2,公理缺失,1,True,False,CAND_001,True,False,True,True,1,G:\LearnAI\ontology-evolution\benchmark\repairs\candidate-effects.json
RANDOM,83,20260902,E3,关系对象错误,3,True,False,CAND_003,False,True,False,True,1,G:\LearnAI\ontology-evolution\benchmark\repairs\candidate-effects.json
RANDOM,83,20260902,E4,互斥类别冲突,1,True,False,CAND_001,True,False,True,True,1,G:\LearnAI\ontology-evolution\benchmark\repairs\candidate-effects.json
RANDOM,83,20260902,E5,功能属性值冲突,3,True,False,CAND_003,True,False,True,True,1,G:\LearnAI\ontology-evolution\benchmark\repairs\candidate-effects.json
RANDOM,83,20260902,E6,类层级链路缺失,3,True,False,CAND_003,False,True,False,True,1,G:\LearnAI\ontology-evolution\benchmark\repairs\tbox-candidate-effects.json
RANDOM,83,20260902,E7,错误直接父类,3,True,False,CAND_002,False,True,False,True,1,G:\LearnAI\ontology-evolution\benchmark\repairs\tbox-candidate-effects.json
RANDOM,83,20260902,E8,对象属性值域缺失,3,True,False,CAND_003,False,True,False,True,1,G:\LearnAI\ontology-evolution\benchmark\repairs\tbox-candidate-effects.json
RANDOM,84,20260903,E1,数值漂移,3,True,False,CAND_003,False,True,False,True,1,G:\LearnAI\ontology-evolution\benchmark\repairs\candidate-effects.json
RANDOM,84,20260903,E2,公理缺失,1,True,False,CAND_001,True,False,True,True,1,G:\LearnAI\ontology-evolution\benchmark\repairs\candidate-effects.json
RANDOM,84,20260903,E3,关系对象错误,3,True,False,CAND_003,False,True,False,True,1,G:\LearnAI\ontology-evolution\benchmark\repairs\candidate-effects.json
RANDOM,84,20260903,E4,互斥类别冲突,1,True,False,CAND_001,True,False,True,True,1,G:\LearnAI\ontology-evolution\benchmark\repairs\candidate-effects.json
RANDOM,84,20260903,E5,功能属性值冲突,3,True,False,CAND_002,False,True,False,True,1,G:\LearnAI\ontology-evolution\benchmark\repairs\candidate-effects.json
RANDOM,84,20260903,E6,类层级链路缺失,3,True,False,CAND_003,False,True,False,True,1,G:\LearnAI\ontology-evolution\benchmark\repairs\tbox-candidate-effects.json
RANDOM,84,20260903,E7,错误直接父类,3,True,False,CAND_002,False,True,False,True,1,G:\LearnAI\ontology-evolution\benchmark\repairs\tbox-candidate-effects.json
RANDOM,84,20260903,E8,对象属性值域缺失,3,True,False,CAND_003,False,True,False,True,1,G:\LearnAI\ontology-evolution\benchmark\repairs\tbox-candidate-effects.json
RANDOM,85,20260904,E1,数值漂移,3,True,False,CAND_003,False,True,False,True,1,G:\LearnAI\ontology-evolution\benchmark\repairs\candidate-effects.json
RANDOM,85,20260904,E2,公理缺失,1,True,False,CAND_001,True,False,True,True,1,G:\LearnAI\ontology-evolution\benchmark\repairs\candidate-effects.json
RANDOM,85,20260904,E3,关系对象错误,3,True,False,CAND_002,False,True,False,True,1,G:\LearnAI\ontology-evolution\benchmark\repairs\candidate-effects.json
RANDOM,85,20260904,E4,互斥类别冲突,1,True,False,CAND_001,True,False,True,True,1,G:\LearnAI\ontology-evolution\benchmark\repairs\candidate-effects.json
RANDOM,85,20260904,E5,功能属性值冲突,3,True,False,CAND_001,True,False,True,True,1,G:\LearnAI\ontology-evolution\benchmark\repairs\candidate-effects.json
RANDOM,85,20260904,E6,类层级链路缺失,3,True,False,CAND_001,True,False,True,True,1,G:\LearnAI\ontology-evolution\benchmark\repairs\tbox-candidate-effects.json
RANDOM,85,20260904,E7,错误直接父类,3,True,False,CAND_003,False,True,False,True,2,G:\LearnAI\ontology-evolution\benchmark\repairs\tbox-candidate-effects.json
RANDOM,85,20260904,E8,对象属性值域缺失,3,True,False,CAND_001,True,False,True,True,1,G:\LearnAI\ontology-evolution\benchmark\repairs\tbox-candidate-effects.json
RANDOM,86,20260905,E1,数值漂移,3,True,False,CAND_003,False,True,False,True,1,G:\LearnAI\ontology-evolution\benchmark\repairs\candidate-effects.json
RANDOM,86,20260905,E2,公理缺失,1,True,False,CAND_001,True,False,True,True,1,G:\LearnAI\ontology-evolution\benchmark\repairs\candidate-effects.json
RANDOM,86,20260905,E3,关系对象错误,3,True,False,CAND_002,False,True,False,True,1,G:\LearnAI\ontology-evolution\benchmark\repairs\candidate-effects.json
RANDOM,86,20260905,E4,互斥类别冲突,1,True,False,CAND_001,True,False,True,True,1,G:\LearnAI\ontology-evolution\benchmark\repairs\candidate-effects.json
RANDOM,86,20260905,E5,功能属性值冲突,3,True,False,CAND_003,True,False,True,True,1,G:\LearnAI\ontology-evolution\benchmark\repairs\candidate-effects.json
RANDOM,86,20260905,E6,类层级链路缺失,3,True,False,CAND_002,False,True,False,True,1,G:\LearnAI\ontology-evolution\benchmark\repairs\tbox-candidate-effects.json
RANDOM,86,20260905,E7,错误直接父类,3,True,False,CAND_002,False,True,False,True,1,G:\LearnAI\ontology-evolution\benchmark\repairs\tbox-candidate-effects.json
RANDOM,86,20260905,E8,对象属性值域缺失,3,True,False,CAND_001,True,False,True,True,1,G:\LearnAI\ontology-evolution\benchmark\repairs\tbox-candidate-effects.json
RANDOM,87,20260906,E1,数值漂移,3,True,False,CAND_001,True,False,True,True,2,G:\LearnAI\ontology-evolution\benchmark\repairs\candidate-effects.json
RANDOM,87,20260906,E2,公理缺失,1,True,False,CAND_001,True,False,True,True,1,G:\LearnAI\ontology-evolution\benchmark\repairs\candidate-effects.json
RANDOM,87,20260906,E3,关系对象错误,3,True,False,CAND_001,True,False,True,True,2,G:\LearnAI\ontology-evolution\benchmark\repairs\candidate-effects.json
RANDOM,87,20260906,E4,互斥类别冲突,1,True,False,CAND_001,True,False,True,True,1,G:\LearnAI\ontology-evolution\benchmark\repairs\candidate-effects.json
RANDOM,87,20260906,E5,功能属性值冲突,3,True,False,CAND_001,True,False,True,True,1,G:\LearnAI\ontology-evolution\benchmark\repairs\candidate-effects.json
RANDOM,87,20260906,E6,类层级链路缺失,3,True,False,CAND_002,False,True,False,True,1,G:\LearnAI\ontology-evolution\benchmark\repairs\tbox-candidate-effects.json
RANDOM,87,20260906,E7,错误直接父类,3,True,False,CAND_002,False,True,False,True,1,G:\LearnAI\ontology-evolution\benchmark\repairs\tbox-candidate-effects.json
RANDOM,87,20260906,E8,对象属性值域缺失,3,True,False,CAND_001,True,False,True,True,1,G:\LearnAI\ontology-evolution\benchmark\repairs\tbox-candidate-effects.json
RANDOM,88,20260907,E1,数值漂移,3,True,False,CAND_002,False,True,False,True,1,G:\LearnAI\ontology-evolution\benchmark\repairs\candidate-effects.json
RANDOM,88,20260907,E2,公理缺失,1,True,False,CAND_001,True,False,True,True,1,G:\LearnAI\ontology-evolution\benchmark\repairs\candidate-effects.json
RANDOM,88,20260907,E3,关系对象错误,3,True,False,CAND_003,False,True,False,True,1,G:\LearnAI\ontology-evolution\benchmark\repairs\candidate-effects.json
RANDOM,88,20260907,E4,互斥类别冲突,1,True,False,CAND_001,True,False,True,True,1,G:\LearnAI\ontology-evolution\benchmark\repairs\candidate-effects.json
RANDOM,88,20260907,E5,功能属性值冲突,3,True,False,CAND_001,True,False,True,True,1,G:\LearnAI\ontology-evolution\benchmark\repairs\candidate-effects.json
RANDOM,88,20260907,E6,类层级链路缺失,3,True,False,CAND_002,False,True,False,True,1,G:\LearnAI\ontology-evolution\benchmark\repairs\tbox-candidate-effects.json
RANDOM,88,20260907,E7,错误直接父类,3,True,False,CAND_001,True,False,True,True,2,G:\LearnAI\ontology-evolution\benchmark\repairs\tbox-candidate-effects.json
RANDOM,88,20260907,E8,对象属性值域缺失,3,True,False,CAND_003,False,True,False,True,1,G:\LearnAI\ontology-evolution\benchmark\repairs\tbox-candidate-effects.json
RANDOM,89,20260908,E1,数值漂移,3,True,False,CAND_002,False,True,False,True,1,G:\LearnAI\ontology-evolution\benchmark\repairs\candidate-effects.json
RANDOM,89,20260908,E2,公理缺失,1,True,False,CAND_001,True,False,True,True,1,G:\LearnAI\ontology-evolution\benchmark\repairs\candidate-effects.json
RANDOM,89,20260908,E3,关系对象错误,3,True,False,CAND_002,False,True,False,True,1,G:\LearnAI\ontology-evolution\benchmark\repairs\candidate-effects.json
RANDOM,89,20260908,E4,互斥类别冲突,1,True,False,CAND_001,True,False,True,True,1,G:\LearnAI\ontology-evolution\benchmark\repairs\candidate-effects.json
RANDOM,89,20260908,E5,功能属性值冲突,3,True,False,CAND_002,False,True,False,True,1,G:\LearnAI\ontology-evolution\benchmark\repairs\candidate-effects.json
RANDOM,89,20260908,E6,类层级链路缺失,3,True,False,CAND_003,False,True,False,True,1,G:\LearnAI\ontology-evolution\benchmark\repairs\tbox-candidate-effects.json
RANDOM,89,20260908,E7,错误直接父类,3,True,False,CAND_002,False,True,False,True,1,G:\LearnAI\ontology-evolution\benchmark\repairs\tbox-candidate-effects.json
RANDOM,89,20260908,E8,对象属性值域缺失,3,True,False,CAND_002,False,True,False,True,1,G:\LearnAI\ontology-evolution\benchmark\repairs\tbox-candidate-effects.json
RANDOM,90,20260909,E1,数值漂移,3,True,False,CAND_002,False,True,False,True,1,G:\LearnAI\ontology-evolution\benchmark\repairs\candidate-effects.json
RANDOM,90,20260909,E2,公理缺失,1,True,False,CAND_001,True,False,True,True,1,G:\LearnAI\ontology-evolution\benchmark\repairs\candidate-effects.json
RANDOM,90,20260909,E3,关系对象错误,3,True,False,CAND_001,True,False,True,True,2,G:\LearnAI\ontology-evolution\benchmark\repairs\candidate-effects.json
RANDOM,90,20260909,E4,互斥类别冲突,1,True,False,CAND_001,True,False,True,True,1,G:\LearnAI\ontology-evolution\benchmark\repairs\candidate-effects.json
RANDOM,90,20260909,E5,功能属性值冲突,3,True,False,CAND_001,True,False,True,True,1,G:\LearnAI\ontology-evolution\benchmark\repairs\candidate-effects.json
RANDOM,90,20260909,E6,类层级链路缺失,3,True,False,CAND_002,False,True,False,True,1,G:\LearnAI\ontology-evolution\benchmark\repairs\tbox-candidate-effects.json
RANDOM,90,20260909,E7,错误直接父类,3,True,False,CAND_003,False,True,False,True,2,G:\LearnAI\ontology-evolution\benchmark\repairs\tbox-candidate-effects.json
RANDOM,90,20260909,E8,对象属性值域缺失,3,True,False,CAND_002,False,True,False,True,1,G:\LearnAI\ontology-evolution\benchmark\repairs\tbox-candidate-effects.json
RANDOM,91,20260910,E1,数值漂移,3,True,False,CAND_002,False,True,False,True,1,G:\LearnAI\ontology-evolution\benchmark\repairs\candidate-effects.json
RANDOM,91,20260910,E2,公理缺失,1,True,False,CAND_001,True,False,True,True,1,G:\LearnAI\ontology-evolution\benchmark\repairs\candidate-effects.json
RANDOM,91,20260910,E3,关系对象错误,3,True,False,CAND_003,False,True,False,True,1,G:\LearnAI\ontology-evolution\benchmark\repairs\candidate-effects.json
RANDOM,91,20260910,E4,互斥类别冲突,1,True,False,CAND_001,True,False,True,True,1,G:\LearnAI\ontology-evolution\benchmark\repairs\candidate-effects.json
RANDOM,91,20260910,E5,功能属性值冲突,3,True,False,CAND_003,True,False,True,True,1,G:\LearnAI\ontology-evolution\benchmark\repairs\candidate-effects.json
RANDOM,91,20260910,E6,类层级链路缺失,3,True,False,CAND_003,False,True,False,True,1,G:\LearnAI\ontology-evolution\benchmark\repairs\tbox-candidate-effects.json
RANDOM,91,20260910,E7,错误直接父类,3,True,False,CAND_003,False,True,False,True,2,G:\LearnAI\ontology-evolution\benchmark\repairs\tbox-candidate-effects.json
RANDOM,91,20260910,E8,对象属性值域缺失,3,True,False,CAND_003,False,True,False,True,1,G:\LearnAI\ontology-evolution\benchmark\repairs\tbox-candidate-effects.json
RANDOM,92,20260911,E1,数值漂移,3,True,False,CAND_001,True,False,True,True,2,G:\LearnAI\ontology-evolution\benchmark\repairs\candidate-effects.json
RANDOM,92,20260911,E2,公理缺失,1,True,False,CAND_001,True,False,True,True,1,G:\LearnAI\ontology-evolution\benchmark\repairs\candidate-effects.json
RANDOM,92,20260911,E3,关系对象错误,3,True,False,CAND_002,False,True,False,True,1,G:\LearnAI\ontology-evolution\benchmark\repairs\candidate-effects.json
RANDOM,92,20260911,E4,互斥类别冲突,1,True,False,CAND_001,True,False,True,True,1,G:\LearnAI\ontology-evolution\benchmark\repairs\candidate-effects.json
RANDOM,92,20260911,E5,功能属性值冲突,3,True,False,CAND_002,False,True,False,True,1,G:\LearnAI\ontology-evolution\benchmark\repairs\candidate-effects.json
RANDOM,92,20260911,E6,类层级链路缺失,3,True,False,CAND_002,False,True,False,True,1,G:\LearnAI\ontology-evolution\benchmark\repairs\tbox-candidate-effects.json
RANDOM,92,20260911,E7,错误直接父类,3,True,False,CAND_003,False,True,False,True,2,G:\LearnAI\ontology-evolution\benchmark\repairs\tbox-candidate-effects.json
RANDOM,92,20260911,E8,对象属性值域缺失,3,True,False,CAND_001,True,False,True,True,1,G:\LearnAI\ontology-evolution\benchmark\repairs\tbox-candidate-effects.json
RANDOM,93,20260912,E1,数值漂移,3,True,False,CAND_002,False,True,False,True,1,G:\LearnAI\ontology-evolution\benchmark\repairs\candidate-effects.json
RANDOM,93,20260912,E2,公理缺失,1,True,False,CAND_001,True,False,True,True,1,G:\LearnAI\ontology-evolution\benchmark\repairs\candidate-effects.json
RANDOM,93,20260912,E3,关系对象错误,3,True,False,CAND_002,False,True,False,True,1,G:\LearnAI\ontology-evolution\benchmark\repairs\candidate-effects.json
RANDOM,93,20260912,E4,互斥类别冲突,1,True,False,CAND_001,True,False,True,True,1,G:\LearnAI\ontology-evolution\benchmark\repairs\candidate-effects.json
RANDOM,93,20260912,E5,功能属性值冲突,3,True,False,CAND_001,True,False,True,True,1,G:\LearnAI\ontology-evolution\benchmark\repairs\candidate-effects.json
RANDOM,93,20260912,E6,类层级链路缺失,3,True,False,CAND_002,False,True,False,True,1,G:\LearnAI\ontology-evolution\benchmark\repairs\tbox-candidate-effects.json
RANDOM,93,20260912,E7,错误直接父类,3,True,False,CAND_002,False,True,False,True,1,G:\LearnAI\ontology-evolution\benchmark\repairs\tbox-candidate-effects.json
RANDOM,93,20260912,E8,对象属性值域缺失,3,True,False,CAND_003,False,True,False,True,1,G:\LearnAI\ontology-evolution\benchmark\repairs\tbox-candidate-effects.json
RANDOM,94,20260913,E1,数值漂移,3,True,False,CAND_001,True,False,True,True,2,G:\LearnAI\ontology-evolution\benchmark\repairs\candidate-effects.json
RANDOM,94,20260913,E2,公理缺失,1,True,False,CAND_001,True,False,True,True,1,G:\LearnAI\ontology-evolution\benchmark\repairs\candidate-effects.json
RANDOM,94,20260913,E3,关系对象错误,3,True,False,CAND_003,False,True,False,True,1,G:\LearnAI\ontology-evolution\benchmark\repairs\candidate-effects.json
RANDOM,94,20260913,E4,互斥类别冲突,1,True,False,CAND_001,True,False,True,True,1,G:\LearnAI\ontology-evolution\benchmark\repairs\candidate-effects.json
RANDOM,94,20260913,E5,功能属性值冲突,3,True,False,CAND_003,True,False,True,True,1,G:\LearnAI\ontology-evolution\benchmark\repairs\candidate-effects.json
RANDOM,94,20260913,E6,类层级链路缺失,3,True,False,CAND_001,True,False,True,True,1,G:\LearnAI\ontology-evolution\benchmark\repairs\tbox-candidate-effects.json
RANDOM,94,20260913,E7,错误直接父类,3,True,False,CAND_001,True,False,True,True,2,G:\LearnAI\ontology-evolution\benchmark\repairs\tbox-candidate-effects.json
RANDOM,94,20260913,E8,对象属性值域缺失,3,True,False,CAND_002,False,True,False,True,1,G:\LearnAI\ontology-evolution\benchmark\repairs\tbox-candidate-effects.json
RANDOM,95,20260914,E1,数值漂移,3,True,False,CAND_001,True,False,True,True,2,G:\LearnAI\ontology-evolution\benchmark\repairs\candidate-effects.json
RANDOM,95,20260914,E2,公理缺失,1,True,False,CAND_001,True,False,True,True,1,G:\LearnAI\ontology-evolution\benchmark\repairs\candidate-effects.json
RANDOM,95,20260914,E3,关系对象错误,3,True,False,CAND_002,False,True,False,True,1,G:\LearnAI\ontology-evolution\benchmark\repairs\candidate-effects.json
RANDOM,95,20260914,E4,互斥类别冲突,1,True,False,CAND_001,True,False,True,True,1,G:\LearnAI\ontology-evolution\benchmark\repairs\candidate-effects.json
RANDOM,95,20260914,E5,功能属性值冲突,3,True,False,CAND_001,True,False,True,True,1,G:\LearnAI\ontology-evolution\benchmark\repairs\candidate-effects.json
RANDOM,95,20260914,E6,类层级链路缺失,3,True,False,CAND_001,True,False,True,True,1,G:\LearnAI\ontology-evolution\benchmark\repairs\tbox-candidate-effects.json
RANDOM,95,20260914,E7,错误直接父类,3,True,False,CAND_001,True,False,True,True,2,G:\LearnAI\ontology-evolution\benchmark\repairs\tbox-candidate-effects.json
RANDOM,95,20260914,E8,对象属性值域缺失,3,True,False,CAND_003,False,True,False,True,1,G:\LearnAI\ontology-evolution\benchmark\repairs\tbox-candidate-effects.json
RANDOM,96,20260915,E1,数值漂移,3,True,False,CAND_002,False,True,False,True,1,G:\LearnAI\ontology-evolution\benchmark\repairs\candidate-effects.json
RANDOM,96,20260915,E2,公理缺失,1,True,False,CAND_001,True,False,True,True,1,G:\LearnAI\ontology-evolution\benchmark\repairs\candidate-effects.json
RANDOM,96,20260915,E3,关系对象错误,3,True,False,CAND_001,True,False,True,True,2,G:\LearnAI\ontology-evolution\benchmark\repairs\candidate-effects.json
RANDOM,96,20260915,E4,互斥类别冲突,1,True,False,CAND_001,True,False,True,True,1,G:\LearnAI\ontology-evolution\benchmark\repairs\candidate-effects.json
RANDOM,96,20260915,E5,功能属性值冲突,3,True,False,CAND_002,False,True,False,True,1,G:\LearnAI\ontology-evolution\benchmark\repairs\candidate-effects.json
RANDOM,96,20260915,E6,类层级链路缺失,3,True,False,CAND_002,False,True,False,True,1,G:\LearnAI\ontology-evolution\benchmark\repairs\tbox-candidate-effects.json
RANDOM,96,20260915,E7,错误直接父类,3,True,False,CAND_001,True,False,True,True,2,G:\LearnAI\ontology-evolution\benchmark\repairs\tbox-candidate-effects.json
RANDOM,96,20260915,E8,对象属性值域缺失,3,True,False,CAND_002,False,True,False,True,1,G:\LearnAI\ontology-evolution\benchmark\repairs\tbox-candidate-effects.json
RANDOM,97,20260916,E1,数值漂移,3,True,False,CAND_003,False,True,False,True,1,G:\LearnAI\ontology-evolution\benchmark\repairs\candidate-effects.json
RANDOM,97,20260916,E2,公理缺失,1,True,False,CAND_001,True,False,True,True,1,G:\LearnAI\ontology-evolution\benchmark\repairs\candidate-effects.json
RANDOM,97,20260916,E3,关系对象错误,3,True,False,CAND_001,True,False,True,True,2,G:\LearnAI\ontology-evolution\benchmark\repairs\candidate-effects.json
RANDOM,97,20260916,E4,互斥类别冲突,1,True,False,CAND_001,True,False,True,True,1,G:\LearnAI\ontology-evolution\benchmark\repairs\candidate-effects.json
RANDOM,97,20260916,E5,功能属性值冲突,3,True,False,CAND_001,True,False,True,True,1,G:\LearnAI\ontology-evolution\benchmark\repairs\candidate-effects.json
RANDOM,97,20260916,E6,类层级链路缺失,3,True,False,CAND_001,True,False,True,True,1,G:\LearnAI\ontology-evolution\benchmark\repairs\tbox-candidate-effects.json
RANDOM,97,20260916,E7,错误直接父类,3,True,False,CAND_003,False,True,False,True,2,G:\LearnAI\ontology-evolution\benchmark\repairs\tbox-candidate-effects.json
RANDOM,97,20260916,E8,对象属性值域缺失,3,True,False,CAND_002,False,True,False,True,1,G:\LearnAI\ontology-evolution\benchmark\repairs\tbox-candidate-effects.json
RANDOM,98,20260917,E1,数值漂移,3,True,False,CAND_003,False,True,False,True,1,G:\LearnAI\ontology-evolution\benchmark\repairs\candidate-effects.json
RANDOM,98,20260917,E2,公理缺失,1,True,False,CAND_001,True,False,True,True,1,G:\LearnAI\ontology-evolution\benchmark\repairs\candidate-effects.json
RANDOM,98,20260917,E3,关系对象错误,3,True,False,CAND_002,False,True,False,True,1,G:\LearnAI\ontology-evolution\benchmark\repairs\candidate-effects.json
RANDOM,98,20260917,E4,互斥类别冲突,1,True,False,CAND_001,True,False,True,True,1,G:\LearnAI\ontology-evolution\benchmark\repairs\candidate-effects.json
RANDOM,98,20260917,E5,功能属性值冲突,3,True,False,CAND_001,True,False,True,True,1,G:\LearnAI\ontology-evolution\benchmark\repairs\candidate-effects.json
RANDOM,98,20260917,E6,类层级链路缺失,3,True,False,CAND_001,True,False,True,True,1,G:\LearnAI\ontology-evolution\benchmark\repairs\tbox-candidate-effects.json
RANDOM,98,20260917,E7,错误直接父类,3,True,False,CAND_003,False,True,False,True,2,G:\LearnAI\ontology-evolution\benchmark\repairs\tbox-candidate-effects.json
RANDOM,98,20260917,E8,对象属性值域缺失,3,True,False,CAND_002,False,True,False,True,1,G:\LearnAI\ontology-evolution\benchmark\repairs\tbox-candidate-effects.json
RANDOM,99,20260918,E1,数值漂移,3,True,False,CAND_003,False,True,False,True,1,G:\LearnAI\ontology-evolution\benchmark\repairs\candidate-effects.json
RANDOM,99,20260918,E2,公理缺失,1,True,False,CAND_001,True,False,True,True,1,G:\LearnAI\ontology-evolution\benchmark\repairs\candidate-effects.json
RANDOM,99,20260918,E3,关系对象错误,3,True,False,CAND_003,False,True,False,True,1,G:\LearnAI\ontology-evolution\benchmark\repairs\candidate-effects.json
RANDOM,99,20260918,E4,互斥类别冲突,1,True,False,CAND_001,True,False,True,True,1,G:\LearnAI\ontology-evolution\benchmark\repairs\candidate-effects.json
RANDOM,99,20260918,E5,功能属性值冲突,3,True,False,CAND_003,True,False,True,True,1,G:\LearnAI\ontology-evolution\benchmark\repairs\candidate-effects.json
RANDOM,99,20260918,E6,类层级链路缺失,3,True,False,CAND_002,False,True,False,True,1,G:\LearnAI\ontology-evolution\benchmark\repairs\tbox-candidate-effects.json
RANDOM,99,20260918,E7,错误直接父类,3,True,False,CAND_001,True,False,True,True,2,G:\LearnAI\ontology-evolution\benchmark\repairs\tbox-candidate-effects.json
RANDOM,99,20260918,E8,对象属性值域缺失,3,True,False,CAND_001,True,False,True,True,1,G:\LearnAI\ontology-evolution\benchmark\repairs\tbox-candidate-effects.json
RANDOM,100,20260919,E1,数值漂移,3,True,False,CAND_002,False,True,False,True,1,G:\LearnAI\ontology-evolution\benchmark\repairs\candidate-effects.json
RANDOM,100,20260919,E2,公理缺失,1,True,False,CAND_001,True,False,True,True,1,G:\LearnAI\ontology-evolution\benchmark\repairs\candidate-effects.json
RANDOM,100,20260919,E3,关系对象错误,3,True,False,CAND_003,False,True,False,True,1,G:\LearnAI\ontology-evolution\benchmark\repairs\candidate-effects.json
RANDOM,100,20260919,E4,互斥类别冲突,1,True,False,CAND_001,True,False,True,True,1,G:\LearnAI\ontology-evolution\benchmark\repairs\candidate-effects.json
RANDOM,100,20260919,E5,功能属性值冲突,3,True,False,CAND_003,True,False,True,True,1,G:\LearnAI\ontology-evolution\benchmark\repairs\candidate-effects.json
RANDOM,100,20260919,E6,类层级链路缺失,3,True,False,CAND_003,False,True,False,True,1,G:\LearnAI\ontology-evolution\benchmark\repairs\tbox-candidate-effects.json
RANDOM,100,20260919,E7,错误直接父类,3,True,False,CAND_003,False,True,False,True,2,G:\LearnAI\ontology-evolution\benchmark\repairs\tbox-candidate-effects.json
RANDOM,100,20260919,E8,对象属性值域缺失,3,True,False,CAND_001,True,False,True,True,1,G:\LearnAI\ontology-evolution\benchmark\repairs\tbox-candidate-effects.json
UNIQUE_MIN_EDIT,1,20260820,E1,数值漂移,3,False,True,,False,False,False,False,,G:\LearnAI\ontology-evolution\benchmark\repairs\candidate-effects.json
UNIQUE_MIN_EDIT,1,20260820,E2,公理缺失,1,True,False,CAND_001,True,False,True,True,1,G:\LearnAI\ontology-evolution\benchmark\repairs\candidate-effects.json
UNIQUE_MIN_EDIT,1,20260820,E3,关系对象错误,3,False,True,,False,False,False,False,,G:\LearnAI\ontology-evolution\benchmark\repairs\candidate-effects.json
UNIQUE_MIN_EDIT,1,20260820,E4,互斥类别冲突,1,True,False,CAND_001,True,False,True,True,1,G:\LearnAI\ontology-evolution\benchmark\repairs\candidate-effects.json
UNIQUE_MIN_EDIT,1,20260820,E5,功能属性值冲突,3,False,True,,False,False,False,False,,G:\LearnAI\ontology-evolution\benchmark\repairs\candidate-effects.json
UNIQUE_MIN_EDIT,1,20260820,E6,类层级链路缺失,3,False,True,,False,False,False,False,,G:\LearnAI\ontology-evolution\benchmark\repairs\tbox-candidate-effects.json
UNIQUE_MIN_EDIT,1,20260820,E7,错误直接父类,3,True,False,CAND_002,False,True,False,True,1,G:\LearnAI\ontology-evolution\benchmark\repairs\tbox-candidate-effects.json
UNIQUE_MIN_EDIT,1,20260820,E8,对象属性值域缺失,3,False,True,,False,False,False,False,,G:\LearnAI\ontology-evolution\benchmark\repairs\tbox-candidate-effects.json
REASONER_UNIQUE_ONLY,1,20260820,E1,数值漂移,3,False,True,,False,False,False,False,,G:\LearnAI\ontology-evolution\benchmark\repairs\candidate-effects.json
REASONER_UNIQUE_ONLY,1,20260820,E2,公理缺失,1,True,False,CAND_001,True,False,True,True,1,G:\LearnAI\ontology-evolution\benchmark\repairs\candidate-effects.json
REASONER_UNIQUE_ONLY,1,20260820,E3,关系对象错误,3,False,True,,False,False,False,False,,G:\LearnAI\ontology-evolution\benchmark\repairs\candidate-effects.json
REASONER_UNIQUE_ONLY,1,20260820,E4,互斥类别冲突,1,True,False,CAND_001,True,False,True,True,1,G:\LearnAI\ontology-evolution\benchmark\repairs\candidate-effects.json
REASONER_UNIQUE_ONLY,1,20260820,E5,功能属性值冲突,3,False,True,,False,False,False,False,,G:\LearnAI\ontology-evolution\benchmark\repairs\candidate-effects.json
REASONER_UNIQUE_ONLY,1,20260820,E6,类层级链路缺失,3,False,True,,False,False,False,False,,G:\LearnAI\ontology-evolution\benchmark\repairs\tbox-candidate-effects.json
REASONER_UNIQUE_ONLY,1,20260820,E7,错误直接父类,3,False,True,,False,False,False,False,,G:\LearnAI\ontology-evolution\benchmark\repairs\tbox-candidate-effects.json
REASONER_UNIQUE_ONLY,1,20260820,E8,对象属性值域缺失,3,False,True,,False,False,False,False,,G:\LearnAI\ontology-evolution\benchmark\repairs\tbox-candidate-effects.json
SYMBOLIC_UNIQUE_FULL_GATE,1,20260820,E1,数值漂移,3,True,False,CAND_001,True,False,True,True,2,G:\LearnAI\ontology-evolution\benchmark\repairs\candidate-effects.json
SYMBOLIC_UNIQUE_FULL_GATE,1,20260820,E2,公理缺失,1,True,False,CAND_001,True,False,True,True,1,G:\LearnAI\ontology-evolution\benchmark\repairs\candidate-effects.json
SYMBOLIC_UNIQUE_FULL_GATE,1,20260820,E3,关系对象错误,3,True,False,CAND_001,True,False,True,True,2,G:\LearnAI\ontology-evolution\benchmark\repairs\candidate-effects.json
SYMBOLIC_UNIQUE_FULL_GATE,1,20260820,E4,互斥类别冲突,1,True,False,CAND_001,True,False,True,True,1,G:\LearnAI\ontology-evolution\benchmark\repairs\candidate-effects.json
SYMBOLIC_UNIQUE_FULL_GATE,1,20260820,E5,功能属性值冲突,3,False,True,,False,False,False,False,,G:\LearnAI\ontology-evolution\benchmark\repairs\candidate-effects.json
SYMBOLIC_UNIQUE_FULL_GATE,1,20260820,E6,类层级链路缺失,3,True,False,CAND_001,True,False,True,True,1,G:\LearnAI\ontology-evolution\benchmark\repairs\tbox-candidate-effects.json
SYMBOLIC_UNIQUE_FULL_GATE,1,20260820,E7,错误直接父类,3,True,False,CAND_001,True,False,True,True,2,G:\LearnAI\ontology-evolution\benchmark\repairs\tbox-candidate-effects.json
SYMBOLIC_UNIQUE_FULL_GATE,1,20260820,E8,对象属性值域缺失,3,True,False,CAND_001,True,False,True,True,1,G:\LearnAI\ontology-evolution\benchmark\repairs\tbox-candidate-effects.json
SYMBOLIC_FULL_GATE_TIEBREAK,1,20260820,E1,数值漂移,3,True,False,CAND_001,True,False,True,True,2,G:\LearnAI\ontology-evolution\benchmark\repairs\candidate-effects.json
SYMBOLIC_FULL_GATE_TIEBREAK,1,20260820,E2,公理缺失,1,True,False,CAND_001,True,False,True,True,1,G:\LearnAI\ontology-evolution\benchmark\repairs\candidate-effects.json
SYMBOLIC_FULL_GATE_TIEBREAK,1,20260820,E3,关系对象错误,3,True,False,CAND_001,True,False,True,True,2,G:\LearnAI\ontology-evolution\benchmark\repairs\candidate-effects.json
SYMBOLIC_FULL_GATE_TIEBREAK,1,20260820,E4,互斥类别冲突,1,True,False,CAND_001,True,False,True,True,1,G:\LearnAI\ontology-evolution\benchmark\repairs\candidate-effects.json
SYMBOLIC_FULL_GATE_TIEBREAK,1,20260820,E5,功能属性值冲突,3,True,False,CAND_003,True,False,True,True,1,G:\LearnAI\ontology-evolution\benchmark\repairs\candidate-effects.json
SYMBOLIC_FULL_GATE_TIEBREAK,1,20260820,E6,类层级链路缺失,3,True,False,CAND_001,True,False,True,True,1,G:\LearnAI\ontology-evolution\benchmark\repairs\tbox-candidate-effects.json
SYMBOLIC_FULL_GATE_TIEBREAK,1,20260820,E7,错误直接父类,3,True,False,CAND_001,True,False,True,True,2,G:\LearnAI\ontology-evolution\benchmark\repairs\tbox-candidate-effects.json
SYMBOLIC_FULL_GATE_TIEBREAK,1,20260820,E8,对象属性值域缺失,3,True,False,CAND_001,True,False,True,True,1,G:\LearnAI\ontology-evolution\benchmark\repairs\tbox-candidate-effects.json
QWEN_FORMAL_FEEDBACK_OBSERVED,1,,E1,,3,True,False,CAND_001,True,False,True,True,,G:\LearnAI\ontology-evolution\output\constraint-level-comparison.json
QWEN_FORMAL_FEEDBACK_OBSERVED,2,,E1,,3,True,False,CAND_001,True,False,True,True,,G:\LearnAI\ontology-evolution\output\constraint-level-comparison.json
QWEN_FORMAL_FEEDBACK_OBSERVED,3,,E1,,3,True,False,CAND_001,True,False,True,True,,G:\LearnAI\ontology-evolution\output\constraint-level-comparison.json
QWEN_FORMAL_FEEDBACK_OBSERVED,4,,E1,,3,True,False,CAND_001,True,False,True,True,,G:\LearnAI\ontology-evolution\output\constraint-level-comparison.json
QWEN_FORMAL_FEEDBACK_OBSERVED,5,,E1,,3,True,False,CAND_001,True,False,True,True,,G:\LearnAI\ontology-evolution\output\constraint-level-comparison.json
QWEN_FORMAL_FEEDBACK_OBSERVED,1,,E2,,1,True,False,CAND_001,True,False,True,True,,G:\LearnAI\ontology-evolution\output\constraint-level-comparison.json
QWEN_FORMAL_FEEDBACK_OBSERVED,2,,E2,,1,True,False,CAND_001,True,False,True,True,,G:\LearnAI\ontology-evolution\output\constraint-level-comparison.json
QWEN_FORMAL_FEEDBACK_OBSERVED,3,,E2,,1,True,False,CAND_001,True,False,True,True,,G:\LearnAI\ontology-evolution\output\constraint-level-comparison.json
QWEN_FORMAL_FEEDBACK_OBSERVED,4,,E2,,1,True,False,CAND_001,True,False,True,True,,G:\LearnAI\ontology-evolution\output\constraint-level-comparison.json
QWEN_FORMAL_FEEDBACK_OBSERVED,5,,E2,,1,True,False,CAND_001,True,False,True,True,,G:\LearnAI\ontology-evolution\output\constraint-level-comparison.json
QWEN_FORMAL_FEEDBACK_OBSERVED,1,,E3,,3,True,False,CAND_001,True,False,True,True,,G:\LearnAI\ontology-evolution\output\constraint-level-comparison.json
QWEN_FORMAL_FEEDBACK_OBSERVED,2,,E3,,3,True,False,CAND_001,True,False,True,True,,G:\LearnAI\ontology-evolution\output\constraint-level-comparison.json
QWEN_FORMAL_FEEDBACK_OBSERVED,3,,E3,,3,True,False,CAND_001,True,False,True,True,,G:\LearnAI\ontology-evolution\output\constraint-level-comparison.json
QWEN_FORMAL_FEEDBACK_OBSERVED,4,,E3,,3,True,False,CAND_001,True,False,True,True,,G:\LearnAI\ontology-evolution\output\constraint-level-comparison.json
QWEN_FORMAL_FEEDBACK_OBSERVED,5,,E3,,3,True,False,CAND_001,True,False,True,True,,G:\LearnAI\ontology-evolution\output\constraint-level-comparison.json
QWEN_FORMAL_FEEDBACK_OBSERVED,1,,E4,,1,True,False,CAND_001,True,False,True,True,,G:\LearnAI\ontology-evolution\output\constraint-level-comparison.json
QWEN_FORMAL_FEEDBACK_OBSERVED,2,,E4,,1,True,False,CAND_001,True,False,True,True,,G:\LearnAI\ontology-evolution\output\constraint-level-comparison.json
QWEN_FORMAL_FEEDBACK_OBSERVED,3,,E4,,1,True,False,CAND_001,True,False,True,True,,G:\LearnAI\ontology-evolution\output\constraint-level-comparison.json
QWEN_FORMAL_FEEDBACK_OBSERVED,4,,E4,,1,True,False,CAND_001,True,False,True,True,,G:\LearnAI\ontology-evolution\output\constraint-level-comparison.json
QWEN_FORMAL_FEEDBACK_OBSERVED,5,,E4,,1,True,False,CAND_001,True,False,True,True,,G:\LearnAI\ontology-evolution\output\constraint-level-comparison.json
QWEN_FORMAL_FEEDBACK_OBSERVED,1,,E5,,3,True,False,CAND_001,True,False,True,True,,G:\LearnAI\ontology-evolution\output\constraint-level-comparison.json
QWEN_FORMAL_FEEDBACK_OBSERVED,2,,E5,,3,True,False,CAND_003,True,False,True,True,,G:\LearnAI\ontology-evolution\output\constraint-level-comparison.json
QWEN_FORMAL_FEEDBACK_OBSERVED,3,,E5,,3,True,False,CAND_003,True,False,True,True,,G:\LearnAI\ontology-evolution\output\constraint-level-comparison.json
QWEN_FORMAL_FEEDBACK_OBSERVED,4,,E5,,3,True,False,CAND_003,True,False,True,True,,G:\LearnAI\ontology-evolution\output\constraint-level-comparison.json
QWEN_FORMAL_FEEDBACK_OBSERVED,5,,E5,,3,True,False,CAND_003,True,False,True,True,,G:\LearnAI\ontology-evolution\output\constraint-level-comparison.json
