event_id,split,semantic_type,domain,title,case_context,subject_label,predicate_label,value_kind,allowed_min,allowed_max,document_ids,source_owl,source_url,retrieved_at,status,notes,lexical_status,support_status,semantic_support,support_adjudication_method,support_checked_before_model_run,support_gate_version
EXT_E001,external,TEMPORAL_VERSION,insurance,叶类根茎类蔬菜轮作保险金额拆分,评估北京市2026年政策性农业保险统颁参考条款生效后叶类根茎类蔬菜茄果类及其他类蔬菜轮作的每亩保险金额分项,叶类、根茎类蔬菜、茄果类及其他类蔬菜轮作,每亩保险金额分项,literal_string,,,EXT_DOC_001_2025|EXT_DOC_001_2026,,https://nyncj.beijing.gov.cn/nyj/zwgk/zcgk/zcwj3149/744058179/2026070319534651291.pdf,2026-08-27T13:59:25.209524+00:00,READY,,LEXICAL_PASS,LEXICAL_PASS,PASS,lexical_prefilter_confirmed,true,v8.1-semantic-adjudication
EXT_E002,external,CROSS_SENTENCE_SCOPE,insurance,小麦倒伏危害五级释义范围补充,评估北京市2026年政策性农业保险统颁参考条款生效后小麦种植及小麦完全成本保险中倒伏危害的释义范围是否需要写入本体,小麦种植及小麦完全成本保险,倒伏程度定义,literal_string,,,EXT_DOC_002_2025|EXT_DOC_002_2026,,https://nyncj.beijing.gov.cn/nyj/zwgk/zcgk/zcwj3149/744058179/2026070319534651291.pdf,2026-08-27T13:59:25.237316+00:00,READY,,LEXICAL_PASS,LEXICAL_PASS,PASS,lexical_prefilter_confirmed,true,v8.1-semantic-adjudication
EXT_E003,external,GENERAL_RULE_EXCEPTION,insurance,梨种植保险冻害赔偿公式修订,评估北京市2026年政策性农业保险统颁参考条款生效后梨种植保险中冻害损失赔偿公式的本体表示,梨种植保险,冻害损失赔偿公式,literal_string,,,EXT_DOC_003_2025|EXT_DOC_003_2026,,https://nyncj.beijing.gov.cn/nyj/zwgk/zcgk/zcwj3149/744058179/2026070319534651291.pdf,2026-08-27T13:59:25.277476+00:00,READY,,LEXICAL_PASS,LEXICAL_PASS,PASS,lexical_prefilter_confirmed,true,v8.1-semantic-adjudication
EXT_E004,external,TEMPORAL_VERSION,web_accessibility,WCAG 2.2 added success criterion 2.4.11,Assess the target conformance requirement after adopting WCAG 2.2; the relevant success criterion is 2.4.11 Focus Not Obscured Minimum.,WCAG success criterion 2.4.11,versioned requirement status,literal_string,,,EXT_DOC_004_OLD|EXT_DOC_004_NEW,,https://www.w3.org/TR/WCAG22/,2026-08-27T13:59:25.329118+00:00,READY,,LEXICAL_PASS,LEXICAL_PASS,PASS,lexical_prefilter_confirmed,true,v8.1-semantic-adjudication
EXT_E005,external,TEMPORAL_VERSION,web_accessibility,WCAG 2.2 added success criterion 2.4.12,Assess the target conformance requirement after adopting WCAG 2.2; the relevant success criterion is 2.4.12 Focus Not Obscured Enhanced.,WCAG success criterion 2.4.12,versioned requirement status,literal_string,,,EXT_DOC_005_OLD|EXT_DOC_005_NEW,,https://www.w3.org/TR/WCAG22/,2026-08-27T13:59:25.357096+00:00,READY,,LEXICAL_PASS,LEXICAL_PASS,PASS,lexical_prefilter_confirmed,true,v8.1-semantic-adjudication
EXT_E006,external,TEMPORAL_VERSION,web_accessibility,WCAG 2.2 added success criterion 2.4.13,Assess the target conformance requirement after adopting WCAG 2.2; the relevant success criterion is 2.4.13 Focus Appearance.,WCAG success criterion 2.4.13,versioned requirement status,literal_string,,,EXT_DOC_006_OLD|EXT_DOC_006_NEW,,https://www.w3.org/TR/wcag2mobile-22/,2026-08-27T13:59:25.388434+00:00,READY,,LEXICAL_PASS,LEXICAL_PASS,PASS,lexical_prefilter_confirmed,true,v8.1-semantic-adjudication
EXT_E007,external,TEMPORAL_VERSION,web_accessibility,WCAG 2.2 added success criterion 2.5.7,Assess the target conformance requirement after adopting WCAG 2.2; the relevant success criterion is 2.5.7 Dragging Movements.,WCAG success criterion 2.5.7,versioned requirement status,literal_string,,,EXT_DOC_007_OLD|EXT_DOC_007_NEW,,https://www.w3.org/TR/WCAG22/,2026-08-27T13:59:25.408613+00:00,READY,,LEXICAL_PASS,LEXICAL_PASS,PASS,lexical_prefilter_confirmed,true,v8.1-semantic-adjudication
EXT_E008,external,TEMPORAL_VERSION,web_accessibility,WCAG 2.2 added success criterion 2.5.8,Assess the target conformance requirement after adopting WCAG 2.2; the relevant success criterion is 2.5.8 Target Size Minimum.,WCAG success criterion 2.5.8,versioned requirement status,literal_string,,,EXT_DOC_008_OLD|EXT_DOC_008_NEW,,https://www.w3.org/TR/WCAG22/,2026-08-27T13:59:25.433835+00:00,READY,,LEXICAL_PASS,LEXICAL_PASS,PASS,lexical_prefilter_confirmed,true,v8.1-semantic-adjudication
EXT_E009,external,TEMPORAL_VERSION,web_accessibility,WCAG 2.2 added success criterion 3.2.6,Assess the target conformance requirement after adopting WCAG 2.2; the relevant success criterion is 3.2.6 Consistent Help.,WCAG success criterion 3.2.6,versioned requirement status,literal_string,,,EXT_DOC_009_OLD|EXT_DOC_009_NEW,,https://www.w3.org/TR/wcag2mobile-22/,2026-08-27T13:59:25.454651+00:00,READY,,LEXICAL_PASS,LEXICAL_PASS,PASS,lexical_prefilter_confirmed,true,v8.1-semantic-adjudication
EXT_E010,external,TEMPORAL_VERSION,web_accessibility,WCAG 2.2 added success criterion 3.3.7,Assess the target conformance requirement after adopting WCAG 2.2; the relevant success criterion is 3.3.7 Redundant Entry.,WCAG success criterion 3.3.7,versioned requirement status,literal_string,,,EXT_DOC_010_OLD|EXT_DOC_010_NEW,,https://www.w3.org/TR/WCAG22/,2026-08-27T13:59:25.474410+00:00,READY,,LEXICAL_PASS,LEXICAL_PASS,PASS,lexical_prefilter_confirmed,true,v8.1-semantic-adjudication
EXT_E011,external,TEMPORAL_VERSION,web_accessibility,WCAG 2.2 added success criterion 3.3.8,Assess the target conformance requirement after adopting WCAG 2.2; the relevant success criterion is 3.3.8 Accessible Authentication Minimum.,WCAG success criterion 3.3.8,versioned requirement status,literal_string,,,EXT_DOC_011_OLD|EXT_DOC_011_NEW,,https://www.w3.org/TR/WCAG22/,2026-08-27T13:59:25.497874+00:00,READY,,LEXICAL_PASS,LEXICAL_PASS,PASS,lexical_prefilter_confirmed,true,v8.1-semantic-adjudication
EXT_E012,external,TEMPORAL_VERSION,web_accessibility,WCAG 2.2 added success criterion 3.3.9,Assess the target conformance requirement after adopting WCAG 2.2; the relevant success criterion is 3.3.9 Accessible Authentication Enhanced.,WCAG success criterion 3.3.9,versioned requirement status,literal_string,,,EXT_DOC_012_OLD|EXT_DOC_012_NEW,,https://www.w3.org/TR/wcag2mobile-22/,2026-08-27T13:59:25.518240+00:00,READY,,LEXICAL_PASS,LEXICAL_PASS,PASS,lexical_prefilter_confirmed,true,v8.1-semantic-adjudication
EXT_E013,external,CROSS_SENTENCE_SCOPE,web_accessibility,WCAG 2.1 cross-reference scope for 1.3.4,Assess the scope of the WCAG 2.1 addition 1.3.4 Orientation; the target value should preserve the criterion identifier and conformance level.,WCAG success criterion 1.3.4,cross-reference requirement scope,literal_string,,,EXT_DOC_013_OLD|EXT_DOC_013_NEW,,https://www.w3.org/TR/WCAG22/,2026-08-27T13:59:25.538097+00:00,READY,,LEXICAL_PASS,LEXICAL_PASS,PASS,lexical_prefilter_confirmed,true,v8.1-semantic-adjudication
EXT_E014,external,CROSS_SENTENCE_SCOPE,web_accessibility,WCAG 2.1 cross-reference scope for 1.3.5,Assess the scope of the WCAG 2.1 addition 1.3.5 Identify Input Purpose; the target value should preserve the criterion identifier and conformance level.,WCAG success criterion 1.3.5,cross-reference requirement scope,literal_string,,,EXT_DOC_014_OLD|EXT_DOC_014_NEW,,https://www.w3.org/TR/WCAG22/,2026-08-27T13:59:25.565863+00:00,READY,,LEXICAL_PASS,LEXICAL_PASS,PASS,lexical_prefilter_confirmed,true,v8.1-semantic-adjudication
EXT_E015,external,CROSS_SENTENCE_SCOPE,web_accessibility,WCAG 2.1 cross-reference scope for 1.3.6,Assess the scope of the WCAG 2.1 addition 1.3.6 Identify Purpose; the target value should preserve the criterion identifier and conformance level.,WCAG success criterion 1.3.6,cross-reference requirement scope,literal_string,,,EXT_DOC_015_OLD|EXT_DOC_015_NEW,,https://www.w3.org/TR/wcag2mobile-22/,2026-08-27T13:59:25.585466+00:00,READY,,LEXICAL_PASS,LEXICAL_PASS,PASS,lexical_prefilter_confirmed,true,v8.1-semantic-adjudication
EXT_E016,external,CROSS_SENTENCE_SCOPE,web_accessibility,WCAG 2.1 cross-reference scope for 1.4.10,Assess the scope of the WCAG 2.1 addition 1.4.10 Reflow; the target value should preserve the criterion identifier and conformance level.,WCAG success criterion 1.4.10,cross-reference requirement scope,literal_string,,,EXT_DOC_016_OLD|EXT_DOC_016_NEW,,https://www.w3.org/TR/WCAG22/,2026-08-27T13:59:25.603930+00:00,READY,,LEXICAL_PASS,LEXICAL_PASS,PASS,lexical_prefilter_confirmed,true,v8.1-semantic-adjudication
EXT_E017,external,CROSS_SENTENCE_SCOPE,web_accessibility,WCAG 2.1 cross-reference scope for 1.4.11,Assess the scope of the WCAG 2.1 addition 1.4.11 Non-text Contrast; the target value should preserve the criterion identifier and conformance level.,WCAG success criterion 1.4.11,cross-reference requirement scope,literal_string,,,EXT_DOC_017_OLD|EXT_DOC_017_NEW,,https://www.w3.org/TR/WCAG22/,2026-08-27T13:59:25.632241+00:00,READY,,LEXICAL_PASS,LEXICAL_PASS,PASS,lexical_prefilter_confirmed,true,v8.1-semantic-adjudication
EXT_E018,external,CROSS_SENTENCE_SCOPE,web_accessibility,WCAG 2.1 cross-reference scope for 1.4.12,Assess the scope of the WCAG 2.1 addition 1.4.12 Text Spacing; the target value should preserve the criterion identifier and conformance level.,WCAG success criterion 1.4.12,cross-reference requirement scope,literal_string,,,EXT_DOC_018_OLD|EXT_DOC_018_NEW,,https://www.w3.org/TR/wcag2mobile-22/,2026-08-27T13:59:25.653693+00:00,READY,,LEXICAL_PASS,LEXICAL_PASS,PASS,lexical_prefilter_confirmed,true,v8.1-semantic-adjudication
EXT_E019,external,CROSS_SENTENCE_SCOPE,web_accessibility,WCAG 2.1 cross-reference scope for 1.4.13,Assess the scope of the WCAG 2.1 addition 1.4.13 Content on Hover or Focus; the target value should preserve the criterion identifier and conformance level.,WCAG success criterion 1.4.13,cross-reference requirement scope,literal_string,,,EXT_DOC_019_OLD|EXT_DOC_019_NEW,,https://www.w3.org/TR/WCAG22/,2026-08-27T13:59:25.676762+00:00,READY,,LEXICAL_PASS,LEXICAL_PASS,PASS,lexical_prefilter_confirmed,true,v8.1-semantic-adjudication
EXT_E020,external,CROSS_SENTENCE_SCOPE,web_accessibility,WCAG 2.1 cross-reference scope for 2.1.4,Assess the scope of the WCAG 2.1 addition 2.1.4 Character Key Shortcuts; the target value should preserve the criterion identifier and conformance level.,WCAG success criterion 2.1.4,cross-reference requirement scope,literal_string,,,EXT_DOC_020_OLD|EXT_DOC_020_NEW,,https://www.w3.org/TR/WCAG22/,2026-08-27T13:59:25.702241+00:00,READY,,LEXICAL_PASS,LEXICAL_PASS,PASS,lexical_prefilter_confirmed,true,v8.1-semantic-adjudication
EXT_E021,external,CROSS_SENTENCE_SCOPE,web_accessibility,WCAG 2.1 cross-reference scope for 4.1.3,Assess the scope of the WCAG 2.1 addition 4.1.3 Status Messages; the target value should preserve the criterion identifier and conformance level.,WCAG success criterion 4.1.3,cross-reference requirement scope,literal_string,,,EXT_DOC_021_OLD|EXT_DOC_021_NEW,,https://www.w3.org/TR/wcag2mobile-22/,2026-08-27T13:59:25.725934+00:00,READY,,LEXICAL_PASS,LEXICAL_PASS,PASS,lexical_prefilter_confirmed,true,v8.1-semantic-adjudication
EXT_E022,external,GENERAL_RULE_EXCEPTION,web_accessibility,WCAG 2.1 input modality rule 2.5.1,Assess whether WCAG 2.1 adds an input modality requirement for 2.5.1 Pointer Gestures and what conformance level should be represented.,WCAG success criterion 2.5.1,input modality rule status,literal_string,,,EXT_DOC_022_OLD|EXT_DOC_022_NEW,,https://www.w3.org/TR/WCAG22/,2026-08-27T13:59:25.749706+00:00,READY,,LEXICAL_PASS,LEXICAL_PASS,PASS,lexical_prefilter_confirmed,true,v8.1-semantic-adjudication
EXT_E023,external,GENERAL_RULE_EXCEPTION,web_accessibility,WCAG 2.1 input modality rule 2.5.2,Assess whether WCAG 2.1 adds an input modality requirement for 2.5.2 Pointer Cancellation and what conformance level should be represented.,WCAG success criterion 2.5.2,input modality rule status,literal_string,,,EXT_DOC_023_OLD|EXT_DOC_023_NEW,,https://www.w3.org/TR/WCAG22/,2026-08-27T13:59:25.776576+00:00,READY,,LEXICAL_PASS,LEXICAL_PASS,PASS,lexical_prefilter_confirmed,true,v8.1-semantic-adjudication
EXT_E024,external,GENERAL_RULE_EXCEPTION,web_accessibility,WCAG 2.1 input modality rule 2.5.3,Assess whether WCAG 2.1 adds an input modality requirement for 2.5.3 Label in Name and what conformance level should be represented.,WCAG success criterion 2.5.3,input modality rule status,literal_string,,,EXT_DOC_024_OLD|EXT_DOC_024_NEW,,https://www.w3.org/TR/wcag2mobile-22/,2026-08-27T13:59:25.802070+00:00,READY,,LEXICAL_PASS,LEXICAL_PASS,PASS,lexical_prefilter_confirmed,true,v8.1-semantic-adjudication
EXT_E025,external,GENERAL_RULE_EXCEPTION,digital_identity,NIST SP 800-63-4 change: risk_management_context,Assess the NIST SP 800-63 Revision 4 change summary after the 2025 final release; the target change is: Updates text and context setting for risk management.,NIST SP 800-63-4 risk_management_context,revision change status,literal_string,,,EXT_DOC_025_OLD|EXT_DOC_025_NEW,,https://pages.nist.gov/800-63-4/,2026-08-27T13:59:25.814557+00:00,READY,,LEXICAL_PASS,LEXICAL_PASS,PASS,lexical_prefilter_confirmed,true,v8.1-semantic-adjudication
EXT_E026,external,GENERAL_RULE_EXCEPTION,digital_identity,NIST SP 800-63-4 change: continuous_evaluation_metrics,Assess the NIST SP 800-63 Revision 4 change summary after the 2025 final release; the target change is: Adds recommended continuous evaluation metrics.,NIST SP 800-63-4 continuous_evaluation_metrics,revision change status,literal_string,,,EXT_DOC_026_OLD|EXT_DOC_026_NEW,,https://pages.nist.gov/800-63-4/sp800-63a.html,2026-08-27T13:59:25.854363+00:00,READY,,LEXICAL_PASS,LEXICAL_PASS,PASS,lexical_prefilter_confirmed,true,v8.1-semantic-adjudication
EXT_E027,external,GENERAL_RULE_EXCEPTION,digital_identity,NIST SP 800-63-4 change: fraud_requirements_identity_proofing,Assess the NIST SP 800-63 Revision 4 change summary after the 2025 final release; the target change is: Expands fraud requirements and recommendations for identity proofing processes.,NIST SP 800-63-4 fraud_requirements_identity_proofing,revision change status,literal_string,,,EXT_DOC_027_OLD|EXT_DOC_027_NEW,,https://pages.nist.gov/800-63-4/sp800-63b.html,2026-08-27T14:24:33.439018+00:00,READY,,LEXICAL_FAIL,SEMANTIC_PASS,PASS,paraphrase_relation_adjudication,true,v8.1-semantic-adjudication
EXT_E028,external,GENERAL_RULE_EXCEPTION,digital_identity,NIST SP 800-63-4 change: identity_proofing_roles_types,Assess the NIST SP 800-63 Revision 4 change summary after the 2025 final release; the target change is: Restructures the identity proofing controls to better define roles and types of identity proofing.,NIST SP 800-63-4 identity_proofing_roles_types,revision change status,literal_string,,,EXT_DOC_028_OLD|EXT_DOC_028_NEW,,https://pages.nist.gov/800-63-4/,2026-08-27T13:59:25.941260+00:00,READY,,LEXICAL_PASS,LEXICAL_PASS,PASS,lexical_prefilter_confirmed,true,v8.1-semantic-adjudication
EXT_E029,external,GENERAL_RULE_EXCEPTION,digital_identity,NIST SP 800-63-4 change: injection_attacks_forged_media,Assess the NIST SP 800-63 Revision 4 change summary after the 2025 final release; the target change is: Adds controls for addressing injection attacks and forged media.,NIST SP 800-63-4 injection_attacks_forged_media,revision change status,literal_string,,,EXT_DOC_029_OLD|EXT_DOC_029_NEW,,https://pages.nist.gov/800-63-4/sp800-63a.html,2026-08-27T13:59:25.952799+00:00,READY,,LEXICAL_PASS,LEXICAL_PASS,PASS,lexical_prefilter_confirmed,true,v8.1-semantic-adjudication
EXT_E030,external,GENERAL_RULE_EXCEPTION,digital_identity,NIST SP 800-63-4 change: syncable_authenticators,Assess the NIST SP 800-63 Revision 4 change summary after the 2025 final release; the target change is: Integrates syncable authenticators.,NIST SP 800-63-4 syncable_authenticators,revision change status,literal_string,,,EXT_DOC_030_OLD|EXT_DOC_030_NEW,,https://pages.nist.gov/800-63-4/sp800-63b.html,2026-08-27T13:59:25.978191+00:00,READY,,LEXICAL_PASS,LEXICAL_PASS,PASS,lexical_prefilter_confirmed,true,v8.1-semantic-adjudication
EXT_E031,external,TEMPORAL_VERSION,web_accessibility,WCAG 2.2 public change: Parsing,Assess the current normative representation for WCAG 2.2 Parsing using public source What's New in WCAG 2.2.,WCAG 2.2 Parsing,versioned requirement status,literal_string,,,EXT_DOC_031_OLD|EXT_DOC_031_NEW,,https://www.w3.org/TR/WCAG22/,2026-08-27T13:59:26.006329+00:00,READY,,LEXICAL_PASS,LEXICAL_PASS,PASS,lexical_prefilter_confirmed,true,v8.1-semantic-adjudication
EXT_E032,external,GENERAL_RULE_EXCEPTION,web_accessibility,WCAG 2.2 public change: WCAG 2.2 language notes,Assess the current normative representation for WCAG 2.2 WCAG 2.2 language notes using public source What's New in WCAG 2.2.,WCAG 2.2 WCAG 2.2 language notes,versioned requirement status,literal_string,,,EXT_DOC_032_OLD|EXT_DOC_032_NEW,,https://www.w3.org/TR/WCAG22/,2026-08-27T13:59:26.034273+00:00,READY,,LEXICAL_PASS,LEXICAL_PASS,PASS,lexical_prefilter_confirmed,true,v8.1-semantic-adjudication
EXT_E033,external,CROSS_SENTENCE_SCOPE,web_accessibility,WCAG 2.2 public change: WCAG 2.2 backward compatibility,Assess the current normative representation for WCAG 2.2 WCAG 2.2 backward compatibility using public source What's New in WCAG 2.2.,WCAG 2.2 WCAG 2.2 backward compatibility,versioned requirement status,literal_string,,,EXT_DOC_033_OLD|EXT_DOC_033_NEW,,https://www.w3.org/TR/WCAG22/,2026-08-27T13:59:32.094356+00:00,READY,,LEXICAL_PASS,LEXICAL_PASS,PASS,lexical_prefilter_confirmed,true,v8.1-semantic-adjudication
EXT_E034,external,TEMPORAL_VERSION,web_accessibility,WCAG 2.2 public change: Focus Not Obscured family,Assess the current normative representation for WCAG 2.2 Focus Not Obscured family using public source What's New in WCAG 2.2.,WCAG 2.2 Focus Not Obscured family,versioned requirement status,literal_string,,,EXT_DOC_034_OLD|EXT_DOC_034_NEW,,https://www.w3.org/TR/WCAG22/,2026-08-27T13:59:26.075999+00:00,READY,,LEXICAL_PASS,LEXICAL_PASS,PASS,lexical_prefilter_confirmed,true,v8.1-semantic-adjudication
EXT_E035,external,GENERAL_RULE_EXCEPTION,web_accessibility,WCAG 2.2 public change: Target Size Minimum exception family,Assess the current normative representation for WCAG 2.2 Target Size Minimum exception family using public source What's New in WCAG 2.2.,WCAG 2.2 Target Size Minimum exception family,versioned requirement status,literal_string,,,EXT_DOC_035_OLD|EXT_DOC_035_NEW,,https://www.w3.org/TR/WCAG22/,2026-08-27T13:59:26.104422+00:00,READY,,LEXICAL_PASS,LEXICAL_PASS,PASS,lexical_prefilter_confirmed,true,v8.1-semantic-adjudication
EXT_E036,external,CROSS_SENTENCE_SCOPE,web_accessibility,WCAG 2.2 public change: Accessible Authentication scope,Assess the current normative representation for WCAG 2.2 Accessible Authentication scope using public source What's New in WCAG 2.2.,WCAG 2.2 Accessible Authentication scope,versioned requirement status,literal_string,,,EXT_DOC_036_OLD|EXT_DOC_036_NEW,,https://www.w3.org/TR/wcag2mobile-22/,2026-08-27T13:59:26.127544+00:00,READY,,LEXICAL_PASS,LEXICAL_PASS,PASS,lexical_prefilter_confirmed,true,v8.1-semantic-adjudication
EXT_E037,external,TEMPORAL_VERSION,web_accessibility,WCAG 2.2 public change: Dragging Movements addition,Assess the current normative representation for WCAG 2.2 Dragging Movements addition using public source What's New in WCAG 2.2.,WCAG 2.2 Dragging Movements addition,versioned requirement status,literal_string,,,EXT_DOC_037_OLD|EXT_DOC_037_NEW,,https://www.w3.org/TR/WCAG22/,2026-08-27T13:59:26.148895+00:00,READY,,LEXICAL_PASS,LEXICAL_PASS,PASS,lexical_prefilter_confirmed,true,v8.1-semantic-adjudication
EXT_E038,external,GENERAL_RULE_EXCEPTION,web_accessibility,WCAG 2.2 public change: Redundant Entry addition,Assess the current normative representation for WCAG 2.2 Redundant Entry addition using public source What's New in WCAG 2.2.,WCAG 2.2 Redundant Entry addition,versioned requirement status,literal_string,,,EXT_DOC_038_OLD|EXT_DOC_038_NEW,,https://www.w3.org/TR/WCAG22/,2026-08-27T13:59:26.176370+00:00,READY,,LEXICAL_PASS,LEXICAL_PASS,PASS,lexical_prefilter_confirmed,true,v8.1-semantic-adjudication
EXT_E039,external,CROSS_SENTENCE_SCOPE,web_accessibility,WCAG2Mobile scope event EXT_E039,Assess the current normative representation for WCAG2Mobile EXT_E039 using public source Guidance on Applying WCAG 2.2 to Mobile Applications.,WCAG2Mobile EXT_E039,mobile application guidance scope,literal_string,,,EXT_DOC_039_OLD|EXT_DOC_039_NEW,,https://www.w3.org/TR/wcag2mobile-22/,2026-08-27T13:59:26.199184+00:00,READY,,LEXICAL_PASS,LEXICAL_PASS,PASS,lexical_prefilter_confirmed,true,v8.1-semantic-adjudication
EXT_E040,external,CROSS_SENTENCE_SCOPE,web_accessibility,WCAG2Mobile scope event EXT_E040,Assess the current normative representation for WCAG2Mobile EXT_E040 using public source Guidance on Applying WCAG 2.2 to Mobile Applications.,WCAG2Mobile EXT_E040,mobile application guidance scope,literal_string,,,EXT_DOC_040_OLD|EXT_DOC_040_NEW,,https://www.w3.org/TR/WCAG22/,2026-08-27T13:59:26.219516+00:00,READY,,LEXICAL_PASS,LEXICAL_PASS,PASS,lexical_prefilter_confirmed,true,v8.1-semantic-adjudication
EXT_E041,external,GENERAL_RULE_EXCEPTION,web_accessibility,WCAG2Mobile scope event EXT_E041,Assess the current normative representation for WCAG2Mobile EXT_E041 using public source Guidance on Applying WCAG 2.2 to Mobile Applications.,WCAG2Mobile EXT_E041,mobile application guidance scope,literal_string,,,EXT_DOC_041_OLD|EXT_DOC_041_NEW,,https://www.w3.org/TR/WCAG22/,2026-08-27T13:59:26.246673+00:00,READY,,LEXICAL_PASS,LEXICAL_PASS,PASS,lexical_prefilter_confirmed,true,v8.1-semantic-adjudication
EXT_E042,external,GENERAL_RULE_EXCEPTION,web_accessibility,WCAG2Mobile scope event EXT_E042,Assess the current normative representation for WCAG2Mobile EXT_E042 using public source Guidance on Applying WCAG 2.2 to Mobile Applications.,WCAG2Mobile EXT_E042,mobile application guidance scope,literal_string,,,EXT_DOC_042_OLD|EXT_DOC_042_NEW,,https://www.w3.org/TR/wcag2mobile-22/,2026-08-27T13:59:26.268566+00:00,READY,,LEXICAL_PASS,LEXICAL_PASS,PASS,lexical_prefilter_confirmed,true,v8.1-semantic-adjudication
EXT_E043,external,TEMPORAL_VERSION,digital_identity,NIST SP 800-63-4 public revision event EXT_E043,Assess the current normative representation for NIST SP 800-63-4 EXT_E043 using public source NIST SP 800-63 Revision 3 to Revision 4.,NIST SP 800-63-4 EXT_E043,revision status,literal_string,,,EXT_DOC_043_OLD|EXT_DOC_043_NEW,,https://pages.nist.gov/800-63-4/sp800-63b.html,2026-08-27T14:24:33.469246+00:00,READY,,LEXICAL_AMBIGUOUS,SEMANTIC_PASS,PASS,paraphrase_relation_adjudication,true,v8.1-semantic-adjudication
EXT_E044,external,TEMPORAL_VERSION,digital_identity,NIST SP 800-63-4 public revision event EXT_E044,Assess the current normative representation for NIST SP 800-63-4 EXT_E044 using public source NIST SP 800-63 Revision 3 to Revision 4.,NIST SP 800-63-4 EXT_E044,revision status,literal_string,,,EXT_DOC_044_OLD|EXT_DOC_044_NEW,,https://pages.nist.gov/800-63-4/sp800-63b.html,2026-08-27T14:24:33.501510+00:00,READY,,LEXICAL_AMBIGUOUS,SEMANTIC_PASS,PASS,paraphrase_relation_adjudication,true,v8.1-semantic-adjudication
EXT_E045,external,GENERAL_RULE_EXCEPTION,digital_identity,NIST SP 800-63-4 public revision event EXT_E045,Assess the current normative representation for NIST SP 800-63-4 EXT_E045 using public source NIST SP 800-63 Revision 3 to Revision 4.,NIST SP 800-63-4 EXT_E045,revision status,literal_string,,,EXT_DOC_045_OLD|EXT_DOC_045_NEW,,https://pages.nist.gov/800-63-4/sp800-63a.html,2026-08-27T14:24:33.557939+00:00,READY,,LEXICAL_AMBIGUOUS,SEMANTIC_PASS,PASS,paraphrase_relation_adjudication,true,v8.1-semantic-adjudication
EXT_E046,external,GENERAL_RULE_EXCEPTION,digital_identity,NIST SP 800-63-4 public revision event EXT_E046,Assess the current normative representation for NIST SP 800-63-4 EXT_E046 using public source NIST SP 800-63 Revision 3 to Revision 4.,NIST SP 800-63-4 EXT_E046,revision status,literal_string,,,EXT_DOC_046_OLD|EXT_DOC_046_NEW,,https://pages.nist.gov/800-63-4/,2026-08-27T13:59:26.340500+00:00,READY,,LEXICAL_PASS,LEXICAL_PASS,PASS,lexical_prefilter_confirmed,true,v8.1-semantic-adjudication
EXT_E047,external,CROSS_SENTENCE_SCOPE,digital_identity,NIST SP 800-63-4 public revision event EXT_E047,Assess the current normative representation for NIST SP 800-63-4 EXT_E047 using public source NIST SP 800-63 Revision 3 to Revision 4.,NIST SP 800-63-4 EXT_E047,revision status,literal_string,,,EXT_DOC_047_OLD|EXT_DOC_047_NEW,,https://pages.nist.gov/800-63-4/sp800-63a.html,2026-08-27T13:59:26.352013+00:00,READY,,LEXICAL_PASS,LEXICAL_PASS,PASS,lexical_prefilter_confirmed,true,v8.1-semantic-adjudication
EXT_E048,external,GENERAL_RULE_EXCEPTION,digital_identity,NIST SP 800-63-4 public revision event EXT_E048,Assess the current normative representation for NIST SP 800-63-4 EXT_E048 using public source NIST SP 800-63 Revision 3 to Revision 4.,NIST SP 800-63-4 EXT_E048,revision status,literal_string,,,EXT_DOC_048_OLD|EXT_DOC_048_NEW,,https://pages.nist.gov/800-63-4/,2026-08-27T13:59:32.670627+00:00,READY,,LEXICAL_PASS,LEXICAL_PASS,PASS,lexical_prefilter_confirmed,true,v8.1-semantic-adjudication
EXT_E050,external,CROSS_SENTENCE_SCOPE,digital_identity,NIST SP 800-63-4 public revision event EXT_E050,Assess the current normative representation for NIST SP 800-63-4 EXT_E050 using public source NIST SP 800-63 Revision 3 to Revision 4.,NIST SP 800-63-4 EXT_E050,revision status,literal_string,,,EXT_DOC_050_OLD|EXT_DOC_050_NEW,,https://pages.nist.gov/800-63-4/,2026-08-27T13:59:32.802619+00:00,READY,,LEXICAL_PASS,LEXICAL_PASS,PASS,lexical_prefilter_confirmed,true,v8.1-semantic-adjudication
EXT_E051,external,CROSS_SENTENCE_SCOPE,digital_identity,NIST SP 800-63A/B scope event EXT_E051,Assess the current normative representation for NIST SP 800-63A/B EXT_E051 using public source NIST SP 800-63A/B Revision 4.,NIST SP 800-63A/B EXT_E051,document scope status,literal_string,,,EXT_DOC_051_OLD|EXT_DOC_051_NEW,,https://pages.nist.gov/800-63-4/sp800-63b.html,2026-08-27T13:59:26.444574+00:00,READY,,LEXICAL_PASS,LEXICAL_PASS,PASS,lexical_prefilter_confirmed,true,v8.1-semantic-adjudication
EXT_E052,external,GENERAL_RULE_EXCEPTION,digital_identity,NIST SP 800-63A/B scope event EXT_E052,Assess the current normative representation for NIST SP 800-63A/B EXT_E052 using public source NIST SP 800-63A/B Revision 4.,NIST SP 800-63A/B EXT_E052,document scope status,literal_string,,,EXT_DOC_052_OLD|EXT_DOC_052_NEW,,https://pages.nist.gov/800-63-4/,2026-08-27T13:59:26.466628+00:00,READY,,LEXICAL_PASS,LEXICAL_PASS,PASS,lexical_prefilter_confirmed,true,v8.1-semantic-adjudication
EXT_E053,external,CROSS_SENTENCE_SCOPE,digital_identity,NIST SP 800-63A/B scope event EXT_E053,Assess the current normative representation for NIST SP 800-63A/B EXT_E053 using public source NIST SP 800-63A/B Revision 4.,NIST SP 800-63A/B EXT_E053,document scope status,literal_string,,,EXT_DOC_053_OLD|EXT_DOC_053_NEW,,https://pages.nist.gov/800-63-4/sp800-63a.html,2026-08-27T13:59:26.477634+00:00,READY,,LEXICAL_PASS,LEXICAL_PASS,PASS,lexical_prefilter_confirmed,true,v8.1-semantic-adjudication
EXT_E054,external,GENERAL_RULE_EXCEPTION,digital_identity,NIST SP 800-63A/B scope event EXT_E054,Assess the current normative representation for NIST SP 800-63A/B EXT_E054 using public source NIST SP 800-63A/B Revision 4.,NIST SP 800-63A/B EXT_E054,document scope status,literal_string,,,EXT_DOC_054_OLD|EXT_DOC_054_NEW,,https://pages.nist.gov/800-63-4/sp800-63b.html,2026-08-27T13:59:26.501965+00:00,READY,,LEXICAL_PASS,LEXICAL_PASS,PASS,lexical_prefilter_confirmed,true,v8.1-semantic-adjudication
EXT_E055,external,GENERAL_RULE_EXCEPTION,digital_identity,NIST SP 800-63A/B scope event EXT_E055,Assess the current normative representation for NIST SP 800-63A/B EXT_E055 using public source NIST SP 800-63A/B Revision 4.,NIST SP 800-63A/B EXT_E055,document scope status,literal_string,,,EXT_DOC_055_OLD|EXT_DOC_055_NEW,,https://pages.nist.gov/800-63-4/sp800-63a.html,2026-08-27T13:59:32.894535+00:00,READY,,LEXICAL_PASS,LEXICAL_PASS,PASS,lexical_prefilter_confirmed,true,v8.1-semantic-adjudication
EXT_E057,external,TEMPORAL_VERSION,eu_regulation,EUR-Lex amendment event EXT_E057,Assess the current normative representation for EUR-Lex amendment EXT_E057 using public source EUR-Lex regulation amendment with effective date and annex changes.,EUR-Lex amendment EXT_E057,regulatory amendment status,literal_string,,,EXT_DOC_057_OLD|EXT_DOC_057_NEW,,https://op.europa.eu/o/opportal-service/download-handler?identifier=dec9f5e7-43f8-11eb-b59f-01aa75ed71a1&format=PDF&language=en&productionSystem=cellar&part=,2026-08-27T13:59:26.939866+00:00,READY,,LEXICAL_PASS,LEXICAL_PASS,PASS,lexical_prefilter_confirmed,true,v8.1-semantic-adjudication
EXT_E058,external,GENERAL_RULE_EXCEPTION,eu_regulation,EUR-Lex amendment event EXT_E058,Assess the current normative representation for EUR-Lex amendment EXT_E058 using public source EUR-Lex regulation amendment with effective date and annex changes.,EUR-Lex amendment EXT_E058,regulatory amendment status,literal_string,,,EXT_DOC_058_OLD|EXT_DOC_058_NEW,,https://op.europa.eu/o/opportal-service/download-handler?identifier=dec9f5e7-43f8-11eb-b59f-01aa75ed71a1&format=PDF&language=en&productionSystem=cellar&part=,2026-08-27T13:59:26.986689+00:00,READY,,LEXICAL_PASS,LEXICAL_PASS,PASS,lexical_prefilter_confirmed,true,v8.1-semantic-adjudication
EXT_E059,external,CROSS_SENTENCE_SCOPE,eu_regulation,EUR-Lex amendment event EXT_E059,Assess the current normative representation for EUR-Lex amendment EXT_E059 using public source EUR-Lex regulation amendment with effective date and annex changes.,EUR-Lex amendment EXT_E059,regulatory amendment status,literal_string,,,EXT_DOC_059_OLD|EXT_DOC_059_NEW,,https://op.europa.eu/o/opportal-service/download-handler?identifier=dec9f5e7-43f8-11eb-b59f-01aa75ed71a1&format=PDF&language=en&productionSystem=cellar&part=,2026-08-27T14:24:34.078058+00:00,READY,,LEXICAL_AMBIGUOUS,SEMANTIC_PASS,PASS,paraphrase_relation_adjudication,true,v8.1-semantic-adjudication
EXT_E060,external,TEMPORAL_VERSION,eu_regulation,EUR-Lex amendment event EXT_E060,Assess the current normative representation for EUR-Lex amendment EXT_E060 using public source EUR-Lex regulation amendment with effective date and annex changes.,EUR-Lex amendment EXT_E060,regulatory amendment status,literal_string,,,EXT_DOC_060_OLD|EXT_DOC_060_NEW,,https://op.europa.eu/o/opportal-service/download-handler?identifier=dec9f5e7-43f8-11eb-b59f-01aa75ed71a1&format=PDF&language=en&productionSystem=cellar&part=,2026-08-27T14:29:12.255055+00:00,READY,,LEXICAL_AMBIGUOUS,SEMANTIC_PASS,PASS,paraphrase_relation_adjudication,true,v8.1-semantic-adjudication
EXT_E061,external,GENERAL_RULE_EXCEPTION,eu_regulation,EUR-Lex amendment event EXT_E061,Assess the current normative representation for EUR-Lex amendment EXT_E061 using public source EUR-Lex regulation amendment with effective date and annex changes.,EUR-Lex amendment EXT_E061,regulatory amendment status,literal_string,,,EXT_DOC_061_OLD|EXT_DOC_061_NEW,,https://op.europa.eu/o/opportal-service/download-handler?identifier=dec9f5e7-43f8-11eb-b59f-01aa75ed71a1&format=PDF&language=en&productionSystem=cellar&part=,2026-08-27T14:24:34.166479+00:00,READY,,LEXICAL_AMBIGUOUS,SEMANTIC_PASS,PASS,paraphrase_relation_adjudication,true,v8.1-semantic-adjudication
EXT_E062,external,CROSS_SENTENCE_SCOPE,eu_regulation,EUR-Lex amendment event EXT_E062,Assess the current normative representation for EUR-Lex amendment EXT_E062 using public source EUR-Lex regulation amendment with effective date and annex changes.,EUR-Lex amendment EXT_E062,regulatory amendment status,literal_string,,,EXT_DOC_062_OLD|EXT_DOC_062_NEW,,https://op.europa.eu/o/opportal-service/download-handler?identifier=dec9f5e7-43f8-11eb-b59f-01aa75ed71a1&format=PDF&language=en&productionSystem=cellar&part=,2026-08-27T14:24:34.213608+00:00,READY,,LEXICAL_AMBIGUOUS,SEMANTIC_PASS,PASS,paraphrase_relation_adjudication,true,v8.1-semantic-adjudication
EXT_E063,external,TEMPORAL_VERSION,us_regulation,eCFR regulatory text event EXT_E063,Assess the current normative representation for eCFR EXT_E063 using public source eCFR current regulatory text and effective-date requirements.,eCFR EXT_E063,regulatory text status,literal_string,,,EXT_DOC_063_OLD|EXT_DOC_063_NEW,,https://www.federalregister.gov/documents/full_text/html/2023/08/04/2023-16194.html,2026-08-27T13:59:27.295381+00:00,READY,,LEXICAL_PASS,LEXICAL_PASS,PASS,lexical_prefilter_confirmed,true,v8.1-semantic-adjudication
EXT_E064,external,CROSS_SENTENCE_SCOPE,us_regulation,eCFR regulatory text event EXT_E064,Assess the current normative representation for eCFR EXT_E064 using public source eCFR current regulatory text and effective-date requirements.,eCFR EXT_E064,regulatory text status,literal_string,,,EXT_DOC_064_OLD|EXT_DOC_064_NEW,,https://www.federalregister.gov/documents/full_text/html/2023/08/04/2023-16194.html,2026-08-27T14:26:53.187494+00:00,READY,,LEXICAL_AMBIGUOUS,SEMANTIC_PASS,PASS,paraphrase_relation_adjudication,true,v8.1-semantic-adjudication
EXT_E065,external,GENERAL_RULE_EXCEPTION,us_regulation,eCFR regulatory text event EXT_E065,Assess the current normative representation for eCFR EXT_E065 using public source eCFR current regulatory text and effective-date requirements.,eCFR EXT_E065,regulatory text status,literal_string,,,EXT_DOC_065_OLD|EXT_DOC_065_NEW,,https://www.federalregister.gov/documents/full_text/html/2023/08/04/2023-16194.html,2026-08-27T14:26:53.223436+00:00,READY,,LEXICAL_AMBIGUOUS,SEMANTIC_PASS,PASS,paraphrase_relation_adjudication,true,v8.1-semantic-adjudication
EXT_E066,external,TEMPORAL_VERSION,us_regulation,eCFR regulatory text event EXT_E066,Assess the current normative representation for eCFR EXT_E066 using public source eCFR current regulatory text and effective-date requirements.,eCFR EXT_E066,regulatory text status,literal_string,,,EXT_DOC_066_OLD|EXT_DOC_066_NEW,,https://www.federalregister.gov/documents/full_text/html/2023/08/04/2023-16194.html,2026-08-27T13:59:27.397746+00:00,READY,,LEXICAL_PASS,LEXICAL_PASS,PASS,lexical_prefilter_confirmed,true,v8.1-semantic-adjudication
EXT_E067,external,CROSS_SENTENCE_SCOPE,us_regulation,eCFR regulatory text event EXT_E067,Assess the current normative representation for eCFR EXT_E067 using public source eCFR current regulatory text and effective-date requirements.,eCFR EXT_E067,regulatory text status,literal_string,,,EXT_DOC_067_OLD|EXT_DOC_067_NEW,,https://www.federalregister.gov/documents/full_text/html/2023/08/04/2023-16194.html,2026-08-27T13:59:27.429025+00:00,READY,,LEXICAL_PASS,LEXICAL_PASS,PASS,lexical_prefilter_confirmed,true,v8.1-semantic-adjudication
EXT_E068,external,GENERAL_RULE_EXCEPTION,us_regulation,eCFR regulatory text event EXT_E068,Assess the current normative representation for eCFR EXT_E068 using public source eCFR current regulatory text and effective-date requirements.,eCFR EXT_E068,regulatory text status,literal_string,,,EXT_DOC_068_OLD|EXT_DOC_068_NEW,,https://www.federalregister.gov/documents/full_text/html/2023/08/04/2023-16194.html,2026-08-27T14:26:53.259206+00:00,READY,,LEXICAL_AMBIGUOUS,SEMANTIC_PASS,PASS,paraphrase_relation_adjudication,true,v8.1-semantic-adjudication
EXT_E069,external,TEMPORAL_VERSION,insurance,greenhouse vegetable insurance amount split,Assess the current normative representation for `Beijing 2026 policy agricultural insurance reference terms :: greenhouse vegetable insurance amount split` using the cited official public source.,Beijing 2026 policy agricultural insurance reference terms :: greenhouse vegetable insurance amount split,insured amount facet,literal_string,,,EXT3_DOC_069_OLD|EXT3_DOC_069_NEW,,https://nyncj.beijing.gov.cn/nyj/zwgk/zcgk/zcwj3149/744058179/2026070319534651291.pdf,2026-08-27T14:24:34.471556+00:00,READY,,LEXICAL_FAIL,SEMANTIC_PASS,PASS,paraphrase_relation_adjudication,true,v8.1-semantic-adjudication
EXT_E070,external,TEMPORAL_VERSION,insurance,wheat lodging five-level definition,Assess the current normative representation for `Beijing 2026 policy agricultural insurance reference terms :: wheat lodging five-level definition` using the cited official public source.,Beijing 2026 policy agricultural insurance reference terms :: wheat lodging five-level definition,damage definition,literal_string,,,EXT3_DOC_070_OLD|EXT3_DOC_070_NEW,,https://nyncj.beijing.gov.cn/nyj/zwgk/zcgk/zcwj3149/744058179/2026070319534651291.pdf,2026-08-27T14:24:34.484936+00:00,READY,,LEXICAL_FAIL,SEMANTIC_PASS,PASS,paraphrase_relation_adjudication,true,v8.1-semantic-adjudication
EXT_E071,external,TEMPORAL_VERSION,insurance,corn loss-rate compensation formula,Assess the current normative representation for `Beijing 2026 policy agricultural insurance reference terms :: corn loss-rate compensation formula` using the cited official public source.,Beijing 2026 policy agricultural insurance reference terms :: corn loss-rate compensation formula,claim formula,literal_string,,,EXT3_DOC_071_OLD|EXT3_DOC_071_NEW,,https://nyncj.beijing.gov.cn/nyj/zwgk/zcgk/zcwj3149/744058179/2026070319534651291.pdf,2026-08-27T13:59:27.514062+00:00,READY,,LEXICAL_PASS,LEXICAL_PASS,PASS,lexical_prefilter_confirmed,true,v8.1-semantic-adjudication
EXT_E072,external,TEMPORAL_VERSION,insurance,rice covered disaster scope,Assess the current normative representation for `Beijing 2026 policy agricultural insurance reference terms :: rice covered disaster scope` using the cited official public source.,Beijing 2026 policy agricultural insurance reference terms :: rice covered disaster scope,covered peril scope,literal_string,,,EXT3_DOC_072_OLD|EXT3_DOC_072_NEW,,https://nyncj.beijing.gov.cn/nyj/zwgk/zcgk/zcwj3149/744058179/2026070319534651291.pdf,2026-08-27T14:24:34.499020+00:00,READY,,LEXICAL_FAIL,SEMANTIC_PASS,PASS,paraphrase_relation_adjudication,true,v8.1-semantic-adjudication
EXT_E073,external,TEMPORAL_VERSION,insurance,soybean growth-stage compensation limit,Assess the current normative representation for `Beijing 2026 policy agricultural insurance reference terms :: soybean growth-stage compensation limit` using the cited official public source.,Beijing 2026 policy agricultural insurance reference terms :: soybean growth-stage compensation limit,growth-stage rule,literal_string,,,EXT3_DOC_073_OLD|EXT3_DOC_073_NEW,,https://nyncj.beijing.gov.cn/nyj/zwgk/zcgk/zcwj3149/744058179/2026070319534651291.pdf,2026-08-27T14:24:34.512629+00:00,READY,,LEXICAL_FAIL,SEMANTIC_PASS,PASS,paraphrase_relation_adjudication,true,v8.1-semantic-adjudication
EXT_E074,external,TEMPORAL_VERSION,insurance,fruit-tree freeze exception,Assess the current normative representation for `Beijing 2026 policy agricultural insurance reference terms :: fruit-tree freeze exception` using the cited official public source.,Beijing 2026 policy agricultural insurance reference terms :: fruit-tree freeze exception,exception rule,literal_string,,,EXT3_DOC_074_OLD|EXT3_DOC_074_NEW,,https://nyncj.beijing.gov.cn/nyj/zwgk/zcgk/zcwj3149/744058179/2026070319534651291.pdf,2026-08-27T14:24:34.526123+00:00,READY,,LEXICAL_FAIL,SEMANTIC_PASS,PASS,paraphrase_relation_adjudication,true,v8.1-semantic-adjudication
EXT_E075,external,TEMPORAL_VERSION,insurance,livestock epidemic coverage scope,Assess the current normative representation for `Beijing 2026 policy agricultural insurance reference terms :: livestock epidemic coverage scope` using the cited official public source.,Beijing 2026 policy agricultural insurance reference terms :: livestock epidemic coverage scope,covered peril scope,literal_string,,,EXT3_DOC_075_OLD|EXT3_DOC_075_NEW,,https://nyncj.beijing.gov.cn/nyj/zwgk/zcgk/zcwj3149/744058179/2026070319534651291.pdf,2026-08-27T14:24:34.538487+00:00,READY,,LEXICAL_FAIL,SEMANTIC_PASS,PASS,paraphrase_relation_adjudication,true,v8.1-semantic-adjudication
EXT_E076,external,TEMPORAL_VERSION,insurance,aquaculture storm damage trigger,Assess the current normative representation for `Beijing 2026 policy agricultural insurance reference terms :: aquaculture storm damage trigger` using the cited official public source.,Beijing 2026 policy agricultural insurance reference terms :: aquaculture storm damage trigger,trigger condition,literal_string,,,EXT3_DOC_076_OLD|EXT3_DOC_076_NEW,,https://nyncj.beijing.gov.cn/nyj/zwgk/zcgk/zcwj3149/744058179/2026070319534651291.pdf,2026-08-27T13:59:27.578763+00:00,READY,,LEXICAL_PASS,LEXICAL_PASS,PASS,lexical_prefilter_confirmed,true,v8.1-semantic-adjudication
EXT_E077,external,TEMPORAL_VERSION,insurance,facility crop damage ratio,Assess the current normative representation for `Beijing 2026 policy agricultural insurance reference terms :: facility crop damage ratio` using the cited official public source.,Beijing 2026 policy agricultural insurance reference terms :: facility crop damage ratio,loss ratio rule,literal_string,,,EXT3_DOC_077_OLD|EXT3_DOC_077_NEW,,https://nyncj.beijing.gov.cn/nyj/zwgk/zcgk/zcwj3149/744058179/2026070319534651291.pdf,2026-08-27T14:24:34.552084+00:00,READY,,LEXICAL_AMBIGUOUS,SEMANTIC_PASS,PASS,paraphrase_relation_adjudication,true,v8.1-semantic-adjudication
EXT_E078,external,TEMPORAL_VERSION,insurance,seedling replanting cost coverage,Assess the current normative representation for `Beijing 2026 policy agricultural insurance reference terms :: seedling replanting cost coverage` using the cited official public source.,Beijing 2026 policy agricultural insurance reference terms :: seedling replanting cost coverage,cost item,literal_string,,,EXT3_DOC_078_OLD|EXT3_DOC_078_NEW,,https://nyncj.beijing.gov.cn/nyj/zwgk/zcgk/zcwj3149/744058179/2026070319534651291.pdf,2026-08-27T14:24:34.564797+00:00,READY,,LEXICAL_AMBIGUOUS,SEMANTIC_PASS,PASS,paraphrase_relation_adjudication,true,v8.1-semantic-adjudication
EXT_E079,external,TEMPORAL_VERSION,insurance,orchard hail deductible exception,Assess the current normative representation for `Beijing 2026 policy agricultural insurance reference terms :: orchard hail deductible exception` using the cited official public source.,Beijing 2026 policy agricultural insurance reference terms :: orchard hail deductible exception,deductible rule,literal_string,,,EXT3_DOC_079_OLD|EXT3_DOC_079_NEW,,https://nyncj.beijing.gov.cn/nyj/zwgk/zcgk/zcwj3149/744058179/2026070319534651291.pdf,2026-08-27T14:24:34.577213+00:00,READY,,LEXICAL_FAIL,SEMANTIC_PASS,PASS,paraphrase_relation_adjudication,true,v8.1-semantic-adjudication
EXT_E080,external,TEMPORAL_VERSION,insurance,vegetable rotation scope,Assess the current normative representation for `Beijing 2026 policy agricultural insurance reference terms :: vegetable rotation scope` using the cited official public source.,Beijing 2026 policy agricultural insurance reference terms :: vegetable rotation scope,scope rule,literal_string,,,EXT3_DOC_080_OLD|EXT3_DOC_080_NEW,,https://nyncj.beijing.gov.cn/nyj/zwgk/zcgk/zcwj3149/744058179/2026070319534651291.pdf,2026-08-27T14:24:34.589757+00:00,READY,,LEXICAL_AMBIGUOUS,SEMANTIC_PASS,PASS,paraphrase_relation_adjudication,true,v8.1-semantic-adjudication
EXT_E081,external,TEMPORAL_VERSION,insurance,policy term effective period,Assess the current normative representation for `Beijing 2026 policy agricultural insurance reference terms :: policy term effective period` using the cited official public source.,Beijing 2026 policy agricultural insurance reference terms :: policy term effective period,effective period,literal_string,,,EXT3_DOC_081_OLD|EXT3_DOC_081_NEW,,https://nyncj.beijing.gov.cn/nyj/zwgk/zcgk/zcwj3149/744058179/2026070319534651291.pdf,2026-08-27T13:59:27.640456+00:00,READY,,LEXICAL_PASS,LEXICAL_PASS,PASS,lexical_prefilter_confirmed,true,v8.1-semantic-adjudication
EXT_E082,external,TEMPORAL_VERSION,insurance,claims notice deadline,Assess the current normative representation for `Beijing 2026 policy agricultural insurance reference terms :: claims notice deadline` using the cited official public source.,Beijing 2026 policy agricultural insurance reference terms :: claims notice deadline,deadline rule,literal_string,,,EXT3_DOC_082_OLD|EXT3_DOC_082_NEW,,https://nyncj.beijing.gov.cn/nyj/zwgk/zcgk/zcwj3149/744058179/2026070319534651291.pdf,2026-08-27T14:24:34.602341+00:00,READY,,LEXICAL_AMBIGUOUS,SEMANTIC_PASS,PASS,paraphrase_relation_adjudication,true,v8.1-semantic-adjudication
EXT_E083,external,TEMPORAL_VERSION,insurance,field verification requirement,Assess the current normative representation for `Beijing 2026 policy agricultural insurance reference terms :: field verification requirement` using the cited official public source.,Beijing 2026 policy agricultural insurance reference terms :: field verification requirement,evidence requirement,literal_string,,,EXT3_DOC_083_OLD|EXT3_DOC_083_NEW,,https://nyncj.beijing.gov.cn/nyj/zwgk/zcgk/zcwj3149/744058179/2026070319534651291.pdf,2026-08-27T14:24:34.615263+00:00,READY,,LEXICAL_FAIL,SEMANTIC_PASS,PASS,paraphrase_relation_adjudication,true,v8.1-semantic-adjudication
EXT_E084,external,TEMPORAL_VERSION,insurance,insured area adjustment,Assess the current normative representation for `Beijing 2026 policy agricultural insurance reference terms :: insured area adjustment` using the cited official public source.,Beijing 2026 policy agricultural insurance reference terms :: insured area adjustment,adjustment rule,literal_string,,,EXT3_DOC_084_OLD|EXT3_DOC_084_NEW,,https://nyncj.beijing.gov.cn/nyj/zwgk/zcgk/zcwj3149/744058179/2026070319534651291.pdf,2026-08-27T14:24:34.627620+00:00,READY,,LEXICAL_FAIL,SEMANTIC_PASS,PASS,paraphrase_relation_adjudication,true,v8.1-semantic-adjudication
EXT_E085,external,TEMPORAL_VERSION,insurance,premium subsidy scope,Assess the current normative representation for `Beijing 2026 policy agricultural insurance reference terms :: premium subsidy scope` using the cited official public source.,Beijing 2026 policy agricultural insurance reference terms :: premium subsidy scope,subsidy scope,literal_string,,,EXT3_DOC_085_OLD|EXT3_DOC_085_NEW,,https://nyncj.beijing.gov.cn/nyj/zwgk/zcgk/zcwj3149/744058179/2026070319534651291.pdf,2026-08-27T13:59:27.688455+00:00,READY,,LEXICAL_PASS,LEXICAL_PASS,PASS,lexical_prefilter_confirmed,true,v8.1-semantic-adjudication
EXT_E086,external,TEMPORAL_VERSION,eu_regulation,CLP Annex VI entry update,Assess the current normative representation for `Commission Delegated Regulation (EU) 2020/2174 :: CLP Annex VI entry update` using the cited official public source.,Commission Delegated Regulation (EU) 2020/2174 :: CLP Annex VI entry update,classification status,literal_string,,,EXT3_DOC_086_OLD|EXT3_DOC_086_NEW,,https://op.europa.eu/o/opportal-service/download-handler?identifier=dec9f5e7-43f8-11eb-b59f-01aa75ed71a1&format=PDF&language=en&productionSystem=cellar&part=,2026-08-27T13:59:27.778654+00:00,READY,,LEXICAL_PASS,LEXICAL_PASS,PASS,lexical_prefilter_confirmed,true,v8.1-semantic-adjudication
EXT_E087,external,TEMPORAL_VERSION,eu_regulation,harmonised classification scope,Assess the current normative representation for `Commission Delegated Regulation (EU) 2020/2174 :: harmonised classification scope` using the cited official public source.,Commission Delegated Regulation (EU) 2020/2174 :: harmonised classification scope,scope rule,literal_string,,,EXT3_DOC_087_OLD|EXT3_DOC_087_NEW,,https://op.europa.eu/o/opportal-service/download-handler?identifier=dec9f5e7-43f8-11eb-b59f-01aa75ed71a1&format=PDF&language=en&productionSystem=cellar&part=,2026-08-27T14:24:34.676315+00:00,READY,,LEXICAL_AMBIGUOUS,SEMANTIC_PASS,PASS,paraphrase_relation_adjudication,true,v8.1-semantic-adjudication
EXT_E088,external,TEMPORAL_VERSION,eu_regulation,transitional application date,Assess the current normative representation for `Commission Delegated Regulation (EU) 2020/2174 :: transitional application date` using the cited official public source.,Commission Delegated Regulation (EU) 2020/2174 :: transitional application date,effective date,literal_string,,,EXT3_DOC_088_OLD|EXT3_DOC_088_NEW,,https://op.europa.eu/o/opportal-service/download-handler?identifier=dec9f5e7-43f8-11eb-b59f-01aa75ed71a1&format=PDF&language=en&productionSystem=cellar&part=,2026-08-27T14:24:34.726025+00:00,READY,,LEXICAL_FAIL,SEMANTIC_PASS,PASS,paraphrase_relation_adjudication,true,v8.1-semantic-adjudication
EXT_E089,external,TEMPORAL_VERSION,eu_regulation,hazard statement mapping,Assess the current normative representation for `Commission Delegated Regulation (EU) 2020/2174 :: hazard statement mapping` using the cited official public source.,Commission Delegated Regulation (EU) 2020/2174 :: hazard statement mapping,hazard statement,literal_string,,,EXT3_DOC_089_OLD|EXT3_DOC_089_NEW,,https://op.europa.eu/o/opportal-service/download-handler?identifier=dec9f5e7-43f8-11eb-b59f-01aa75ed71a1&format=PDF&language=en&productionSystem=cellar&part=,2026-08-27T13:59:27.926697+00:00,READY,,LEXICAL_PASS,LEXICAL_PASS,PASS,lexical_prefilter_confirmed,true,v8.1-semantic-adjudication
EXT_E090,external,TEMPORAL_VERSION,eu_regulation,labelling exception,Assess the current normative representation for `Commission Delegated Regulation (EU) 2020/2174 :: labelling exception` using the cited official public source.,Commission Delegated Regulation (EU) 2020/2174 :: labelling exception,exception rule,literal_string,,,EXT3_DOC_090_OLD|EXT3_DOC_090_NEW,,https://op.europa.eu/o/opportal-service/download-handler?identifier=dec9f5e7-43f8-11eb-b59f-01aa75ed71a1&format=PDF&language=en&productionSystem=cellar&part=,2026-08-27T13:59:27.982511+00:00,READY,,LEXICAL_PASS,LEXICAL_PASS,PASS,lexical_prefilter_confirmed,true,v8.1-semantic-adjudication
EXT_E091,external,TEMPORAL_VERSION,eu_regulation,packaging scope,Assess the current normative representation for `Commission Delegated Regulation (EU) 2020/2174 :: packaging scope` using the cited official public source.,Commission Delegated Regulation (EU) 2020/2174 :: packaging scope,scope rule,literal_string,,,EXT3_DOC_091_OLD|EXT3_DOC_091_NEW,,https://op.europa.eu/o/opportal-service/download-handler?identifier=dec9f5e7-43f8-11eb-b59f-01aa75ed71a1&format=PDF&language=en&productionSystem=cellar&part=,2026-08-27T14:24:34.786897+00:00,READY,,LEXICAL_AMBIGUOUS,SEMANTIC_PASS,PASS,paraphrase_relation_adjudication,true,v8.1-semantic-adjudication
EXT_E092,external,TEMPORAL_VERSION,eu_regulation,mixture classification cross-reference,Assess the current normative representation for `Commission Delegated Regulation (EU) 2020/2174 :: mixture classification cross-reference` using the cited official public source.,Commission Delegated Regulation (EU) 2020/2174 :: mixture classification cross-reference,cross reference,literal_string,,,EXT3_DOC_092_OLD|EXT3_DOC_092_NEW,,https://op.europa.eu/o/opportal-service/download-handler?identifier=dec9f5e7-43f8-11eb-b59f-01aa75ed71a1&format=PDF&language=en&productionSystem=cellar&part=,2026-08-27T13:59:28.093654+00:00,READY,,LEXICAL_PASS,LEXICAL_PASS,PASS,lexical_prefilter_confirmed,true,v8.1-semantic-adjudication
EXT_E093,external,TEMPORAL_VERSION,eu_regulation,substance table replacement,Assess the current normative representation for `Commission Delegated Regulation (EU) 2020/2174 :: substance table replacement` using the cited official public source.,Commission Delegated Regulation (EU) 2020/2174 :: substance table replacement,table status,literal_string,,,EXT3_DOC_093_OLD|EXT3_DOC_093_NEW,,https://op.europa.eu/o/opportal-service/download-handler?identifier=dec9f5e7-43f8-11eb-b59f-01aa75ed71a1&format=PDF&language=en&productionSystem=cellar&part=,2026-08-27T13:59:28.141232+00:00,READY,,LEXICAL_PASS,LEXICAL_PASS,PASS,lexical_prefilter_confirmed,true,v8.1-semantic-adjudication
EXT_E094,external,TEMPORAL_VERSION,eu_regulation,classification note update,Assess the current normative representation for `Commission Delegated Regulation (EU) 2020/2174 :: classification note update` using the cited official public source.,Commission Delegated Regulation (EU) 2020/2174 :: classification note update,note status,literal_string,,,EXT3_DOC_094_OLD|EXT3_DOC_094_NEW,,https://op.europa.eu/o/opportal-service/download-handler?identifier=dec9f5e7-43f8-11eb-b59f-01aa75ed71a1&format=PDF&language=en&productionSystem=cellar&part=,2026-08-27T13:59:28.203184+00:00,READY,,LEXICAL_PASS,LEXICAL_PASS,PASS,lexical_prefilter_confirmed,true,v8.1-semantic-adjudication
EXT_E095,external,TEMPORAL_VERSION,eu_regulation,annex effective window,Assess the current normative representation for `Commission Delegated Regulation (EU) 2020/2174 :: annex effective window` using the cited official public source.,Commission Delegated Regulation (EU) 2020/2174 :: annex effective window,effective window,literal_string,,,EXT3_DOC_095_OLD|EXT3_DOC_095_NEW,,https://op.europa.eu/o/opportal-service/download-handler?identifier=dec9f5e7-43f8-11eb-b59f-01aa75ed71a1&format=PDF&language=en&productionSystem=cellar&part=,2026-08-27T14:24:34.843452+00:00,READY,,LEXICAL_FAIL,SEMANTIC_PASS,PASS,paraphrase_relation_adjudication,true,v8.1-semantic-adjudication
EXT_E096,external,TEMPORAL_VERSION,eu_regulation,regulatory derogation,Assess the current normative representation for `Commission Delegated Regulation (EU) 2020/2174 :: regulatory derogation` using the cited official public source.,Commission Delegated Regulation (EU) 2020/2174 :: regulatory derogation,derogation rule,literal_string,,,EXT3_DOC_096_OLD|EXT3_DOC_096_NEW,,https://op.europa.eu/o/opportal-service/download-handler?identifier=dec9f5e7-43f8-11eb-b59f-01aa75ed71a1&format=PDF&language=en&productionSystem=cellar&part=,2026-08-27T14:24:34.898955+00:00,READY,,LEXICAL_AMBIGUOUS,SEMANTIC_PASS,PASS,paraphrase_relation_adjudication,true,v8.1-semantic-adjudication
EXT_E097,external,TEMPORAL_VERSION,eu_regulation,entry deletion marker,Assess the current normative representation for `Commission Delegated Regulation (EU) 2020/2174 :: entry deletion marker` using the cited official public source.,Commission Delegated Regulation (EU) 2020/2174 :: entry deletion marker,entry status,literal_string,,,EXT3_DOC_097_OLD|EXT3_DOC_097_NEW,,https://op.europa.eu/o/opportal-service/download-handler?identifier=dec9f5e7-43f8-11eb-b59f-01aa75ed71a1&format=PDF&language=en&productionSystem=cellar&part=,2026-08-27T13:59:28.369329+00:00,READY,,LEXICAL_PASS,LEXICAL_PASS,PASS,lexical_prefilter_confirmed,true,v8.1-semantic-adjudication
EXT_E098,external,TEMPORAL_VERSION,eu_regulation,entry insertion marker,Assess the current normative representation for `Commission Delegated Regulation (EU) 2020/2174 :: entry insertion marker` using the cited official public source.,Commission Delegated Regulation (EU) 2020/2174 :: entry insertion marker,entry status,literal_string,,,EXT3_DOC_098_OLD|EXT3_DOC_098_NEW,,https://op.europa.eu/o/opportal-service/download-handler?identifier=dec9f5e7-43f8-11eb-b59f-01aa75ed71a1&format=PDF&language=en&productionSystem=cellar&part=,2026-08-27T13:59:28.424150+00:00,READY,,LEXICAL_PASS,LEXICAL_PASS,PASS,lexical_prefilter_confirmed,true,v8.1-semantic-adjudication
EXT_E099,external,TEMPORAL_VERSION,eu_regulation,cross-annex scope,Assess the current normative representation for `Commission Delegated Regulation (EU) 2020/2174 :: cross-annex scope` using the cited official public source.,Commission Delegated Regulation (EU) 2020/2174 :: cross-annex scope,scope rule,literal_string,,,EXT3_DOC_099_OLD|EXT3_DOC_099_NEW,,https://op.europa.eu/o/opportal-service/download-handler?identifier=dec9f5e7-43f8-11eb-b59f-01aa75ed71a1&format=PDF&language=en&productionSystem=cellar&part=,2026-08-27T14:24:34.945774+00:00,READY,,LEXICAL_AMBIGUOUS,SEMANTIC_PASS,PASS,paraphrase_relation_adjudication,true,v8.1-semantic-adjudication
EXT_E100,external,TEMPORAL_VERSION,us_regulation,SEC Form 8-K Item 1.05 disclosure,"Assess the current normative representation for `Cybersecurity Risk Management, Strategy, Governance, and Incident Disclosure rules :: SEC Form 8-K Item 1.05 disclosure` using the cited official public source.","Cybersecurity Risk Management, Strategy, Governance, and Incident Disclosure rules :: SEC Form 8-K Item 1.05 disclosure",disclosure deadline,literal_string,,,EXT3_DOC_100_OLD|EXT3_DOC_100_NEW,,https://www.federalregister.gov/documents/full_text/html/2023/08/04/2023-16194.html,2026-08-27T13:59:28.508528+00:00,READY,,LEXICAL_PASS,LEXICAL_PASS,PASS,lexical_prefilter_confirmed,true,v8.1-semantic-adjudication
EXT_E101,external,TEMPORAL_VERSION,us_regulation,SEC national-security disclosure delay,"Assess the current normative representation for `Cybersecurity Risk Management, Strategy, Governance, and Incident Disclosure rules :: SEC national-security disclosure delay` using the cited official public source.","Cybersecurity Risk Management, Strategy, Governance, and Incident Disclosure rules :: SEC national-security disclosure delay",delay exception,literal_string,,,EXT3_DOC_101_OLD|EXT3_DOC_101_NEW,,https://www.federalregister.gov/documents/full_text/html/2023/08/04/2023-16194.html,2026-08-27T14:24:35.127094+00:00,READY,,LEXICAL_AMBIGUOUS,SEMANTIC_PASS,PASS,paraphrase_relation_adjudication,true,v8.1-semantic-adjudication
EXT_E102,external,TEMPORAL_VERSION,us_regulation,SEC Regulation S-K Item 106 process disclosure,"Assess the current normative representation for `Cybersecurity Risk Management, Strategy, Governance, and Incident Disclosure rules :: SEC Regulation S-K Item 106 process disclosure` using the cited official public source.","Cybersecurity Risk Management, Strategy, Governance, and Incident Disclosure rules :: SEC Regulation S-K Item 106 process disclosure",process disclosure,literal_string,,,EXT3_DOC_102_OLD|EXT3_DOC_102_NEW,,https://www.federalregister.gov/documents/full_text/html/2023/08/04/2023-16194.html,2026-08-27T13:59:28.581697+00:00,READY,,LEXICAL_PASS,LEXICAL_PASS,PASS,lexical_prefilter_confirmed,true,v8.1-semantic-adjudication
EXT_E103,external,TEMPORAL_VERSION,us_regulation,SEC material impact scope,"Assess the current normative representation for `Cybersecurity Risk Management, Strategy, Governance, and Incident Disclosure rules :: SEC material impact scope` using the cited official public source.","Cybersecurity Risk Management, Strategy, Governance, and Incident Disclosure rules :: SEC material impact scope",impact scope,literal_string,,,EXT3_DOC_103_OLD|EXT3_DOC_103_NEW,,https://www.federalregister.gov/documents/full_text/html/2023/08/04/2023-16194.html,2026-08-27T13:59:28.619767+00:00,READY,,LEXICAL_PASS,LEXICAL_PASS,PASS,lexical_prefilter_confirmed,true,v8.1-semantic-adjudication
EXT_E104,external,TEMPORAL_VERSION,us_regulation,SEC governance disclosure,"Assess the current normative representation for `Cybersecurity Risk Management, Strategy, Governance, and Incident Disclosure rules :: SEC governance disclosure` using the cited official public source.","Cybersecurity Risk Management, Strategy, Governance, and Incident Disclosure rules :: SEC governance disclosure",governance rule,literal_string,,,EXT3_DOC_104_OLD|EXT3_DOC_104_NEW,,https://www.federalregister.gov/documents/full_text/html/2023/08/04/2023-16194.html,2026-08-27T13:59:28.656872+00:00,READY,,LEXICAL_PASS,LEXICAL_PASS,PASS,lexical_prefilter_confirmed,true,v8.1-semantic-adjudication
EXT_E105,external,TEMPORAL_VERSION,us_regulation,SEC annual strategy disclosure,"Assess the current normative representation for `Cybersecurity Risk Management, Strategy, Governance, and Incident Disclosure rules :: SEC annual strategy disclosure` using the cited official public source.","Cybersecurity Risk Management, Strategy, Governance, and Incident Disclosure rules :: SEC annual strategy disclosure",annual disclosure,literal_string,,,EXT3_DOC_105_OLD|EXT3_DOC_105_NEW,,https://www.federalregister.gov/documents/full_text/html/2023/08/04/2023-16194.html,2026-08-27T13:59:28.690407+00:00,READY,,LEXICAL_PASS,LEXICAL_PASS,PASS,lexical_prefilter_confirmed,true,v8.1-semantic-adjudication
EXT_E106,external,TEMPORAL_VERSION,us_regulation,EPA lead action level,Assess the current normative representation for `Lead and Copper Rule Improvements :: EPA lead action level` using the cited official public source.,Lead and Copper Rule Improvements :: EPA lead action level,action level,literal_string,,,EXT3_DOC_106_OLD|EXT3_DOC_106_NEW,,https://www.gpo.gov/fdsys/pkg/FR-2007-10-10/pdf/E7-19432.pdf,2026-08-27T13:59:28.816438+00:00,READY,,LEXICAL_PASS,LEXICAL_PASS,PASS,lexical_prefilter_confirmed,true,v8.1-semantic-adjudication
EXT_E107,external,TEMPORAL_VERSION,us_regulation,EPA copper action level,Assess the current normative representation for `Lead and Copper Rule Improvements :: EPA copper action level` using the cited official public source.,Lead and Copper Rule Improvements :: EPA copper action level,action level,literal_string,,,EXT3_DOC_107_OLD|EXT3_DOC_107_NEW,,https://www.gpo.gov/fdsys/pkg/FR-2007-10-10/pdf/E7-19432.pdf,2026-08-27T13:59:28.839286+00:00,READY,,LEXICAL_PASS,LEXICAL_PASS,PASS,lexical_prefilter_confirmed,true,v8.1-semantic-adjudication
EXT_E108,external,TEMPORAL_VERSION,us_regulation,EPA public education trigger,Assess the current normative representation for `Lead and Copper Rule Improvements :: EPA public education trigger` using the cited official public source.,Lead and Copper Rule Improvements :: EPA public education trigger,notification trigger,literal_string,,,EXT3_DOC_108_OLD|EXT3_DOC_108_NEW,,https://www.gpo.gov/fdsys/pkg/FR-2007-10-10/pdf/E7-19432.pdf,2026-08-27T13:59:28.864869+00:00,READY,,LEXICAL_PASS,LEXICAL_PASS,PASS,lexical_prefilter_confirmed,true,v8.1-semantic-adjudication
EXT_E109,external,TEMPORAL_VERSION,us_regulation,EPA 2024 LCRI scope,Assess the current normative representation for `Lead and Copper Rule Improvements :: EPA 2024 LCRI scope` using the cited official public source.,Lead and Copper Rule Improvements :: EPA 2024 LCRI scope,scope rule,literal_string,,,EXT3_DOC_109_OLD|EXT3_DOC_109_NEW,,https://www.gpo.gov/fdsys/pkg/FR-2007-10-10/pdf/E7-19432.pdf,2026-08-27T13:59:28.886226+00:00,READY,,LEXICAL_PASS,LEXICAL_PASS,PASS,lexical_prefilter_confirmed,true,v8.1-semantic-adjudication
EXT_E110,external,TEMPORAL_VERSION,us_regulation,EPA 2021 LCRR school and childcare scope,Assess the current normative representation for `Lead and Copper Rule Improvements :: EPA 2021 LCRR school and childcare scope` using the cited official public source.,Lead and Copper Rule Improvements :: EPA 2021 LCRR school and childcare scope,scope rule,literal_string,,,EXT3_DOC_110_OLD|EXT3_DOC_110_NEW,,https://www.gpo.gov/fdsys/pkg/FR-2007-10-10/pdf/E7-19432.pdf,2026-08-27T14:24:35.161851+00:00,READY,,LEXICAL_AMBIGUOUS,SEMANTIC_PASS,PASS,paraphrase_relation_adjudication,true,v8.1-semantic-adjudication
EXT_E111,external,TEMPORAL_VERSION,us_regulation,EPA service-line inventory requirement,Assess the current normative representation for `Lead and Copper Rule Improvements :: EPA service-line inventory requirement` using the cited official public source.,Lead and Copper Rule Improvements :: EPA service-line inventory requirement,inventory rule,literal_string,,,EXT3_DOC_111_OLD|EXT3_DOC_111_NEW,,https://www.gpo.gov/fdsys/pkg/FR-2007-10-10/pdf/E7-19432.pdf,2026-08-27T13:59:28.929018+00:00,READY,,LEXICAL_PASS,LEXICAL_PASS,PASS,lexical_prefilter_confirmed,true,v8.1-semantic-adjudication
EXT_E112,external,TEMPORAL_VERSION,us_regulation,EPA lead service-line replacement,Assess the current normative representation for `Lead and Copper Rule Improvements :: EPA lead service-line replacement` using the cited official public source.,Lead and Copper Rule Improvements :: EPA lead service-line replacement,replacement rule,literal_string,,,EXT3_DOC_112_OLD|EXT3_DOC_112_NEW,,https://www.gpo.gov/fdsys/pkg/FR-2007-10-10/pdf/E7-19432.pdf,2026-08-27T14:24:35.186165+00:00,READY,,LEXICAL_AMBIGUOUS,SEMANTIC_PASS,PASS,paraphrase_relation_adjudication,true,v8.1-semantic-adjudication
EXT_E113,external,TEMPORAL_VERSION,us_regulation,EPA tap sampling scope,Assess the current normative representation for `Lead and Copper Rule Improvements :: EPA tap sampling scope` using the cited official public source.,Lead and Copper Rule Improvements :: EPA tap sampling scope,sampling scope,literal_string,,,EXT3_DOC_113_OLD|EXT3_DOC_113_NEW,,https://www.gpo.gov/fdsys/pkg/FR-2007-10-10/pdf/E7-19432.pdf,2026-08-27T13:59:28.984364+00:00,READY,,LEXICAL_PASS,LEXICAL_PASS,PASS,lexical_prefilter_confirmed,true,v8.1-semantic-adjudication
EXT_E114,external,TEMPORAL_VERSION,cybersecurity_controls,CSF 2.0 Govern function,Assess the current normative representation for `Cybersecurity Framework 2.0 :: CSF 2.0 Govern function` using the cited official public source.,Cybersecurity Framework 2.0 :: CSF 2.0 Govern function,core function,literal_string,,,EXT3_DOC_114_OLD|EXT3_DOC_114_NEW,,https://doi.org/10.6028/NIST.CSWP.29,2026-08-27T13:59:29.020038+00:00,READY,,LEXICAL_PASS,LEXICAL_PASS,PASS,lexical_prefilter_confirmed,true,v8.1-semantic-adjudication
EXT_E115,external,TEMPORAL_VERSION,cybersecurity_controls,CSF 2.0 all-organization scope,Assess the current normative representation for `Cybersecurity Framework 2.0 :: CSF 2.0 all-organization scope` using the cited official public source.,Cybersecurity Framework 2.0 :: CSF 2.0 all-organization scope,scope,literal_string,,,EXT3_DOC_115_OLD|EXT3_DOC_115_NEW,,https://doi.org/10.6028/NIST.CSWP.29,2026-08-27T13:59:29.039155+00:00,READY,,LEXICAL_PASS,LEXICAL_PASS,PASS,lexical_prefilter_confirmed,true,v8.1-semantic-adjudication
EXT_E116,external,TEMPORAL_VERSION,cybersecurity_controls,CSF 2.0 supply-chain emphasis,Assess the current normative representation for `Cybersecurity Framework 2.0 :: CSF 2.0 supply-chain emphasis` using the cited official public source.,Cybersecurity Framework 2.0 :: CSF 2.0 supply-chain emphasis,emphasis,literal_string,,,EXT3_DOC_116_OLD|EXT3_DOC_116_NEW,,https://doi.org/10.6028/NIST.CSWP.29,2026-08-27T13:59:29.048722+00:00,READY,,LEXICAL_PASS,LEXICAL_PASS,PASS,lexical_prefilter_confirmed,true,v8.1-semantic-adjudication
EXT_E117,external,TEMPORAL_VERSION,cybersecurity_controls,CSF 2.0 profile resources,Assess the current normative representation for `Cybersecurity Framework 2.0 :: CSF 2.0 profile resources` using the cited official public source.,Cybersecurity Framework 2.0 :: CSF 2.0 profile resources,resource status,literal_string,,,EXT3_DOC_117_OLD|EXT3_DOC_117_NEW,,https://doi.org/10.6028/NIST.CSWP.29,2026-08-27T13:59:29.059084+00:00,READY,,LEXICAL_PASS,LEXICAL_PASS,PASS,lexical_prefilter_confirmed,true,v8.1-semantic-adjudication
EXT_E118,external,TEMPORAL_VERSION,cybersecurity_controls,CSF 2.0 quick-start guides,Assess the current normative representation for `Cybersecurity Framework 2.0 :: CSF 2.0 quick-start guides` using the cited official public source.,Cybersecurity Framework 2.0 :: CSF 2.0 quick-start guides,resource status,literal_string,,,EXT3_DOC_118_OLD|EXT3_DOC_118_NEW,,https://doi.org/10.6028/NIST.CSWP.29,2026-08-27T13:59:29.081350+00:00,READY,,LEXICAL_PASS,LEXICAL_PASS,PASS,lexical_prefilter_confirmed,true,v8.1-semantic-adjudication
EXT_E119,external,GENERAL_RULE_EXCEPTION,cybersecurity_controls,CSF 2.0 informative references,Assess the current normative representation for `Cybersecurity Framework 2.0 :: CSF 2.0 informative references` using the cited official public source.,Cybersecurity Framework 2.0 :: CSF 2.0 informative references,mapping status,literal_string,,,EXT3_DOC_119_OLD|EXT3_DOC_119_NEW,,https://doi.org/10.6028/NIST.CSWP.29,2026-08-27T14:27:22.107871+00:00,READY,,LEXICAL_AMBIGUOUS,SEMANTIC_PASS,PASS,paraphrase_relation_adjudication,true,v8.1-semantic-adjudication
EXT_E120,external,GENERAL_RULE_EXCEPTION,cybersecurity_controls,CSF 2.0 reference tool,Assess the current normative representation for `Cybersecurity Framework 2.0 :: CSF 2.0 reference tool` using the cited official public source.,Cybersecurity Framework 2.0 :: CSF 2.0 reference tool,tool status,literal_string,,,EXT3_DOC_120_OLD|EXT3_DOC_120_NEW,,https://doi.org/10.6028/NIST.CSWP.29,2026-08-27T13:59:29.109744+00:00,READY,,LEXICAL_PASS,LEXICAL_PASS,PASS,lexical_prefilter_confirmed,true,v8.1-semantic-adjudication
EXT_E121,external,GENERAL_RULE_EXCEPTION,cybersecurity_controls,CSF 2.0 enterprise risk framing,Assess the current normative representation for `Cybersecurity Framework 2.0 :: CSF 2.0 enterprise risk framing` using the cited official public source.,Cybersecurity Framework 2.0 :: CSF 2.0 enterprise risk framing,scope,literal_string,,,EXT3_DOC_121_OLD|EXT3_DOC_121_NEW,,https://doi.org/10.6028/NIST.CSWP.29,2026-08-27T13:59:29.121282+00:00,READY,,LEXICAL_PASS,LEXICAL_PASS,PASS,lexical_prefilter_confirmed,true,v8.1-semantic-adjudication
EXT_E122,external,GENERAL_RULE_EXCEPTION,cybersecurity_controls,CSF 2.0 small-business audience,Assess the current normative representation for `Cybersecurity Framework 2.0 :: CSF 2.0 small-business audience` using the cited official public source.,Cybersecurity Framework 2.0 :: CSF 2.0 small-business audience,audience,literal_string,,,EXT3_DOC_122_OLD|EXT3_DOC_122_NEW,,https://doi.org/10.6028/NIST.CSWP.29,2026-08-27T13:59:29.132486+00:00,READY,,LEXICAL_PASS,LEXICAL_PASS,PASS,lexical_prefilter_confirmed,true,v8.1-semantic-adjudication
EXT_E123,external,GENERAL_RULE_EXCEPTION,cybersecurity_controls,CSF 2.0 core guidance update,Assess the current normative representation for `Cybersecurity Framework 2.0 :: CSF 2.0 core guidance update` using the cited official public source.,Cybersecurity Framework 2.0 :: CSF 2.0 core guidance update,core status,literal_string,,,EXT3_DOC_123_OLD|EXT3_DOC_123_NEW,,https://doi.org/10.6028/NIST.CSWP.29,2026-08-27T13:59:29.142074+00:00,READY,,LEXICAL_PASS,LEXICAL_PASS,PASS,lexical_prefilter_confirmed,true,v8.1-semantic-adjudication
EXT_E124,external,GENERAL_RULE_EXCEPTION,cybersecurity_controls,CSF governance decision-making,Assess the current normative representation for `Cybersecurity Framework 2.0 :: CSF governance decision-making` using the cited official public source.,Cybersecurity Framework 2.0 :: CSF governance decision-making,governance rule,literal_string,,,EXT3_DOC_124_OLD|EXT3_DOC_124_NEW,,https://doi.org/10.6028/NIST.CSWP.29,2026-08-27T13:59:29.151737+00:00,READY,,LEXICAL_PASS,LEXICAL_PASS,PASS,lexical_prefilter_confirmed,true,v8.1-semantic-adjudication
EXT_E125,external,GENERAL_RULE_EXCEPTION,cybersecurity_controls,CSF 2.0 lifecycle functions,Assess the current normative representation for `Cybersecurity Framework 2.0 :: CSF 2.0 lifecycle functions` using the cited official public source.,Cybersecurity Framework 2.0 :: CSF 2.0 lifecycle functions,function scope,literal_string,,,EXT3_DOC_125_OLD|EXT3_DOC_125_NEW,,https://doi.org/10.6028/NIST.CSWP.29,2026-08-27T13:59:29.162070+00:00,READY,,LEXICAL_PASS,LEXICAL_PASS,PASS,lexical_prefilter_confirmed,true,v8.1-semantic-adjudication
EXT_E126,external,GENERAL_RULE_EXCEPTION,cybersecurity_controls,CSF 2.0 translations,Assess the current normative representation for `Cybersecurity Framework 2.0 :: CSF 2.0 translations` using the cited official public source.,Cybersecurity Framework 2.0 :: CSF 2.0 translations,resource status,literal_string,,,EXT3_DOC_126_OLD|EXT3_DOC_126_NEW,,https://doi.org/10.6028/NIST.CSWP.29,2026-08-27T14:24:35.246624+00:00,READY,,LEXICAL_AMBIGUOUS,SEMANTIC_PASS,PASS,paraphrase_relation_adjudication,true,v8.1-semantic-adjudication
EXT_E127,external,GENERAL_RULE_EXCEPTION,cybersecurity_controls,CSF AI quick-start draft,Assess the current normative representation for `Cybersecurity Framework 2.0 :: CSF AI quick-start draft` using the cited official public source.,Cybersecurity Framework 2.0 :: CSF AI quick-start draft,draft resource,literal_string,,,EXT3_DOC_127_OLD|EXT3_DOC_127_NEW,,https://doi.org/10.6028/NIST.CSWP.29,2026-08-27T14:24:35.258061+00:00,READY,,LEXICAL_AMBIGUOUS,SEMANTIC_PASS,PASS,paraphrase_relation_adjudication,true,v8.1-semantic-adjudication
EXT_E128,external,GENERAL_RULE_EXCEPTION,cybersecurity_controls,CSF informative-reference mappings,Assess the current normative representation for `Cybersecurity Framework 2.0 :: CSF informative-reference mappings` using the cited official public source.,Cybersecurity Framework 2.0 :: CSF informative-reference mappings,mapping scope,literal_string,,,EXT3_DOC_128_OLD|EXT3_DOC_128_NEW,,https://doi.org/10.6028/NIST.CSWP.29,2026-08-27T13:59:29.189415+00:00,READY,,LEXICAL_PASS,LEXICAL_PASS,PASS,lexical_prefilter_confirmed,true,v8.1-semantic-adjudication
EXT_E129,external,GENERAL_RULE_EXCEPTION,cybersecurity_controls,CSF profiles templates,Assess the current normative representation for `Cybersecurity Framework 2.0 :: CSF profiles templates` using the cited official public source.,Cybersecurity Framework 2.0 :: CSF profiles templates,profile scope,literal_string,,,EXT3_DOC_129_OLD|EXT3_DOC_129_NEW,,https://doi.org/10.6028/NIST.CSWP.29,2026-08-27T13:59:29.209656+00:00,READY,,LEXICAL_PASS,LEXICAL_PASS,PASS,lexical_prefilter_confirmed,true,v8.1-semantic-adjudication
EXT_E130,external,GENERAL_RULE_EXCEPTION,cybersecurity_controls,CSF non-critical-infrastructure applicability,Assess the current normative representation for `Cybersecurity Framework 2.0 :: CSF non-critical-infrastructure applicability` using the cited official public source.,Cybersecurity Framework 2.0 :: CSF non-critical-infrastructure applicability,scope,literal_string,,,EXT3_DOC_130_OLD|EXT3_DOC_130_NEW,,https://doi.org/10.6028/NIST.CSWP.29,2026-08-27T13:59:29.224465+00:00,READY,,LEXICAL_PASS,LEXICAL_PASS,PASS,lexical_prefilter_confirmed,true,v8.1-semantic-adjudication
EXT_E131,external,GENERAL_RULE_EXCEPTION,cybersecurity_controls,CSF enterprise-risk-manager pathway,Assess the current normative representation for `Cybersecurity Framework 2.0 :: CSF enterprise-risk-manager pathway` using the cited official public source.,Cybersecurity Framework 2.0 :: CSF enterprise-risk-manager pathway,audience,literal_string,,,EXT3_DOC_131_OLD|EXT3_DOC_131_NEW,,https://doi.org/10.6028/NIST.CSWP.29,2026-08-27T13:59:29.235092+00:00,READY,,LEXICAL_PASS,LEXICAL_PASS,PASS,lexical_prefilter_confirmed,true,v8.1-semantic-adjudication
EXT_E132,external,GENERAL_RULE_EXCEPTION,cybersecurity_controls,CSF supply-chain pathway,Assess the current normative representation for `Cybersecurity Framework 2.0 :: CSF supply-chain pathway` using the cited official public source.,Cybersecurity Framework 2.0 :: CSF supply-chain pathway,audience,literal_string,,,EXT3_DOC_132_OLD|EXT3_DOC_132_NEW,,https://doi.org/10.6028/NIST.CSWP.29,2026-08-27T13:59:29.254582+00:00,READY,,LEXICAL_PASS,LEXICAL_PASS,PASS,lexical_prefilter_confirmed,true,v8.1-semantic-adjudication
EXT_E133,external,GENERAL_RULE_EXCEPTION,cybersecurity_controls,CSF continuous improvement framing,Assess the current normative representation for `Cybersecurity Framework 2.0 :: CSF continuous improvement framing` using the cited official public source.,Cybersecurity Framework 2.0 :: CSF continuous improvement framing,process rule,literal_string,,,EXT3_DOC_133_OLD|EXT3_DOC_133_NEW,,https://doi.org/10.6028/NIST.CSWP.29,2026-08-27T14:29:12.302048+00:00,READY,,LEXICAL_PASS,LEXICAL_PASS,PASS,lexical_prefilter_confirmed,true,v8.1-semantic-adjudication
EXT_E134,external,GENERAL_RULE_EXCEPTION,privacy_framework,Privacy Framework 1.1 update status,Assess the current normative representation for `Privacy Framework 1.1 Initial Public Draft :: Privacy Framework 1.1 update status` using the cited official public source.,Privacy Framework 1.1 Initial Public Draft :: Privacy Framework 1.1 update status,version status,literal_string,,,EXT3_DOC_134_OLD|EXT3_DOC_134_NEW,,https://nvlpubs.nist.gov/nistpubs/CSWP/NIST.CSWP.40.ipd.pdf,2026-08-27T13:59:29.301579+00:00,READY,,LEXICAL_PASS,LEXICAL_PASS,PASS,lexical_prefilter_confirmed,true,v8.1-semantic-adjudication
EXT_E136,external,GENERAL_RULE_EXCEPTION,privacy_framework,PF 1.0 to PF 1.1 mapping,Assess the current normative representation for `Privacy Framework 1.1 Initial Public Draft :: PF 1.0 to PF 1.1 mapping` using the cited official public source.,Privacy Framework 1.1 Initial Public Draft :: PF 1.0 to PF 1.1 mapping,mapping status,literal_string,,,EXT3_DOC_136_OLD|EXT3_DOC_136_NEW,,https://nvlpubs.nist.gov/nistpubs/CSWP/NIST.CSWP.40.ipd.pdf,2026-08-27T13:59:29.331498+00:00,READY,,LEXICAL_PASS,LEXICAL_PASS,PASS,lexical_prefilter_confirmed,true,v8.1-semantic-adjudication
EXT_E137,external,GENERAL_RULE_EXCEPTION,privacy_framework,Privacy Framework public comment period,Assess the current normative representation for `Privacy Framework 1.1 Initial Public Draft :: Privacy Framework public comment period` using the cited official public source.,Privacy Framework 1.1 Initial Public Draft :: Privacy Framework public comment period,comment status,literal_string,,,EXT3_DOC_137_OLD|EXT3_DOC_137_NEW,,https://nvlpubs.nist.gov/nistpubs/CSWP/NIST.CSWP.40.ipd.pdf,2026-08-27T14:29:12.377975+00:00,READY,,LEXICAL_PASS,LEXICAL_PASS,PASS,lexical_prefilter_confirmed,true,v8.1-semantic-adjudication
EXT_E139,external,GENERAL_RULE_EXCEPTION,privacy_framework,Privacy Framework current risk needs,Assess the current normative representation for `Privacy Framework 1.1 Initial Public Draft :: Privacy Framework current risk needs` using the cited official public source.,Privacy Framework 1.1 Initial Public Draft :: Privacy Framework current risk needs,scope,literal_string,,,EXT3_DOC_139_OLD|EXT3_DOC_139_NEW,,https://nvlpubs.nist.gov/nistpubs/CSWP/NIST.CSWP.40.ipd.pdf,2026-08-27T13:59:29.364956+00:00,READY,,LEXICAL_PASS,LEXICAL_PASS,PASS,lexical_prefilter_confirmed,true,v8.1-semantic-adjudication
EXT_E140,external,GENERAL_RULE_EXCEPTION,privacy_framework,Privacy data-governance profile workshop,Assess the current normative representation for `Privacy Framework 1.1 Initial Public Draft :: Privacy data-governance profile workshop` using the cited official public source.,Privacy Framework 1.1 Initial Public Draft :: Privacy data-governance profile workshop,profile status,literal_string,,,EXT3_DOC_140_OLD|EXT3_DOC_140_NEW,,https://nvlpubs.nist.gov/nistpubs/CSWP/NIST.CSWP.40.ipd.pdf,2026-08-27T13:59:29.375888+00:00,READY,,LEXICAL_PASS,LEXICAL_PASS,PASS,lexical_prefilter_confirmed,true,v8.1-semantic-adjudication
EXT_E141,external,GENERAL_RULE_EXCEPTION,privacy_framework,Privacy Framework IPD resource bundle,Assess the current normative representation for `Privacy Framework 1.1 Initial Public Draft :: Privacy Framework IPD resource bundle` using the cited official public source.,Privacy Framework 1.1 Initial Public Draft :: Privacy Framework IPD resource bundle,resource status,literal_string,,,EXT3_DOC_141_OLD|EXT3_DOC_141_NEW,,https://nvlpubs.nist.gov/nistpubs/CSWP/NIST.CSWP.40.ipd.pdf,2026-08-27T13:59:29.386435+00:00,READY,,LEXICAL_PASS,LEXICAL_PASS,PASS,lexical_prefilter_confirmed,true,v8.1-semantic-adjudication
EXT_E142,external,GENERAL_RULE_EXCEPTION,privacy_framework,Privacy Framework core category trace,Assess the current normative representation for `Privacy Framework 1.1 Initial Public Draft :: Privacy Framework core category trace` using the cited official public source.,Privacy Framework 1.1 Initial Public Draft :: Privacy Framework core category trace,mapping status,literal_string,,,EXT3_DOC_142_OLD|EXT3_DOC_142_NEW,,https://nvlpubs.nist.gov/nistpubs/CSWP/NIST.CSWP.40.ipd.pdf,2026-08-27T13:59:29.398105+00:00,READY,,LEXICAL_PASS,LEXICAL_PASS,PASS,lexical_prefilter_confirmed,true,v8.1-semantic-adjudication
EXT_E144,external,GENERAL_RULE_EXCEPTION,privacy_framework,Privacy Framework living-tool scope,Assess the current normative representation for `Privacy Framework 1.1 Initial Public Draft :: Privacy Framework living-tool scope` using the cited official public source.,Privacy Framework 1.1 Initial Public Draft :: Privacy Framework living-tool scope,scope,literal_string,,,EXT3_DOC_144_OLD|EXT3_DOC_144_NEW,,https://nvlpubs.nist.gov/nistpubs/CSWP/NIST.CSWP.40.ipd.pdf,2026-08-27T14:29:12.437724+00:00,READY,,LEXICAL_PASS,LEXICAL_PASS,PASS,lexical_prefilter_confirmed,true,v8.1-semantic-adjudication
EXT_E145,external,GENERAL_RULE_EXCEPTION,privacy_framework,Privacy Framework stakeholder response,Assess the current normative representation for `Privacy Framework 1.1 Initial Public Draft :: Privacy Framework stakeholder response` using the cited official public source.,Privacy Framework 1.1 Initial Public Draft :: Privacy Framework stakeholder response,change basis,literal_string,,,EXT3_DOC_145_OLD|EXT3_DOC_145_NEW,,https://nvlpubs.nist.gov/nistpubs/CSWP/NIST.CSWP.40.ipd.pdf,2026-08-27T13:59:29.431323+00:00,READY,,LEXICAL_PASS,LEXICAL_PASS,PASS,lexical_prefilter_confirmed,true,v8.1-semantic-adjudication
EXT_E146,external,GENERAL_RULE_EXCEPTION,privacy_framework,Privacy Framework update project timeline,Assess the current normative representation for `Privacy Framework 1.1 Initial Public Draft :: Privacy Framework update project timeline` using the cited official public source.,Privacy Framework 1.1 Initial Public Draft :: Privacy Framework update project timeline,timeline,literal_string,,,EXT3_DOC_146_OLD|EXT3_DOC_146_NEW,,https://nvlpubs.nist.gov/nistpubs/CSWP/NIST.CSWP.40.ipd.pdf,2026-08-27T13:59:29.441904+00:00,READY,,LEXICAL_PASS,LEXICAL_PASS,PASS,lexical_prefilter_confirmed,true,v8.1-semantic-adjudication
EXT_E147,external,GENERAL_RULE_EXCEPTION,privacy_framework,Privacy Framework and CSF joint use,Assess the current normative representation for `Privacy Framework 1.1 Initial Public Draft :: Privacy Framework and CSF joint use` using the cited official public source.,Privacy Framework 1.1 Initial Public Draft :: Privacy Framework and CSF joint use,scope,literal_string,,,EXT3_DOC_147_OLD|EXT3_DOC_147_NEW,,https://nvlpubs.nist.gov/nistpubs/CSWP/NIST.CSWP.40.ipd.pdf,2026-08-27T13:59:29.452385+00:00,READY,,LEXICAL_PASS,LEXICAL_PASS,PASS,lexical_prefilter_confirmed,true,v8.1-semantic-adjudication
EXT_E148,external,GENERAL_RULE_EXCEPTION,privacy_framework,Privacy Framework IPD PDF availability,Assess the current normative representation for `Privacy Framework 1.1 Initial Public Draft :: Privacy Framework IPD PDF availability` using the cited official public source.,Privacy Framework 1.1 Initial Public Draft :: Privacy Framework IPD PDF availability,resource status,literal_string,,,EXT3_DOC_148_OLD|EXT3_DOC_148_NEW,,https://nvlpubs.nist.gov/nistpubs/CSWP/NIST.CSWP.40.ipd.pdf,2026-08-27T13:59:29.465239+00:00,READY,,LEXICAL_PASS,LEXICAL_PASS,PASS,lexical_prefilter_confirmed,true,v8.1-semantic-adjudication
EXT_E149,external,GENERAL_RULE_EXCEPTION,privacy_framework,Privacy Framework mapping spreadsheet,Assess the current normative representation for `Privacy Framework 1.1 Initial Public Draft :: Privacy Framework mapping spreadsheet` using the cited official public source.,Privacy Framework 1.1 Initial Public Draft :: Privacy Framework mapping spreadsheet,resource status,literal_string,,,EXT3_DOC_149_OLD|EXT3_DOC_149_NEW,,https://nvlpubs.nist.gov/nistpubs/CSWP/NIST.CSWP.40.ipd.pdf,2026-08-27T13:59:29.476690+00:00,READY,,LEXICAL_PASS,LEXICAL_PASS,PASS,lexical_prefilter_confirmed,true,v8.1-semantic-adjudication
EXT_E153,external,GENERAL_RULE_EXCEPTION,privacy_framework,Privacy Framework engagement channels,Assess the current normative representation for `Privacy Framework 1.1 Initial Public Draft :: Privacy Framework engagement channels` using the cited official public source.,Privacy Framework 1.1 Initial Public Draft :: Privacy Framework engagement channels,resource status,literal_string,,,EXT3_DOC_153_OLD|EXT3_DOC_153_NEW,,https://nvlpubs.nist.gov/nistpubs/CSWP/NIST.CSWP.40.ipd.pdf,2026-08-27T14:29:12.514351+00:00,READY,,LEXICAL_PASS,LEXICAL_PASS,PASS,lexical_prefilter_confirmed,true,v8.1-semantic-adjudication
EXT_E154,external,GENERAL_RULE_EXCEPTION,ai_regulation,EU AI Act regulation status,Assess the current normative representation for `Regulation (EU) 2024/1689 Artificial Intelligence Act :: EU AI Act regulation status` using the cited official public source.,Regulation (EU) 2024/1689 Artificial Intelligence Act :: EU AI Act regulation status,legal status,literal_string,,,EXT3_DOC_154_OLD|EXT3_DOC_154_NEW,,https://op.europa.eu/o/opportal-service/download-handler?identifier=dc8116a1-3fe6-11ef-865a-01aa75ed71a1&format=PDF&language=en&productionSystem=cellar&part=,2026-08-27T13:59:29.649662+00:00,READY,,LEXICAL_PASS,LEXICAL_PASS,PASS,lexical_prefilter_confirmed,true,v8.1-semantic-adjudication
EXT_E155,external,GENERAL_RULE_EXCEPTION,ai_regulation,AI Act high-risk classification,Assess the current normative representation for `Regulation (EU) 2024/1689 Artificial Intelligence Act :: AI Act high-risk classification` using the cited official public source.,Regulation (EU) 2024/1689 Artificial Intelligence Act :: AI Act high-risk classification,classification rule,literal_string,,,EXT3_DOC_155_OLD|EXT3_DOC_155_NEW,,https://op.europa.eu/o/opportal-service/download-handler?identifier=dc8116a1-3fe6-11ef-865a-01aa75ed71a1&format=PDF&language=en&productionSystem=cellar&part=,2026-08-27T13:59:29.683743+00:00,READY,,LEXICAL_PASS,LEXICAL_PASS,PASS,lexical_prefilter_confirmed,true,v8.1-semantic-adjudication
EXT_E156,external,GENERAL_RULE_EXCEPTION,ai_regulation,AI Act Annex III scope,Assess the current normative representation for `Regulation (EU) 2024/1689 Artificial Intelligence Act :: AI Act Annex III scope` using the cited official public source.,Regulation (EU) 2024/1689 Artificial Intelligence Act :: AI Act Annex III scope,scope,literal_string,,,EXT3_DOC_156_OLD|EXT3_DOC_156_NEW,,https://op.europa.eu/o/opportal-service/download-handler?identifier=dc8116a1-3fe6-11ef-865a-01aa75ed71a1&format=PDF&language=en&productionSystem=cellar&part=,2026-08-27T13:59:29.716265+00:00,READY,,LEXICAL_PASS,LEXICAL_PASS,PASS,lexical_prefilter_confirmed,true,v8.1-semantic-adjudication
EXT_E157,external,GENERAL_RULE_EXCEPTION,ai_regulation,AI Act prohibited practices,Assess the current normative representation for `Regulation (EU) 2024/1689 Artificial Intelligence Act :: AI Act prohibited practices` using the cited official public source.,Regulation (EU) 2024/1689 Artificial Intelligence Act :: AI Act prohibited practices,prohibition rule,literal_string,,,EXT3_DOC_157_OLD|EXT3_DOC_157_NEW,,https://op.europa.eu/o/opportal-service/download-handler?identifier=dc8116a1-3fe6-11ef-865a-01aa75ed71a1&format=PDF&language=en&productionSystem=cellar&part=,2026-08-27T13:59:29.749768+00:00,READY,,LEXICAL_PASS,LEXICAL_PASS,PASS,lexical_prefilter_confirmed,true,v8.1-semantic-adjudication
EXT_E160,external,GENERAL_RULE_EXCEPTION,ai_regulation,AI Act risk-management system,Assess the current normative representation for `Regulation (EU) 2024/1689 Artificial Intelligence Act :: AI Act risk-management system` using the cited official public source.,Regulation (EU) 2024/1689 Artificial Intelligence Act :: AI Act risk-management system,system requirement,literal_string,,,EXT3_DOC_160_OLD|EXT3_DOC_160_NEW,,https://op.europa.eu/o/opportal-service/download-handler?identifier=dc8116a1-3fe6-11ef-865a-01aa75ed71a1&format=PDF&language=en&productionSystem=cellar&part=,2026-08-27T13:59:29.830245+00:00,READY,,LEXICAL_PASS,LEXICAL_PASS,PASS,lexical_prefilter_confirmed,true,v8.1-semantic-adjudication
EXT_E161,external,GENERAL_RULE_EXCEPTION,ai_regulation,AI Act data governance,Assess the current normative representation for `Regulation (EU) 2024/1689 Artificial Intelligence Act :: AI Act data governance` using the cited official public source.,Regulation (EU) 2024/1689 Artificial Intelligence Act :: AI Act data governance,data rule,literal_string,,,EXT3_DOC_161_OLD|EXT3_DOC_161_NEW,,https://op.europa.eu/o/opportal-service/download-handler?identifier=dc8116a1-3fe6-11ef-865a-01aa75ed71a1&format=PDF&language=en&productionSystem=cellar&part=,2026-08-27T13:59:29.859822+00:00,READY,,LEXICAL_PASS,LEXICAL_PASS,PASS,lexical_prefilter_confirmed,true,v8.1-semantic-adjudication
EXT_E162,external,GENERAL_RULE_EXCEPTION,ai_regulation,AI Act technical documentation,Assess the current normative representation for `Regulation (EU) 2024/1689 Artificial Intelligence Act :: AI Act technical documentation` using the cited official public source.,Regulation (EU) 2024/1689 Artificial Intelligence Act :: AI Act technical documentation,documentation rule,literal_string,,,EXT3_DOC_162_OLD|EXT3_DOC_162_NEW,,https://op.europa.eu/o/opportal-service/download-handler?identifier=dc8116a1-3fe6-11ef-865a-01aa75ed71a1&format=PDF&language=en&productionSystem=cellar&part=,2026-08-27T13:59:29.889972+00:00,READY,,LEXICAL_PASS,LEXICAL_PASS,PASS,lexical_prefilter_confirmed,true,v8.1-semantic-adjudication
EXT_E163,external,GENERAL_RULE_EXCEPTION,ai_regulation,AI Act record keeping,Assess the current normative representation for `Regulation (EU) 2024/1689 Artificial Intelligence Act :: AI Act record keeping` using the cited official public source.,Regulation (EU) 2024/1689 Artificial Intelligence Act :: AI Act record keeping,record rule,literal_string,,,EXT3_DOC_163_OLD|EXT3_DOC_163_NEW,,https://op.europa.eu/o/opportal-service/download-handler?identifier=dc8116a1-3fe6-11ef-865a-01aa75ed71a1&format=PDF&language=en&productionSystem=cellar&part=,2026-08-27T13:59:29.919555+00:00,READY,,LEXICAL_PASS,LEXICAL_PASS,PASS,lexical_prefilter_confirmed,true,v8.1-semantic-adjudication
EXT_E164,external,GENERAL_RULE_EXCEPTION,ai_regulation,AI Act transparency,Assess the current normative representation for `Regulation (EU) 2024/1689 Artificial Intelligence Act :: AI Act transparency` using the cited official public source.,Regulation (EU) 2024/1689 Artificial Intelligence Act :: AI Act transparency,transparency rule,literal_string,,,EXT3_DOC_164_OLD|EXT3_DOC_164_NEW,,https://op.europa.eu/o/opportal-service/download-handler?identifier=dc8116a1-3fe6-11ef-865a-01aa75ed71a1&format=PDF&language=en&productionSystem=cellar&part=,2026-08-27T13:59:29.943652+00:00,READY,,LEXICAL_PASS,LEXICAL_PASS,PASS,lexical_prefilter_confirmed,true,v8.1-semantic-adjudication
EXT_E165,external,CROSS_SENTENCE_SCOPE,ai_regulation,AI Act human oversight,Assess the current normative representation for `Regulation (EU) 2024/1689 Artificial Intelligence Act :: AI Act human oversight` using the cited official public source.,Regulation (EU) 2024/1689 Artificial Intelligence Act :: AI Act human oversight,oversight rule,literal_string,,,EXT3_DOC_165_OLD|EXT3_DOC_165_NEW,,https://op.europa.eu/o/opportal-service/download-handler?identifier=dc8116a1-3fe6-11ef-865a-01aa75ed71a1&format=PDF&language=en&productionSystem=cellar&part=,2026-08-27T13:59:29.966285+00:00,READY,,LEXICAL_PASS,LEXICAL_PASS,PASS,lexical_prefilter_confirmed,true,v8.1-semantic-adjudication
EXT_E166,external,CROSS_SENTENCE_SCOPE,ai_regulation,AI Act accuracy and robustness,Assess the current normative representation for `Regulation (EU) 2024/1689 Artificial Intelligence Act :: AI Act accuracy and robustness` using the cited official public source.,Regulation (EU) 2024/1689 Artificial Intelligence Act :: AI Act accuracy and robustness,quality rule,literal_string,,,EXT3_DOC_166_OLD|EXT3_DOC_166_NEW,,https://op.europa.eu/o/opportal-service/download-handler?identifier=dc8116a1-3fe6-11ef-865a-01aa75ed71a1&format=PDF&language=en&productionSystem=cellar&part=,2026-08-27T14:24:35.598325+00:00,READY,,LEXICAL_FAIL,SEMANTIC_PASS,PASS,paraphrase_relation_adjudication,true,v8.1-semantic-adjudication
EXT_E167,external,CROSS_SENTENCE_SCOPE,ai_regulation,AI Act post-market monitoring,Assess the current normative representation for `Regulation (EU) 2024/1689 Artificial Intelligence Act :: AI Act post-market monitoring` using the cited official public source.,Regulation (EU) 2024/1689 Artificial Intelligence Act :: AI Act post-market monitoring,monitoring rule,literal_string,,,EXT3_DOC_167_OLD|EXT3_DOC_167_NEW,,https://op.europa.eu/o/opportal-service/download-handler?identifier=dc8116a1-3fe6-11ef-865a-01aa75ed71a1&format=PDF&language=en&productionSystem=cellar&part=,2026-08-27T13:59:30.022412+00:00,READY,,LEXICAL_PASS,LEXICAL_PASS,PASS,lexical_prefilter_confirmed,true,v8.1-semantic-adjudication
EXT_E168,external,CROSS_SENTENCE_SCOPE,ai_regulation,AI Act conformity assessment,Assess the current normative representation for `Regulation (EU) 2024/1689 Artificial Intelligence Act :: AI Act conformity assessment` using the cited official public source.,Regulation (EU) 2024/1689 Artificial Intelligence Act :: AI Act conformity assessment,assessment rule,literal_string,,,EXT3_DOC_168_OLD|EXT3_DOC_168_NEW,,https://op.europa.eu/o/opportal-service/download-handler?identifier=dc8116a1-3fe6-11ef-865a-01aa75ed71a1&format=PDF&language=en&productionSystem=cellar&part=,2026-08-27T13:59:30.051532+00:00,READY,,LEXICAL_PASS,LEXICAL_PASS,PASS,lexical_prefilter_confirmed,true,v8.1-semantic-adjudication
EXT_E169,external,CROSS_SENTENCE_SCOPE,ai_regulation,AI Act GPAI obligations,Assess the current normative representation for `Regulation (EU) 2024/1689 Artificial Intelligence Act :: AI Act GPAI obligations` using the cited official public source.,Regulation (EU) 2024/1689 Artificial Intelligence Act :: AI Act GPAI obligations,obligation rule,literal_string,,,EXT3_DOC_169_OLD|EXT3_DOC_169_NEW,,https://op.europa.eu/o/opportal-service/download-handler?identifier=dc8116a1-3fe6-11ef-865a-01aa75ed71a1&format=PDF&language=en&productionSystem=cellar&part=,2026-08-27T14:24:35.623731+00:00,READY,,LEXICAL_FAIL,SEMANTIC_PASS,PASS,paraphrase_relation_adjudication,true,v8.1-semantic-adjudication
EXT_E170,external,CROSS_SENTENCE_SCOPE,ai_regulation,AI Act codes of practice,Assess the current normative representation for `Regulation (EU) 2024/1689 Artificial Intelligence Act :: AI Act codes of practice` using the cited official public source.,Regulation (EU) 2024/1689 Artificial Intelligence Act :: AI Act codes of practice,practice rule,literal_string,,,EXT3_DOC_170_OLD|EXT3_DOC_170_NEW,,https://op.europa.eu/o/opportal-service/download-handler?identifier=dc8116a1-3fe6-11ef-865a-01aa75ed71a1&format=PDF&language=en&productionSystem=cellar&part=,2026-08-27T13:59:30.108168+00:00,READY,,LEXICAL_PASS,LEXICAL_PASS,PASS,lexical_prefilter_confirmed,true,v8.1-semantic-adjudication
EXT_E171,external,CROSS_SENTENCE_SCOPE,ai_regulation,AI Act market surveillance,Assess the current normative representation for `Regulation (EU) 2024/1689 Artificial Intelligence Act :: AI Act market surveillance` using the cited official public source.,Regulation (EU) 2024/1689 Artificial Intelligence Act :: AI Act market surveillance,surveillance rule,literal_string,,,EXT3_DOC_171_OLD|EXT3_DOC_171_NEW,,https://op.europa.eu/o/opportal-service/download-handler?identifier=dc8116a1-3fe6-11ef-865a-01aa75ed71a1&format=PDF&language=en&productionSystem=cellar&part=,2026-08-27T13:59:30.138719+00:00,READY,,LEXICAL_PASS,LEXICAL_PASS,PASS,lexical_prefilter_confirmed,true,v8.1-semantic-adjudication
EXT_E172,external,CROSS_SENTENCE_SCOPE,ai_regulation,AI Act penalties,Assess the current normative representation for `Regulation (EU) 2024/1689 Artificial Intelligence Act :: AI Act penalties` using the cited official public source.,Regulation (EU) 2024/1689 Artificial Intelligence Act :: AI Act penalties,penalty rule,literal_string,,,EXT3_DOC_172_OLD|EXT3_DOC_172_NEW,,https://op.europa.eu/o/opportal-service/download-handler?identifier=dc8116a1-3fe6-11ef-865a-01aa75ed71a1&format=PDF&language=en&productionSystem=cellar&part=,2026-08-27T14:24:35.659369+00:00,READY,,LEXICAL_FAIL,SEMANTIC_PASS,PASS,paraphrase_relation_adjudication,true,v8.1-semantic-adjudication
EXT_E173,external,CROSS_SENTENCE_SCOPE,ai_regulation,AI Act phased application,Assess the current normative representation for `Regulation (EU) 2024/1689 Artificial Intelligence Act :: AI Act phased application` using the cited official public source.,Regulation (EU) 2024/1689 Artificial Intelligence Act :: AI Act phased application,temporal rule,literal_string,,,EXT3_DOC_173_OLD|EXT3_DOC_173_NEW,,https://op.europa.eu/o/opportal-service/download-handler?identifier=dc8116a1-3fe6-11ef-865a-01aa75ed71a1&format=PDF&language=en&productionSystem=cellar&part=,2026-08-27T14:24:35.691642+00:00,READY,,LEXICAL_FAIL,SEMANTIC_PASS,PASS,paraphrase_relation_adjudication,true,v8.1-semantic-adjudication
EXT_E174,external,CROSS_SENTENCE_SCOPE,medical_device_cybersecurity,FDA 2025 guidance supersedes 2023 guidance,Assess the current normative representation for `Cybersecurity in Medical Devices guidance update :: FDA 2025 guidance supersedes 2023 guidance` using the cited official public source.,Cybersecurity in Medical Devices guidance update :: FDA 2025 guidance supersedes 2023 guidance,version status,literal_string,,,EXT3_DOC_174_OLD|EXT3_DOC_174_NEW,,https://www.federalregister.gov/documents/full_text/html/2025/06/27/2025-11669.html,2026-08-27T13:59:30.204014+00:00,READY,,LEXICAL_PASS,LEXICAL_PASS,PASS,lexical_prefilter_confirmed,true,v8.1-semantic-adjudication
EXT_E175,external,CROSS_SENTENCE_SCOPE,medical_device_cybersecurity,FDA Section 524B recommendations,Assess the current normative representation for `Cybersecurity in Medical Devices guidance update :: FDA Section 524B recommendations` using the cited official public source.,Cybersecurity in Medical Devices guidance update :: FDA Section 524B recommendations,section status,literal_string,,,EXT3_DOC_175_OLD|EXT3_DOC_175_NEW,,https://www.federalregister.gov/documents/full_text/html/2025/06/27/2025-11669.html,2026-08-27T13:59:30.228476+00:00,READY,,LEXICAL_PASS,LEXICAL_PASS,PASS,lexical_prefilter_confirmed,true,v8.1-semantic-adjudication
EXT_E176,external,CROSS_SENTENCE_SCOPE,medical_device_cybersecurity,FDA cyber device scope,Assess the current normative representation for `Cybersecurity in Medical Devices guidance update :: FDA cyber device scope` using the cited official public source.,Cybersecurity in Medical Devices guidance update :: FDA cyber device scope,scope,literal_string,,,EXT3_DOC_176_OLD|EXT3_DOC_176_NEW,,https://www.federalregister.gov/documents/full_text/html/2025/06/27/2025-11669.html,2026-08-27T13:59:30.251384+00:00,READY,,LEXICAL_PASS,LEXICAL_PASS,PASS,lexical_prefilter_confirmed,true,v8.1-semantic-adjudication
EXT_E177,external,CROSS_SENTENCE_SCOPE,medical_device_cybersecurity,FDA premarket submission documentation,Assess the current normative representation for `Cybersecurity in Medical Devices guidance update :: FDA premarket submission documentation` using the cited official public source.,Cybersecurity in Medical Devices guidance update :: FDA premarket submission documentation,documentation rule,literal_string,,,EXT3_DOC_177_OLD|EXT3_DOC_177_NEW,,https://www.federalregister.gov/documents/full_text/html/2025/06/27/2025-11669.html,2026-08-27T13:59:30.273804+00:00,READY,,LEXICAL_PASS,LEXICAL_PASS,PASS,lexical_prefilter_confirmed,true,v8.1-semantic-adjudication
EXT_E178,external,CROSS_SENTENCE_SCOPE,medical_device_cybersecurity,FDA cybersecurity device design,Assess the current normative representation for `Cybersecurity in Medical Devices guidance update :: FDA cybersecurity device design` using the cited official public source.,Cybersecurity in Medical Devices guidance update :: FDA cybersecurity device design,design rule,literal_string,,,EXT3_DOC_178_OLD|EXT3_DOC_178_NEW,,https://www.federalregister.gov/documents/full_text/html/2025/06/27/2025-11669.html,2026-08-27T13:59:30.289738+00:00,READY,,LEXICAL_PASS,LEXICAL_PASS,PASS,lexical_prefilter_confirmed,true,v8.1-semantic-adjudication
EXT_E179,external,CROSS_SENTENCE_SCOPE,medical_device_cybersecurity,FDA cybersecurity labeling,Assess the current normative representation for `Cybersecurity in Medical Devices guidance update :: FDA cybersecurity labeling` using the cited official public source.,Cybersecurity in Medical Devices guidance update :: FDA cybersecurity labeling,labeling rule,literal_string,,,EXT3_DOC_179_OLD|EXT3_DOC_179_NEW,,https://www.federalregister.gov/documents/full_text/html/2025/06/27/2025-11669.html,2026-08-27T13:59:30.306555+00:00,READY,,LEXICAL_PASS,LEXICAL_PASS,PASS,lexical_prefilter_confirmed,true,v8.1-semantic-adjudication
EXT_E180,external,CROSS_SENTENCE_SCOPE,medical_device_cybersecurity,FDA cybersecurity risk management,Assess the current normative representation for `Cybersecurity in Medical Devices guidance update :: FDA cybersecurity risk management` using the cited official public source.,Cybersecurity in Medical Devices guidance update :: FDA cybersecurity risk management,risk rule,literal_string,,,EXT3_DOC_180_OLD|EXT3_DOC_180_NEW,,https://www.federalregister.gov/documents/full_text/html/2025/06/27/2025-11669.html,2026-08-27T13:59:30.321558+00:00,READY,,LEXICAL_PASS,LEXICAL_PASS,PASS,lexical_prefilter_confirmed,true,v8.1-semantic-adjudication
EXT_E181,external,CROSS_SENTENCE_SCOPE,medical_device_cybersecurity,FDA vulnerability management,Assess the current normative representation for `Cybersecurity in Medical Devices guidance update :: FDA vulnerability management` using the cited official public source.,Cybersecurity in Medical Devices guidance update :: FDA vulnerability management,vulnerability rule,literal_string,,,EXT3_DOC_181_OLD|EXT3_DOC_181_NEW,,https://public-inspection.federalregister.gov/2016-31406.pdf,2026-08-27T13:59:35.092290+00:00,READY,,LEXICAL_PASS,LEXICAL_PASS,PASS,lexical_prefilter_confirmed,true,v8.1-semantic-adjudication
EXT_E183,external,CROSS_SENTENCE_SCOPE,medical_device_cybersecurity,FDA security update process,Assess the current normative representation for `Cybersecurity in Medical Devices guidance update :: FDA security update process` using the cited official public source.,Cybersecurity in Medical Devices guidance update :: FDA security update process,update rule,literal_string,,,EXT3_DOC_183_OLD|EXT3_DOC_183_NEW,,https://www.federalregister.gov/documents/full_text/html/2025/06/27/2025-11669.html,2026-08-27T13:59:30.375721+00:00,READY,,LEXICAL_PASS,LEXICAL_PASS,PASS,lexical_prefilter_confirmed,true,v8.1-semantic-adjudication
EXT_E184,external,CROSS_SENTENCE_SCOPE,medical_device_cybersecurity,FDA total product lifecycle,Assess the current normative representation for `Cybersecurity in Medical Devices guidance update :: FDA total product lifecycle` using the cited official public source.,Cybersecurity in Medical Devices guidance update :: FDA total product lifecycle,lifecycle rule,literal_string,,,EXT3_DOC_184_OLD|EXT3_DOC_184_NEW,,https://www.federalregister.gov/documents/full_text/html/2025/06/27/2025-11669.html,2026-08-27T14:24:35.732041+00:00,READY,,LEXICAL_AMBIGUOUS,SEMANTIC_PASS,PASS,paraphrase_relation_adjudication,true,v8.1-semantic-adjudication
EXT_E185,external,CROSS_SENTENCE_SCOPE,medical_device_cybersecurity,FDA quality system considerations,Assess the current normative representation for `Cybersecurity in Medical Devices guidance update :: FDA quality system considerations` using the cited official public source.,Cybersecurity in Medical Devices guidance update :: FDA quality system considerations,quality rule,literal_string,,,EXT3_DOC_185_OLD|EXT3_DOC_185_NEW,,https://www.federalregister.gov/documents/full_text/html/2025/06/27/2025-11669.html,2026-08-27T13:59:30.404601+00:00,READY,,LEXICAL_PASS,LEXICAL_PASS,PASS,lexical_prefilter_confirmed,true,v8.1-semantic-adjudication
EXT_E186,external,CROSS_SENTENCE_SCOPE,medical_device_cybersecurity,FDA documentation consistency,Assess the current normative representation for `Cybersecurity in Medical Devices guidance update :: FDA documentation consistency` using the cited official public source.,Cybersecurity in Medical Devices guidance update :: FDA documentation consistency,documentation rule,literal_string,,,EXT3_DOC_186_OLD|EXT3_DOC_186_NEW,,https://www.federalregister.gov/documents/full_text/html/2025/06/27/2025-11669.html,2026-08-27T13:59:30.419973+00:00,READY,,LEXICAL_PASS,LEXICAL_PASS,PASS,lexical_prefilter_confirmed,true,v8.1-semantic-adjudication
EXT_E187,external,CROSS_SENTENCE_SCOPE,medical_device_cybersecurity,FDA networked device risk,Assess the current normative representation for `Cybersecurity in Medical Devices guidance update :: FDA networked device risk` using the cited official public source.,Cybersecurity in Medical Devices guidance update :: FDA networked device risk,risk scope,literal_string,,,EXT3_DOC_187_OLD|EXT3_DOC_187_NEW,,https://public-inspection.federalregister.gov/2016-31406.pdf,2026-08-27T13:59:35.223118+00:00,READY,,LEXICAL_PASS,LEXICAL_PASS,PASS,lexical_prefilter_confirmed,true,v8.1-semantic-adjudication
EXT_E188,external,CROSS_SENTENCE_SCOPE,medical_device_cybersecurity,FDA patient-harm context,Assess the current normative representation for `Cybersecurity in Medical Devices guidance update :: FDA patient-harm context` using the cited official public source.,Cybersecurity in Medical Devices guidance update :: FDA patient-harm context,safety scope,literal_string,,,EXT3_DOC_188_OLD|EXT3_DOC_188_NEW,,https://public-inspection.federalregister.gov/2016-31406.pdf,2026-08-27T13:59:35.270111+00:00,READY,,LEXICAL_PASS,LEXICAL_PASS,PASS,lexical_prefilter_confirmed,true,v8.1-semantic-adjudication
EXT_E189,external,CROSS_SENTENCE_SCOPE,medical_device_cybersecurity,FDA postmarket management reference,Assess the current normative representation for `Cybersecurity in Medical Devices guidance update :: FDA postmarket management reference` using the cited official public source.,Cybersecurity in Medical Devices guidance update :: FDA postmarket management reference,postmarket rule,literal_string,,,EXT3_DOC_189_OLD|EXT3_DOC_189_NEW,,https://public-inspection.federalregister.gov/2016-31406.pdf,2026-08-27T13:59:35.300688+00:00,READY,,LEXICAL_PASS,LEXICAL_PASS,PASS,lexical_prefilter_confirmed,true,v8.1-semantic-adjudication
EXT_E190,external,CROSS_SENTENCE_SCOPE,medical_device_cybersecurity,FDA safety communications alerts,Assess the current normative representation for `Cybersecurity in Medical Devices guidance update :: FDA safety communications alerts` using the cited official public source.,Cybersecurity in Medical Devices guidance update :: FDA safety communications alerts,alert rule,literal_string,,,EXT3_DOC_190_OLD|EXT3_DOC_190_NEW,,https://public-inspection.federalregister.gov/2016-31406.pdf,2026-08-27T14:26:54.896683+00:00,READY,,LEXICAL_AMBIGUOUS,SEMANTIC_PASS,PASS,paraphrase_relation_adjudication,true,v8.1-semantic-adjudication
EXT_E191,external,CROSS_SENTENCE_SCOPE,medical_device_cybersecurity,FDA patching mitigation,Assess the current normative representation for `Cybersecurity in Medical Devices guidance update :: FDA patching mitigation` using the cited official public source.,Cybersecurity in Medical Devices guidance update :: FDA patching mitigation,mitigation rule,literal_string,,,EXT3_DOC_191_OLD|EXT3_DOC_191_NEW,,https://www.federalregister.gov/documents/full_text/html/2025/06/27/2025-11669.html,2026-08-27T14:24:35.768063+00:00,READY,,LEXICAL_AMBIGUOUS,SEMANTIC_PASS,PASS,paraphrase_relation_adjudication,true,v8.1-semantic-adjudication
EXT_E192,external,CROSS_SENTENCE_SCOPE,medical_device_cybersecurity,FDA device resilience,Assess the current normative representation for `Cybersecurity in Medical Devices guidance update :: FDA device resilience` using the cited official public source.,Cybersecurity in Medical Devices guidance update :: FDA device resilience,resilience rule,literal_string,,,EXT3_DOC_192_OLD|EXT3_DOC_192_NEW,,https://public-inspection.federalregister.gov/2016-31406.pdf,2026-08-27T13:59:35.409292+00:00,READY,,LEXICAL_PASS,LEXICAL_PASS,PASS,lexical_prefilter_confirmed,true,v8.1-semantic-adjudication
EXT_E193,external,CROSS_SENTENCE_SCOPE,medical_device_cybersecurity,FDA premarket review consistency,Assess the current normative representation for `Cybersecurity in Medical Devices guidance update :: FDA premarket review consistency` using the cited official public source.,Cybersecurity in Medical Devices guidance update :: FDA premarket review consistency,review rule,literal_string,,,EXT3_DOC_193_OLD|EXT3_DOC_193_NEW,,https://www.federalregister.gov/documents/full_text/html/2025/06/27/2025-11669.html,2026-08-27T14:24:35.789456+00:00,READY,,LEXICAL_AMBIGUOUS,SEMANTIC_PASS,PASS,paraphrase_relation_adjudication,true,v8.1-semantic-adjudication
EXT_E195,external,CROSS_SENTENCE_SCOPE,sustainability_reporting,IFRS S1 early application with S2,Assess the current normative representation for `IFRS S1 General Requirements :: IFRS S1 early application with S2` using the cited official public source.,IFRS S1 General Requirements :: IFRS S1 early application with S2,application condition,literal_string,,,EXT3_DOC_195_OLD|EXT3_DOC_195_NEW,,https://www.ifrs.org/content/dam/ifrs/supporting-implementation/issb-standards/applying-ifrs-s1-reporting-only-climate-related-disclosures-accordance-ifrs-s2.pdf,2026-08-27T13:59:35.567335+00:00,READY,,LEXICAL_PASS,LEXICAL_PASS,PASS,lexical_prefilter_confirmed,true,v8.1-semantic-adjudication
EXT_E196,external,CROSS_SENTENCE_SCOPE,sustainability_reporting,IFRS S1 sustainability-related risks,Assess the current normative representation for `IFRS S1 General Requirements :: IFRS S1 sustainability-related risks` using the cited official public source.,IFRS S1 General Requirements :: IFRS S1 sustainability-related risks,scope,literal_string,,,EXT3_DOC_196_OLD|EXT3_DOC_196_NEW,,https://www.ifrs.org/content/dam/ifrs/project/general-sustainability-related-disclosures/effects-analysis.pdf,2026-08-27T13:59:30.622955+00:00,READY,,LEXICAL_PASS,LEXICAL_PASS,PASS,lexical_prefilter_confirmed,true,v8.1-semantic-adjudication
EXT_E197,external,CROSS_SENTENCE_SCOPE,sustainability_reporting,IFRS S1 cash-flow effect scope,Assess the current normative representation for `IFRS S1 General Requirements :: IFRS S1 cash-flow effect scope` using the cited official public source.,IFRS S1 General Requirements :: IFRS S1 cash-flow effect scope,scope,literal_string,,,EXT3_DOC_197_OLD|EXT3_DOC_197_NEW,,https://www.ifrs.org/content/dam/ifrs/project/general-sustainability-related-disclosures/effects-analysis.pdf,2026-08-27T13:59:30.644362+00:00,READY,,LEXICAL_PASS,LEXICAL_PASS,PASS,lexical_prefilter_confirmed,true,v8.1-semantic-adjudication
EXT_E198,external,CROSS_SENTENCE_SCOPE,sustainability_reporting,IFRS S1 content and presentation,Assess the current normative representation for `IFRS S1 General Requirements :: IFRS S1 content and presentation` using the cited official public source.,IFRS S1 General Requirements :: IFRS S1 content and presentation,presentation rule,literal_string,,,EXT3_DOC_198_OLD|EXT3_DOC_198_NEW,,https://www.ifrs.org/content/dam/ifrs/supporting-implementation/ifrs-s1/using-sasb-standards-for-ifrs-s1.pdf,2026-08-27T13:59:35.623391+00:00,READY,,LEXICAL_PASS,LEXICAL_PASS,PASS,lexical_prefilter_confirmed,true,v8.1-semantic-adjudication
EXT_E199,external,CROSS_SENTENCE_SCOPE,sustainability_reporting,IFRS S1 governance disclosure,Assess the current normative representation for `IFRS S1 General Requirements :: IFRS S1 governance disclosure` using the cited official public source.,IFRS S1 General Requirements :: IFRS S1 governance disclosure,disclosure topic,literal_string,,,EXT3_DOC_199_OLD|EXT3_DOC_199_NEW,,https://www.ifrs.org/content/dam/ifrs/project/general-sustainability-related-disclosures/effects-analysis.pdf,2026-08-27T13:59:30.684276+00:00,READY,,LEXICAL_PASS,LEXICAL_PASS,PASS,lexical_prefilter_confirmed,true,v8.1-semantic-adjudication
EXT_E200,external,CROSS_SENTENCE_SCOPE,sustainability_reporting,IFRS S1 strategy disclosure,Assess the current normative representation for `IFRS S1 General Requirements :: IFRS S1 strategy disclosure` using the cited official public source.,IFRS S1 General Requirements :: IFRS S1 strategy disclosure,disclosure topic,literal_string,,,EXT3_DOC_200_OLD|EXT3_DOC_200_NEW,,https://www.ifrs.org/content/dam/ifrs/project/general-sustainability-related-disclosures/effects-analysis.pdf,2026-08-27T13:59:30.704136+00:00,READY,,LEXICAL_PASS,LEXICAL_PASS,PASS,lexical_prefilter_confirmed,true,v8.1-semantic-adjudication
EXT_E201,external,CROSS_SENTENCE_SCOPE,sustainability_reporting,IFRS S1 risk-management disclosure,Assess the current normative representation for `IFRS S1 General Requirements :: IFRS S1 risk-management disclosure` using the cited official public source.,IFRS S1 General Requirements :: IFRS S1 risk-management disclosure,disclosure topic,literal_string,,,EXT3_DOC_201_OLD|EXT3_DOC_201_NEW,,https://www.ifrs.org/content/dam/ifrs/project/general-sustainability-related-disclosures/effects-analysis.pdf,2026-08-27T13:59:30.723807+00:00,READY,,LEXICAL_PASS,LEXICAL_PASS,PASS,lexical_prefilter_confirmed,true,v8.1-semantic-adjudication
EXT_E202,external,CROSS_SENTENCE_SCOPE,sustainability_reporting,IFRS S1 metrics and targets,Assess the current normative representation for `IFRS S1 General Requirements :: IFRS S1 metrics and targets` using the cited official public source.,IFRS S1 General Requirements :: IFRS S1 metrics and targets,disclosure topic,literal_string,,,EXT3_DOC_202_OLD|EXT3_DOC_202_NEW,,https://www.ifrs.org/content/dam/ifrs/project/general-sustainability-related-disclosures/effects-analysis.pdf,2026-08-27T13:59:30.743695+00:00,READY,,LEXICAL_PASS,LEXICAL_PASS,PASS,lexical_prefilter_confirmed,true,v8.1-semantic-adjudication
EXT_E203,external,CROSS_SENTENCE_SCOPE,sustainability_reporting,IFRS S1 general requirements,Assess the current normative representation for `IFRS S1 General Requirements :: IFRS S1 general requirements` using the cited official public source.,IFRS S1 General Requirements :: IFRS S1 general requirements,requirement,literal_string,,,EXT3_DOC_203_OLD|EXT3_DOC_203_NEW,,https://www.ifrs.org/content/dam/ifrs/project/general-sustainability-related-disclosures/effects-analysis.pdf,2026-08-27T13:59:30.763731+00:00,READY,,LEXICAL_PASS,LEXICAL_PASS,PASS,lexical_prefilter_confirmed,true,v8.1-semantic-adjudication
EXT_E205,external,CROSS_SENTENCE_SCOPE,sustainability_reporting,IFRS S2 application with S1,Assess the current normative representation for `IFRS S2 Climate-related Disclosures :: IFRS S2 application with S1` using the cited official public source.,IFRS S2 Climate-related Disclosures :: IFRS S2 application with S1,application condition,literal_string,,,EXT3_DOC_205_OLD|EXT3_DOC_205_NEW,,https://www.ifrs.org/content/dam/ifrs/supporting-implementation/issb-standards/applying-ifrs-s1-reporting-only-climate-related-disclosures-accordance-ifrs-s2.pdf,2026-08-27T13:59:30.794714+00:00,READY,,LEXICAL_PASS,LEXICAL_PASS,PASS,lexical_prefilter_confirmed,true,v8.1-semantic-adjudication
EXT_E206,external,CROSS_SENTENCE_SCOPE,sustainability_reporting,IFRS S2 climate-related risks,Assess the current normative representation for `IFRS S2 Climate-related Disclosures :: IFRS S2 climate-related risks` using the cited official public source.,IFRS S2 Climate-related Disclosures :: IFRS S2 climate-related risks,scope,literal_string,,,EXT3_DOC_206_OLD|EXT3_DOC_206_NEW,,https://www.ifrs.org/content/dam/ifrs/supporting-implementation/issb-standards/applying-ifrs-s1-reporting-only-climate-related-disclosures-accordance-ifrs-s2.pdf,2026-08-27T13:59:30.811205+00:00,READY,,LEXICAL_PASS,LEXICAL_PASS,PASS,lexical_prefilter_confirmed,true,v8.1-semantic-adjudication
EXT_E207,external,CROSS_SENTENCE_SCOPE,sustainability_reporting,IFRS S2 physical risks,Assess the current normative representation for `IFRS S2 Climate-related Disclosures :: IFRS S2 physical risks` using the cited official public source.,IFRS S2 Climate-related Disclosures :: IFRS S2 physical risks,risk subtype,literal_string,,,EXT3_DOC_207_OLD|EXT3_DOC_207_NEW,,https://www.ifrs.org/content/dam/ifrs/supporting-implementation/issb-standards/applying-ifrs-s1-reporting-only-climate-related-disclosures-accordance-ifrs-s2.pdf,2026-08-27T14:24:35.900946+00:00,READY,,LEXICAL_AMBIGUOUS,SEMANTIC_PASS,PASS,paraphrase_relation_adjudication,true,v8.1-semantic-adjudication
EXT_E208,external,CROSS_SENTENCE_SCOPE,sustainability_reporting,IFRS S2 transition risks,Assess the current normative representation for `IFRS S2 Climate-related Disclosures :: IFRS S2 transition risks` using the cited official public source.,IFRS S2 Climate-related Disclosures :: IFRS S2 transition risks,risk subtype,literal_string,,,EXT3_DOC_208_OLD|EXT3_DOC_208_NEW,,https://www.ifrs.org/content/dam/ifrs/supporting-implementation/issb-standards/applying-ifrs-s1-reporting-only-climate-related-disclosures-accordance-ifrs-s2.pdf,2026-08-27T13:59:30.846415+00:00,READY,,LEXICAL_PASS,LEXICAL_PASS,PASS,lexical_prefilter_confirmed,true,v8.1-semantic-adjudication
EXT_E209,external,CROSS_SENTENCE_SCOPE,sustainability_reporting,IFRS S2 climate opportunities,Assess the current normative representation for `IFRS S2 Climate-related Disclosures :: IFRS S2 climate opportunities` using the cited official public source.,IFRS S2 Climate-related Disclosures :: IFRS S2 climate opportunities,scope,literal_string,,,EXT3_DOC_209_OLD|EXT3_DOC_209_NEW,,https://www.ifrs.org/content/dam/ifrs/supporting-implementation/issb-standards/applying-ifrs-s1-reporting-only-climate-related-disclosures-accordance-ifrs-s2.pdf,2026-08-27T13:59:30.867719+00:00,READY,,LEXICAL_PASS,LEXICAL_PASS,PASS,lexical_prefilter_confirmed,true,v8.1-semantic-adjudication
EXT_E210,external,CROSS_SENTENCE_SCOPE,sustainability_reporting,IFRS S2 governance disclosure,Assess the current normative representation for `IFRS S2 Climate-related Disclosures :: IFRS S2 governance disclosure` using the cited official public source.,IFRS S2 Climate-related Disclosures :: IFRS S2 governance disclosure,disclosure topic,literal_string,,,EXT3_DOC_210_OLD|EXT3_DOC_210_NEW,,https://www.ifrs.org/content/dam/ifrs/supporting-implementation/issb-standards/applying-ifrs-s1-reporting-only-climate-related-disclosures-accordance-ifrs-s2.pdf,2026-08-27T13:59:30.885321+00:00,READY,,LEXICAL_PASS,LEXICAL_PASS,PASS,lexical_prefilter_confirmed,true,v8.1-semantic-adjudication
EXT_E211,external,CROSS_SENTENCE_SCOPE,sustainability_reporting,IFRS S2 strategy disclosure,Assess the current normative representation for `IFRS S2 Climate-related Disclosures :: IFRS S2 strategy disclosure` using the cited official public source.,IFRS S2 Climate-related Disclosures :: IFRS S2 strategy disclosure,disclosure topic,literal_string,,,EXT3_DOC_211_OLD|EXT3_DOC_211_NEW,,https://www.ifrs.org/content/dam/ifrs/supporting-implementation/issb-standards/applying-ifrs-s1-reporting-only-climate-related-disclosures-accordance-ifrs-s2.pdf,2026-08-27T13:59:30.899751+00:00,READY,,LEXICAL_PASS,LEXICAL_PASS,PASS,lexical_prefilter_confirmed,true,v8.1-semantic-adjudication
EXT_E212,external,CROSS_SENTENCE_SCOPE,sustainability_reporting,IFRS S2 metrics and targets,Assess the current normative representation for `IFRS S2 Climate-related Disclosures :: IFRS S2 metrics and targets` using the cited official public source.,IFRS S2 Climate-related Disclosures :: IFRS S2 metrics and targets,disclosure topic,literal_string,,,EXT3_DOC_212_OLD|EXT3_DOC_212_NEW,,https://www.ifrs.org/content/dam/ifrs/supporting-implementation/issb-standards/applying-ifrs-s1-reporting-only-climate-related-disclosures-accordance-ifrs-s2.pdf,2026-08-27T13:59:30.919444+00:00,READY,,LEXICAL_PASS,LEXICAL_PASS,PASS,lexical_prefilter_confirmed,true,v8.1-semantic-adjudication
EXT_E213,external,CROSS_SENTENCE_SCOPE,sustainability_reporting,IFRS S2 objective,Assess the current normative representation for `IFRS S2 Climate-related Disclosures :: IFRS S2 objective` using the cited official public source.,IFRS S2 Climate-related Disclosures :: IFRS S2 objective,objective,literal_string,,,EXT3_DOC_213_OLD|EXT3_DOC_213_NEW,,https://www.ifrs.org/content/dam/ifrs/supporting-implementation/issb-standards/applying-ifrs-s1-reporting-only-climate-related-disclosures-accordance-ifrs-s2.pdf,2026-08-27T13:59:30.933015+00:00,READY,,LEXICAL_PASS,LEXICAL_PASS,PASS,lexical_prefilter_confirmed,true,v8.1-semantic-adjudication
