document_id,event_id,file_name,source_title,source_url,publisher,publication_date,effective_from,effective_to,document_type,source_type,license_note,sha256,status,notes,retrieved_at,raw_sha256,text_sha256,extraction_mode,cache_path,window_sha256
EXT_DOC_001_2025,EXT_E001,EXT_DOC_001_2025.txt,Beijing 2025 policy agricultural insurance terms,https://nyncj.beijing.gov.cn/nyj/zwgk/zcgk/zcwj3149/743621601/2025051417472999136.pdf,Beijing Municipal Bureau of Agriculture and Rural Affairs,2025,2025-01-01,2025-12-31,public_normative_retrieved_excerpt,EXTERNAL_PUBLIC_RAW_EXCERPT_WINDOW,public government website PDF; use short excerpts for benchmark,273a07608cf41b9f772af19d157cf3274151d19e4245e319150ba5b11212ee74,READY,,2026-08-27T12:28:22.746625+00:00,65bdc05bca93d34781800f213960b4c25f673bd8d347d7592b24d946cce725e1,bb2cd1626cc0c13656ae74372bd32ce96c8608b62297ff9f74453cb1d9cac2bb,PDF_TEXT,data\external-real-v6-normative-cache\text\nyncj-beijing-gov-cn-cfb9184eb5e59792.txt,38be86a8d0ec2427c4f264aae389b6fb26b0b486a563b9bdfed0919182fcff93
EXT_DOC_001_2026,EXT_E001,EXT_DOC_001_2026.txt,Beijing 2026 policy agricultural insurance reference terms,https://nyncj.beijing.gov.cn/nyj/zwgk/zcgk/zcwj3149/744058179/2026070319534651291.pdf,Beijing Municipal Bureau of Agriculture and Rural Affairs,2026,2026-01-01,2026-12-31,public_normative_retrieved_excerpt,EXTERNAL_PUBLIC_RAW_EXCERPT_WINDOW,public government website PDF; use short excerpts for benchmark,8e1e84941853b2084298e55fc5d417625f7fd0b393773e2bcd9104a40a6dcfe0,READY,,2026-08-27T12:28:24.760379+00:00,62931dcd4c9a4d74745df72d0d9124e2a51c4a1c1c5756e8b4d046fbd9e8ddc9,d05d0d061dc52d5f8145f8a3c5fcc51cff6513a62d2a190d2e6a33d9037c639f,PDF_TEXT,data\external-real-v6-normative-cache\text\nyncj-beijing-gov-cn-a3ce904d04ea0b40.txt,e318155b01d05d68ea46e13b00341366c44a0c29c74a4c1bfe2833605b7b58c7
EXT_DOC_002_2025,EXT_E002,EXT_DOC_002_2025.txt,Beijing 2025 policy agricultural insurance terms,https://nyncj.beijing.gov.cn/nyj/zwgk/zcgk/zcwj3149/743621601/2025051417472999136.pdf,Beijing Municipal Bureau of Agriculture and Rural Affairs,2025,2025-01-01,2025-12-31,public_normative_retrieved_excerpt,EXTERNAL_PUBLIC_RAW_EXCERPT_WINDOW,public government website PDF; use short excerpts for benchmark,17ab49f20bb7e027746788e30f698b0953fe97e317e23a7775cfa8bd00e5d71d,READY,,2026-08-27T12:28:22.746625+00:00,65bdc05bca93d34781800f213960b4c25f673bd8d347d7592b24d946cce725e1,bb2cd1626cc0c13656ae74372bd32ce96c8608b62297ff9f74453cb1d9cac2bb,PDF_TEXT,data\external-real-v6-normative-cache\text\nyncj-beijing-gov-cn-cfb9184eb5e59792.txt,54c5a7d62654e0ad367519482628a105e9c636b6ed9be85e6d3ca1c7e97ebde3
EXT_DOC_002_2026,EXT_E002,EXT_DOC_002_2026.txt,Beijing 2026 policy agricultural insurance reference terms,https://nyncj.beijing.gov.cn/nyj/zwgk/zcgk/zcwj3149/744058179/2026070319534651291.pdf,Beijing Municipal Bureau of Agriculture and Rural Affairs,2026,2026-01-01,2026-12-31,public_normative_retrieved_excerpt,EXTERNAL_PUBLIC_RAW_EXCERPT_WINDOW,public government website PDF; use short excerpts for benchmark,06d0cab19b726788f8b4a4e9bb8bc91203598bbd571230de675258455980cb8e,READY,,2026-08-27T12:28:24.760379+00:00,62931dcd4c9a4d74745df72d0d9124e2a51c4a1c1c5756e8b4d046fbd9e8ddc9,d05d0d061dc52d5f8145f8a3c5fcc51cff6513a62d2a190d2e6a33d9037c639f,PDF_TEXT,data\external-real-v6-normative-cache\text\nyncj-beijing-gov-cn-a3ce904d04ea0b40.txt,b8d13ae8a923996ba2b4086a03b5745345fa580a96e86d6e7a8d1f14c6e3f8f5
EXT_DOC_003_2025,EXT_E003,EXT_DOC_003_2025.txt,Beijing 2025 policy agricultural insurance terms,https://nyncj.beijing.gov.cn/nyj/zwgk/zcgk/zcwj3149/743621601/2025051417472999136.pdf,Beijing Municipal Bureau of Agriculture and Rural Affairs,2025,2025-01-01,2025-12-31,public_normative_retrieved_excerpt,EXTERNAL_PUBLIC_RAW_EXCERPT_WINDOW,public government website PDF; use short excerpts for benchmark,7622f6dd4455cdf00eaaf350787e9e72bac7d5559c796d1b4d40ee556b996091,READY,,2026-08-27T12:28:22.746625+00:00,65bdc05bca93d34781800f213960b4c25f673bd8d347d7592b24d946cce725e1,bb2cd1626cc0c13656ae74372bd32ce96c8608b62297ff9f74453cb1d9cac2bb,PDF_TEXT,data\external-real-v6-normative-cache\text\nyncj-beijing-gov-cn-cfb9184eb5e59792.txt,709be2899a80a940d0da3a93ead022c5cc583da19719efe35ef8faae833133be
EXT_DOC_003_2026,EXT_E003,EXT_DOC_003_2026.txt,Beijing 2026 policy agricultural insurance reference terms,https://nyncj.beijing.gov.cn/nyj/zwgk/zcgk/zcwj3149/744058179/2026070319534651291.pdf,Beijing Municipal Bureau of Agriculture and Rural Affairs,2026,2026-01-01,2026-12-31,public_normative_retrieved_excerpt,EXTERNAL_PUBLIC_RAW_EXCERPT_WINDOW,public government website PDF; use short excerpts for benchmark,114149b81f5a32262b3da9d9cdfbced5e688e1848c2b575207bbd494c2dab196,READY,,2026-08-27T12:28:24.760379+00:00,62931dcd4c9a4d74745df72d0d9124e2a51c4a1c1c5756e8b4d046fbd9e8ddc9,d05d0d061dc52d5f8145f8a3c5fcc51cff6513a62d2a190d2e6a33d9037c639f,PDF_TEXT,data\external-real-v6-normative-cache\text\nyncj-beijing-gov-cn-a3ce904d04ea0b40.txt,0b7773d316bfdf09cc81d9add0a5f1785213622d4d8dfaa32243a6303335aa08
EXT_DOC_004_NEW,EXT_E004,EXT_DOC_004_NEW.txt,Web Content Accessibility Guidelines 2.2,https://www.w3.org/TR/WCAG22/,W3C,2023-10-05,2023-10-05,,public_normative_retrieved_excerpt,EXTERNAL_PUBLIC_RAW_EXCERPT_WINDOW,public standards/guideline web page; use short excerpts for benchmark,13c91a5dfb35ea5cbd822f430253ab5865d525b27d4e14af339afad8ced22772,READY,,2026-08-27T12:29:18.972871+00:00,6e3c5fe397257cae509a2fb4752b73062cf8cbeb92c2cec618989b17e4cf7057,4bd394845ca9f360835e09439eb10a28bd52b5ef4358534d123e3f12b3c1b0c5,HTML_TEXT,data\external-real-v6-normative-cache\text\www-w3-org-a3b0aa493d7ca055.txt,c881fea33f8451a8393250fb7ff3ce1ae99af697ec49173ba2ddcfa57a494a71
EXT_DOC_004_OLD,EXT_E004,EXT_DOC_004_OLD.txt,Web Content Accessibility Guidelines 2.1,https://www.w3.org/TR/WCAG21/,W3C,2018-06-05,2018-06-05,2023-10-04,public_normative_retrieved_excerpt,EXTERNAL_PUBLIC_RAW_EXCERPT_WINDOW,public standards/guideline web page; use short excerpts for benchmark,1fe23525b6021377b7e202323e0af03134604e24c070c6725d189701f31bbc2f,READY,,2026-08-27T12:29:17.926192+00:00,233ac31974ce8575c08932ee1bd71c93879cf9b8426b2bc9b961b3ea8afb8ab6,7c715ed83a7c27ab6305c9c834819b26ec2956f9f7936ea0f2e3f3a94a31e91c,HTML_TEXT,data\external-real-v6-normative-cache\text\www-w3-org-34f97a47325db1ea.txt,9b30757708273754a531e4d88f625d3088cf743187eb3ca866cc54cb2a6a480b
EXT_DOC_005_NEW,EXT_E005,EXT_DOC_005_NEW.txt,Web Content Accessibility Guidelines 2.2,https://www.w3.org/TR/WCAG22/,W3C,2023-10-05,2023-10-05,,public_normative_retrieved_excerpt,EXTERNAL_PUBLIC_RAW_EXCERPT_WINDOW,public standards/guideline web page; use short excerpts for benchmark,e509a0b99183f2f2bbd6c620078dd3578813dba9345071c8aecb5b458f383eff,READY,,2026-08-27T12:29:18.972871+00:00,6e3c5fe397257cae509a2fb4752b73062cf8cbeb92c2cec618989b17e4cf7057,4bd394845ca9f360835e09439eb10a28bd52b5ef4358534d123e3f12b3c1b0c5,HTML_TEXT,data\external-real-v6-normative-cache\text\www-w3-org-a3b0aa493d7ca055.txt,5cb12642bfa1f24bdfdd69fb12dd64fdf689c0c0d6a6869d3ad721db173a7351
EXT_DOC_005_OLD,EXT_E005,EXT_DOC_005_OLD.txt,Web Content Accessibility Guidelines 2.1,https://www.w3.org/TR/WCAG21/,W3C,2018-06-05,2018-06-05,2023-10-04,public_normative_retrieved_excerpt,EXTERNAL_PUBLIC_RAW_EXCERPT_WINDOW,public standards/guideline web page; use short excerpts for benchmark,b5af89fed5b8f040632bd7da14976f69112a3bcc72c77ab27e9416f8274ae0a4,READY,,2026-08-27T12:29:17.926192+00:00,233ac31974ce8575c08932ee1bd71c93879cf9b8426b2bc9b961b3ea8afb8ab6,7c715ed83a7c27ab6305c9c834819b26ec2956f9f7936ea0f2e3f3a94a31e91c,HTML_TEXT,data\external-real-v6-normative-cache\text\www-w3-org-34f97a47325db1ea.txt,2324a7f33431bf8b83d63dec2d1b73e1a1990a7dae9cbd4c5ef013cd2a110b97
EXT_DOC_006_NEW,EXT_E006,EXT_DOC_006_NEW.txt,Guidance on Applying WCAG 2.2 to Mobile Applications,https://www.w3.org/TR/wcag2mobile-22/,W3C,2023-10-05,2023-10-05,,public_normative_retrieved_excerpt,EXTERNAL_PUBLIC_RAW_EXCERPT_WINDOW,public standards/guideline web page; use short excerpts for benchmark,19c454f2ac952a5de2c960b20709780b42303625838cc3c246aabed18ca18c58,READY,,2026-08-27T12:29:20.139267+00:00,b5d763e4b81248a5792ac8ffe85fc84e2607eeed4629cab13623ed43bc15f400,7e8224e320f2b7140250958c7e418790602130f1fc6e8f934b11e1ff80244869,HTML_TEXT,data\external-real-v6-normative-cache\text\www-w3-org-5b4e4977cd5273cb.txt,8b52114372d39033401fb63f4d14f86e20f754ce794724372b8b0c231a4b0970
EXT_DOC_006_OLD,EXT_E006,EXT_DOC_006_OLD.txt,W3C mobile accessibility guidance,https://www.w3.org/WAI/standards-guidelines/mobile/,W3C,2018-06-05,2018-06-05,2023-10-04,public_normative_retrieved_excerpt,EXTERNAL_PUBLIC_RAW_EXCERPT_WINDOW,public standards/guideline web page; use short excerpts for benchmark,a49bc4b1cf5fff6ffc1f09e43160640f2012f3645173cf9adc813ed47527b3f2,READY,,2026-08-27T12:29:20.769399+00:00,63ff7b802137e366d0e0631aa4b69f4d52e22c687e323d8af342ba2c75fe3cd6,8bd361edc7e360f9b4cb475be1a38923e69f286000732e45272ced877ee0cb2e,HTML_TEXT,data\external-real-v6-normative-cache\text\www-w3-org-d9e9db10ea21641c.txt,f1b6c9219088a8d7f6ce7308a300e901f7d7c46aab16cb2e7318d3067f54adf3
EXT_DOC_007_NEW,EXT_E007,EXT_DOC_007_NEW.txt,Web Content Accessibility Guidelines 2.2,https://www.w3.org/TR/WCAG22/,W3C,2023-10-05,2023-10-05,,public_normative_retrieved_excerpt,EXTERNAL_PUBLIC_RAW_EXCERPT_WINDOW,public standards/guideline web page; use short excerpts for benchmark,9e53ea9aa41d6f0623bb740c9359d802de92383ee0193f93164bb5981f146d9c,READY,,2026-08-27T12:29:18.972871+00:00,6e3c5fe397257cae509a2fb4752b73062cf8cbeb92c2cec618989b17e4cf7057,4bd394845ca9f360835e09439eb10a28bd52b5ef4358534d123e3f12b3c1b0c5,HTML_TEXT,data\external-real-v6-normative-cache\text\www-w3-org-a3b0aa493d7ca055.txt,bf76fb0edb1ad53b710872ce65baa7230c31f319956a4c9d72f4c53cc3671380
EXT_DOC_007_OLD,EXT_E007,EXT_DOC_007_OLD.txt,Web Content Accessibility Guidelines 2.1,https://www.w3.org/TR/WCAG21/,W3C,2018-06-05,2018-06-05,2023-10-04,public_normative_retrieved_excerpt,EXTERNAL_PUBLIC_RAW_EXCERPT_WINDOW,public standards/guideline web page; use short excerpts for benchmark,2b98fbd6eaffccae8d7a51762b29706640bc9cdda44eb6c543ce4fe1869b3e5a,READY,,2026-08-27T12:29:17.926192+00:00,233ac31974ce8575c08932ee1bd71c93879cf9b8426b2bc9b961b3ea8afb8ab6,7c715ed83a7c27ab6305c9c834819b26ec2956f9f7936ea0f2e3f3a94a31e91c,HTML_TEXT,data\external-real-v6-normative-cache\text\www-w3-org-34f97a47325db1ea.txt,1e4a60341c5579b89ba926d967897d5bed04e72955ec732a8b071600750b7bd9
EXT_DOC_008_NEW,EXT_E008,EXT_DOC_008_NEW.txt,Web Content Accessibility Guidelines 2.2,https://www.w3.org/TR/WCAG22/,W3C,2023-10-05,2023-10-05,,public_normative_retrieved_excerpt,EXTERNAL_PUBLIC_RAW_EXCERPT_WINDOW,public standards/guideline web page; use short excerpts for benchmark,16607ef076598d1549b26f68fe75aad37ecbaa293fddf6e4fd8687a2fe6a5137,READY,,2026-08-27T12:29:18.972871+00:00,6e3c5fe397257cae509a2fb4752b73062cf8cbeb92c2cec618989b17e4cf7057,4bd394845ca9f360835e09439eb10a28bd52b5ef4358534d123e3f12b3c1b0c5,HTML_TEXT,data\external-real-v6-normative-cache\text\www-w3-org-a3b0aa493d7ca055.txt,6756269f2c741828c54456cd68927e35df7d7d57a37e06b14b8fd7a6c53dc1e6
EXT_DOC_008_OLD,EXT_E008,EXT_DOC_008_OLD.txt,Web Content Accessibility Guidelines 2.1,https://www.w3.org/TR/WCAG21/,W3C,2018-06-05,2018-06-05,2023-10-04,public_normative_retrieved_excerpt,EXTERNAL_PUBLIC_RAW_EXCERPT_WINDOW,public standards/guideline web page; use short excerpts for benchmark,bb9a4de34781fba3c00d40fb303f2826e7d033d3b8a31f9943236b5d9a938b8f,READY,,2026-08-27T12:29:17.926192+00:00,233ac31974ce8575c08932ee1bd71c93879cf9b8426b2bc9b961b3ea8afb8ab6,7c715ed83a7c27ab6305c9c834819b26ec2956f9f7936ea0f2e3f3a94a31e91c,HTML_TEXT,data\external-real-v6-normative-cache\text\www-w3-org-34f97a47325db1ea.txt,4bf23b4766fc706ff1e7418af1c7b3f0d65964a2ce81bae7e874a9365ada3420
EXT_DOC_009_NEW,EXT_E009,EXT_DOC_009_NEW.txt,Guidance on Applying WCAG 2.2 to Mobile Applications,https://www.w3.org/TR/wcag2mobile-22/,W3C,2023-10-05,2023-10-05,,public_normative_retrieved_excerpt,EXTERNAL_PUBLIC_RAW_EXCERPT_WINDOW,public standards/guideline web page; use short excerpts for benchmark,600446c7cabb293aea571102bb353f031a66c0813abf837561f2a8d4b518dced,READY,,2026-08-27T12:29:20.139267+00:00,b5d763e4b81248a5792ac8ffe85fc84e2607eeed4629cab13623ed43bc15f400,7e8224e320f2b7140250958c7e418790602130f1fc6e8f934b11e1ff80244869,HTML_TEXT,data\external-real-v6-normative-cache\text\www-w3-org-5b4e4977cd5273cb.txt,4a34f3ad90d69c8ad494ae5ac09354258e9f98b7b377368863058735581b16da
EXT_DOC_009_OLD,EXT_E009,EXT_DOC_009_OLD.txt,W3C mobile accessibility guidance,https://www.w3.org/WAI/standards-guidelines/mobile/,W3C,2018-06-05,2018-06-05,2023-10-04,public_normative_retrieved_excerpt,EXTERNAL_PUBLIC_RAW_EXCERPT_WINDOW,public standards/guideline web page; use short excerpts for benchmark,ca353747896c6612567d069349026975276b2f9490cd54b5c76f1bd153abc711,READY,,2026-08-27T12:29:20.769399+00:00,63ff7b802137e366d0e0631aa4b69f4d52e22c687e323d8af342ba2c75fe3cd6,8bd361edc7e360f9b4cb475be1a38923e69f286000732e45272ced877ee0cb2e,HTML_TEXT,data\external-real-v6-normative-cache\text\www-w3-org-d9e9db10ea21641c.txt,0c0ac52a5bff28a70911e0616a6f1f278a8468dc2eeb33afdaa1a035ae1cc1db
EXT_DOC_010_NEW,EXT_E010,EXT_DOC_010_NEW.txt,Web Content Accessibility Guidelines 2.2,https://www.w3.org/TR/WCAG22/,W3C,2023-10-05,2023-10-05,,public_normative_retrieved_excerpt,EXTERNAL_PUBLIC_RAW_EXCERPT_WINDOW,public standards/guideline web page; use short excerpts for benchmark,28eacd9923e28b9773dcd2f66d30047a770dc31d670c7a6aa52488350e420c89,READY,,2026-08-27T12:29:18.972871+00:00,6e3c5fe397257cae509a2fb4752b73062cf8cbeb92c2cec618989b17e4cf7057,4bd394845ca9f360835e09439eb10a28bd52b5ef4358534d123e3f12b3c1b0c5,HTML_TEXT,data\external-real-v6-normative-cache\text\www-w3-org-a3b0aa493d7ca055.txt,951c77e6e2c49722ed1851b7e119455a284989a6116498e3c5a64a932c90ef0b
EXT_DOC_010_OLD,EXT_E010,EXT_DOC_010_OLD.txt,Web Content Accessibility Guidelines 2.1,https://www.w3.org/TR/WCAG21/,W3C,2018-06-05,2018-06-05,2023-10-04,public_normative_retrieved_excerpt,EXTERNAL_PUBLIC_RAW_EXCERPT_WINDOW,public standards/guideline web page; use short excerpts for benchmark,2b98fbd6eaffccae8d7a51762b29706640bc9cdda44eb6c543ce4fe1869b3e5a,READY,,2026-08-27T12:29:17.926192+00:00,233ac31974ce8575c08932ee1bd71c93879cf9b8426b2bc9b961b3ea8afb8ab6,7c715ed83a7c27ab6305c9c834819b26ec2956f9f7936ea0f2e3f3a94a31e91c,HTML_TEXT,data\external-real-v6-normative-cache\text\www-w3-org-34f97a47325db1ea.txt,1e4a60341c5579b89ba926d967897d5bed04e72955ec732a8b071600750b7bd9
EXT_DOC_011_NEW,EXT_E011,EXT_DOC_011_NEW.txt,Web Content Accessibility Guidelines 2.2,https://www.w3.org/TR/WCAG22/,W3C,2023-10-05,2023-10-05,,public_normative_retrieved_excerpt,EXTERNAL_PUBLIC_RAW_EXCERPT_WINDOW,public standards/guideline web page; use short excerpts for benchmark,cebdbf9d25e68e67cf761f9782865a94a1f01ab7b3df933a5df097164b76bd79,READY,,2026-08-27T12:29:18.972871+00:00,6e3c5fe397257cae509a2fb4752b73062cf8cbeb92c2cec618989b17e4cf7057,4bd394845ca9f360835e09439eb10a28bd52b5ef4358534d123e3f12b3c1b0c5,HTML_TEXT,data\external-real-v6-normative-cache\text\www-w3-org-a3b0aa493d7ca055.txt,af0323bb6cb79d1b216d06d2f324c78509d79876ca2b36d7b5c89700254c66cc
EXT_DOC_011_OLD,EXT_E011,EXT_DOC_011_OLD.txt,Web Content Accessibility Guidelines 2.1,https://www.w3.org/TR/WCAG21/,W3C,2018-06-05,2018-06-05,2023-10-04,public_normative_retrieved_excerpt,EXTERNAL_PUBLIC_RAW_EXCERPT_WINDOW,public standards/guideline web page; use short excerpts for benchmark,4b3fcd299376d19d483c520f4d10e3387039a02598a10b1f3d8c673566828b8e,READY,,2026-08-27T12:29:17.926192+00:00,233ac31974ce8575c08932ee1bd71c93879cf9b8426b2bc9b961b3ea8afb8ab6,7c715ed83a7c27ab6305c9c834819b26ec2956f9f7936ea0f2e3f3a94a31e91c,HTML_TEXT,data\external-real-v6-normative-cache\text\www-w3-org-34f97a47325db1ea.txt,ab8e0610bbe364070f05ee4f63b25a7fe21a681e4ed03cda8b8a2daa3ad9d994
EXT_DOC_012_NEW,EXT_E012,EXT_DOC_012_NEW.txt,Guidance on Applying WCAG 2.2 to Mobile Applications,https://www.w3.org/TR/wcag2mobile-22/,W3C,2023-10-05,2023-10-05,,public_normative_retrieved_excerpt,EXTERNAL_PUBLIC_RAW_EXCERPT_WINDOW,public standards/guideline web page; use short excerpts for benchmark,a0d9c9872e7e7ced9c215856f17c4fc1880b133be9a527351c1c3b11013275cd,READY,,2026-08-27T12:29:20.139267+00:00,b5d763e4b81248a5792ac8ffe85fc84e2607eeed4629cab13623ed43bc15f400,7e8224e320f2b7140250958c7e418790602130f1fc6e8f934b11e1ff80244869,HTML_TEXT,data\external-real-v6-normative-cache\text\www-w3-org-5b4e4977cd5273cb.txt,b0268e2cffb6952bd886e35673b9f32c6a751fa1a0c2850bad6b5a0910bb8058
EXT_DOC_012_OLD,EXT_E012,EXT_DOC_012_OLD.txt,W3C mobile accessibility guidance,https://www.w3.org/WAI/standards-guidelines/mobile/,W3C,2018-06-05,2018-06-05,2023-10-04,public_normative_retrieved_excerpt,EXTERNAL_PUBLIC_RAW_EXCERPT_WINDOW,public standards/guideline web page; use short excerpts for benchmark,683f20e96747bd33bbb23be79c458f45290c98cda8089a14dff764d0c54d61f9,READY,,2026-08-27T12:29:20.769399+00:00,63ff7b802137e366d0e0631aa4b69f4d52e22c687e323d8af342ba2c75fe3cd6,8bd361edc7e360f9b4cb475be1a38923e69f286000732e45272ced877ee0cb2e,HTML_TEXT,data\external-real-v6-normative-cache\text\www-w3-org-d9e9db10ea21641c.txt,a02bd895ffe5cada0220141fb6d3a7492e2e5d6e07660eb248c18ea566d33c18
EXT_DOC_013_NEW,EXT_E013,EXT_DOC_013_NEW.txt,Web Content Accessibility Guidelines 2.2,https://www.w3.org/TR/WCAG22/,W3C,2018-06-05,2018-06-05,,public_normative_retrieved_excerpt,EXTERNAL_PUBLIC_RAW_EXCERPT_WINDOW,public standards/guideline web page; use short excerpts for benchmark,2ddfdd3f2d3b779dce3ce4accabc8811d1f45d59b3ad37c5be0923c89acad197,READY,,2026-08-27T12:29:18.972871+00:00,6e3c5fe397257cae509a2fb4752b73062cf8cbeb92c2cec618989b17e4cf7057,4bd394845ca9f360835e09439eb10a28bd52b5ef4358534d123e3f12b3c1b0c5,HTML_TEXT,data\external-real-v6-normative-cache\text\www-w3-org-a3b0aa493d7ca055.txt,948ae532df524d598d540bc4be1f743cb624d1e34405a4bc042cde22a6849bcc
EXT_DOC_013_OLD,EXT_E013,EXT_DOC_013_OLD.txt,Web Content Accessibility Guidelines 2.1,https://www.w3.org/TR/WCAG21/,W3C,2008-12-11,2008-12-11,2018-06-04,public_normative_retrieved_excerpt,EXTERNAL_PUBLIC_RAW_EXCERPT_WINDOW,public standards/guideline web page; use short excerpts for benchmark,687e3f4d79ea8a172351f1f1b1c4daa8f4c1ccb83eac72ab58ffe12ee7bb59a0,READY,,2026-08-27T12:29:17.926192+00:00,233ac31974ce8575c08932ee1bd71c93879cf9b8426b2bc9b961b3ea8afb8ab6,7c715ed83a7c27ab6305c9c834819b26ec2956f9f7936ea0f2e3f3a94a31e91c,HTML_TEXT,data\external-real-v6-normative-cache\text\www-w3-org-34f97a47325db1ea.txt,bfb4db4ed2611c3a5618df00feca71224406e3444e58f87cbd2b5e0255b4b009
EXT_DOC_014_NEW,EXT_E014,EXT_DOC_014_NEW.txt,Web Content Accessibility Guidelines 2.2,https://www.w3.org/TR/WCAG22/,W3C,2018-06-05,2018-06-05,,public_normative_retrieved_excerpt,EXTERNAL_PUBLIC_RAW_EXCERPT_WINDOW,public standards/guideline web page; use short excerpts for benchmark,c80f7f429bdaff3cd7e9c9a0bcd69ac7c0e4e103d21af9981b89a713afb57a54,READY,,2026-08-27T12:29:18.972871+00:00,6e3c5fe397257cae509a2fb4752b73062cf8cbeb92c2cec618989b17e4cf7057,4bd394845ca9f360835e09439eb10a28bd52b5ef4358534d123e3f12b3c1b0c5,HTML_TEXT,data\external-real-v6-normative-cache\text\www-w3-org-a3b0aa493d7ca055.txt,3da686de4ec25824c333bff0995aa0d2e85b53e457578880e2f7814879e2224b
EXT_DOC_014_OLD,EXT_E014,EXT_DOC_014_OLD.txt,Web Content Accessibility Guidelines 2.1,https://www.w3.org/TR/WCAG21/,W3C,2008-12-11,2008-12-11,2018-06-04,public_normative_retrieved_excerpt,EXTERNAL_PUBLIC_RAW_EXCERPT_WINDOW,public standards/guideline web page; use short excerpts for benchmark,b3bb9664c4a0c2f2eb49d30c48c9b7686a37f882176c82df7321e934143dd686,READY,,2026-08-27T12:29:17.926192+00:00,233ac31974ce8575c08932ee1bd71c93879cf9b8426b2bc9b961b3ea8afb8ab6,7c715ed83a7c27ab6305c9c834819b26ec2956f9f7936ea0f2e3f3a94a31e91c,HTML_TEXT,data\external-real-v6-normative-cache\text\www-w3-org-34f97a47325db1ea.txt,0cc5a582b6de990abb156aec846b14e3f347bc53fb9da02b50a962e307a1e474
EXT_DOC_015_NEW,EXT_E015,EXT_DOC_015_NEW.txt,Guidance on Applying WCAG 2.2 to Mobile Applications,https://www.w3.org/TR/wcag2mobile-22/,W3C,2018-06-05,2018-06-05,,public_normative_retrieved_excerpt,EXTERNAL_PUBLIC_RAW_EXCERPT_WINDOW,public standards/guideline web page; use short excerpts for benchmark,acfb0cb2fbc00d65626cb2ca329bd66733dc37fc62276f78815fc566a8ce00ba,READY,,2026-08-27T12:29:20.139267+00:00,b5d763e4b81248a5792ac8ffe85fc84e2607eeed4629cab13623ed43bc15f400,7e8224e320f2b7140250958c7e418790602130f1fc6e8f934b11e1ff80244869,HTML_TEXT,data\external-real-v6-normative-cache\text\www-w3-org-5b4e4977cd5273cb.txt,54f5bbac5640310dba60767cd95eccf64978fb8f92de61bb6d159a08104b5bc6
EXT_DOC_015_OLD,EXT_E015,EXT_DOC_015_OLD.txt,W3C mobile accessibility guidance,https://www.w3.org/WAI/standards-guidelines/mobile/,W3C,2008-12-11,2008-12-11,2018-06-04,public_normative_retrieved_excerpt,EXTERNAL_PUBLIC_RAW_EXCERPT_WINDOW,public standards/guideline web page; use short excerpts for benchmark,1ce3aefa0aa5ae0c80fc50c23ae7bf20bce33ca63be354b536faff877aafe6b6,READY,,2026-08-27T12:29:20.769399+00:00,63ff7b802137e366d0e0631aa4b69f4d52e22c687e323d8af342ba2c75fe3cd6,8bd361edc7e360f9b4cb475be1a38923e69f286000732e45272ced877ee0cb2e,HTML_TEXT,data\external-real-v6-normative-cache\text\www-w3-org-d9e9db10ea21641c.txt,3ae360c94807bd6512682377134cb0a9544c5dac3217f35ff2f6933e81d46ccb
EXT_DOC_016_NEW,EXT_E016,EXT_DOC_016_NEW.txt,Web Content Accessibility Guidelines 2.2,https://www.w3.org/TR/WCAG22/,W3C,2018-06-05,2018-06-05,,public_normative_retrieved_excerpt,EXTERNAL_PUBLIC_RAW_EXCERPT_WINDOW,public standards/guideline web page; use short excerpts for benchmark,22f4324b9b629a7a85b43407a7e4e601ec6c8bc06351fd3e766ef8e9bcb48ebd,READY,,2026-08-27T12:29:18.972871+00:00,6e3c5fe397257cae509a2fb4752b73062cf8cbeb92c2cec618989b17e4cf7057,4bd394845ca9f360835e09439eb10a28bd52b5ef4358534d123e3f12b3c1b0c5,HTML_TEXT,data\external-real-v6-normative-cache\text\www-w3-org-a3b0aa493d7ca055.txt,3ee3da09f333ff684a9a08f4f247cc5b48fff519fe9c997f4b598b52b6d5158d
EXT_DOC_016_OLD,EXT_E016,EXT_DOC_016_OLD.txt,Web Content Accessibility Guidelines 2.1,https://www.w3.org/TR/WCAG21/,W3C,2008-12-11,2008-12-11,2018-06-04,public_normative_retrieved_excerpt,EXTERNAL_PUBLIC_RAW_EXCERPT_WINDOW,public standards/guideline web page; use short excerpts for benchmark,17f50c448a02ee2e6a1919810aff9180e0f8e5df7e3bc711b374fa50da76f20c,READY,,2026-08-27T12:29:17.926192+00:00,233ac31974ce8575c08932ee1bd71c93879cf9b8426b2bc9b961b3ea8afb8ab6,7c715ed83a7c27ab6305c9c834819b26ec2956f9f7936ea0f2e3f3a94a31e91c,HTML_TEXT,data\external-real-v6-normative-cache\text\www-w3-org-34f97a47325db1ea.txt,be37e4aed319509db4d6df4b79de9ef02732ba22285497224e0e83f377bfc7d7
EXT_DOC_017_NEW,EXT_E017,EXT_DOC_017_NEW.txt,Web Content Accessibility Guidelines 2.2,https://www.w3.org/TR/WCAG22/,W3C,2018-06-05,2018-06-05,,public_normative_retrieved_excerpt,EXTERNAL_PUBLIC_RAW_EXCERPT_WINDOW,public standards/guideline web page; use short excerpts for benchmark,87a2de3184e3002233cc27f6fa77b6757494cbc6610e9b780a7b7fd4a0a4d4e0,READY,,2026-08-27T12:29:18.972871+00:00,6e3c5fe397257cae509a2fb4752b73062cf8cbeb92c2cec618989b17e4cf7057,4bd394845ca9f360835e09439eb10a28bd52b5ef4358534d123e3f12b3c1b0c5,HTML_TEXT,data\external-real-v6-normative-cache\text\www-w3-org-a3b0aa493d7ca055.txt,0083aa511ee2b3fd915ad49992519283939a2ec0c134ac97f9941784b5643ac3
EXT_DOC_017_OLD,EXT_E017,EXT_DOC_017_OLD.txt,Web Content Accessibility Guidelines 2.1,https://www.w3.org/TR/WCAG21/,W3C,2008-12-11,2008-12-11,2018-06-04,public_normative_retrieved_excerpt,EXTERNAL_PUBLIC_RAW_EXCERPT_WINDOW,public standards/guideline web page; use short excerpts for benchmark,51823a765ff3fa6870dc6e67d6d673f656e76d50f67b629398d9fe91d8766083,READY,,2026-08-27T12:29:17.926192+00:00,233ac31974ce8575c08932ee1bd71c93879cf9b8426b2bc9b961b3ea8afb8ab6,7c715ed83a7c27ab6305c9c834819b26ec2956f9f7936ea0f2e3f3a94a31e91c,HTML_TEXT,data\external-real-v6-normative-cache\text\www-w3-org-34f97a47325db1ea.txt,4f0c8a3710388a8780d1f502ffd21b76dc4d9ca3573a77fa1249996a01866983
EXT_DOC_018_NEW,EXT_E018,EXT_DOC_018_NEW.txt,Guidance on Applying WCAG 2.2 to Mobile Applications,https://www.w3.org/TR/wcag2mobile-22/,W3C,2018-06-05,2018-06-05,,public_normative_retrieved_excerpt,EXTERNAL_PUBLIC_RAW_EXCERPT_WINDOW,public standards/guideline web page; use short excerpts for benchmark,4c454194fcc7db5c51623a7cd9e3702aa322aa2e869b8e7016f0b5c350cec829,READY,,2026-08-27T12:29:20.139267+00:00,b5d763e4b81248a5792ac8ffe85fc84e2607eeed4629cab13623ed43bc15f400,7e8224e320f2b7140250958c7e418790602130f1fc6e8f934b11e1ff80244869,HTML_TEXT,data\external-real-v6-normative-cache\text\www-w3-org-5b4e4977cd5273cb.txt,d640d86d4d56c0ea6c9e8579f18a400e8e588aa4bf71b784e7723ffbca65f7fa
EXT_DOC_018_OLD,EXT_E018,EXT_DOC_018_OLD.txt,W3C mobile accessibility guidance,https://www.w3.org/WAI/standards-guidelines/mobile/,W3C,2008-12-11,2008-12-11,2018-06-04,public_normative_retrieved_excerpt,EXTERNAL_PUBLIC_RAW_EXCERPT_WINDOW,public standards/guideline web page; use short excerpts for benchmark,f0b5ffaa7f96c2d6fc328d83485fe1caf8f578c50d1d7300d57d651a832be86a,READY,,2026-08-27T12:29:20.769399+00:00,63ff7b802137e366d0e0631aa4b69f4d52e22c687e323d8af342ba2c75fe3cd6,8bd361edc7e360f9b4cb475be1a38923e69f286000732e45272ced877ee0cb2e,HTML_TEXT,data\external-real-v6-normative-cache\text\www-w3-org-d9e9db10ea21641c.txt,b92cd3068bcff27d8e2ac790754d4263b31ee15e583d0b09f26a5e279f09254c
EXT_DOC_019_NEW,EXT_E019,EXT_DOC_019_NEW.txt,Web Content Accessibility Guidelines 2.2,https://www.w3.org/TR/WCAG22/,W3C,2018-06-05,2018-06-05,,public_normative_retrieved_excerpt,EXTERNAL_PUBLIC_RAW_EXCERPT_WINDOW,public standards/guideline web page; use short excerpts for benchmark,8ead0e268aa99cc927345873a12513abcceaf11db17fbebd3fde61ee76dffcaf,READY,,2026-08-27T12:29:18.972871+00:00,6e3c5fe397257cae509a2fb4752b73062cf8cbeb92c2cec618989b17e4cf7057,4bd394845ca9f360835e09439eb10a28bd52b5ef4358534d123e3f12b3c1b0c5,HTML_TEXT,data\external-real-v6-normative-cache\text\www-w3-org-a3b0aa493d7ca055.txt,255dfae5f070e56fe3153f33068a418b4be725d7129f21d5b312b0bdd75f302e
EXT_DOC_019_OLD,EXT_E019,EXT_DOC_019_OLD.txt,Web Content Accessibility Guidelines 2.1,https://www.w3.org/TR/WCAG21/,W3C,2008-12-11,2008-12-11,2018-06-04,public_normative_retrieved_excerpt,EXTERNAL_PUBLIC_RAW_EXCERPT_WINDOW,public standards/guideline web page; use short excerpts for benchmark,e6640ef4d3dcccb530d4f27036b7ceb06fb745b53337bbf4f49a40f10f584c90,READY,,2026-08-27T12:29:17.926192+00:00,233ac31974ce8575c08932ee1bd71c93879cf9b8426b2bc9b961b3ea8afb8ab6,7c715ed83a7c27ab6305c9c834819b26ec2956f9f7936ea0f2e3f3a94a31e91c,HTML_TEXT,data\external-real-v6-normative-cache\text\www-w3-org-34f97a47325db1ea.txt,8d3a22974c6c271583e576d0fa1251c3578294cc3d5c31b0079c78d75707355a
EXT_DOC_020_NEW,EXT_E020,EXT_DOC_020_NEW.txt,Web Content Accessibility Guidelines 2.2,https://www.w3.org/TR/WCAG22/,W3C,2018-06-05,2018-06-05,,public_normative_retrieved_excerpt,EXTERNAL_PUBLIC_RAW_EXCERPT_WINDOW,public standards/guideline web page; use short excerpts for benchmark,8964d94b469d3e55bb685622c5d1d4957966398a0730f18b960293a429a613e5,READY,,2026-08-27T12:29:18.972871+00:00,6e3c5fe397257cae509a2fb4752b73062cf8cbeb92c2cec618989b17e4cf7057,4bd394845ca9f360835e09439eb10a28bd52b5ef4358534d123e3f12b3c1b0c5,HTML_TEXT,data\external-real-v6-normative-cache\text\www-w3-org-a3b0aa493d7ca055.txt,493af8e85bdd1d9adf68145ca50f63405feab05473a32eccf1401d7081f7d697
EXT_DOC_020_OLD,EXT_E020,EXT_DOC_020_OLD.txt,Web Content Accessibility Guidelines 2.1,https://www.w3.org/TR/WCAG21/,W3C,2008-12-11,2008-12-11,2018-06-04,public_normative_retrieved_excerpt,EXTERNAL_PUBLIC_RAW_EXCERPT_WINDOW,public standards/guideline web page; use short excerpts for benchmark,92f51e8c374660d238312e34d629ada2aba83ea77c9981b78dcd128d8ba1888b,READY,,2026-08-27T12:29:17.926192+00:00,233ac31974ce8575c08932ee1bd71c93879cf9b8426b2bc9b961b3ea8afb8ab6,7c715ed83a7c27ab6305c9c834819b26ec2956f9f7936ea0f2e3f3a94a31e91c,HTML_TEXT,data\external-real-v6-normative-cache\text\www-w3-org-34f97a47325db1ea.txt,58466808cd6c85a5815a42899056cfa4efd18e7a8d24756480535e26f9c7fb9a
EXT_DOC_021_NEW,EXT_E021,EXT_DOC_021_NEW.txt,Guidance on Applying WCAG 2.2 to Mobile Applications,https://www.w3.org/TR/wcag2mobile-22/,W3C,2018-06-05,2018-06-05,,public_normative_retrieved_excerpt,EXTERNAL_PUBLIC_RAW_EXCERPT_WINDOW,public standards/guideline web page; use short excerpts for benchmark,02178fd66c046e45f18bd32b3edd795bfd11fa1a26a720c8c20420d0b9cc735d,READY,,2026-08-27T12:29:20.139267+00:00,b5d763e4b81248a5792ac8ffe85fc84e2607eeed4629cab13623ed43bc15f400,7e8224e320f2b7140250958c7e418790602130f1fc6e8f934b11e1ff80244869,HTML_TEXT,data\external-real-v6-normative-cache\text\www-w3-org-5b4e4977cd5273cb.txt,894bdf99ed0de310a23545aacccdb516354e29008c97b3c2f74aead087866699
EXT_DOC_021_OLD,EXT_E021,EXT_DOC_021_OLD.txt,W3C mobile accessibility guidance,https://www.w3.org/WAI/standards-guidelines/mobile/,W3C,2008-12-11,2008-12-11,2018-06-04,public_normative_retrieved_excerpt,EXTERNAL_PUBLIC_RAW_EXCERPT_WINDOW,public standards/guideline web page; use short excerpts for benchmark,1ce3aefa0aa5ae0c80fc50c23ae7bf20bce33ca63be354b536faff877aafe6b6,READY,,2026-08-27T12:29:20.769399+00:00,63ff7b802137e366d0e0631aa4b69f4d52e22c687e323d8af342ba2c75fe3cd6,8bd361edc7e360f9b4cb475be1a38923e69f286000732e45272ced877ee0cb2e,HTML_TEXT,data\external-real-v6-normative-cache\text\www-w3-org-d9e9db10ea21641c.txt,3ae360c94807bd6512682377134cb0a9544c5dac3217f35ff2f6933e81d46ccb
EXT_DOC_022_NEW,EXT_E022,EXT_DOC_022_NEW.txt,Web Content Accessibility Guidelines 2.2,https://www.w3.org/TR/WCAG22/,W3C,2018-06-05,2018-06-05,,public_normative_retrieved_excerpt,EXTERNAL_PUBLIC_RAW_EXCERPT_WINDOW,public standards/guideline web page; use short excerpts for benchmark,e918d8cad8b432fce2556ba431c16274825d842283b99f9274b610090d777e1f,READY,,2026-08-27T12:29:18.972871+00:00,6e3c5fe397257cae509a2fb4752b73062cf8cbeb92c2cec618989b17e4cf7057,4bd394845ca9f360835e09439eb10a28bd52b5ef4358534d123e3f12b3c1b0c5,HTML_TEXT,data\external-real-v6-normative-cache\text\www-w3-org-a3b0aa493d7ca055.txt,40f1eb0a628a5181b3714c157d2cd00ff0e6fa5cbd075f044855f6e2c77e99cc
EXT_DOC_022_OLD,EXT_E022,EXT_DOC_022_OLD.txt,Web Content Accessibility Guidelines 2.1,https://www.w3.org/TR/WCAG21/,W3C,2008-12-11,2008-12-11,2018-06-04,public_normative_retrieved_excerpt,EXTERNAL_PUBLIC_RAW_EXCERPT_WINDOW,public standards/guideline web page; use short excerpts for benchmark,21c5b664fcf5904bf93475ca6c764a1228c6aa163c3c6f450de2123d61f0fe8a,READY,,2026-08-27T12:29:17.926192+00:00,233ac31974ce8575c08932ee1bd71c93879cf9b8426b2bc9b961b3ea8afb8ab6,7c715ed83a7c27ab6305c9c834819b26ec2956f9f7936ea0f2e3f3a94a31e91c,HTML_TEXT,data\external-real-v6-normative-cache\text\www-w3-org-34f97a47325db1ea.txt,bc8bc963b6cbe72f17d84a844ecf2193dd8eff59ab7d28a0a7473873cfafa714
EXT_DOC_023_NEW,EXT_E023,EXT_DOC_023_NEW.txt,Web Content Accessibility Guidelines 2.2,https://www.w3.org/TR/WCAG22/,W3C,2018-06-05,2018-06-05,,public_normative_retrieved_excerpt,EXTERNAL_PUBLIC_RAW_EXCERPT_WINDOW,public standards/guideline web page; use short excerpts for benchmark,687066c21f36ac02f0ad9c8303e21246d457b5c66873f5e6ec5fcf9034c0061d,READY,,2026-08-27T12:29:18.972871+00:00,6e3c5fe397257cae509a2fb4752b73062cf8cbeb92c2cec618989b17e4cf7057,4bd394845ca9f360835e09439eb10a28bd52b5ef4358534d123e3f12b3c1b0c5,HTML_TEXT,data\external-real-v6-normative-cache\text\www-w3-org-a3b0aa493d7ca055.txt,bf0e879a2a4c56d676ca1be707dcd380288833c8705cc2f4b678f3a025c6a543
EXT_DOC_023_OLD,EXT_E023,EXT_DOC_023_OLD.txt,Web Content Accessibility Guidelines 2.1,https://www.w3.org/TR/WCAG21/,W3C,2008-12-11,2008-12-11,2018-06-04,public_normative_retrieved_excerpt,EXTERNAL_PUBLIC_RAW_EXCERPT_WINDOW,public standards/guideline web page; use short excerpts for benchmark,3b7ea39e5f8bb367de531b7d3b02b2ab483c179e3887bf57a85e9ef04c732811,READY,,2026-08-27T12:29:17.926192+00:00,233ac31974ce8575c08932ee1bd71c93879cf9b8426b2bc9b961b3ea8afb8ab6,7c715ed83a7c27ab6305c9c834819b26ec2956f9f7936ea0f2e3f3a94a31e91c,HTML_TEXT,data\external-real-v6-normative-cache\text\www-w3-org-34f97a47325db1ea.txt,67f64297deb180f2307fccd3ee45de0fa15f797dbe5a8471519dcadcd8485346
EXT_DOC_024_NEW,EXT_E024,EXT_DOC_024_NEW.txt,Guidance on Applying WCAG 2.2 to Mobile Applications,https://www.w3.org/TR/wcag2mobile-22/,W3C,2018-06-05,2018-06-05,,public_normative_retrieved_excerpt,EXTERNAL_PUBLIC_RAW_EXCERPT_WINDOW,public standards/guideline web page; use short excerpts for benchmark,0a9a211317d4aae06e5cf2ba7020ea69c82b4908d966d40634d01cb8d81ae9af,READY,,2026-08-27T12:29:20.139267+00:00,b5d763e4b81248a5792ac8ffe85fc84e2607eeed4629cab13623ed43bc15f400,7e8224e320f2b7140250958c7e418790602130f1fc6e8f934b11e1ff80244869,HTML_TEXT,data\external-real-v6-normative-cache\text\www-w3-org-5b4e4977cd5273cb.txt,f6663984f4e2753bd0bcb1a553ddc7f6e9760b8ff3d0874621f00f11d09bd998
EXT_DOC_024_OLD,EXT_E024,EXT_DOC_024_OLD.txt,W3C mobile accessibility guidance,https://www.w3.org/WAI/standards-guidelines/mobile/,W3C,2008-12-11,2008-12-11,2018-06-04,public_normative_retrieved_excerpt,EXTERNAL_PUBLIC_RAW_EXCERPT_WINDOW,public standards/guideline web page; use short excerpts for benchmark,b3159a7a4fe267131409f2c862a409df4505cc278cdfc2822f885cab4613a781,READY,,2026-08-27T12:29:20.769399+00:00,63ff7b802137e366d0e0631aa4b69f4d52e22c687e323d8af342ba2c75fe3cd6,8bd361edc7e360f9b4cb475be1a38923e69f286000732e45272ced877ee0cb2e,HTML_TEXT,data\external-real-v6-normative-cache\text\www-w3-org-d9e9db10ea21641c.txt,7fdc5ff29d2af08871afc08fe14c288948d2f502a0c8e943570c3058205ebd93
EXT_DOC_025_NEW,EXT_E025,EXT_DOC_025_NEW.txt,SP 800-63-4 Digital Identity Guidelines,https://pages.nist.gov/800-63-4/,NIST,2025-07,2025-08-01,,public_normative_retrieved_excerpt,EXTERNAL_PUBLIC_RAW_EXCERPT_WINDOW,public standards/guideline web page; use short excerpts for benchmark,3e27501061a91177807450172bfd28ce869296b874a4d05a7e010771d255a20f,READY,,2026-08-27T12:28:38.567656+00:00,ea7d0c18f576d68789f1a96c06b73f90aa077b7857384d6299be26755c6cf6ca,94dd1d80fb06b0d7b32bc5f136419523a2681cd20d9e91ccd20d8912984a423f,HTML_TEXT,data\external-real-v6-normative-cache\text\pages-nist-gov-e57eadbf4ab6c7e3.txt,f1b62a838573a89f7f86aeec7f67eeabd5701a4570f053c032c4fd132b263e3e
EXT_DOC_025_OLD,EXT_E025,EXT_DOC_025_OLD.txt,SP 800-63-3 Digital Identity Guidelines,https://pages.nist.gov/800-63-3/,NIST,2017,2017-06-22,2025-07-31,public_normative_retrieved_excerpt,EXTERNAL_PUBLIC_RAW_EXCERPT_WINDOW,public standards/guideline web page; use short excerpts for benchmark,5b7bb5db626cfc58f2aaad16ff4b483c82921f53db7ac38d08febddac6f0572e,READY,,2026-08-27T12:28:35.016633+00:00,7d45a204f80d4907083bac29390a05b252bb68aa07b2c4e90db5e8f1df94af6e,db5b869ce28b5864aa97b05fdd22e663062e290c34aa6264f98cc2c7ae736246,HTML_TEXT,data\external-real-v6-normative-cache\text\pages-nist-gov-9783410e0aeac928.txt,62600b4fdf0a17356b05c0a2f26d64b3629fab750d5371b4edc46f76252d59aa
EXT_DOC_026_NEW,EXT_E026,EXT_DOC_026_NEW.txt,SP 800-63A-4 Identity Proofing and Enrollment,https://pages.nist.gov/800-63-4/sp800-63a.html,NIST,2025-07,2025-08-01,,public_normative_retrieved_excerpt,EXTERNAL_PUBLIC_RAW_EXCERPT_WINDOW,public standards/guideline web page; use short excerpts for benchmark,976d72f72420edeb591311503a5a49becda25ee27f34c91d6dffd6cf0e74b865,READY,,2026-08-27T12:28:40.048482+00:00,b68a95793d10bc1601d41c70863d41d9c749aa541263a9afeea7997b5c8c2507,8c6c89336af06fc1f7c3c1f02139afd61edc9691c5c512318b08cfc3334048d0,HTML_TEXT,data\external-real-v6-normative-cache\text\pages-nist-gov-a163c9a29e3481a9.txt,5a9ea7052a5cfb1766edada19c9eb0846344d884821648d69cd6fc1234a03d5a
EXT_DOC_026_OLD,EXT_E026,EXT_DOC_026_OLD.txt,SP 800-63A-3 Identity Proofing and Enrollment,https://pages.nist.gov/800-63-3/sp800-63a.html,NIST,2017,2017-06-22,2025-07-31,public_normative_retrieved_excerpt,EXTERNAL_PUBLIC_RAW_EXCERPT_WINDOW,public standards/guideline web page; use short excerpts for benchmark,5d35611ee711c68a51c77af6c4d02ac167600f56b435b503e8679a2d43ca2b6b,READY,,2026-08-27T12:28:36.309916+00:00,5db29b55a6eb41d20598bf07665d5e4bde57dba42b693347d412c9bb416d3a48,be42bf1949212d3a68b31dbc652bee3bdbb5082d531c115e4da3cfde8e9aafd6,HTML_TEXT,data\external-real-v6-normative-cache\text\pages-nist-gov-d713994669abe781.txt,f1e4be4935ec86d5dc99bdcc9fc9df2956856b8142cc64b9f2e175ca7d87922a
EXT_DOC_027_NEW,EXT_E027,EXT_DOC_027_NEW.txt,SP 800-63B-4 Authentication and Authenticator Management,https://pages.nist.gov/800-63-4/sp800-63b.html,NIST,2025-07,2025-08-01,,public_normative_retrieved_excerpt,EXTERNAL_PUBLIC_RAW_EXCERPT_WINDOW,public standards/guideline web page; use short excerpts for benchmark,b74b927826671619a760058387431bee626b60200a75d626373a31567bcab7b1,READY,,2026-08-27T12:28:41.998755+00:00,7f2f2d279e2e40d48840405c4d943f859517a8bfba1cac58809ad4108e346cc8,52e10805cd19fdb1910b4f2b60e846182e48a48e25056d390087ca51eb0daf44,HTML_TEXT,data\external-real-v6-normative-cache\text\pages-nist-gov-ada92c9ac0103b92.txt,5c61a954278b75d13d22e8aeb744c499f5a6ddb7b1c084a5fad9e20ba9b5c554
EXT_DOC_027_OLD,EXT_E027,EXT_DOC_027_OLD.txt,SP 800-63B-3 Authentication and Lifecycle Management,https://pages.nist.gov/800-63-3/sp800-63b.html,NIST,2017,2017-06-22,2025-07-31,public_normative_retrieved_excerpt,EXTERNAL_PUBLIC_RAW_EXCERPT_WINDOW,public standards/guideline web page; use short excerpts for benchmark,dcb09a1aa1fe6d661e53dbd92b57ee31a9b0593284ef3dd6b497885adc3945c9,READY,,2026-08-27T12:28:37.674455+00:00,faeb63d21314134510905021ba0504ebb6cfae99583616ded8a9590da2d53135,05b31bfadec27cb794ebf9b4ce4e27233d3e5e5a25b75a61994a31ad38cc44f2,HTML_TEXT,data\external-real-v6-normative-cache\text\pages-nist-gov-f30a0d500b7b3c81.txt,4c780a222ed897e5ca4beaa4763650b3d19eff6247ed6dcf717e3cdf71ee867d
EXT_DOC_028_NEW,EXT_E028,EXT_DOC_028_NEW.txt,SP 800-63-4 Digital Identity Guidelines,https://pages.nist.gov/800-63-4/,NIST,2025-07,2025-08-01,,public_normative_retrieved_excerpt,EXTERNAL_PUBLIC_RAW_EXCERPT_WINDOW,public standards/guideline web page; use short excerpts for benchmark,a768c7a966910623141cd6b9a3f5f005355484cc8498b2b4f95d2f8bd4b3ce64,READY,,2026-08-27T12:28:38.567656+00:00,ea7d0c18f576d68789f1a96c06b73f90aa077b7857384d6299be26755c6cf6ca,94dd1d80fb06b0d7b32bc5f136419523a2681cd20d9e91ccd20d8912984a423f,HTML_TEXT,data\external-real-v6-normative-cache\text\pages-nist-gov-e57eadbf4ab6c7e3.txt,9d264ddc3cd7143a1bb4f7c33cb909fa353843bf14e13bbc5bd5e666446f3a8e
EXT_DOC_028_OLD,EXT_E028,EXT_DOC_028_OLD.txt,SP 800-63-3 Digital Identity Guidelines,https://pages.nist.gov/800-63-3/,NIST,2017,2017-06-22,2025-07-31,public_normative_retrieved_excerpt,EXTERNAL_PUBLIC_RAW_EXCERPT_WINDOW,public standards/guideline web page; use short excerpts for benchmark,5b7bb5db626cfc58f2aaad16ff4b483c82921f53db7ac38d08febddac6f0572e,READY,,2026-08-27T12:28:35.016633+00:00,7d45a204f80d4907083bac29390a05b252bb68aa07b2c4e90db5e8f1df94af6e,db5b869ce28b5864aa97b05fdd22e663062e290c34aa6264f98cc2c7ae736246,HTML_TEXT,data\external-real-v6-normative-cache\text\pages-nist-gov-9783410e0aeac928.txt,62600b4fdf0a17356b05c0a2f26d64b3629fab750d5371b4edc46f76252d59aa
EXT_DOC_029_NEW,EXT_E029,EXT_DOC_029_NEW.txt,SP 800-63A-4 Identity Proofing and Enrollment,https://pages.nist.gov/800-63-4/sp800-63a.html,NIST,2025-07,2025-08-01,,public_normative_retrieved_excerpt,EXTERNAL_PUBLIC_RAW_EXCERPT_WINDOW,public standards/guideline web page; use short excerpts for benchmark,306c13ad5699d7c8a043aaab929d7f5b8d4da8b0deda4f381d22c3f37d9aafd1,READY,,2026-08-27T12:28:40.048482+00:00,b68a95793d10bc1601d41c70863d41d9c749aa541263a9afeea7997b5c8c2507,8c6c89336af06fc1f7c3c1f02139afd61edc9691c5c512318b08cfc3334048d0,HTML_TEXT,data\external-real-v6-normative-cache\text\pages-nist-gov-a163c9a29e3481a9.txt,844c6ac3fca53c6655a0a44a091f38f8ea9943b18018577226885141af0b2fd2
EXT_DOC_029_OLD,EXT_E029,EXT_DOC_029_OLD.txt,SP 800-63A-3 Identity Proofing and Enrollment,https://pages.nist.gov/800-63-3/sp800-63a.html,NIST,2017,2017-06-22,2025-07-31,public_normative_retrieved_excerpt,EXTERNAL_PUBLIC_RAW_EXCERPT_WINDOW,public standards/guideline web page; use short excerpts for benchmark,f93baf2dcf362494013a6bf751fd5633e66976709a912bb8fa5b4d317bbb932e,READY,,2026-08-27T12:28:36.309916+00:00,5db29b55a6eb41d20598bf07665d5e4bde57dba42b693347d412c9bb416d3a48,be42bf1949212d3a68b31dbc652bee3bdbb5082d531c115e4da3cfde8e9aafd6,HTML_TEXT,data\external-real-v6-normative-cache\text\pages-nist-gov-d713994669abe781.txt,30a6c75347de20ec731808d434cbd5013db780e9deffabea287607db3f2a7bd6
EXT_DOC_030_NEW,EXT_E030,EXT_DOC_030_NEW.txt,SP 800-63B-4 Authentication and Authenticator Management,https://pages.nist.gov/800-63-4/sp800-63b.html,NIST,2025-07,2025-08-01,,public_normative_retrieved_excerpt,EXTERNAL_PUBLIC_RAW_EXCERPT_WINDOW,public standards/guideline web page; use short excerpts for benchmark,bdf53bd3b54bd3a9d4af1ac2f61ef3d741808c71c1e4a35b9ef1a6538425fcff,READY,,2026-08-27T12:28:41.998755+00:00,7f2f2d279e2e40d48840405c4d943f859517a8bfba1cac58809ad4108e346cc8,52e10805cd19fdb1910b4f2b60e846182e48a48e25056d390087ca51eb0daf44,HTML_TEXT,data\external-real-v6-normative-cache\text\pages-nist-gov-ada92c9ac0103b92.txt,8bdfc8875697ee638e56dbe1540494f5101073c8944046e78f1604a4d9c7c66e
EXT_DOC_030_OLD,EXT_E030,EXT_DOC_030_OLD.txt,SP 800-63B-3 Authentication and Lifecycle Management,https://pages.nist.gov/800-63-3/sp800-63b.html,NIST,2017,2017-06-22,2025-07-31,public_normative_retrieved_excerpt,EXTERNAL_PUBLIC_RAW_EXCERPT_WINDOW,public standards/guideline web page; use short excerpts for benchmark,772fa827f0e37cb21af830bff591cce4aff021e82c989a818a3ff06927cfd06d,READY,,2026-08-27T12:28:37.674455+00:00,faeb63d21314134510905021ba0504ebb6cfae99583616ded8a9590da2d53135,05b31bfadec27cb794ebf9b4ce4e27233d3e5e5a25b75a61994a31ad38cc44f2,HTML_TEXT,data\external-real-v6-normative-cache\text\pages-nist-gov-f30a0d500b7b3c81.txt,a2aed5020b4cf60bc2dc942b6e7015454ca53d31a45f1264d8f025b33b9e6459
EXT_DOC_031_NEW,EXT_E031,EXT_DOC_031_NEW.txt,Web Content Accessibility Guidelines 2.2,https://www.w3.org/TR/WCAG22/,W3C,2026-08-27,2026-08-27,,public_normative_retrieved_excerpt,EXTERNAL_PUBLIC_RAW_EXCERPT_WINDOW,short excerpt and source metadata for research benchmark,522ce31e74d25407d0f4f8ed3cfce39c3fa95aabd580a6707b203f26b02e72a3,READY,,2026-08-27T12:29:18.972871+00:00,6e3c5fe397257cae509a2fb4752b73062cf8cbeb92c2cec618989b17e4cf7057,4bd394845ca9f360835e09439eb10a28bd52b5ef4358534d123e3f12b3c1b0c5,HTML_TEXT,data\external-real-v6-normative-cache\text\www-w3-org-a3b0aa493d7ca055.txt,6709cb8c666f1345b6f14aadab7c382e178a97911e61cc076de39d14e423eab7
EXT_DOC_031_OLD,EXT_E031,EXT_DOC_031_OLD.txt,Web Content Accessibility Guidelines 2.1,https://www.w3.org/TR/WCAG21/,W3C,2026-08-27,,2026-08-26,public_normative_retrieved_excerpt,EXTERNAL_PUBLIC_RAW_EXCERPT_WINDOW,short excerpt and source metadata for research benchmark,0b50fa264980e48b3704235b064beb41b3fc49dc60786af06557e600f0c131d2,READY,,2026-08-27T12:29:17.926192+00:00,233ac31974ce8575c08932ee1bd71c93879cf9b8426b2bc9b961b3ea8afb8ab6,7c715ed83a7c27ab6305c9c834819b26ec2956f9f7936ea0f2e3f3a94a31e91c,HTML_TEXT,data\external-real-v6-normative-cache\text\www-w3-org-34f97a47325db1ea.txt,e5eb7cc65dc518e3117f3a0f8c4a88a9cc916f142c6a0bd02d5f6103fd25d592
EXT_DOC_032_NEW,EXT_E032,EXT_DOC_032_NEW.txt,Web Content Accessibility Guidelines 2.2,https://www.w3.org/TR/WCAG22/,W3C,2026-08-27,2026-08-27,,public_normative_retrieved_excerpt,EXTERNAL_PUBLIC_RAW_EXCERPT_WINDOW,short excerpt and source metadata for research benchmark,c82c27ae132311dbd8a8beae655a50302c7730b2c070358b23cb153538975b94,READY,,2026-08-27T12:29:18.972871+00:00,6e3c5fe397257cae509a2fb4752b73062cf8cbeb92c2cec618989b17e4cf7057,4bd394845ca9f360835e09439eb10a28bd52b5ef4358534d123e3f12b3c1b0c5,HTML_TEXT,data\external-real-v6-normative-cache\text\www-w3-org-a3b0aa493d7ca055.txt,b0fdce257c68d280ab845dc56338fe8f4168ecb85ae310b5d3cea06b9796a11b
EXT_DOC_032_OLD,EXT_E032,EXT_DOC_032_OLD.txt,Web Content Accessibility Guidelines 2.1,https://www.w3.org/TR/WCAG21/,W3C,2026-08-27,,2026-08-26,public_normative_retrieved_excerpt,EXTERNAL_PUBLIC_RAW_EXCERPT_WINDOW,short excerpt and source metadata for research benchmark,4dbade047222607b979c22aafaf10bf8bfca3da9d564c209d981fc918c6e83e8,READY,,2026-08-27T12:29:17.926192+00:00,233ac31974ce8575c08932ee1bd71c93879cf9b8426b2bc9b961b3ea8afb8ab6,7c715ed83a7c27ab6305c9c834819b26ec2956f9f7936ea0f2e3f3a94a31e91c,HTML_TEXT,data\external-real-v6-normative-cache\text\www-w3-org-34f97a47325db1ea.txt,37dcca2300f3f6b6e8d504f304cf7ac11156ea495ad2cafda26c9fe2e957d780
EXT_DOC_033_NEW,EXT_E033,EXT_DOC_033_NEW.txt,Web Content Accessibility Guidelines 2.2,https://www.w3.org/TR/WCAG22/,W3C,2026-08-27,2026-08-27,,public_normative_retrieved_excerpt,EXTERNAL_PUBLIC_RAW_EXCERPT_WINDOW,short excerpt and source metadata for research benchmark,14cecc00637f392012d53cf21e781d35de6a5dc8e4d9fe8195b4dcaf9e3dc1f8,READY,,2026-08-27T12:29:18.972871+00:00,6e3c5fe397257cae509a2fb4752b73062cf8cbeb92c2cec618989b17e4cf7057,4bd394845ca9f360835e09439eb10a28bd52b5ef4358534d123e3f12b3c1b0c5,HTML_TEXT,data\external-real-v6-normative-cache\text\www-w3-org-a3b0aa493d7ca055.txt,13f63a6b1e02401592e28b76bb553606c4da2b68415be383c24c4cf5e75dc725
EXT_DOC_033_OLD,EXT_E033,EXT_DOC_033_OLD.txt,Web Content Accessibility Guidelines 2.1,https://www.w3.org/TR/WCAG21/,W3C,2026-08-27,,2026-08-26,public_normative_retrieved_excerpt,EXTERNAL_PUBLIC_RAW_EXCERPT_WINDOW,short excerpt and source metadata for research benchmark,0a31c788f273702231ef34caf9aa6a7b3b20ea43aa14a08e67c165fdc3332439,READY,,2026-08-27T12:29:17.926192+00:00,233ac31974ce8575c08932ee1bd71c93879cf9b8426b2bc9b961b3ea8afb8ab6,7c715ed83a7c27ab6305c9c834819b26ec2956f9f7936ea0f2e3f3a94a31e91c,HTML_TEXT,data\external-real-v6-normative-cache\text\www-w3-org-34f97a47325db1ea.txt,d90537eb8a645f24db51082a3dc025b5c12790f6f9eae0511012ca7eda043056
EXT_DOC_034_NEW,EXT_E034,EXT_DOC_034_NEW.txt,Web Content Accessibility Guidelines 2.2,https://www.w3.org/TR/WCAG22/,W3C,2026-08-27,2026-08-27,,public_normative_retrieved_excerpt,EXTERNAL_PUBLIC_RAW_EXCERPT_WINDOW,short excerpt and source metadata for research benchmark,02cc5bf0a231c89684ec081f3f7eeecac215055d1a5e3b6d071ea4fa779116d3,READY,,2026-08-27T12:29:18.972871+00:00,6e3c5fe397257cae509a2fb4752b73062cf8cbeb92c2cec618989b17e4cf7057,4bd394845ca9f360835e09439eb10a28bd52b5ef4358534d123e3f12b3c1b0c5,HTML_TEXT,data\external-real-v6-normative-cache\text\www-w3-org-a3b0aa493d7ca055.txt,9555d47fe71eb695f162ba086026c8ee3d0ecfccd60388c58868320e00f8afa8
EXT_DOC_034_OLD,EXT_E034,EXT_DOC_034_OLD.txt,Web Content Accessibility Guidelines 2.1,https://www.w3.org/TR/WCAG21/,W3C,2026-08-27,,2026-08-26,public_normative_retrieved_excerpt,EXTERNAL_PUBLIC_RAW_EXCERPT_WINDOW,short excerpt and source metadata for research benchmark,f23ba160da432b7125a1c98567f7c1974cd573ff171c301cb152638c0c48f0b5,READY,,2026-08-27T12:29:17.926192+00:00,233ac31974ce8575c08932ee1bd71c93879cf9b8426b2bc9b961b3ea8afb8ab6,7c715ed83a7c27ab6305c9c834819b26ec2956f9f7936ea0f2e3f3a94a31e91c,HTML_TEXT,data\external-real-v6-normative-cache\text\www-w3-org-34f97a47325db1ea.txt,c41cfc4175a0ab9738a64b52927dbdb9b3769f02ea26e5ae18744147ba5cab1c
EXT_DOC_035_NEW,EXT_E035,EXT_DOC_035_NEW.txt,Web Content Accessibility Guidelines 2.2,https://www.w3.org/TR/WCAG22/,W3C,2026-08-27,2026-08-27,,public_normative_retrieved_excerpt,EXTERNAL_PUBLIC_RAW_EXCERPT_WINDOW,short excerpt and source metadata for research benchmark,c2a43ca1c19715a1f02b4532c41c9147beb918f682bdcf318691297582faebf4,READY,,2026-08-27T12:29:18.972871+00:00,6e3c5fe397257cae509a2fb4752b73062cf8cbeb92c2cec618989b17e4cf7057,4bd394845ca9f360835e09439eb10a28bd52b5ef4358534d123e3f12b3c1b0c5,HTML_TEXT,data\external-real-v6-normative-cache\text\www-w3-org-a3b0aa493d7ca055.txt,fb181343ba39e1abef432625b6e6f9312c593598da0a25a8d54f46340ecbbcef
EXT_DOC_035_OLD,EXT_E035,EXT_DOC_035_OLD.txt,Web Content Accessibility Guidelines 2.1,https://www.w3.org/TR/WCAG21/,W3C,2026-08-27,,2026-08-26,public_normative_retrieved_excerpt,EXTERNAL_PUBLIC_RAW_EXCERPT_WINDOW,short excerpt and source metadata for research benchmark,2fa8402b22e5541996e1a370bfbd4a9c10ccd46995390183f489f03522b08c46,READY,,2026-08-27T12:29:17.926192+00:00,233ac31974ce8575c08932ee1bd71c93879cf9b8426b2bc9b961b3ea8afb8ab6,7c715ed83a7c27ab6305c9c834819b26ec2956f9f7936ea0f2e3f3a94a31e91c,HTML_TEXT,data\external-real-v6-normative-cache\text\www-w3-org-34f97a47325db1ea.txt,b3f84d0b87dbc3409c2d0ebf7d969d7efb67607193b5052cf5e4c371ea6b2145
EXT_DOC_036_NEW,EXT_E036,EXT_DOC_036_NEW.txt,Guidance on Applying WCAG 2.2 to Mobile Applications,https://www.w3.org/TR/wcag2mobile-22/,W3C,2026-08-27,2026-08-27,,public_normative_retrieved_excerpt,EXTERNAL_PUBLIC_RAW_EXCERPT_WINDOW,short excerpt and source metadata for research benchmark,fbc600a5ad2a90106e299899e60f37d4c39d78ce90a52a5cc6bbb20f7f8c3319,READY,,2026-08-27T12:29:20.139267+00:00,b5d763e4b81248a5792ac8ffe85fc84e2607eeed4629cab13623ed43bc15f400,7e8224e320f2b7140250958c7e418790602130f1fc6e8f934b11e1ff80244869,HTML_TEXT,data\external-real-v6-normative-cache\text\www-w3-org-5b4e4977cd5273cb.txt,f1d2aa4cd6fce789b64542210619d560eaa5a60b949191283ea82235232b1083
EXT_DOC_036_OLD,EXT_E036,EXT_DOC_036_OLD.txt,W3C mobile accessibility guidance,https://www.w3.org/WAI/standards-guidelines/mobile/,W3C,2026-08-27,,2026-08-26,public_normative_retrieved_excerpt,EXTERNAL_PUBLIC_RAW_EXCERPT_WINDOW,short excerpt and source metadata for research benchmark,56997db2de113e0898367c6718706aa1014ac92121c35cc08bcae9ad98e7d2c9,READY,,2026-08-27T12:29:20.769399+00:00,63ff7b802137e366d0e0631aa4b69f4d52e22c687e323d8af342ba2c75fe3cd6,8bd361edc7e360f9b4cb475be1a38923e69f286000732e45272ced877ee0cb2e,HTML_TEXT,data\external-real-v6-normative-cache\text\www-w3-org-d9e9db10ea21641c.txt,a3d1fe2e466c633aabe01e09fd1f6e4f69e2718a21537d4f4899c6fcfc0b2d63
EXT_DOC_037_NEW,EXT_E037,EXT_DOC_037_NEW.txt,Web Content Accessibility Guidelines 2.2,https://www.w3.org/TR/WCAG22/,W3C,2026-08-27,2026-08-27,,public_normative_retrieved_excerpt,EXTERNAL_PUBLIC_RAW_EXCERPT_WINDOW,short excerpt and source metadata for research benchmark,d6f0ec01913597da195d1cc537ab1e1d5f7e800c62473f5563ff93c2d0eb1dff,READY,,2026-08-27T12:29:18.972871+00:00,6e3c5fe397257cae509a2fb4752b73062cf8cbeb92c2cec618989b17e4cf7057,4bd394845ca9f360835e09439eb10a28bd52b5ef4358534d123e3f12b3c1b0c5,HTML_TEXT,data\external-real-v6-normative-cache\text\www-w3-org-a3b0aa493d7ca055.txt,48575431c7b48aeededd19f9e1255397a77fe532d4563ec7f7df9d0ae8c384ef
EXT_DOC_037_OLD,EXT_E037,EXT_DOC_037_OLD.txt,Web Content Accessibility Guidelines 2.1,https://www.w3.org/TR/WCAG21/,W3C,2026-08-27,,2026-08-26,public_normative_retrieved_excerpt,EXTERNAL_PUBLIC_RAW_EXCERPT_WINDOW,short excerpt and source metadata for research benchmark,72a1f4e640314f4da80fb94503241b991b34def181caa30a0c08fb229cb599a6,READY,,2026-08-27T12:29:17.926192+00:00,233ac31974ce8575c08932ee1bd71c93879cf9b8426b2bc9b961b3ea8afb8ab6,7c715ed83a7c27ab6305c9c834819b26ec2956f9f7936ea0f2e3f3a94a31e91c,HTML_TEXT,data\external-real-v6-normative-cache\text\www-w3-org-34f97a47325db1ea.txt,94dbe87af810b0590b965197ccba4a60c6be465a35d7073326009d24983b6a41
EXT_DOC_038_NEW,EXT_E038,EXT_DOC_038_NEW.txt,Web Content Accessibility Guidelines 2.2,https://www.w3.org/TR/WCAG22/,W3C,2026-08-27,2026-08-27,,public_normative_retrieved_excerpt,EXTERNAL_PUBLIC_RAW_EXCERPT_WINDOW,short excerpt and source metadata for research benchmark,dcfa6f4f73b11d71f3dc31c9c52029ce82d1b872e84ce8d4f0e5e3e066532f40,READY,,2026-08-27T12:29:18.972871+00:00,6e3c5fe397257cae509a2fb4752b73062cf8cbeb92c2cec618989b17e4cf7057,4bd394845ca9f360835e09439eb10a28bd52b5ef4358534d123e3f12b3c1b0c5,HTML_TEXT,data\external-real-v6-normative-cache\text\www-w3-org-a3b0aa493d7ca055.txt,383826f00cb224e445d96304a912e282e1f234862b0b60de4419eff8602961f4
EXT_DOC_038_OLD,EXT_E038,EXT_DOC_038_OLD.txt,Web Content Accessibility Guidelines 2.1,https://www.w3.org/TR/WCAG21/,W3C,2026-08-27,,2026-08-26,public_normative_retrieved_excerpt,EXTERNAL_PUBLIC_RAW_EXCERPT_WINDOW,short excerpt and source metadata for research benchmark,f9f58db892b67cda89295e7ad9235d6d4e6ec5cd3eb2ed9f588d9fbd5004fca3,READY,,2026-08-27T12:29:17.926192+00:00,233ac31974ce8575c08932ee1bd71c93879cf9b8426b2bc9b961b3ea8afb8ab6,7c715ed83a7c27ab6305c9c834819b26ec2956f9f7936ea0f2e3f3a94a31e91c,HTML_TEXT,data\external-real-v6-normative-cache\text\www-w3-org-34f97a47325db1ea.txt,9e4003f5ceff3cb1ddd11f6ce80da94116cb592e47ac748c343e7d894887e9e7
EXT_DOC_039_NEW,EXT_E039,EXT_DOC_039_NEW.txt,Guidance on Applying WCAG 2.2 to Mobile Applications,https://www.w3.org/TR/wcag2mobile-22/,W3C,2026-08-27,2026-08-27,,public_normative_retrieved_excerpt,EXTERNAL_PUBLIC_RAW_EXCERPT_WINDOW,short excerpt and source metadata for research benchmark,ace7e998161f62867ea9284f13f27afde3c75b7925a2bbabca42cb9f072b5b2f,READY,,2026-08-27T12:29:20.139267+00:00,b5d763e4b81248a5792ac8ffe85fc84e2607eeed4629cab13623ed43bc15f400,7e8224e320f2b7140250958c7e418790602130f1fc6e8f934b11e1ff80244869,HTML_TEXT,data\external-real-v6-normative-cache\text\www-w3-org-5b4e4977cd5273cb.txt,1b37da03c7180fee61ab24ea3215ba787982363f9150013bdb59caf77df9df87
EXT_DOC_039_OLD,EXT_E039,EXT_DOC_039_OLD.txt,W3C mobile accessibility guidance,https://www.w3.org/WAI/standards-guidelines/mobile/,W3C,2026-08-27,,2026-08-26,public_normative_retrieved_excerpt,EXTERNAL_PUBLIC_RAW_EXCERPT_WINDOW,short excerpt and source metadata for research benchmark,57302567b9ec2d3a71b4d8aca80486487d1fdda2365c44805cea2578448dabcc,READY,,2026-08-27T12:29:20.769399+00:00,63ff7b802137e366d0e0631aa4b69f4d52e22c687e323d8af342ba2c75fe3cd6,8bd361edc7e360f9b4cb475be1a38923e69f286000732e45272ced877ee0cb2e,HTML_TEXT,data\external-real-v6-normative-cache\text\www-w3-org-d9e9db10ea21641c.txt,41520788c35d9f163f17cca50540ddd592779c3e00a57abb6177700d8209d160
EXT_DOC_040_NEW,EXT_E040,EXT_DOC_040_NEW.txt,Web Content Accessibility Guidelines 2.2,https://www.w3.org/TR/WCAG22/,W3C,2026-08-27,2026-08-27,,public_normative_retrieved_excerpt,EXTERNAL_PUBLIC_RAW_EXCERPT_WINDOW,short excerpt and source metadata for research benchmark,4bac334a5faaae8202aea8edf93d37584aca8766fa217bfe55e17f421cc36b33,READY,,2026-08-27T12:29:18.972871+00:00,6e3c5fe397257cae509a2fb4752b73062cf8cbeb92c2cec618989b17e4cf7057,4bd394845ca9f360835e09439eb10a28bd52b5ef4358534d123e3f12b3c1b0c5,HTML_TEXT,data\external-real-v6-normative-cache\text\www-w3-org-a3b0aa493d7ca055.txt,6d5d209be095285f85104923ea08685664da2ebdaf8bcafbab727aa6107e0e00
EXT_DOC_040_OLD,EXT_E040,EXT_DOC_040_OLD.txt,Web Content Accessibility Guidelines 2.1,https://www.w3.org/TR/WCAG21/,W3C,2026-08-27,,2026-08-26,public_normative_retrieved_excerpt,EXTERNAL_PUBLIC_RAW_EXCERPT_WINDOW,short excerpt and source metadata for research benchmark,4e79f811b557bc5c7f0bb8872dffcbe8c0685f990e788b84e46a7ced6602ccc0,READY,,2026-08-27T12:29:17.926192+00:00,233ac31974ce8575c08932ee1bd71c93879cf9b8426b2bc9b961b3ea8afb8ab6,7c715ed83a7c27ab6305c9c834819b26ec2956f9f7936ea0f2e3f3a94a31e91c,HTML_TEXT,data\external-real-v6-normative-cache\text\www-w3-org-34f97a47325db1ea.txt,ce0fa13f96dd12ebcf63635287e085587c52dff5dc420832a44f9ede3980e771
EXT_DOC_041_NEW,EXT_E041,EXT_DOC_041_NEW.txt,Web Content Accessibility Guidelines 2.2,https://www.w3.org/TR/WCAG22/,W3C,2026-08-27,2026-08-27,,public_normative_retrieved_excerpt,EXTERNAL_PUBLIC_RAW_EXCERPT_WINDOW,short excerpt and source metadata for research benchmark,4bac334a5faaae8202aea8edf93d37584aca8766fa217bfe55e17f421cc36b33,READY,,2026-08-27T12:29:18.972871+00:00,6e3c5fe397257cae509a2fb4752b73062cf8cbeb92c2cec618989b17e4cf7057,4bd394845ca9f360835e09439eb10a28bd52b5ef4358534d123e3f12b3c1b0c5,HTML_TEXT,data\external-real-v6-normative-cache\text\www-w3-org-a3b0aa493d7ca055.txt,6d5d209be095285f85104923ea08685664da2ebdaf8bcafbab727aa6107e0e00
EXT_DOC_041_OLD,EXT_E041,EXT_DOC_041_OLD.txt,Web Content Accessibility Guidelines 2.1,https://www.w3.org/TR/WCAG21/,W3C,2026-08-27,,2026-08-26,public_normative_retrieved_excerpt,EXTERNAL_PUBLIC_RAW_EXCERPT_WINDOW,short excerpt and source metadata for research benchmark,4e79f811b557bc5c7f0bb8872dffcbe8c0685f990e788b84e46a7ced6602ccc0,READY,,2026-08-27T12:29:17.926192+00:00,233ac31974ce8575c08932ee1bd71c93879cf9b8426b2bc9b961b3ea8afb8ab6,7c715ed83a7c27ab6305c9c834819b26ec2956f9f7936ea0f2e3f3a94a31e91c,HTML_TEXT,data\external-real-v6-normative-cache\text\www-w3-org-34f97a47325db1ea.txt,ce0fa13f96dd12ebcf63635287e085587c52dff5dc420832a44f9ede3980e771
EXT_DOC_042_NEW,EXT_E042,EXT_DOC_042_NEW.txt,Guidance on Applying WCAG 2.2 to Mobile Applications,https://www.w3.org/TR/wcag2mobile-22/,W3C,2026-08-27,2026-08-27,,public_normative_retrieved_excerpt,EXTERNAL_PUBLIC_RAW_EXCERPT_WINDOW,short excerpt and source metadata for research benchmark,5f75fa00cf8540daaa2138792e44fad2b2c6478c1e9a3ee7e53410126030d42b,READY,,2026-08-27T12:29:20.139267+00:00,b5d763e4b81248a5792ac8ffe85fc84e2607eeed4629cab13623ed43bc15f400,7e8224e320f2b7140250958c7e418790602130f1fc6e8f934b11e1ff80244869,HTML_TEXT,data\external-real-v6-normative-cache\text\www-w3-org-5b4e4977cd5273cb.txt,635c4d536578be4b230d4d5cce237fd960690a2ab93d0999d27ac00e3f4d2070
EXT_DOC_042_OLD,EXT_E042,EXT_DOC_042_OLD.txt,W3C mobile accessibility guidance,https://www.w3.org/WAI/standards-guidelines/mobile/,W3C,2026-08-27,,2026-08-26,public_normative_retrieved_excerpt,EXTERNAL_PUBLIC_RAW_EXCERPT_WINDOW,short excerpt and source metadata for research benchmark,57302567b9ec2d3a71b4d8aca80486487d1fdda2365c44805cea2578448dabcc,READY,,2026-08-27T12:29:20.769399+00:00,63ff7b802137e366d0e0631aa4b69f4d52e22c687e323d8af342ba2c75fe3cd6,8bd361edc7e360f9b4cb475be1a38923e69f286000732e45272ced877ee0cb2e,HTML_TEXT,data\external-real-v6-normative-cache\text\www-w3-org-d9e9db10ea21641c.txt,41520788c35d9f163f17cca50540ddd592779c3e00a57abb6177700d8209d160
EXT_DOC_043_NEW,EXT_E043,EXT_DOC_043_NEW.txt,SP 800-63B-4 Authentication and Authenticator Management,https://pages.nist.gov/800-63-4/sp800-63b.html,NIST,2026-08-27,2026-08-27,,public_normative_retrieved_excerpt,EXTERNAL_PUBLIC_RAW_EXCERPT_WINDOW,short excerpt and source metadata for research benchmark,c71d6bc87df073584d6fb57ff3a9c885308596eab628f6a83501b1f115229ea0,READY,,2026-08-27T12:28:41.998755+00:00,7f2f2d279e2e40d48840405c4d943f859517a8bfba1cac58809ad4108e346cc8,52e10805cd19fdb1910b4f2b60e846182e48a48e25056d390087ca51eb0daf44,HTML_TEXT,data\external-real-v6-normative-cache\text\pages-nist-gov-ada92c9ac0103b92.txt,43e35143c2083863125da79f761d2af7c3897d1529c3fc25ae5423f7624e99da
EXT_DOC_043_OLD,EXT_E043,EXT_DOC_043_OLD.txt,SP 800-63B-3 Authentication and Lifecycle Management,https://pages.nist.gov/800-63-3/sp800-63b.html,NIST,2026-08-27,,2026-08-26,public_normative_retrieved_excerpt,EXTERNAL_PUBLIC_RAW_EXCERPT_WINDOW,short excerpt and source metadata for research benchmark,5f3ecd11df25de771292f60291da727742781b481878d70ee18ee8cafb9b9392,READY,,2026-08-27T12:28:37.674455+00:00,faeb63d21314134510905021ba0504ebb6cfae99583616ded8a9590da2d53135,05b31bfadec27cb794ebf9b4ce4e27233d3e5e5a25b75a61994a31ad38cc44f2,HTML_TEXT,data\external-real-v6-normative-cache\text\pages-nist-gov-f30a0d500b7b3c81.txt,4416f5cc7ce9242016c4decb1a7ca26ffc0045ee83c2745335b4efe1c3a5c650
EXT_DOC_044_NEW,EXT_E044,EXT_DOC_044_NEW.txt,SP 800-63B-4 Authentication and Authenticator Management,https://pages.nist.gov/800-63-4/sp800-63b.html,NIST,2026-08-27,2026-08-27,,public_normative_retrieved_excerpt,EXTERNAL_PUBLIC_RAW_EXCERPT_WINDOW,short excerpt and source metadata for research benchmark,c71d6bc87df073584d6fb57ff3a9c885308596eab628f6a83501b1f115229ea0,READY,,2026-08-27T12:28:41.998755+00:00,7f2f2d279e2e40d48840405c4d943f859517a8bfba1cac58809ad4108e346cc8,52e10805cd19fdb1910b4f2b60e846182e48a48e25056d390087ca51eb0daf44,HTML_TEXT,data\external-real-v6-normative-cache\text\pages-nist-gov-ada92c9ac0103b92.txt,43e35143c2083863125da79f761d2af7c3897d1529c3fc25ae5423f7624e99da
EXT_DOC_044_OLD,EXT_E044,EXT_DOC_044_OLD.txt,SP 800-63B-3 Authentication and Lifecycle Management,https://pages.nist.gov/800-63-3/sp800-63b.html,NIST,2026-08-27,,2026-08-26,public_normative_retrieved_excerpt,EXTERNAL_PUBLIC_RAW_EXCERPT_WINDOW,short excerpt and source metadata for research benchmark,5f3ecd11df25de771292f60291da727742781b481878d70ee18ee8cafb9b9392,READY,,2026-08-27T12:28:37.674455+00:00,faeb63d21314134510905021ba0504ebb6cfae99583616ded8a9590da2d53135,05b31bfadec27cb794ebf9b4ce4e27233d3e5e5a25b75a61994a31ad38cc44f2,HTML_TEXT,data\external-real-v6-normative-cache\text\pages-nist-gov-f30a0d500b7b3c81.txt,4416f5cc7ce9242016c4decb1a7ca26ffc0045ee83c2745335b4efe1c3a5c650
EXT_DOC_045_NEW,EXT_E045,EXT_DOC_045_NEW.txt,SP 800-63A-4 Identity Proofing and Enrollment,https://pages.nist.gov/800-63-4/sp800-63a.html,NIST,2026-08-27,2026-08-27,,public_normative_retrieved_excerpt,EXTERNAL_PUBLIC_RAW_EXCERPT_WINDOW,short excerpt and source metadata for research benchmark,c6be7e7064fdc71d6fd410233b2675520b580aa4b1cb9ba0a3ea1bebedcaf752,READY,,2026-08-27T12:28:40.048482+00:00,b68a95793d10bc1601d41c70863d41d9c749aa541263a9afeea7997b5c8c2507,8c6c89336af06fc1f7c3c1f02139afd61edc9691c5c512318b08cfc3334048d0,HTML_TEXT,data\external-real-v6-normative-cache\text\pages-nist-gov-a163c9a29e3481a9.txt,1341f471ec7fbac949cca3de9be3ad5911933a851efd4cff1ad2b8894ba884cb
EXT_DOC_045_OLD,EXT_E045,EXT_DOC_045_OLD.txt,SP 800-63A-3 Identity Proofing and Enrollment,https://pages.nist.gov/800-63-3/sp800-63a.html,NIST,2026-08-27,,2026-08-26,public_normative_retrieved_excerpt,EXTERNAL_PUBLIC_RAW_EXCERPT_WINDOW,short excerpt and source metadata for research benchmark,099103a2c053797ea10631630eea29bcce82b83491ebc8a92168609a53ec3fa3,READY,,2026-08-27T12:28:36.309916+00:00,5db29b55a6eb41d20598bf07665d5e4bde57dba42b693347d412c9bb416d3a48,be42bf1949212d3a68b31dbc652bee3bdbb5082d531c115e4da3cfde8e9aafd6,HTML_TEXT,data\external-real-v6-normative-cache\text\pages-nist-gov-d713994669abe781.txt,a0e7a730f5de2acbeba3fab14829d2986fb773a90d036f181b25c0f6bb8da107
EXT_DOC_046_NEW,EXT_E046,EXT_DOC_046_NEW.txt,SP 800-63-4 Digital Identity Guidelines,https://pages.nist.gov/800-63-4/,NIST,2026-08-27,2026-08-27,,public_normative_retrieved_excerpt,EXTERNAL_PUBLIC_RAW_EXCERPT_WINDOW,short excerpt and source metadata for research benchmark,86d6b3aa1e6eb8b179a43d549ba600d3c6b68a9dc93df3ae39a85cf04621ff12,READY,,2026-08-27T12:28:38.567656+00:00,ea7d0c18f576d68789f1a96c06b73f90aa077b7857384d6299be26755c6cf6ca,94dd1d80fb06b0d7b32bc5f136419523a2681cd20d9e91ccd20d8912984a423f,HTML_TEXT,data\external-real-v6-normative-cache\text\pages-nist-gov-e57eadbf4ab6c7e3.txt,2f1293e574af5ea6dd687ad9f38c3fc7f2f9920215214d6cae5db9e0654e6921
EXT_DOC_046_OLD,EXT_E046,EXT_DOC_046_OLD.txt,SP 800-63-3 Digital Identity Guidelines,https://pages.nist.gov/800-63-3/,NIST,2026-08-27,,2026-08-26,public_normative_retrieved_excerpt,EXTERNAL_PUBLIC_RAW_EXCERPT_WINDOW,short excerpt and source metadata for research benchmark,5b7bb5db626cfc58f2aaad16ff4b483c82921f53db7ac38d08febddac6f0572e,READY,,2026-08-27T12:28:35.016633+00:00,7d45a204f80d4907083bac29390a05b252bb68aa07b2c4e90db5e8f1df94af6e,db5b869ce28b5864aa97b05fdd22e663062e290c34aa6264f98cc2c7ae736246,HTML_TEXT,data\external-real-v6-normative-cache\text\pages-nist-gov-9783410e0aeac928.txt,62600b4fdf0a17356b05c0a2f26d64b3629fab750d5371b4edc46f76252d59aa
EXT_DOC_047_NEW,EXT_E047,EXT_DOC_047_NEW.txt,SP 800-63A-4 Identity Proofing and Enrollment,https://pages.nist.gov/800-63-4/sp800-63a.html,NIST,2026-08-27,2026-08-27,,public_normative_retrieved_excerpt,EXTERNAL_PUBLIC_RAW_EXCERPT_WINDOW,short excerpt and source metadata for research benchmark,a0cc012529609b312811254864bce4cfeb5f970eadfb0dabe51e177080704d20,READY,,2026-08-27T12:28:40.048482+00:00,b68a95793d10bc1601d41c70863d41d9c749aa541263a9afeea7997b5c8c2507,8c6c89336af06fc1f7c3c1f02139afd61edc9691c5c512318b08cfc3334048d0,HTML_TEXT,data\external-real-v6-normative-cache\text\pages-nist-gov-a163c9a29e3481a9.txt,0fd6bb58205a24b09c441361abf85548d715484ceeee1620e828b6ddbc668925
EXT_DOC_047_OLD,EXT_E047,EXT_DOC_047_OLD.txt,SP 800-63A-3 Identity Proofing and Enrollment,https://pages.nist.gov/800-63-3/sp800-63a.html,NIST,2026-08-27,,2026-08-26,public_normative_retrieved_excerpt,EXTERNAL_PUBLIC_RAW_EXCERPT_WINDOW,short excerpt and source metadata for research benchmark,9e0a3fc3610bac83913d989845cbf7a1faa4b316edb4880b32670fd1b343eba3,READY,,2026-08-27T12:28:36.309916+00:00,5db29b55a6eb41d20598bf07665d5e4bde57dba42b693347d412c9bb416d3a48,be42bf1949212d3a68b31dbc652bee3bdbb5082d531c115e4da3cfde8e9aafd6,HTML_TEXT,data\external-real-v6-normative-cache\text\pages-nist-gov-d713994669abe781.txt,7312057260f658232b4f48226806837b41ec288e216bbf760418bdef4f46207c
EXT_DOC_048_NEW,EXT_E048,EXT_DOC_048_NEW.txt,SP 800-63-4 Digital Identity Guidelines,https://pages.nist.gov/800-63-4/,NIST,2026-08-27,2026-08-27,,public_normative_retrieved_excerpt,EXTERNAL_PUBLIC_RAW_EXCERPT_WINDOW,short excerpt and source metadata for research benchmark,86d6b3aa1e6eb8b179a43d549ba600d3c6b68a9dc93df3ae39a85cf04621ff12,READY,,2026-08-27T12:28:38.567656+00:00,ea7d0c18f576d68789f1a96c06b73f90aa077b7857384d6299be26755c6cf6ca,94dd1d80fb06b0d7b32bc5f136419523a2681cd20d9e91ccd20d8912984a423f,HTML_TEXT,data\external-real-v6-normative-cache\text\pages-nist-gov-e57eadbf4ab6c7e3.txt,2f1293e574af5ea6dd687ad9f38c3fc7f2f9920215214d6cae5db9e0654e6921
EXT_DOC_048_OLD,EXT_E048,EXT_DOC_048_OLD.txt,SP 800-63-3 Digital Identity Guidelines,https://pages.nist.gov/800-63-3/,NIST,2026-08-27,,2026-08-26,public_normative_retrieved_excerpt,EXTERNAL_PUBLIC_RAW_EXCERPT_WINDOW,short excerpt and source metadata for research benchmark,5b7bb5db626cfc58f2aaad16ff4b483c82921f53db7ac38d08febddac6f0572e,READY,,2026-08-27T12:28:35.016633+00:00,7d45a204f80d4907083bac29390a05b252bb68aa07b2c4e90db5e8f1df94af6e,db5b869ce28b5864aa97b05fdd22e663062e290c34aa6264f98cc2c7ae736246,HTML_TEXT,data\external-real-v6-normative-cache\text\pages-nist-gov-9783410e0aeac928.txt,62600b4fdf0a17356b05c0a2f26d64b3629fab750d5371b4edc46f76252d59aa
EXT_DOC_050_NEW,EXT_E050,EXT_DOC_050_NEW.txt,SP 800-63-4 Digital Identity Guidelines,https://pages.nist.gov/800-63-4/,NIST,2026-08-27,2026-08-27,,public_normative_retrieved_excerpt,EXTERNAL_PUBLIC_RAW_EXCERPT_WINDOW,short excerpt and source metadata for research benchmark,86d6b3aa1e6eb8b179a43d549ba600d3c6b68a9dc93df3ae39a85cf04621ff12,READY,,2026-08-27T12:28:38.567656+00:00,ea7d0c18f576d68789f1a96c06b73f90aa077b7857384d6299be26755c6cf6ca,94dd1d80fb06b0d7b32bc5f136419523a2681cd20d9e91ccd20d8912984a423f,HTML_TEXT,data\external-real-v6-normative-cache\text\pages-nist-gov-e57eadbf4ab6c7e3.txt,2f1293e574af5ea6dd687ad9f38c3fc7f2f9920215214d6cae5db9e0654e6921
EXT_DOC_050_OLD,EXT_E050,EXT_DOC_050_OLD.txt,SP 800-63-3 Digital Identity Guidelines,https://pages.nist.gov/800-63-3/,NIST,2026-08-27,,2026-08-26,public_normative_retrieved_excerpt,EXTERNAL_PUBLIC_RAW_EXCERPT_WINDOW,short excerpt and source metadata for research benchmark,5b7bb5db626cfc58f2aaad16ff4b483c82921f53db7ac38d08febddac6f0572e,READY,,2026-08-27T12:28:35.016633+00:00,7d45a204f80d4907083bac29390a05b252bb68aa07b2c4e90db5e8f1df94af6e,db5b869ce28b5864aa97b05fdd22e663062e290c34aa6264f98cc2c7ae736246,HTML_TEXT,data\external-real-v6-normative-cache\text\pages-nist-gov-9783410e0aeac928.txt,62600b4fdf0a17356b05c0a2f26d64b3629fab750d5371b4edc46f76252d59aa
EXT_DOC_051_NEW,EXT_E051,EXT_DOC_051_NEW.txt,SP 800-63B-4 Authentication and Authenticator Management,https://pages.nist.gov/800-63-4/sp800-63b.html,NIST,2026-08-27,2026-08-27,,public_normative_retrieved_excerpt,EXTERNAL_PUBLIC_RAW_EXCERPT_WINDOW,short excerpt and source metadata for research benchmark,30914bcabd3d1f33a4730925a0104baee4306eba450855fc7518b1bf7fea1047,READY,,2026-08-27T12:28:41.998755+00:00,7f2f2d279e2e40d48840405c4d943f859517a8bfba1cac58809ad4108e346cc8,52e10805cd19fdb1910b4f2b60e846182e48a48e25056d390087ca51eb0daf44,HTML_TEXT,data\external-real-v6-normative-cache\text\pages-nist-gov-ada92c9ac0103b92.txt,b5709ba2fa454af0f23957c251ec58e88dcf619f676da72b8ab03537bcd31eb9
EXT_DOC_051_OLD,EXT_E051,EXT_DOC_051_OLD.txt,SP 800-63B-3 Authentication and Lifecycle Management,https://pages.nist.gov/800-63-3/sp800-63b.html,NIST,2026-08-27,,2026-08-26,public_normative_retrieved_excerpt,EXTERNAL_PUBLIC_RAW_EXCERPT_WINDOW,short excerpt and source metadata for research benchmark,d7c75ccfed9109ddab2f7948299b60e992fa7802ed1be16cd577a5cfed6b6c89,READY,,2026-08-27T12:28:37.674455+00:00,faeb63d21314134510905021ba0504ebb6cfae99583616ded8a9590da2d53135,05b31bfadec27cb794ebf9b4ce4e27233d3e5e5a25b75a61994a31ad38cc44f2,HTML_TEXT,data\external-real-v6-normative-cache\text\pages-nist-gov-f30a0d500b7b3c81.txt,4833271d63a5e1a578ef5829b3e77dd52f5576f089e5b84c63e6ebc93794b0ba
EXT_DOC_052_NEW,EXT_E052,EXT_DOC_052_NEW.txt,SP 800-63-4 Digital Identity Guidelines,https://pages.nist.gov/800-63-4/,NIST,2026-08-27,2026-08-27,,public_normative_retrieved_excerpt,EXTERNAL_PUBLIC_RAW_EXCERPT_WINDOW,short excerpt and source metadata for research benchmark,f7542c4752eb890a52e1e8d7fa86228c86753789d299cbf8d53475c2c57ed002,READY,,2026-08-27T12:28:38.567656+00:00,ea7d0c18f576d68789f1a96c06b73f90aa077b7857384d6299be26755c6cf6ca,94dd1d80fb06b0d7b32bc5f136419523a2681cd20d9e91ccd20d8912984a423f,HTML_TEXT,data\external-real-v6-normative-cache\text\pages-nist-gov-e57eadbf4ab6c7e3.txt,55b9c2bf633e2292c1087a8c1c56b61ee7754a39b4a516aee9de5669268fcb63
EXT_DOC_052_OLD,EXT_E052,EXT_DOC_052_OLD.txt,SP 800-63-3 Digital Identity Guidelines,https://pages.nist.gov/800-63-3/,NIST,2026-08-27,,2026-08-26,public_normative_retrieved_excerpt,EXTERNAL_PUBLIC_RAW_EXCERPT_WINDOW,short excerpt and source metadata for research benchmark,7afbeb3e87dbfe881c332bce579e756cfde596efeacc452eb8cf7ba9ad2209db,READY,,2026-08-27T12:28:35.016633+00:00,7d45a204f80d4907083bac29390a05b252bb68aa07b2c4e90db5e8f1df94af6e,db5b869ce28b5864aa97b05fdd22e663062e290c34aa6264f98cc2c7ae736246,HTML_TEXT,data\external-real-v6-normative-cache\text\pages-nist-gov-9783410e0aeac928.txt,f50d8f8ac33628f77a84edf78754b37be0bf322fa17bba6394c2ec86616c9f3f
EXT_DOC_053_NEW,EXT_E053,EXT_DOC_053_NEW.txt,SP 800-63A-4 Identity Proofing and Enrollment,https://pages.nist.gov/800-63-4/sp800-63a.html,NIST,2026-08-27,2026-08-27,,public_normative_retrieved_excerpt,EXTERNAL_PUBLIC_RAW_EXCERPT_WINDOW,short excerpt and source metadata for research benchmark,278a70d48e4297c494544de70bf115169c0984038280e2ef949383995ad77591,READY,,2026-08-27T12:28:40.048482+00:00,b68a95793d10bc1601d41c70863d41d9c749aa541263a9afeea7997b5c8c2507,8c6c89336af06fc1f7c3c1f02139afd61edc9691c5c512318b08cfc3334048d0,HTML_TEXT,data\external-real-v6-normative-cache\text\pages-nist-gov-a163c9a29e3481a9.txt,ac55281cac6e3d9106e0987e54021f6af12f3b901b1603e03d52dc19819c1ee8
EXT_DOC_053_OLD,EXT_E053,EXT_DOC_053_OLD.txt,SP 800-63A-3 Identity Proofing and Enrollment,https://pages.nist.gov/800-63-3/sp800-63a.html,NIST,2026-08-27,,2026-08-26,public_normative_retrieved_excerpt,EXTERNAL_PUBLIC_RAW_EXCERPT_WINDOW,short excerpt and source metadata for research benchmark,422d474ffbe4042a60a73ccba1ccd0067e78f0c7cafcc14ed79effe62a544a9e,READY,,2026-08-27T12:28:36.309916+00:00,5db29b55a6eb41d20598bf07665d5e4bde57dba42b693347d412c9bb416d3a48,be42bf1949212d3a68b31dbc652bee3bdbb5082d531c115e4da3cfde8e9aafd6,HTML_TEXT,data\external-real-v6-normative-cache\text\pages-nist-gov-d713994669abe781.txt,25e0062650f370f88e0da1c8df3e0b84ceb16e622890d45d9194c99f86376075
EXT_DOC_054_NEW,EXT_E054,EXT_DOC_054_NEW.txt,SP 800-63B-4 Authentication and Authenticator Management,https://pages.nist.gov/800-63-4/sp800-63b.html,NIST,2026-08-27,2026-08-27,,public_normative_retrieved_excerpt,EXTERNAL_PUBLIC_RAW_EXCERPT_WINDOW,short excerpt and source metadata for research benchmark,30914bcabd3d1f33a4730925a0104baee4306eba450855fc7518b1bf7fea1047,READY,,2026-08-27T12:28:41.998755+00:00,7f2f2d279e2e40d48840405c4d943f859517a8bfba1cac58809ad4108e346cc8,52e10805cd19fdb1910b4f2b60e846182e48a48e25056d390087ca51eb0daf44,HTML_TEXT,data\external-real-v6-normative-cache\text\pages-nist-gov-ada92c9ac0103b92.txt,b5709ba2fa454af0f23957c251ec58e88dcf619f676da72b8ab03537bcd31eb9
EXT_DOC_054_OLD,EXT_E054,EXT_DOC_054_OLD.txt,SP 800-63B-3 Authentication and Lifecycle Management,https://pages.nist.gov/800-63-3/sp800-63b.html,NIST,2026-08-27,,2026-08-26,public_normative_retrieved_excerpt,EXTERNAL_PUBLIC_RAW_EXCERPT_WINDOW,short excerpt and source metadata for research benchmark,cfad30f0bb5aa8fd45a944f19fbd06f539318ff232d6551f38a891462e629dfb,READY,,2026-08-27T12:28:37.674455+00:00,faeb63d21314134510905021ba0504ebb6cfae99583616ded8a9590da2d53135,05b31bfadec27cb794ebf9b4ce4e27233d3e5e5a25b75a61994a31ad38cc44f2,HTML_TEXT,data\external-real-v6-normative-cache\text\pages-nist-gov-f30a0d500b7b3c81.txt,fc51daac9417f6c35c0cb177d5104469566dd7c9b0ee5bce473f55f66d1ce760
EXT_DOC_055_NEW,EXT_E055,EXT_DOC_055_NEW.txt,SP 800-63A-4 Identity Proofing and Enrollment,https://pages.nist.gov/800-63-4/sp800-63a.html,NIST,2026-08-27,2026-08-27,,public_normative_retrieved_excerpt,EXTERNAL_PUBLIC_RAW_EXCERPT_WINDOW,short excerpt and source metadata for research benchmark,278a70d48e4297c494544de70bf115169c0984038280e2ef949383995ad77591,READY,,2026-08-27T12:28:40.048482+00:00,b68a95793d10bc1601d41c70863d41d9c749aa541263a9afeea7997b5c8c2507,8c6c89336af06fc1f7c3c1f02139afd61edc9691c5c512318b08cfc3334048d0,HTML_TEXT,data\external-real-v6-normative-cache\text\pages-nist-gov-a163c9a29e3481a9.txt,ac55281cac6e3d9106e0987e54021f6af12f3b901b1603e03d52dc19819c1ee8
EXT_DOC_055_OLD,EXT_E055,EXT_DOC_055_OLD.txt,SP 800-63A-3 Identity Proofing and Enrollment,https://pages.nist.gov/800-63-3/sp800-63a.html,NIST,2026-08-27,,2026-08-26,public_normative_retrieved_excerpt,EXTERNAL_PUBLIC_RAW_EXCERPT_WINDOW,short excerpt and source metadata for research benchmark,422d474ffbe4042a60a73ccba1ccd0067e78f0c7cafcc14ed79effe62a544a9e,READY,,2026-08-27T12:28:36.309916+00:00,5db29b55a6eb41d20598bf07665d5e4bde57dba42b693347d412c9bb416d3a48,be42bf1949212d3a68b31dbc652bee3bdbb5082d531c115e4da3cfde8e9aafd6,HTML_TEXT,data\external-real-v6-normative-cache\text\pages-nist-gov-d713994669abe781.txt,25e0062650f370f88e0da1c8df3e0b84ceb16e622890d45d9194c99f86376075
EXT_DOC_057_NEW,EXT_E057,EXT_DOC_057_NEW.txt,Commission Delegated Regulation (EU) 2020/2174 official English PDF,https://op.europa.eu/o/opportal-service/download-handler?identifier=dec9f5e7-43f8-11eb-b59f-01aa75ed71a1&format=PDF&language=en&productionSystem=cellar&part=,Publications Office of the European Union,2026-08-27,2026-08-27,,public_normative_retrieved_excerpt,EXTERNAL_PUBLIC_RAW_EXCERPT_WINDOW,short excerpt and source metadata for research benchmark,3de403161c1c50af43c229918f662b97cbfae7a9da2ae34a688bbef9d13fc527,READY,,2026-08-27T12:28:32.481790+00:00,154d689abf76053f84c5eb2f06f2885283b4dc440f433ab6fe7e9a716dad50af,981a87bfc093781a563b03a3d77d0e5256c74d47e0b9ade4a83948386454f318,PDF_TEXT,data\external-real-v6-normative-cache\text\op-europa-eu-d9b2871ff403f4bd.txt,5d9d1cb566f17b3f08537d2d2644fa5f68a66e5b1e1c391b989c8f32e244b16c
EXT_DOC_057_OLD,EXT_E057,EXT_DOC_057_OLD.txt,Regulation (EC) No 1272/2008 official English PDF,https://op.europa.eu/o/opportal-service/download-handler?identifier=6bf54b59-7673-461b-b8e1-f24c545cbd3c&format=PDF&language=en&productionSystem=cellar&part=,Publications Office of the European Union,2026-08-27,,2026-08-26,public_normative_retrieved_excerpt,EXTERNAL_PUBLIC_RAW_EXCERPT_WINDOW,short excerpt and source metadata for research benchmark,7c6d1988b831e637aed66bd7d30d9f5d86423b1a4606b58f13af8e81d34632da,READY,,2026-08-27T12:28:29.045364+00:00,64f4540f2b6ce34be837e2583ba540b125b5c4dfec3826739c3a148b5d9d872e,16a93e7e7a842ee4685627f097654e1f5d3eaf051bfb70ffe7bc65a7c18ae47a,PDF_TEXT,data\external-real-v6-normative-cache\text\op-europa-eu-8190c18ff7f5d9f7.txt,1fc9bf8c4295e182a8efdb607e9e47e42531d6474d54a33c3fb8378933343dcb
EXT_DOC_058_NEW,EXT_E058,EXT_DOC_058_NEW.txt,Commission Delegated Regulation (EU) 2020/2174 official English PDF,https://op.europa.eu/o/opportal-service/download-handler?identifier=dec9f5e7-43f8-11eb-b59f-01aa75ed71a1&format=PDF&language=en&productionSystem=cellar&part=,Publications Office of the European Union,2026-08-27,2026-08-27,,public_normative_retrieved_excerpt,EXTERNAL_PUBLIC_RAW_EXCERPT_WINDOW,short excerpt and source metadata for research benchmark,d9265ff7e84283b893533c339846603571f5b3fdc589cb1623e75ab3c6c499b0,READY,,2026-08-27T12:28:32.481790+00:00,154d689abf76053f84c5eb2f06f2885283b4dc440f433ab6fe7e9a716dad50af,981a87bfc093781a563b03a3d77d0e5256c74d47e0b9ade4a83948386454f318,PDF_TEXT,data\external-real-v6-normative-cache\text\op-europa-eu-d9b2871ff403f4bd.txt,f336155632836cda7b706799da2545e3e2c78394ddc2bee58b7d8794abfe24ae
EXT_DOC_058_OLD,EXT_E058,EXT_DOC_058_OLD.txt,Regulation (EC) No 1272/2008 official English PDF,https://op.europa.eu/o/opportal-service/download-handler?identifier=6bf54b59-7673-461b-b8e1-f24c545cbd3c&format=PDF&language=en&productionSystem=cellar&part=,Publications Office of the European Union,2026-08-27,,2026-08-26,public_normative_retrieved_excerpt,EXTERNAL_PUBLIC_RAW_EXCERPT_WINDOW,short excerpt and source metadata for research benchmark,f03cfa654ff5a88e5981097e5c58bdc55039ca0bfba12f82cdf2c4c8266e6fc1,READY,,2026-08-27T12:28:29.045364+00:00,64f4540f2b6ce34be837e2583ba540b125b5c4dfec3826739c3a148b5d9d872e,16a93e7e7a842ee4685627f097654e1f5d3eaf051bfb70ffe7bc65a7c18ae47a,PDF_TEXT,data\external-real-v6-normative-cache\text\op-europa-eu-8190c18ff7f5d9f7.txt,6a692648793f22b1215b98db4379691fcd7709c244faab80060c4968e20e5410
EXT_DOC_059_NEW,EXT_E059,EXT_DOC_059_NEW.txt,Commission Delegated Regulation (EU) 2020/2174 official English PDF,https://op.europa.eu/o/opportal-service/download-handler?identifier=dec9f5e7-43f8-11eb-b59f-01aa75ed71a1&format=PDF&language=en&productionSystem=cellar&part=,Publications Office of the European Union,2026-08-27,2026-08-27,,public_normative_retrieved_excerpt,EXTERNAL_PUBLIC_RAW_EXCERPT_WINDOW,short excerpt and source metadata for research benchmark,3de403161c1c50af43c229918f662b97cbfae7a9da2ae34a688bbef9d13fc527,READY,,2026-08-27T12:28:32.481790+00:00,154d689abf76053f84c5eb2f06f2885283b4dc440f433ab6fe7e9a716dad50af,981a87bfc093781a563b03a3d77d0e5256c74d47e0b9ade4a83948386454f318,PDF_TEXT,data\external-real-v6-normative-cache\text\op-europa-eu-d9b2871ff403f4bd.txt,5d9d1cb566f17b3f08537d2d2644fa5f68a66e5b1e1c391b989c8f32e244b16c
EXT_DOC_059_OLD,EXT_E059,EXT_DOC_059_OLD.txt,Regulation (EC) No 1272/2008 official English PDF,https://op.europa.eu/o/opportal-service/download-handler?identifier=6bf54b59-7673-461b-b8e1-f24c545cbd3c&format=PDF&language=en&productionSystem=cellar&part=,Publications Office of the European Union,2026-08-27,,2026-08-26,public_normative_retrieved_excerpt,EXTERNAL_PUBLIC_RAW_EXCERPT_WINDOW,short excerpt and source metadata for research benchmark,7c6d1988b831e637aed66bd7d30d9f5d86423b1a4606b58f13af8e81d34632da,READY,,2026-08-27T12:28:29.045364+00:00,64f4540f2b6ce34be837e2583ba540b125b5c4dfec3826739c3a148b5d9d872e,16a93e7e7a842ee4685627f097654e1f5d3eaf051bfb70ffe7bc65a7c18ae47a,PDF_TEXT,data\external-real-v6-normative-cache\text\op-europa-eu-8190c18ff7f5d9f7.txt,1fc9bf8c4295e182a8efdb607e9e47e42531d6474d54a33c3fb8378933343dcb
EXT_DOC_060_NEW,EXT_E060,EXT_DOC_060_NEW.txt,Commission Delegated Regulation (EU) 2020/2174 official English PDF,https://op.europa.eu/o/opportal-service/download-handler?identifier=dec9f5e7-43f8-11eb-b59f-01aa75ed71a1&format=PDF&language=en&productionSystem=cellar&part=,Publications Office of the European Union,2026-08-27,2026-08-27,,public_normative_retrieved_excerpt,EXTERNAL_PUBLIC_RAW_EXCERPT_WINDOW,short excerpt and source metadata for research benchmark,d13d84be9ffda3111fbd49b2734796f0db685e3589ac29bacf61943b53b9c66f,READY,,2026-08-27T12:28:32.481790+00:00,154d689abf76053f84c5eb2f06f2885283b4dc440f433ab6fe7e9a716dad50af,981a87bfc093781a563b03a3d77d0e5256c74d47e0b9ade4a83948386454f318,PDF_TEXT,data\external-real-v6-normative-cache\text\op-europa-eu-d9b2871ff403f4bd.txt,b976942ed87cd44fda3558f76d46976c814dfc529dba19ef353d72fa775b7e8f
EXT_DOC_060_OLD,EXT_E060,EXT_DOC_060_OLD.txt,Regulation (EC) No 1272/2008 official English PDF,https://op.europa.eu/o/opportal-service/download-handler?identifier=6bf54b59-7673-461b-b8e1-f24c545cbd3c&format=PDF&language=en&productionSystem=cellar&part=,Publications Office of the European Union,2026-08-27,,2026-08-26,public_normative_retrieved_excerpt,EXTERNAL_PUBLIC_RAW_EXCERPT_WINDOW,short excerpt and source metadata for research benchmark,f4cb9c32b70d18745b3465423676c554136a848dd0565d843ce1dde38b90c79a,READY,,2026-08-27T12:28:29.045364+00:00,64f4540f2b6ce34be837e2583ba540b125b5c4dfec3826739c3a148b5d9d872e,16a93e7e7a842ee4685627f097654e1f5d3eaf051bfb70ffe7bc65a7c18ae47a,PDF_TEXT,data\external-real-v6-normative-cache\text\op-europa-eu-8190c18ff7f5d9f7.txt,f45910a2609706b1186c493c23e0af6ce3ded0d4845339f9f82bad904f1d71bd
EXT_DOC_061_NEW,EXT_E061,EXT_DOC_061_NEW.txt,Commission Delegated Regulation (EU) 2020/2174 official English PDF,https://op.europa.eu/o/opportal-service/download-handler?identifier=dec9f5e7-43f8-11eb-b59f-01aa75ed71a1&format=PDF&language=en&productionSystem=cellar&part=,Publications Office of the European Union,2026-08-27,2026-08-27,,public_normative_retrieved_excerpt,EXTERNAL_PUBLIC_RAW_EXCERPT_WINDOW,short excerpt and source metadata for research benchmark,d9265ff7e84283b893533c339846603571f5b3fdc589cb1623e75ab3c6c499b0,READY,,2026-08-27T12:28:32.481790+00:00,154d689abf76053f84c5eb2f06f2885283b4dc440f433ab6fe7e9a716dad50af,981a87bfc093781a563b03a3d77d0e5256c74d47e0b9ade4a83948386454f318,PDF_TEXT,data\external-real-v6-normative-cache\text\op-europa-eu-d9b2871ff403f4bd.txt,f336155632836cda7b706799da2545e3e2c78394ddc2bee58b7d8794abfe24ae
EXT_DOC_061_OLD,EXT_E061,EXT_DOC_061_OLD.txt,Regulation (EC) No 1272/2008 official English PDF,https://op.europa.eu/o/opportal-service/download-handler?identifier=6bf54b59-7673-461b-b8e1-f24c545cbd3c&format=PDF&language=en&productionSystem=cellar&part=,Publications Office of the European Union,2026-08-27,,2026-08-26,public_normative_retrieved_excerpt,EXTERNAL_PUBLIC_RAW_EXCERPT_WINDOW,short excerpt and source metadata for research benchmark,f03cfa654ff5a88e5981097e5c58bdc55039ca0bfba12f82cdf2c4c8266e6fc1,READY,,2026-08-27T12:28:29.045364+00:00,64f4540f2b6ce34be837e2583ba540b125b5c4dfec3826739c3a148b5d9d872e,16a93e7e7a842ee4685627f097654e1f5d3eaf051bfb70ffe7bc65a7c18ae47a,PDF_TEXT,data\external-real-v6-normative-cache\text\op-europa-eu-8190c18ff7f5d9f7.txt,6a692648793f22b1215b98db4379691fcd7709c244faab80060c4968e20e5410
EXT_DOC_062_NEW,EXT_E062,EXT_DOC_062_NEW.txt,Commission Delegated Regulation (EU) 2020/2174 official English PDF,https://op.europa.eu/o/opportal-service/download-handler?identifier=dec9f5e7-43f8-11eb-b59f-01aa75ed71a1&format=PDF&language=en&productionSystem=cellar&part=,Publications Office of the European Union,2026-08-27,2026-08-27,,public_normative_retrieved_excerpt,EXTERNAL_PUBLIC_RAW_EXCERPT_WINDOW,short excerpt and source metadata for research benchmark,3de403161c1c50af43c229918f662b97cbfae7a9da2ae34a688bbef9d13fc527,READY,,2026-08-27T12:28:32.481790+00:00,154d689abf76053f84c5eb2f06f2885283b4dc440f433ab6fe7e9a716dad50af,981a87bfc093781a563b03a3d77d0e5256c74d47e0b9ade4a83948386454f318,PDF_TEXT,data\external-real-v6-normative-cache\text\op-europa-eu-d9b2871ff403f4bd.txt,5d9d1cb566f17b3f08537d2d2644fa5f68a66e5b1e1c391b989c8f32e244b16c
EXT_DOC_062_OLD,EXT_E062,EXT_DOC_062_OLD.txt,Regulation (EC) No 1272/2008 official English PDF,https://op.europa.eu/o/opportal-service/download-handler?identifier=6bf54b59-7673-461b-b8e1-f24c545cbd3c&format=PDF&language=en&productionSystem=cellar&part=,Publications Office of the European Union,2026-08-27,,2026-08-26,public_normative_retrieved_excerpt,EXTERNAL_PUBLIC_RAW_EXCERPT_WINDOW,short excerpt and source metadata for research benchmark,7c6d1988b831e637aed66bd7d30d9f5d86423b1a4606b58f13af8e81d34632da,READY,,2026-08-27T12:28:29.045364+00:00,64f4540f2b6ce34be837e2583ba540b125b5c4dfec3826739c3a148b5d9d872e,16a93e7e7a842ee4685627f097654e1f5d3eaf051bfb70ffe7bc65a7c18ae47a,PDF_TEXT,data\external-real-v6-normative-cache\text\op-europa-eu-8190c18ff7f5d9f7.txt,1fc9bf8c4295e182a8efdb607e9e47e42531d6474d54a33c3fb8378933343dcb
EXT_DOC_063_NEW,EXT_E063,EXT_DOC_063_NEW.txt,SEC 2023 final cybersecurity disclosure rule raw text,https://www.federalregister.gov/documents/full_text/html/2023/08/04/2023-16194.html,Federal Register,2026-08-27,2026-08-27,,public_normative_retrieved_excerpt,EXTERNAL_PUBLIC_RAW_EXCERPT_WINDOW,short excerpt and source metadata for research benchmark,e396c6df365f7c00610530327f772aeb48b604b78f8cf5ca6ce1bfabe84748f3,READY,,2026-08-27T12:28:55.816825+00:00,f0766216183e9df3055fbb96d5387866687990b3e2b3a0af1790422b9251e4a6,3a0872ec3eb357655a8303607617829dc5cced8eeba3a41ddb968cf59dce78ab,PLAIN_TEXT,data\external-real-v6-normative-cache\text\www-federalregister-gov-043f0712ccee9ed1.txt,697b365814733bf990f00206f84d1d7259b5567e4acc51d3480bed8202888032
EXT_DOC_063_OLD,EXT_E063,EXT_DOC_063_OLD.txt,SEC 2022 proposed cybersecurity disclosure rule raw text,https://www.federalregister.gov/documents/full_text/html/2022/03/23/2022-05480.html,Federal Register,2026-08-27,,2026-08-26,public_normative_retrieved_excerpt,EXTERNAL_PUBLIC_RAW_EXCERPT_WINDOW,short excerpt and source metadata for research benchmark,e272014aa6dc1bac095147ee4830a56c12a6497fb424e4aff8927991a1e924f2,READY,,2026-08-27T12:28:54.047412+00:00,ed5cb12b5753aeae8d2c5c2100e4483b7f8ef5f223f84ceeff441592ec54c7a4,a4ec334d263faa177779a08c1279c722829f73624513b2ae6442a8362f3f8678,PLAIN_TEXT,data\external-real-v6-normative-cache\text\www-federalregister-gov-c943a5e115b67096.txt,8d43cee5e8257e7e0d91cbbe292bae55f17ecb029147b03cfeb9c7c7af750673
EXT_DOC_064_NEW,EXT_E064,EXT_DOC_064_NEW.txt,SEC 2023 final cybersecurity disclosure rule raw text,https://www.federalregister.gov/documents/full_text/html/2023/08/04/2023-16194.html,Federal Register,2026-08-27,2026-08-27,,public_normative_retrieved_excerpt,EXTERNAL_PUBLIC_RAW_EXCERPT_WINDOW,short excerpt and source metadata for research benchmark,e396c6df365f7c00610530327f772aeb48b604b78f8cf5ca6ce1bfabe84748f3,READY,,2026-08-27T12:28:55.816825+00:00,f0766216183e9df3055fbb96d5387866687990b3e2b3a0af1790422b9251e4a6,3a0872ec3eb357655a8303607617829dc5cced8eeba3a41ddb968cf59dce78ab,PLAIN_TEXT,data\external-real-v6-normative-cache\text\www-federalregister-gov-043f0712ccee9ed1.txt,697b365814733bf990f00206f84d1d7259b5567e4acc51d3480bed8202888032
EXT_DOC_064_OLD,EXT_E064,EXT_DOC_064_OLD.txt,SEC 2022 proposed cybersecurity disclosure rule raw text,https://www.federalregister.gov/documents/full_text/html/2022/03/23/2022-05480.html,Federal Register,2026-08-27,,2026-08-26,public_normative_retrieved_excerpt,EXTERNAL_PUBLIC_RAW_EXCERPT_WINDOW,short excerpt and source metadata for research benchmark,8f7bf88c94be018b47e3449209e19ec529e54f66593717db9d68b213a0a3f930,READY,,2026-08-27T12:28:54.047412+00:00,ed5cb12b5753aeae8d2c5c2100e4483b7f8ef5f223f84ceeff441592ec54c7a4,a4ec334d263faa177779a08c1279c722829f73624513b2ae6442a8362f3f8678,PLAIN_TEXT,data\external-real-v6-normative-cache\text\www-federalregister-gov-c943a5e115b67096.txt,5feadbd57231465fcc6b96a17e917551b76ff761f7c3408a55d6e7b40df9d21b
EXT_DOC_065_NEW,EXT_E065,EXT_DOC_065_NEW.txt,SEC 2023 final cybersecurity disclosure rule raw text,https://www.federalregister.gov/documents/full_text/html/2023/08/04/2023-16194.html,Federal Register,2026-08-27,2026-08-27,,public_normative_retrieved_excerpt,EXTERNAL_PUBLIC_RAW_EXCERPT_WINDOW,short excerpt and source metadata for research benchmark,e396c6df365f7c00610530327f772aeb48b604b78f8cf5ca6ce1bfabe84748f3,READY,,2026-08-27T12:28:55.816825+00:00,f0766216183e9df3055fbb96d5387866687990b3e2b3a0af1790422b9251e4a6,3a0872ec3eb357655a8303607617829dc5cced8eeba3a41ddb968cf59dce78ab,PLAIN_TEXT,data\external-real-v6-normative-cache\text\www-federalregister-gov-043f0712ccee9ed1.txt,697b365814733bf990f00206f84d1d7259b5567e4acc51d3480bed8202888032
EXT_DOC_065_OLD,EXT_E065,EXT_DOC_065_OLD.txt,SEC 2022 proposed cybersecurity disclosure rule raw text,https://www.federalregister.gov/documents/full_text/html/2022/03/23/2022-05480.html,Federal Register,2026-08-27,,2026-08-26,public_normative_retrieved_excerpt,EXTERNAL_PUBLIC_RAW_EXCERPT_WINDOW,short excerpt and source metadata for research benchmark,e272014aa6dc1bac095147ee4830a56c12a6497fb424e4aff8927991a1e924f2,READY,,2026-08-27T12:28:54.047412+00:00,ed5cb12b5753aeae8d2c5c2100e4483b7f8ef5f223f84ceeff441592ec54c7a4,a4ec334d263faa177779a08c1279c722829f73624513b2ae6442a8362f3f8678,PLAIN_TEXT,data\external-real-v6-normative-cache\text\www-federalregister-gov-c943a5e115b67096.txt,8d43cee5e8257e7e0d91cbbe292bae55f17ecb029147b03cfeb9c7c7af750673
EXT_DOC_066_NEW,EXT_E066,EXT_DOC_066_NEW.txt,SEC 2023 final cybersecurity disclosure rule raw text,https://www.federalregister.gov/documents/full_text/html/2023/08/04/2023-16194.html,Federal Register,2026-08-27,2026-08-27,,public_normative_retrieved_excerpt,EXTERNAL_PUBLIC_RAW_EXCERPT_WINDOW,short excerpt and source metadata for research benchmark,e396c6df365f7c00610530327f772aeb48b604b78f8cf5ca6ce1bfabe84748f3,READY,,2026-08-27T12:28:55.816825+00:00,f0766216183e9df3055fbb96d5387866687990b3e2b3a0af1790422b9251e4a6,3a0872ec3eb357655a8303607617829dc5cced8eeba3a41ddb968cf59dce78ab,PLAIN_TEXT,data\external-real-v6-normative-cache\text\www-federalregister-gov-043f0712ccee9ed1.txt,697b365814733bf990f00206f84d1d7259b5567e4acc51d3480bed8202888032
EXT_DOC_066_OLD,EXT_E066,EXT_DOC_066_OLD.txt,SEC 2022 proposed cybersecurity disclosure rule raw text,https://www.federalregister.gov/documents/full_text/html/2022/03/23/2022-05480.html,Federal Register,2026-08-27,,2026-08-26,public_normative_retrieved_excerpt,EXTERNAL_PUBLIC_RAW_EXCERPT_WINDOW,short excerpt and source metadata for research benchmark,e272014aa6dc1bac095147ee4830a56c12a6497fb424e4aff8927991a1e924f2,READY,,2026-08-27T12:28:54.047412+00:00,ed5cb12b5753aeae8d2c5c2100e4483b7f8ef5f223f84ceeff441592ec54c7a4,a4ec334d263faa177779a08c1279c722829f73624513b2ae6442a8362f3f8678,PLAIN_TEXT,data\external-real-v6-normative-cache\text\www-federalregister-gov-c943a5e115b67096.txt,8d43cee5e8257e7e0d91cbbe292bae55f17ecb029147b03cfeb9c7c7af750673
EXT_DOC_067_NEW,EXT_E067,EXT_DOC_067_NEW.txt,SEC 2023 final cybersecurity disclosure rule raw text,https://www.federalregister.gov/documents/full_text/html/2023/08/04/2023-16194.html,Federal Register,2026-08-27,2026-08-27,,public_normative_retrieved_excerpt,EXTERNAL_PUBLIC_RAW_EXCERPT_WINDOW,short excerpt and source metadata for research benchmark,e396c6df365f7c00610530327f772aeb48b604b78f8cf5ca6ce1bfabe84748f3,READY,,2026-08-27T12:28:55.816825+00:00,f0766216183e9df3055fbb96d5387866687990b3e2b3a0af1790422b9251e4a6,3a0872ec3eb357655a8303607617829dc5cced8eeba3a41ddb968cf59dce78ab,PLAIN_TEXT,data\external-real-v6-normative-cache\text\www-federalregister-gov-043f0712ccee9ed1.txt,697b365814733bf990f00206f84d1d7259b5567e4acc51d3480bed8202888032
EXT_DOC_067_OLD,EXT_E067,EXT_DOC_067_OLD.txt,SEC 2022 proposed cybersecurity disclosure rule raw text,https://www.federalregister.gov/documents/full_text/html/2022/03/23/2022-05480.html,Federal Register,2026-08-27,,2026-08-26,public_normative_retrieved_excerpt,EXTERNAL_PUBLIC_RAW_EXCERPT_WINDOW,short excerpt and source metadata for research benchmark,8f7bf88c94be018b47e3449209e19ec529e54f66593717db9d68b213a0a3f930,READY,,2026-08-27T12:28:54.047412+00:00,ed5cb12b5753aeae8d2c5c2100e4483b7f8ef5f223f84ceeff441592ec54c7a4,a4ec334d263faa177779a08c1279c722829f73624513b2ae6442a8362f3f8678,PLAIN_TEXT,data\external-real-v6-normative-cache\text\www-federalregister-gov-c943a5e115b67096.txt,5feadbd57231465fcc6b96a17e917551b76ff761f7c3408a55d6e7b40df9d21b
EXT_DOC_068_NEW,EXT_E068,EXT_DOC_068_NEW.txt,SEC 2023 final cybersecurity disclosure rule raw text,https://www.federalregister.gov/documents/full_text/html/2023/08/04/2023-16194.html,Federal Register,2026-08-27,2026-08-27,,public_normative_retrieved_excerpt,EXTERNAL_PUBLIC_RAW_EXCERPT_WINDOW,short excerpt and source metadata for research benchmark,e396c6df365f7c00610530327f772aeb48b604b78f8cf5ca6ce1bfabe84748f3,READY,,2026-08-27T12:28:55.816825+00:00,f0766216183e9df3055fbb96d5387866687990b3e2b3a0af1790422b9251e4a6,3a0872ec3eb357655a8303607617829dc5cced8eeba3a41ddb968cf59dce78ab,PLAIN_TEXT,data\external-real-v6-normative-cache\text\www-federalregister-gov-043f0712ccee9ed1.txt,697b365814733bf990f00206f84d1d7259b5567e4acc51d3480bed8202888032
EXT_DOC_068_OLD,EXT_E068,EXT_DOC_068_OLD.txt,SEC 2022 proposed cybersecurity disclosure rule raw text,https://www.federalregister.gov/documents/full_text/html/2022/03/23/2022-05480.html,Federal Register,2026-08-27,,2026-08-26,public_normative_retrieved_excerpt,EXTERNAL_PUBLIC_RAW_EXCERPT_WINDOW,short excerpt and source metadata for research benchmark,e272014aa6dc1bac095147ee4830a56c12a6497fb424e4aff8927991a1e924f2,READY,,2026-08-27T12:28:54.047412+00:00,ed5cb12b5753aeae8d2c5c2100e4483b7f8ef5f223f84ceeff441592ec54c7a4,a4ec334d263faa177779a08c1279c722829f73624513b2ae6442a8362f3f8678,PLAIN_TEXT,data\external-real-v6-normative-cache\text\www-federalregister-gov-c943a5e115b67096.txt,8d43cee5e8257e7e0d91cbbe292bae55f17ecb029147b03cfeb9c7c7af750673
EXT3_DOC_069_NEW,EXT_E069,EXT3_DOC_069_NEW.txt,Beijing 2026 policy agricultural insurance reference terms,https://nyncj.beijing.gov.cn/nyj/zwgk/zcgk/zcwj3149/744058179/2026070319534651291.pdf,Beijing Municipal Bureau of Agriculture and Rural Affairs,,2026-08-27,,public_normative_retrieved_excerpt,EXTERNAL_PUBLIC_RAW_EXCERPT_WINDOW,Short raw source window retained for benchmark; source URL retained for audit.,647996b639d80dae4d46be540c85f126a4f6e153b8242ad0615ba2d874ffe464,READY,,2026-08-27T12:28:24.760379+00:00,62931dcd4c9a4d74745df72d0d9124e2a51c4a1c1c5756e8b4d046fbd9e8ddc9,d05d0d061dc52d5f8145f8a3c5fcc51cff6513a62d2a190d2e6a33d9037c639f,PDF_TEXT,data\external-real-v6-normative-cache\text\nyncj-beijing-gov-cn-a3ce904d04ea0b40.txt,33b222808cb4fd1b4bee07a858be80edd8f908aaf0257c92a61c666ce6af837a
EXT3_DOC_069_OLD,EXT_E069,EXT3_DOC_069_OLD.txt,Beijing 2025 policy agricultural insurance terms,https://nyncj.beijing.gov.cn/nyj/zwgk/zcgk/zcwj3149/743621601/2025051417472999136.pdf,Beijing Municipal Bureau of Agriculture and Rural Affairs,,,,public_normative_retrieved_excerpt,EXTERNAL_PUBLIC_RAW_EXCERPT_WINDOW,Short raw source window retained for benchmark; source URL retained for audit.,2931a7fdd23112f4e07a3bacbfd4de75c9d72e9889b9d2cbef934fb43ed8f6b5,READY,,2026-08-27T12:28:22.746625+00:00,65bdc05bca93d34781800f213960b4c25f673bd8d347d7592b24d946cce725e1,bb2cd1626cc0c13656ae74372bd32ce96c8608b62297ff9f74453cb1d9cac2bb,PDF_TEXT,data\external-real-v6-normative-cache\text\nyncj-beijing-gov-cn-cfb9184eb5e59792.txt,e3b0c44298fc1c149afbf4c8996fb92427ae41e4649b934ca495991b7852b855
EXT3_DOC_070_NEW,EXT_E070,EXT3_DOC_070_NEW.txt,Beijing 2026 policy agricultural insurance reference terms,https://nyncj.beijing.gov.cn/nyj/zwgk/zcgk/zcwj3149/744058179/2026070319534651291.pdf,Beijing Municipal Bureau of Agriculture and Rural Affairs,,2026-08-27,,public_normative_retrieved_excerpt,EXTERNAL_PUBLIC_RAW_EXCERPT_WINDOW,Short raw source window retained for benchmark; source URL retained for audit.,647996b639d80dae4d46be540c85f126a4f6e153b8242ad0615ba2d874ffe464,READY,,2026-08-27T12:28:24.760379+00:00,62931dcd4c9a4d74745df72d0d9124e2a51c4a1c1c5756e8b4d046fbd9e8ddc9,d05d0d061dc52d5f8145f8a3c5fcc51cff6513a62d2a190d2e6a33d9037c639f,PDF_TEXT,data\external-real-v6-normative-cache\text\nyncj-beijing-gov-cn-a3ce904d04ea0b40.txt,33b222808cb4fd1b4bee07a858be80edd8f908aaf0257c92a61c666ce6af837a
EXT3_DOC_070_OLD,EXT_E070,EXT3_DOC_070_OLD.txt,Beijing 2025 policy agricultural insurance terms,https://nyncj.beijing.gov.cn/nyj/zwgk/zcgk/zcwj3149/743621601/2025051417472999136.pdf,Beijing Municipal Bureau of Agriculture and Rural Affairs,,,,public_normative_retrieved_excerpt,EXTERNAL_PUBLIC_RAW_EXCERPT_WINDOW,Short raw source window retained for benchmark; source URL retained for audit.,2931a7fdd23112f4e07a3bacbfd4de75c9d72e9889b9d2cbef934fb43ed8f6b5,READY,,2026-08-27T12:28:22.746625+00:00,65bdc05bca93d34781800f213960b4c25f673bd8d347d7592b24d946cce725e1,bb2cd1626cc0c13656ae74372bd32ce96c8608b62297ff9f74453cb1d9cac2bb,PDF_TEXT,data\external-real-v6-normative-cache\text\nyncj-beijing-gov-cn-cfb9184eb5e59792.txt,e3b0c44298fc1c149afbf4c8996fb92427ae41e4649b934ca495991b7852b855
EXT3_DOC_071_NEW,EXT_E071,EXT3_DOC_071_NEW.txt,Beijing 2026 policy agricultural insurance reference terms,https://nyncj.beijing.gov.cn/nyj/zwgk/zcgk/zcwj3149/744058179/2026070319534651291.pdf,Beijing Municipal Bureau of Agriculture and Rural Affairs,,2026-08-27,,public_normative_retrieved_excerpt,EXTERNAL_PUBLIC_RAW_EXCERPT_WINDOW,Short raw source window retained for benchmark; source URL retained for audit.,647996b639d80dae4d46be540c85f126a4f6e153b8242ad0615ba2d874ffe464,READY,,2026-08-27T12:28:24.760379+00:00,62931dcd4c9a4d74745df72d0d9124e2a51c4a1c1c5756e8b4d046fbd9e8ddc9,d05d0d061dc52d5f8145f8a3c5fcc51cff6513a62d2a190d2e6a33d9037c639f,PDF_TEXT,data\external-real-v6-normative-cache\text\nyncj-beijing-gov-cn-a3ce904d04ea0b40.txt,33b222808cb4fd1b4bee07a858be80edd8f908aaf0257c92a61c666ce6af837a
EXT3_DOC_071_OLD,EXT_E071,EXT3_DOC_071_OLD.txt,Beijing 2025 policy agricultural insurance terms,https://nyncj.beijing.gov.cn/nyj/zwgk/zcgk/zcwj3149/743621601/2025051417472999136.pdf,Beijing Municipal Bureau of Agriculture and Rural Affairs,,,,public_normative_retrieved_excerpt,EXTERNAL_PUBLIC_RAW_EXCERPT_WINDOW,Short raw source window retained for benchmark; source URL retained for audit.,2931a7fdd23112f4e07a3bacbfd4de75c9d72e9889b9d2cbef934fb43ed8f6b5,READY,,2026-08-27T12:28:22.746625+00:00,65bdc05bca93d34781800f213960b4c25f673bd8d347d7592b24d946cce725e1,bb2cd1626cc0c13656ae74372bd32ce96c8608b62297ff9f74453cb1d9cac2bb,PDF_TEXT,data\external-real-v6-normative-cache\text\nyncj-beijing-gov-cn-cfb9184eb5e59792.txt,e3b0c44298fc1c149afbf4c8996fb92427ae41e4649b934ca495991b7852b855
EXT3_DOC_072_NEW,EXT_E072,EXT3_DOC_072_NEW.txt,Beijing 2026 policy agricultural insurance reference terms,https://nyncj.beijing.gov.cn/nyj/zwgk/zcgk/zcwj3149/744058179/2026070319534651291.pdf,Beijing Municipal Bureau of Agriculture and Rural Affairs,,2026-08-27,,public_normative_retrieved_excerpt,EXTERNAL_PUBLIC_RAW_EXCERPT_WINDOW,Short raw source window retained for benchmark; source URL retained for audit.,647996b639d80dae4d46be540c85f126a4f6e153b8242ad0615ba2d874ffe464,READY,,2026-08-27T12:28:24.760379+00:00,62931dcd4c9a4d74745df72d0d9124e2a51c4a1c1c5756e8b4d046fbd9e8ddc9,d05d0d061dc52d5f8145f8a3c5fcc51cff6513a62d2a190d2e6a33d9037c639f,PDF_TEXT,data\external-real-v6-normative-cache\text\nyncj-beijing-gov-cn-a3ce904d04ea0b40.txt,33b222808cb4fd1b4bee07a858be80edd8f908aaf0257c92a61c666ce6af837a
EXT3_DOC_072_OLD,EXT_E072,EXT3_DOC_072_OLD.txt,Beijing 2025 policy agricultural insurance terms,https://nyncj.beijing.gov.cn/nyj/zwgk/zcgk/zcwj3149/743621601/2025051417472999136.pdf,Beijing Municipal Bureau of Agriculture and Rural Affairs,,,,public_normative_retrieved_excerpt,EXTERNAL_PUBLIC_RAW_EXCERPT_WINDOW,Short raw source window retained for benchmark; source URL retained for audit.,2931a7fdd23112f4e07a3bacbfd4de75c9d72e9889b9d2cbef934fb43ed8f6b5,READY,,2026-08-27T12:28:22.746625+00:00,65bdc05bca93d34781800f213960b4c25f673bd8d347d7592b24d946cce725e1,bb2cd1626cc0c13656ae74372bd32ce96c8608b62297ff9f74453cb1d9cac2bb,PDF_TEXT,data\external-real-v6-normative-cache\text\nyncj-beijing-gov-cn-cfb9184eb5e59792.txt,e3b0c44298fc1c149afbf4c8996fb92427ae41e4649b934ca495991b7852b855
EXT3_DOC_073_NEW,EXT_E073,EXT3_DOC_073_NEW.txt,Beijing 2026 policy agricultural insurance reference terms,https://nyncj.beijing.gov.cn/nyj/zwgk/zcgk/zcwj3149/744058179/2026070319534651291.pdf,Beijing Municipal Bureau of Agriculture and Rural Affairs,,2026-08-27,,public_normative_retrieved_excerpt,EXTERNAL_PUBLIC_RAW_EXCERPT_WINDOW,Short raw source window retained for benchmark; source URL retained for audit.,647996b639d80dae4d46be540c85f126a4f6e153b8242ad0615ba2d874ffe464,READY,,2026-08-27T12:28:24.760379+00:00,62931dcd4c9a4d74745df72d0d9124e2a51c4a1c1c5756e8b4d046fbd9e8ddc9,d05d0d061dc52d5f8145f8a3c5fcc51cff6513a62d2a190d2e6a33d9037c639f,PDF_TEXT,data\external-real-v6-normative-cache\text\nyncj-beijing-gov-cn-a3ce904d04ea0b40.txt,33b222808cb4fd1b4bee07a858be80edd8f908aaf0257c92a61c666ce6af837a
EXT3_DOC_073_OLD,EXT_E073,EXT3_DOC_073_OLD.txt,Beijing 2025 policy agricultural insurance terms,https://nyncj.beijing.gov.cn/nyj/zwgk/zcgk/zcwj3149/743621601/2025051417472999136.pdf,Beijing Municipal Bureau of Agriculture and Rural Affairs,,,,public_normative_retrieved_excerpt,EXTERNAL_PUBLIC_RAW_EXCERPT_WINDOW,Short raw source window retained for benchmark; source URL retained for audit.,2931a7fdd23112f4e07a3bacbfd4de75c9d72e9889b9d2cbef934fb43ed8f6b5,READY,,2026-08-27T12:28:22.746625+00:00,65bdc05bca93d34781800f213960b4c25f673bd8d347d7592b24d946cce725e1,bb2cd1626cc0c13656ae74372bd32ce96c8608b62297ff9f74453cb1d9cac2bb,PDF_TEXT,data\external-real-v6-normative-cache\text\nyncj-beijing-gov-cn-cfb9184eb5e59792.txt,e3b0c44298fc1c149afbf4c8996fb92427ae41e4649b934ca495991b7852b855
EXT3_DOC_074_NEW,EXT_E074,EXT3_DOC_074_NEW.txt,Beijing 2026 policy agricultural insurance reference terms,https://nyncj.beijing.gov.cn/nyj/zwgk/zcgk/zcwj3149/744058179/2026070319534651291.pdf,Beijing Municipal Bureau of Agriculture and Rural Affairs,,2026-08-27,,public_normative_retrieved_excerpt,EXTERNAL_PUBLIC_RAW_EXCERPT_WINDOW,Short raw source window retained for benchmark; source URL retained for audit.,647996b639d80dae4d46be540c85f126a4f6e153b8242ad0615ba2d874ffe464,READY,,2026-08-27T12:28:24.760379+00:00,62931dcd4c9a4d74745df72d0d9124e2a51c4a1c1c5756e8b4d046fbd9e8ddc9,d05d0d061dc52d5f8145f8a3c5fcc51cff6513a62d2a190d2e6a33d9037c639f,PDF_TEXT,data\external-real-v6-normative-cache\text\nyncj-beijing-gov-cn-a3ce904d04ea0b40.txt,33b222808cb4fd1b4bee07a858be80edd8f908aaf0257c92a61c666ce6af837a
EXT3_DOC_074_OLD,EXT_E074,EXT3_DOC_074_OLD.txt,Beijing 2025 policy agricultural insurance terms,https://nyncj.beijing.gov.cn/nyj/zwgk/zcgk/zcwj3149/743621601/2025051417472999136.pdf,Beijing Municipal Bureau of Agriculture and Rural Affairs,,,,public_normative_retrieved_excerpt,EXTERNAL_PUBLIC_RAW_EXCERPT_WINDOW,Short raw source window retained for benchmark; source URL retained for audit.,2931a7fdd23112f4e07a3bacbfd4de75c9d72e9889b9d2cbef934fb43ed8f6b5,READY,,2026-08-27T12:28:22.746625+00:00,65bdc05bca93d34781800f213960b4c25f673bd8d347d7592b24d946cce725e1,bb2cd1626cc0c13656ae74372bd32ce96c8608b62297ff9f74453cb1d9cac2bb,PDF_TEXT,data\external-real-v6-normative-cache\text\nyncj-beijing-gov-cn-cfb9184eb5e59792.txt,e3b0c44298fc1c149afbf4c8996fb92427ae41e4649b934ca495991b7852b855
EXT3_DOC_075_NEW,EXT_E075,EXT3_DOC_075_NEW.txt,Beijing 2026 policy agricultural insurance reference terms,https://nyncj.beijing.gov.cn/nyj/zwgk/zcgk/zcwj3149/744058179/2026070319534651291.pdf,Beijing Municipal Bureau of Agriculture and Rural Affairs,,2026-08-27,,public_normative_retrieved_excerpt,EXTERNAL_PUBLIC_RAW_EXCERPT_WINDOW,Short raw source window retained for benchmark; source URL retained for audit.,647996b639d80dae4d46be540c85f126a4f6e153b8242ad0615ba2d874ffe464,READY,,2026-08-27T12:28:24.760379+00:00,62931dcd4c9a4d74745df72d0d9124e2a51c4a1c1c5756e8b4d046fbd9e8ddc9,d05d0d061dc52d5f8145f8a3c5fcc51cff6513a62d2a190d2e6a33d9037c639f,PDF_TEXT,data\external-real-v6-normative-cache\text\nyncj-beijing-gov-cn-a3ce904d04ea0b40.txt,33b222808cb4fd1b4bee07a858be80edd8f908aaf0257c92a61c666ce6af837a
EXT3_DOC_075_OLD,EXT_E075,EXT3_DOC_075_OLD.txt,Beijing 2025 policy agricultural insurance terms,https://nyncj.beijing.gov.cn/nyj/zwgk/zcgk/zcwj3149/743621601/2025051417472999136.pdf,Beijing Municipal Bureau of Agriculture and Rural Affairs,,,,public_normative_retrieved_excerpt,EXTERNAL_PUBLIC_RAW_EXCERPT_WINDOW,Short raw source window retained for benchmark; source URL retained for audit.,2931a7fdd23112f4e07a3bacbfd4de75c9d72e9889b9d2cbef934fb43ed8f6b5,READY,,2026-08-27T12:28:22.746625+00:00,65bdc05bca93d34781800f213960b4c25f673bd8d347d7592b24d946cce725e1,bb2cd1626cc0c13656ae74372bd32ce96c8608b62297ff9f74453cb1d9cac2bb,PDF_TEXT,data\external-real-v6-normative-cache\text\nyncj-beijing-gov-cn-cfb9184eb5e59792.txt,e3b0c44298fc1c149afbf4c8996fb92427ae41e4649b934ca495991b7852b855
EXT3_DOC_076_NEW,EXT_E076,EXT3_DOC_076_NEW.txt,Beijing 2026 policy agricultural insurance reference terms,https://nyncj.beijing.gov.cn/nyj/zwgk/zcgk/zcwj3149/744058179/2026070319534651291.pdf,Beijing Municipal Bureau of Agriculture and Rural Affairs,,2026-08-27,,public_normative_retrieved_excerpt,EXTERNAL_PUBLIC_RAW_EXCERPT_WINDOW,Short raw source window retained for benchmark; source URL retained for audit.,647996b639d80dae4d46be540c85f126a4f6e153b8242ad0615ba2d874ffe464,READY,,2026-08-27T12:28:24.760379+00:00,62931dcd4c9a4d74745df72d0d9124e2a51c4a1c1c5756e8b4d046fbd9e8ddc9,d05d0d061dc52d5f8145f8a3c5fcc51cff6513a62d2a190d2e6a33d9037c639f,PDF_TEXT,data\external-real-v6-normative-cache\text\nyncj-beijing-gov-cn-a3ce904d04ea0b40.txt,33b222808cb4fd1b4bee07a858be80edd8f908aaf0257c92a61c666ce6af837a
EXT3_DOC_076_OLD,EXT_E076,EXT3_DOC_076_OLD.txt,Beijing 2025 policy agricultural insurance terms,https://nyncj.beijing.gov.cn/nyj/zwgk/zcgk/zcwj3149/743621601/2025051417472999136.pdf,Beijing Municipal Bureau of Agriculture and Rural Affairs,,,,public_normative_retrieved_excerpt,EXTERNAL_PUBLIC_RAW_EXCERPT_WINDOW,Short raw source window retained for benchmark; source URL retained for audit.,2931a7fdd23112f4e07a3bacbfd4de75c9d72e9889b9d2cbef934fb43ed8f6b5,READY,,2026-08-27T12:28:22.746625+00:00,65bdc05bca93d34781800f213960b4c25f673bd8d347d7592b24d946cce725e1,bb2cd1626cc0c13656ae74372bd32ce96c8608b62297ff9f74453cb1d9cac2bb,PDF_TEXT,data\external-real-v6-normative-cache\text\nyncj-beijing-gov-cn-cfb9184eb5e59792.txt,e3b0c44298fc1c149afbf4c8996fb92427ae41e4649b934ca495991b7852b855
EXT3_DOC_077_NEW,EXT_E077,EXT3_DOC_077_NEW.txt,Beijing 2026 policy agricultural insurance reference terms,https://nyncj.beijing.gov.cn/nyj/zwgk/zcgk/zcwj3149/744058179/2026070319534651291.pdf,Beijing Municipal Bureau of Agriculture and Rural Affairs,,2026-08-27,,public_normative_retrieved_excerpt,EXTERNAL_PUBLIC_RAW_EXCERPT_WINDOW,Short raw source window retained for benchmark; source URL retained for audit.,647996b639d80dae4d46be540c85f126a4f6e153b8242ad0615ba2d874ffe464,READY,,2026-08-27T12:28:24.760379+00:00,62931dcd4c9a4d74745df72d0d9124e2a51c4a1c1c5756e8b4d046fbd9e8ddc9,d05d0d061dc52d5f8145f8a3c5fcc51cff6513a62d2a190d2e6a33d9037c639f,PDF_TEXT,data\external-real-v6-normative-cache\text\nyncj-beijing-gov-cn-a3ce904d04ea0b40.txt,33b222808cb4fd1b4bee07a858be80edd8f908aaf0257c92a61c666ce6af837a
EXT3_DOC_077_OLD,EXT_E077,EXT3_DOC_077_OLD.txt,Beijing 2025 policy agricultural insurance terms,https://nyncj.beijing.gov.cn/nyj/zwgk/zcgk/zcwj3149/743621601/2025051417472999136.pdf,Beijing Municipal Bureau of Agriculture and Rural Affairs,,,,public_normative_retrieved_excerpt,EXTERNAL_PUBLIC_RAW_EXCERPT_WINDOW,Short raw source window retained for benchmark; source URL retained for audit.,2931a7fdd23112f4e07a3bacbfd4de75c9d72e9889b9d2cbef934fb43ed8f6b5,READY,,2026-08-27T12:28:22.746625+00:00,65bdc05bca93d34781800f213960b4c25f673bd8d347d7592b24d946cce725e1,bb2cd1626cc0c13656ae74372bd32ce96c8608b62297ff9f74453cb1d9cac2bb,PDF_TEXT,data\external-real-v6-normative-cache\text\nyncj-beijing-gov-cn-cfb9184eb5e59792.txt,e3b0c44298fc1c149afbf4c8996fb92427ae41e4649b934ca495991b7852b855
EXT3_DOC_078_NEW,EXT_E078,EXT3_DOC_078_NEW.txt,Beijing 2026 policy agricultural insurance reference terms,https://nyncj.beijing.gov.cn/nyj/zwgk/zcgk/zcwj3149/744058179/2026070319534651291.pdf,Beijing Municipal Bureau of Agriculture and Rural Affairs,,2026-08-27,,public_normative_retrieved_excerpt,EXTERNAL_PUBLIC_RAW_EXCERPT_WINDOW,Short raw source window retained for benchmark; source URL retained for audit.,647996b639d80dae4d46be540c85f126a4f6e153b8242ad0615ba2d874ffe464,READY,,2026-08-27T12:28:24.760379+00:00,62931dcd4c9a4d74745df72d0d9124e2a51c4a1c1c5756e8b4d046fbd9e8ddc9,d05d0d061dc52d5f8145f8a3c5fcc51cff6513a62d2a190d2e6a33d9037c639f,PDF_TEXT,data\external-real-v6-normative-cache\text\nyncj-beijing-gov-cn-a3ce904d04ea0b40.txt,33b222808cb4fd1b4bee07a858be80edd8f908aaf0257c92a61c666ce6af837a
EXT3_DOC_078_OLD,EXT_E078,EXT3_DOC_078_OLD.txt,Beijing 2025 policy agricultural insurance terms,https://nyncj.beijing.gov.cn/nyj/zwgk/zcgk/zcwj3149/743621601/2025051417472999136.pdf,Beijing Municipal Bureau of Agriculture and Rural Affairs,,,,public_normative_retrieved_excerpt,EXTERNAL_PUBLIC_RAW_EXCERPT_WINDOW,Short raw source window retained for benchmark; source URL retained for audit.,2931a7fdd23112f4e07a3bacbfd4de75c9d72e9889b9d2cbef934fb43ed8f6b5,READY,,2026-08-27T12:28:22.746625+00:00,65bdc05bca93d34781800f213960b4c25f673bd8d347d7592b24d946cce725e1,bb2cd1626cc0c13656ae74372bd32ce96c8608b62297ff9f74453cb1d9cac2bb,PDF_TEXT,data\external-real-v6-normative-cache\text\nyncj-beijing-gov-cn-cfb9184eb5e59792.txt,e3b0c44298fc1c149afbf4c8996fb92427ae41e4649b934ca495991b7852b855
EXT3_DOC_079_NEW,EXT_E079,EXT3_DOC_079_NEW.txt,Beijing 2026 policy agricultural insurance reference terms,https://nyncj.beijing.gov.cn/nyj/zwgk/zcgk/zcwj3149/744058179/2026070319534651291.pdf,Beijing Municipal Bureau of Agriculture and Rural Affairs,,2026-08-27,,public_normative_retrieved_excerpt,EXTERNAL_PUBLIC_RAW_EXCERPT_WINDOW,Short raw source window retained for benchmark; source URL retained for audit.,647996b639d80dae4d46be540c85f126a4f6e153b8242ad0615ba2d874ffe464,READY,,2026-08-27T12:28:24.760379+00:00,62931dcd4c9a4d74745df72d0d9124e2a51c4a1c1c5756e8b4d046fbd9e8ddc9,d05d0d061dc52d5f8145f8a3c5fcc51cff6513a62d2a190d2e6a33d9037c639f,PDF_TEXT,data\external-real-v6-normative-cache\text\nyncj-beijing-gov-cn-a3ce904d04ea0b40.txt,33b222808cb4fd1b4bee07a858be80edd8f908aaf0257c92a61c666ce6af837a
EXT3_DOC_079_OLD,EXT_E079,EXT3_DOC_079_OLD.txt,Beijing 2025 policy agricultural insurance terms,https://nyncj.beijing.gov.cn/nyj/zwgk/zcgk/zcwj3149/743621601/2025051417472999136.pdf,Beijing Municipal Bureau of Agriculture and Rural Affairs,,,,public_normative_retrieved_excerpt,EXTERNAL_PUBLIC_RAW_EXCERPT_WINDOW,Short raw source window retained for benchmark; source URL retained for audit.,2931a7fdd23112f4e07a3bacbfd4de75c9d72e9889b9d2cbef934fb43ed8f6b5,READY,,2026-08-27T12:28:22.746625+00:00,65bdc05bca93d34781800f213960b4c25f673bd8d347d7592b24d946cce725e1,bb2cd1626cc0c13656ae74372bd32ce96c8608b62297ff9f74453cb1d9cac2bb,PDF_TEXT,data\external-real-v6-normative-cache\text\nyncj-beijing-gov-cn-cfb9184eb5e59792.txt,e3b0c44298fc1c149afbf4c8996fb92427ae41e4649b934ca495991b7852b855
EXT3_DOC_080_NEW,EXT_E080,EXT3_DOC_080_NEW.txt,Beijing 2026 policy agricultural insurance reference terms,https://nyncj.beijing.gov.cn/nyj/zwgk/zcgk/zcwj3149/744058179/2026070319534651291.pdf,Beijing Municipal Bureau of Agriculture and Rural Affairs,,2026-08-27,,public_normative_retrieved_excerpt,EXTERNAL_PUBLIC_RAW_EXCERPT_WINDOW,Short raw source window retained for benchmark; source URL retained for audit.,647996b639d80dae4d46be540c85f126a4f6e153b8242ad0615ba2d874ffe464,READY,,2026-08-27T12:28:24.760379+00:00,62931dcd4c9a4d74745df72d0d9124e2a51c4a1c1c5756e8b4d046fbd9e8ddc9,d05d0d061dc52d5f8145f8a3c5fcc51cff6513a62d2a190d2e6a33d9037c639f,PDF_TEXT,data\external-real-v6-normative-cache\text\nyncj-beijing-gov-cn-a3ce904d04ea0b40.txt,33b222808cb4fd1b4bee07a858be80edd8f908aaf0257c92a61c666ce6af837a
EXT3_DOC_080_OLD,EXT_E080,EXT3_DOC_080_OLD.txt,Beijing 2025 policy agricultural insurance terms,https://nyncj.beijing.gov.cn/nyj/zwgk/zcgk/zcwj3149/743621601/2025051417472999136.pdf,Beijing Municipal Bureau of Agriculture and Rural Affairs,,,,public_normative_retrieved_excerpt,EXTERNAL_PUBLIC_RAW_EXCERPT_WINDOW,Short raw source window retained for benchmark; source URL retained for audit.,2931a7fdd23112f4e07a3bacbfd4de75c9d72e9889b9d2cbef934fb43ed8f6b5,READY,,2026-08-27T12:28:22.746625+00:00,65bdc05bca93d34781800f213960b4c25f673bd8d347d7592b24d946cce725e1,bb2cd1626cc0c13656ae74372bd32ce96c8608b62297ff9f74453cb1d9cac2bb,PDF_TEXT,data\external-real-v6-normative-cache\text\nyncj-beijing-gov-cn-cfb9184eb5e59792.txt,e3b0c44298fc1c149afbf4c8996fb92427ae41e4649b934ca495991b7852b855
EXT3_DOC_081_NEW,EXT_E081,EXT3_DOC_081_NEW.txt,Beijing 2026 policy agricultural insurance reference terms,https://nyncj.beijing.gov.cn/nyj/zwgk/zcgk/zcwj3149/744058179/2026070319534651291.pdf,Beijing Municipal Bureau of Agriculture and Rural Affairs,,2026-08-27,,public_normative_retrieved_excerpt,EXTERNAL_PUBLIC_RAW_EXCERPT_WINDOW,Short raw source window retained for benchmark; source URL retained for audit.,647996b639d80dae4d46be540c85f126a4f6e153b8242ad0615ba2d874ffe464,READY,,2026-08-27T12:28:24.760379+00:00,62931dcd4c9a4d74745df72d0d9124e2a51c4a1c1c5756e8b4d046fbd9e8ddc9,d05d0d061dc52d5f8145f8a3c5fcc51cff6513a62d2a190d2e6a33d9037c639f,PDF_TEXT,data\external-real-v6-normative-cache\text\nyncj-beijing-gov-cn-a3ce904d04ea0b40.txt,33b222808cb4fd1b4bee07a858be80edd8f908aaf0257c92a61c666ce6af837a
EXT3_DOC_081_OLD,EXT_E081,EXT3_DOC_081_OLD.txt,Beijing 2025 policy agricultural insurance terms,https://nyncj.beijing.gov.cn/nyj/zwgk/zcgk/zcwj3149/743621601/2025051417472999136.pdf,Beijing Municipal Bureau of Agriculture and Rural Affairs,,,,public_normative_retrieved_excerpt,EXTERNAL_PUBLIC_RAW_EXCERPT_WINDOW,Short raw source window retained for benchmark; source URL retained for audit.,2931a7fdd23112f4e07a3bacbfd4de75c9d72e9889b9d2cbef934fb43ed8f6b5,READY,,2026-08-27T12:28:22.746625+00:00,65bdc05bca93d34781800f213960b4c25f673bd8d347d7592b24d946cce725e1,bb2cd1626cc0c13656ae74372bd32ce96c8608b62297ff9f74453cb1d9cac2bb,PDF_TEXT,data\external-real-v6-normative-cache\text\nyncj-beijing-gov-cn-cfb9184eb5e59792.txt,e3b0c44298fc1c149afbf4c8996fb92427ae41e4649b934ca495991b7852b855
EXT3_DOC_082_NEW,EXT_E082,EXT3_DOC_082_NEW.txt,Beijing 2026 policy agricultural insurance reference terms,https://nyncj.beijing.gov.cn/nyj/zwgk/zcgk/zcwj3149/744058179/2026070319534651291.pdf,Beijing Municipal Bureau of Agriculture and Rural Affairs,,2026-08-27,,public_normative_retrieved_excerpt,EXTERNAL_PUBLIC_RAW_EXCERPT_WINDOW,Short raw source window retained for benchmark; source URL retained for audit.,647996b639d80dae4d46be540c85f126a4f6e153b8242ad0615ba2d874ffe464,READY,,2026-08-27T12:28:24.760379+00:00,62931dcd4c9a4d74745df72d0d9124e2a51c4a1c1c5756e8b4d046fbd9e8ddc9,d05d0d061dc52d5f8145f8a3c5fcc51cff6513a62d2a190d2e6a33d9037c639f,PDF_TEXT,data\external-real-v6-normative-cache\text\nyncj-beijing-gov-cn-a3ce904d04ea0b40.txt,33b222808cb4fd1b4bee07a858be80edd8f908aaf0257c92a61c666ce6af837a
EXT3_DOC_082_OLD,EXT_E082,EXT3_DOC_082_OLD.txt,Beijing 2025 policy agricultural insurance terms,https://nyncj.beijing.gov.cn/nyj/zwgk/zcgk/zcwj3149/743621601/2025051417472999136.pdf,Beijing Municipal Bureau of Agriculture and Rural Affairs,,,,public_normative_retrieved_excerpt,EXTERNAL_PUBLIC_RAW_EXCERPT_WINDOW,Short raw source window retained for benchmark; source URL retained for audit.,2931a7fdd23112f4e07a3bacbfd4de75c9d72e9889b9d2cbef934fb43ed8f6b5,READY,,2026-08-27T12:28:22.746625+00:00,65bdc05bca93d34781800f213960b4c25f673bd8d347d7592b24d946cce725e1,bb2cd1626cc0c13656ae74372bd32ce96c8608b62297ff9f74453cb1d9cac2bb,PDF_TEXT,data\external-real-v6-normative-cache\text\nyncj-beijing-gov-cn-cfb9184eb5e59792.txt,e3b0c44298fc1c149afbf4c8996fb92427ae41e4649b934ca495991b7852b855
EXT3_DOC_083_NEW,EXT_E083,EXT3_DOC_083_NEW.txt,Beijing 2026 policy agricultural insurance reference terms,https://nyncj.beijing.gov.cn/nyj/zwgk/zcgk/zcwj3149/744058179/2026070319534651291.pdf,Beijing Municipal Bureau of Agriculture and Rural Affairs,,2026-08-27,,public_normative_retrieved_excerpt,EXTERNAL_PUBLIC_RAW_EXCERPT_WINDOW,Short raw source window retained for benchmark; source URL retained for audit.,647996b639d80dae4d46be540c85f126a4f6e153b8242ad0615ba2d874ffe464,READY,,2026-08-27T12:28:24.760379+00:00,62931dcd4c9a4d74745df72d0d9124e2a51c4a1c1c5756e8b4d046fbd9e8ddc9,d05d0d061dc52d5f8145f8a3c5fcc51cff6513a62d2a190d2e6a33d9037c639f,PDF_TEXT,data\external-real-v6-normative-cache\text\nyncj-beijing-gov-cn-a3ce904d04ea0b40.txt,33b222808cb4fd1b4bee07a858be80edd8f908aaf0257c92a61c666ce6af837a
EXT3_DOC_083_OLD,EXT_E083,EXT3_DOC_083_OLD.txt,Beijing 2025 policy agricultural insurance terms,https://nyncj.beijing.gov.cn/nyj/zwgk/zcgk/zcwj3149/743621601/2025051417472999136.pdf,Beijing Municipal Bureau of Agriculture and Rural Affairs,,,,public_normative_retrieved_excerpt,EXTERNAL_PUBLIC_RAW_EXCERPT_WINDOW,Short raw source window retained for benchmark; source URL retained for audit.,2931a7fdd23112f4e07a3bacbfd4de75c9d72e9889b9d2cbef934fb43ed8f6b5,READY,,2026-08-27T12:28:22.746625+00:00,65bdc05bca93d34781800f213960b4c25f673bd8d347d7592b24d946cce725e1,bb2cd1626cc0c13656ae74372bd32ce96c8608b62297ff9f74453cb1d9cac2bb,PDF_TEXT,data\external-real-v6-normative-cache\text\nyncj-beijing-gov-cn-cfb9184eb5e59792.txt,e3b0c44298fc1c149afbf4c8996fb92427ae41e4649b934ca495991b7852b855
EXT3_DOC_084_NEW,EXT_E084,EXT3_DOC_084_NEW.txt,Beijing 2026 policy agricultural insurance reference terms,https://nyncj.beijing.gov.cn/nyj/zwgk/zcgk/zcwj3149/744058179/2026070319534651291.pdf,Beijing Municipal Bureau of Agriculture and Rural Affairs,,2026-08-27,,public_normative_retrieved_excerpt,EXTERNAL_PUBLIC_RAW_EXCERPT_WINDOW,Short raw source window retained for benchmark; source URL retained for audit.,647996b639d80dae4d46be540c85f126a4f6e153b8242ad0615ba2d874ffe464,READY,,2026-08-27T12:28:24.760379+00:00,62931dcd4c9a4d74745df72d0d9124e2a51c4a1c1c5756e8b4d046fbd9e8ddc9,d05d0d061dc52d5f8145f8a3c5fcc51cff6513a62d2a190d2e6a33d9037c639f,PDF_TEXT,data\external-real-v6-normative-cache\text\nyncj-beijing-gov-cn-a3ce904d04ea0b40.txt,33b222808cb4fd1b4bee07a858be80edd8f908aaf0257c92a61c666ce6af837a
EXT3_DOC_084_OLD,EXT_E084,EXT3_DOC_084_OLD.txt,Beijing 2025 policy agricultural insurance terms,https://nyncj.beijing.gov.cn/nyj/zwgk/zcgk/zcwj3149/743621601/2025051417472999136.pdf,Beijing Municipal Bureau of Agriculture and Rural Affairs,,,,public_normative_retrieved_excerpt,EXTERNAL_PUBLIC_RAW_EXCERPT_WINDOW,Short raw source window retained for benchmark; source URL retained for audit.,2931a7fdd23112f4e07a3bacbfd4de75c9d72e9889b9d2cbef934fb43ed8f6b5,READY,,2026-08-27T12:28:22.746625+00:00,65bdc05bca93d34781800f213960b4c25f673bd8d347d7592b24d946cce725e1,bb2cd1626cc0c13656ae74372bd32ce96c8608b62297ff9f74453cb1d9cac2bb,PDF_TEXT,data\external-real-v6-normative-cache\text\nyncj-beijing-gov-cn-cfb9184eb5e59792.txt,e3b0c44298fc1c149afbf4c8996fb92427ae41e4649b934ca495991b7852b855
EXT3_DOC_085_NEW,EXT_E085,EXT3_DOC_085_NEW.txt,Beijing 2026 policy agricultural insurance reference terms,https://nyncj.beijing.gov.cn/nyj/zwgk/zcgk/zcwj3149/744058179/2026070319534651291.pdf,Beijing Municipal Bureau of Agriculture and Rural Affairs,,2026-08-27,,public_normative_retrieved_excerpt,EXTERNAL_PUBLIC_RAW_EXCERPT_WINDOW,Short raw source window retained for benchmark; source URL retained for audit.,647996b639d80dae4d46be540c85f126a4f6e153b8242ad0615ba2d874ffe464,READY,,2026-08-27T12:28:24.760379+00:00,62931dcd4c9a4d74745df72d0d9124e2a51c4a1c1c5756e8b4d046fbd9e8ddc9,d05d0d061dc52d5f8145f8a3c5fcc51cff6513a62d2a190d2e6a33d9037c639f,PDF_TEXT,data\external-real-v6-normative-cache\text\nyncj-beijing-gov-cn-a3ce904d04ea0b40.txt,33b222808cb4fd1b4bee07a858be80edd8f908aaf0257c92a61c666ce6af837a
EXT3_DOC_085_OLD,EXT_E085,EXT3_DOC_085_OLD.txt,Beijing 2025 policy agricultural insurance terms,https://nyncj.beijing.gov.cn/nyj/zwgk/zcgk/zcwj3149/743621601/2025051417472999136.pdf,Beijing Municipal Bureau of Agriculture and Rural Affairs,,,,public_normative_retrieved_excerpt,EXTERNAL_PUBLIC_RAW_EXCERPT_WINDOW,Short raw source window retained for benchmark; source URL retained for audit.,2931a7fdd23112f4e07a3bacbfd4de75c9d72e9889b9d2cbef934fb43ed8f6b5,READY,,2026-08-27T12:28:22.746625+00:00,65bdc05bca93d34781800f213960b4c25f673bd8d347d7592b24d946cce725e1,bb2cd1626cc0c13656ae74372bd32ce96c8608b62297ff9f74453cb1d9cac2bb,PDF_TEXT,data\external-real-v6-normative-cache\text\nyncj-beijing-gov-cn-cfb9184eb5e59792.txt,e3b0c44298fc1c149afbf4c8996fb92427ae41e4649b934ca495991b7852b855
EXT3_DOC_086_NEW,EXT_E086,EXT3_DOC_086_NEW.txt,Commission Delegated Regulation (EU) 2020/2174 official English PDF,https://op.europa.eu/o/opportal-service/download-handler?identifier=dec9f5e7-43f8-11eb-b59f-01aa75ed71a1&format=PDF&language=en&productionSystem=cellar&part=,Publications Office of the European Union,,2026-08-27,,public_normative_retrieved_excerpt,EXTERNAL_PUBLIC_RAW_EXCERPT_WINDOW,Short raw source window retained for benchmark; source URL retained for audit.,e05ad4771a4502ab69a08e76162b59c3c4c3d4c3b859e11be24468cfb13f69f1,READY,,2026-08-27T12:28:32.481790+00:00,154d689abf76053f84c5eb2f06f2885283b4dc440f433ab6fe7e9a716dad50af,981a87bfc093781a563b03a3d77d0e5256c74d47e0b9ade4a83948386454f318,PDF_TEXT,data\external-real-v6-normative-cache\text\op-europa-eu-d9b2871ff403f4bd.txt,7671ce03e9c7887338bb11e80e09abb749c8cc11fa8eeaaeda159e81c2c2a9d2
EXT3_DOC_086_OLD,EXT_E086,EXT3_DOC_086_OLD.txt,Regulation (EC) No 1272/2008 official English PDF,https://op.europa.eu/o/opportal-service/download-handler?identifier=6bf54b59-7673-461b-b8e1-f24c545cbd3c&format=PDF&language=en&productionSystem=cellar&part=,Publications Office of the European Union,,,,public_normative_retrieved_excerpt,EXTERNAL_PUBLIC_RAW_EXCERPT_WINDOW,Short raw source window retained for benchmark; source URL retained for audit.,e937a5ad773800092be1cf630d8f209267adf1d3a17746593621ad2a254671d4,READY,,2026-08-27T12:28:29.045364+00:00,64f4540f2b6ce34be837e2583ba540b125b5c4dfec3826739c3a148b5d9d872e,16a93e7e7a842ee4685627f097654e1f5d3eaf051bfb70ffe7bc65a7c18ae47a,PDF_TEXT,data\external-real-v6-normative-cache\text\op-europa-eu-8190c18ff7f5d9f7.txt,cdd934c94d350e46e72601b8401eefe75dcbbbdb71946f7bd828e31f099f85de
EXT3_DOC_087_NEW,EXT_E087,EXT3_DOC_087_NEW.txt,Commission Delegated Regulation (EU) 2020/2174 official English PDF,https://op.europa.eu/o/opportal-service/download-handler?identifier=dec9f5e7-43f8-11eb-b59f-01aa75ed71a1&format=PDF&language=en&productionSystem=cellar&part=,Publications Office of the European Union,,2026-08-27,,public_normative_retrieved_excerpt,EXTERNAL_PUBLIC_RAW_EXCERPT_WINDOW,Short raw source window retained for benchmark; source URL retained for audit.,ae870b2c138e1fd853b72c9fe4644bb54a670640f73c7ed0905d2b08866331d7,READY,,2026-08-27T12:28:32.481790+00:00,154d689abf76053f84c5eb2f06f2885283b4dc440f433ab6fe7e9a716dad50af,981a87bfc093781a563b03a3d77d0e5256c74d47e0b9ade4a83948386454f318,PDF_TEXT,data\external-real-v6-normative-cache\text\op-europa-eu-d9b2871ff403f4bd.txt,745c09c0bffe68de32389e89da537a56916c23483e83a83241fdfe0aa22fd3a7
EXT3_DOC_087_OLD,EXT_E087,EXT3_DOC_087_OLD.txt,Regulation (EC) No 1272/2008 official English PDF,https://op.europa.eu/o/opportal-service/download-handler?identifier=6bf54b59-7673-461b-b8e1-f24c545cbd3c&format=PDF&language=en&productionSystem=cellar&part=,Publications Office of the European Union,,,,public_normative_retrieved_excerpt,EXTERNAL_PUBLIC_RAW_EXCERPT_WINDOW,Short raw source window retained for benchmark; source URL retained for audit.,2b2cb030989462dc30c89553cffe689fa5a9862d83f967bfdc6f0986f740ed69,READY,,2026-08-27T12:28:29.045364+00:00,64f4540f2b6ce34be837e2583ba540b125b5c4dfec3826739c3a148b5d9d872e,16a93e7e7a842ee4685627f097654e1f5d3eaf051bfb70ffe7bc65a7c18ae47a,PDF_TEXT,data\external-real-v6-normative-cache\text\op-europa-eu-8190c18ff7f5d9f7.txt,fbe2b43321431d9c8432aaeafd35e93dd76e3ceae7b185bfc6881e8a74010f58
EXT3_DOC_088_NEW,EXT_E088,EXT3_DOC_088_NEW.txt,Commission Delegated Regulation (EU) 2020/2174 official English PDF,https://op.europa.eu/o/opportal-service/download-handler?identifier=dec9f5e7-43f8-11eb-b59f-01aa75ed71a1&format=PDF&language=en&productionSystem=cellar&part=,Publications Office of the European Union,,2026-08-27,,public_normative_retrieved_excerpt,EXTERNAL_PUBLIC_RAW_EXCERPT_WINDOW,Short raw source window retained for benchmark; source URL retained for audit.,3197d4801c106e95e82123637c109991fbc6d4c23201bf322662fb31a2985432,READY,,2026-08-27T12:28:32.481790+00:00,154d689abf76053f84c5eb2f06f2885283b4dc440f433ab6fe7e9a716dad50af,981a87bfc093781a563b03a3d77d0e5256c74d47e0b9ade4a83948386454f318,PDF_TEXT,data\external-real-v6-normative-cache\text\op-europa-eu-d9b2871ff403f4bd.txt,58dd97e401eb14e2065f2fa80a1f7d7d637ffa9eaa4d3c371d9f21188d043fc4
EXT3_DOC_088_OLD,EXT_E088,EXT3_DOC_088_OLD.txt,Regulation (EC) No 1272/2008 official English PDF,https://op.europa.eu/o/opportal-service/download-handler?identifier=6bf54b59-7673-461b-b8e1-f24c545cbd3c&format=PDF&language=en&productionSystem=cellar&part=,Publications Office of the European Union,,,,public_normative_retrieved_excerpt,EXTERNAL_PUBLIC_RAW_EXCERPT_WINDOW,Short raw source window retained for benchmark; source URL retained for audit.,a999573172ac16ae4796f2908a8ff32a3f861d52af79308d9497387f6a7c3905,READY,,2026-08-27T12:28:29.045364+00:00,64f4540f2b6ce34be837e2583ba540b125b5c4dfec3826739c3a148b5d9d872e,16a93e7e7a842ee4685627f097654e1f5d3eaf051bfb70ffe7bc65a7c18ae47a,PDF_TEXT,data\external-real-v6-normative-cache\text\op-europa-eu-8190c18ff7f5d9f7.txt,9e3a568da9b3258c6cd6937343c7065e4bb6ef7ea55ab9899ab894278a157d43
EXT3_DOC_089_NEW,EXT_E089,EXT3_DOC_089_NEW.txt,Commission Delegated Regulation (EU) 2020/2174 official English PDF,https://op.europa.eu/o/opportal-service/download-handler?identifier=dec9f5e7-43f8-11eb-b59f-01aa75ed71a1&format=PDF&language=en&productionSystem=cellar&part=,Publications Office of the European Union,,2026-08-27,,public_normative_retrieved_excerpt,EXTERNAL_PUBLIC_RAW_EXCERPT_WINDOW,Short raw source window retained for benchmark; source URL retained for audit.,ae870b2c138e1fd853b72c9fe4644bb54a670640f73c7ed0905d2b08866331d7,READY,,2026-08-27T12:28:32.481790+00:00,154d689abf76053f84c5eb2f06f2885283b4dc440f433ab6fe7e9a716dad50af,981a87bfc093781a563b03a3d77d0e5256c74d47e0b9ade4a83948386454f318,PDF_TEXT,data\external-real-v6-normative-cache\text\op-europa-eu-d9b2871ff403f4bd.txt,745c09c0bffe68de32389e89da537a56916c23483e83a83241fdfe0aa22fd3a7
EXT3_DOC_089_OLD,EXT_E089,EXT3_DOC_089_OLD.txt,Regulation (EC) No 1272/2008 official English PDF,https://op.europa.eu/o/opportal-service/download-handler?identifier=6bf54b59-7673-461b-b8e1-f24c545cbd3c&format=PDF&language=en&productionSystem=cellar&part=,Publications Office of the European Union,,,,public_normative_retrieved_excerpt,EXTERNAL_PUBLIC_RAW_EXCERPT_WINDOW,Short raw source window retained for benchmark; source URL retained for audit.,ab4f7ee482b32492361b7867c792a9a88b7a21e73b5177197fe9a883c4d7035a,READY,,2026-08-27T12:28:29.045364+00:00,64f4540f2b6ce34be837e2583ba540b125b5c4dfec3826739c3a148b5d9d872e,16a93e7e7a842ee4685627f097654e1f5d3eaf051bfb70ffe7bc65a7c18ae47a,PDF_TEXT,data\external-real-v6-normative-cache\text\op-europa-eu-8190c18ff7f5d9f7.txt,a6154b39ed0b562f80ee10403cd2cbd27125ab17e44fec8209c32e7d515f520b
EXT3_DOC_090_NEW,EXT_E090,EXT3_DOC_090_NEW.txt,Commission Delegated Regulation (EU) 2020/2174 official English PDF,https://op.europa.eu/o/opportal-service/download-handler?identifier=dec9f5e7-43f8-11eb-b59f-01aa75ed71a1&format=PDF&language=en&productionSystem=cellar&part=,Publications Office of the European Union,,2026-08-27,,public_normative_retrieved_excerpt,EXTERNAL_PUBLIC_RAW_EXCERPT_WINDOW,Short raw source window retained for benchmark; source URL retained for audit.,ef56b9d643ea888a23a7ad6fdc0665245cf1a2b2c92cee66ae4fccd10edc27c8,READY,,2026-08-27T12:28:32.481790+00:00,154d689abf76053f84c5eb2f06f2885283b4dc440f433ab6fe7e9a716dad50af,981a87bfc093781a563b03a3d77d0e5256c74d47e0b9ade4a83948386454f318,PDF_TEXT,data\external-real-v6-normative-cache\text\op-europa-eu-d9b2871ff403f4bd.txt,05168e335236bb5e8ff351de72df0b77368957aa918ad15d47304479d7496311
EXT3_DOC_090_OLD,EXT_E090,EXT3_DOC_090_OLD.txt,Regulation (EC) No 1272/2008 official English PDF,https://op.europa.eu/o/opportal-service/download-handler?identifier=6bf54b59-7673-461b-b8e1-f24c545cbd3c&format=PDF&language=en&productionSystem=cellar&part=,Publications Office of the European Union,,,,public_normative_retrieved_excerpt,EXTERNAL_PUBLIC_RAW_EXCERPT_WINDOW,Short raw source window retained for benchmark; source URL retained for audit.,373b12c6f71d749749bc29fa6a7523221c2435728ddbc64666cd9229a4ca12be,READY,,2026-08-27T12:28:29.045364+00:00,64f4540f2b6ce34be837e2583ba540b125b5c4dfec3826739c3a148b5d9d872e,16a93e7e7a842ee4685627f097654e1f5d3eaf051bfb70ffe7bc65a7c18ae47a,PDF_TEXT,data\external-real-v6-normative-cache\text\op-europa-eu-8190c18ff7f5d9f7.txt,7166fd4ba49cb0085d57608f12ffd232ffbfdd4995e46b1135a6ae12d3553d32
EXT3_DOC_091_NEW,EXT_E091,EXT3_DOC_091_NEW.txt,Commission Delegated Regulation (EU) 2020/2174 official English PDF,https://op.europa.eu/o/opportal-service/download-handler?identifier=dec9f5e7-43f8-11eb-b59f-01aa75ed71a1&format=PDF&language=en&productionSystem=cellar&part=,Publications Office of the European Union,,2026-08-27,,public_normative_retrieved_excerpt,EXTERNAL_PUBLIC_RAW_EXCERPT_WINDOW,Short raw source window retained for benchmark; source URL retained for audit.,ae870b2c138e1fd853b72c9fe4644bb54a670640f73c7ed0905d2b08866331d7,READY,,2026-08-27T12:28:32.481790+00:00,154d689abf76053f84c5eb2f06f2885283b4dc440f433ab6fe7e9a716dad50af,981a87bfc093781a563b03a3d77d0e5256c74d47e0b9ade4a83948386454f318,PDF_TEXT,data\external-real-v6-normative-cache\text\op-europa-eu-d9b2871ff403f4bd.txt,745c09c0bffe68de32389e89da537a56916c23483e83a83241fdfe0aa22fd3a7
EXT3_DOC_091_OLD,EXT_E091,EXT3_DOC_091_OLD.txt,Regulation (EC) No 1272/2008 official English PDF,https://op.europa.eu/o/opportal-service/download-handler?identifier=6bf54b59-7673-461b-b8e1-f24c545cbd3c&format=PDF&language=en&productionSystem=cellar&part=,Publications Office of the European Union,,,,public_normative_retrieved_excerpt,EXTERNAL_PUBLIC_RAW_EXCERPT_WINDOW,Short raw source window retained for benchmark; source URL retained for audit.,4d538c878986ac36f38a51af7c3d7ceaadc59835d80af9d45f2b073297d6164a,READY,,2026-08-27T12:28:29.045364+00:00,64f4540f2b6ce34be837e2583ba540b125b5c4dfec3826739c3a148b5d9d872e,16a93e7e7a842ee4685627f097654e1f5d3eaf051bfb70ffe7bc65a7c18ae47a,PDF_TEXT,data\external-real-v6-normative-cache\text\op-europa-eu-8190c18ff7f5d9f7.txt,4aa4ec4ea2c070b25516f2d8573f2f2ada18389164c1bc242e21dfdfb6eaf36d
EXT3_DOC_092_NEW,EXT_E092,EXT3_DOC_092_NEW.txt,Commission Delegated Regulation (EU) 2020/2174 official English PDF,https://op.europa.eu/o/opportal-service/download-handler?identifier=dec9f5e7-43f8-11eb-b59f-01aa75ed71a1&format=PDF&language=en&productionSystem=cellar&part=,Publications Office of the European Union,,2026-08-27,,public_normative_retrieved_excerpt,EXTERNAL_PUBLIC_RAW_EXCERPT_WINDOW,Short raw source window retained for benchmark; source URL retained for audit.,10ed4e40d7f3ac56f317e8f46695bcd56d1c367584acd22a0f06045daa5de1d5,READY,,2026-08-27T12:28:32.481790+00:00,154d689abf76053f84c5eb2f06f2885283b4dc440f433ab6fe7e9a716dad50af,981a87bfc093781a563b03a3d77d0e5256c74d47e0b9ade4a83948386454f318,PDF_TEXT,data\external-real-v6-normative-cache\text\op-europa-eu-d9b2871ff403f4bd.txt,398274bc2c23b697b5f8ec11f8f0a8eb2898429b684398aa88580da00aa0e3da
EXT3_DOC_092_OLD,EXT_E092,EXT3_DOC_092_OLD.txt,Regulation (EC) No 1272/2008 official English PDF,https://op.europa.eu/o/opportal-service/download-handler?identifier=6bf54b59-7673-461b-b8e1-f24c545cbd3c&format=PDF&language=en&productionSystem=cellar&part=,Publications Office of the European Union,,,,public_normative_retrieved_excerpt,EXTERNAL_PUBLIC_RAW_EXCERPT_WINDOW,Short raw source window retained for benchmark; source URL retained for audit.,c0b79e56d83a7b9c14b5c048ed2eca1d0fb1d76146455d96342ff92f5f432fec,READY,,2026-08-27T12:28:29.045364+00:00,64f4540f2b6ce34be837e2583ba540b125b5c4dfec3826739c3a148b5d9d872e,16a93e7e7a842ee4685627f097654e1f5d3eaf051bfb70ffe7bc65a7c18ae47a,PDF_TEXT,data\external-real-v6-normative-cache\text\op-europa-eu-8190c18ff7f5d9f7.txt,5b0f57b009973ed5441f7e883bfabb79f157fbf2f3ebed19fbb89f2aca920392
EXT3_DOC_093_NEW,EXT_E093,EXT3_DOC_093_NEW.txt,Commission Delegated Regulation (EU) 2020/2174 official English PDF,https://op.europa.eu/o/opportal-service/download-handler?identifier=dec9f5e7-43f8-11eb-b59f-01aa75ed71a1&format=PDF&language=en&productionSystem=cellar&part=,Publications Office of the European Union,,2026-08-27,,public_normative_retrieved_excerpt,EXTERNAL_PUBLIC_RAW_EXCERPT_WINDOW,Short raw source window retained for benchmark; source URL retained for audit.,ae870b2c138e1fd853b72c9fe4644bb54a670640f73c7ed0905d2b08866331d7,READY,,2026-08-27T12:28:32.481790+00:00,154d689abf76053f84c5eb2f06f2885283b4dc440f433ab6fe7e9a716dad50af,981a87bfc093781a563b03a3d77d0e5256c74d47e0b9ade4a83948386454f318,PDF_TEXT,data\external-real-v6-normative-cache\text\op-europa-eu-d9b2871ff403f4bd.txt,745c09c0bffe68de32389e89da537a56916c23483e83a83241fdfe0aa22fd3a7
EXT3_DOC_093_OLD,EXT_E093,EXT3_DOC_093_OLD.txt,Regulation (EC) No 1272/2008 official English PDF,https://op.europa.eu/o/opportal-service/download-handler?identifier=6bf54b59-7673-461b-b8e1-f24c545cbd3c&format=PDF&language=en&productionSystem=cellar&part=,Publications Office of the European Union,,,,public_normative_retrieved_excerpt,EXTERNAL_PUBLIC_RAW_EXCERPT_WINDOW,Short raw source window retained for benchmark; source URL retained for audit.,db92e838a14fcfe4c6b7af0c0770dc162a1feced1031e31d589793781c8526a0,READY,,2026-08-27T12:28:29.045364+00:00,64f4540f2b6ce34be837e2583ba540b125b5c4dfec3826739c3a148b5d9d872e,16a93e7e7a842ee4685627f097654e1f5d3eaf051bfb70ffe7bc65a7c18ae47a,PDF_TEXT,data\external-real-v6-normative-cache\text\op-europa-eu-8190c18ff7f5d9f7.txt,83665638561af34614c7eac7e5627380244349009f7a78f060da906895dd6ca6
EXT3_DOC_094_NEW,EXT_E094,EXT3_DOC_094_NEW.txt,Commission Delegated Regulation (EU) 2020/2174 official English PDF,https://op.europa.eu/o/opportal-service/download-handler?identifier=dec9f5e7-43f8-11eb-b59f-01aa75ed71a1&format=PDF&language=en&productionSystem=cellar&part=,Publications Office of the European Union,,2026-08-27,,public_normative_retrieved_excerpt,EXTERNAL_PUBLIC_RAW_EXCERPT_WINDOW,Short raw source window retained for benchmark; source URL retained for audit.,abcdcaefc6a0a49db5df2a7ce923271a76aaa804b605c824fca7eefaf1d79656,READY,,2026-08-27T12:28:32.481790+00:00,154d689abf76053f84c5eb2f06f2885283b4dc440f433ab6fe7e9a716dad50af,981a87bfc093781a563b03a3d77d0e5256c74d47e0b9ade4a83948386454f318,PDF_TEXT,data\external-real-v6-normative-cache\text\op-europa-eu-d9b2871ff403f4bd.txt,7a32a8c46be2c6eb0f72dc6594aec9ffd9d6aa7f895d569c05caae7868cd0880
EXT3_DOC_094_OLD,EXT_E094,EXT3_DOC_094_OLD.txt,Regulation (EC) No 1272/2008 official English PDF,https://op.europa.eu/o/opportal-service/download-handler?identifier=6bf54b59-7673-461b-b8e1-f24c545cbd3c&format=PDF&language=en&productionSystem=cellar&part=,Publications Office of the European Union,,,,public_normative_retrieved_excerpt,EXTERNAL_PUBLIC_RAW_EXCERPT_WINDOW,Short raw source window retained for benchmark; source URL retained for audit.,53ab421276b3a19d4f9ca9db064563d5772ed3fcf7e4b591679bbbaa572dedc8,READY,,2026-08-27T12:28:29.045364+00:00,64f4540f2b6ce34be837e2583ba540b125b5c4dfec3826739c3a148b5d9d872e,16a93e7e7a842ee4685627f097654e1f5d3eaf051bfb70ffe7bc65a7c18ae47a,PDF_TEXT,data\external-real-v6-normative-cache\text\op-europa-eu-8190c18ff7f5d9f7.txt,92223346699597620e16793069550fb7313e64a9064ff4fe6e00430557103f34
EXT3_DOC_095_NEW,EXT_E095,EXT3_DOC_095_NEW.txt,Commission Delegated Regulation (EU) 2020/2174 official English PDF,https://op.europa.eu/o/opportal-service/download-handler?identifier=dec9f5e7-43f8-11eb-b59f-01aa75ed71a1&format=PDF&language=en&productionSystem=cellar&part=,Publications Office of the European Union,,2026-08-27,,public_normative_retrieved_excerpt,EXTERNAL_PUBLIC_RAW_EXCERPT_WINDOW,Short raw source window retained for benchmark; source URL retained for audit.,1e2a0ed4c83a1f55d66c11fe987631a4cdbf4083d7295aeaef852ec6789d6780,READY,,2026-08-27T12:28:32.481790+00:00,154d689abf76053f84c5eb2f06f2885283b4dc440f433ab6fe7e9a716dad50af,981a87bfc093781a563b03a3d77d0e5256c74d47e0b9ade4a83948386454f318,PDF_TEXT,data\external-real-v6-normative-cache\text\op-europa-eu-d9b2871ff403f4bd.txt,094498e551bd4c68cb511f9a5d8392d825c347b6fb052eca38803ca9aaf4676c
EXT3_DOC_095_OLD,EXT_E095,EXT3_DOC_095_OLD.txt,Regulation (EC) No 1272/2008 official English PDF,https://op.europa.eu/o/opportal-service/download-handler?identifier=6bf54b59-7673-461b-b8e1-f24c545cbd3c&format=PDF&language=en&productionSystem=cellar&part=,Publications Office of the European Union,,,,public_normative_retrieved_excerpt,EXTERNAL_PUBLIC_RAW_EXCERPT_WINDOW,Short raw source window retained for benchmark; source URL retained for audit.,04ce6f276bad131fbfbcf2d40d8018b95ca2397b1b3754766428bdef4bfe7407,READY,,2026-08-27T12:28:29.045364+00:00,64f4540f2b6ce34be837e2583ba540b125b5c4dfec3826739c3a148b5d9d872e,16a93e7e7a842ee4685627f097654e1f5d3eaf051bfb70ffe7bc65a7c18ae47a,PDF_TEXT,data\external-real-v6-normative-cache\text\op-europa-eu-8190c18ff7f5d9f7.txt,110ccc73addacbb0b5f994b4191611dedce639660be1ee816094538668715220
EXT3_DOC_096_NEW,EXT_E096,EXT3_DOC_096_NEW.txt,Commission Delegated Regulation (EU) 2020/2174 official English PDF,https://op.europa.eu/o/opportal-service/download-handler?identifier=dec9f5e7-43f8-11eb-b59f-01aa75ed71a1&format=PDF&language=en&productionSystem=cellar&part=,Publications Office of the European Union,,2026-08-27,,public_normative_retrieved_excerpt,EXTERNAL_PUBLIC_RAW_EXCERPT_WINDOW,Short raw source window retained for benchmark; source URL retained for audit.,ae870b2c138e1fd853b72c9fe4644bb54a670640f73c7ed0905d2b08866331d7,READY,,2026-08-27T12:28:32.481790+00:00,154d689abf76053f84c5eb2f06f2885283b4dc440f433ab6fe7e9a716dad50af,981a87bfc093781a563b03a3d77d0e5256c74d47e0b9ade4a83948386454f318,PDF_TEXT,data\external-real-v6-normative-cache\text\op-europa-eu-d9b2871ff403f4bd.txt,745c09c0bffe68de32389e89da537a56916c23483e83a83241fdfe0aa22fd3a7
EXT3_DOC_096_OLD,EXT_E096,EXT3_DOC_096_OLD.txt,Regulation (EC) No 1272/2008 official English PDF,https://op.europa.eu/o/opportal-service/download-handler?identifier=6bf54b59-7673-461b-b8e1-f24c545cbd3c&format=PDF&language=en&productionSystem=cellar&part=,Publications Office of the European Union,,,,public_normative_retrieved_excerpt,EXTERNAL_PUBLIC_RAW_EXCERPT_WINDOW,Short raw source window retained for benchmark; source URL retained for audit.,acba0220833ed8ebe2c944f01318a32acb98d0349c893a6734839985fa5fa561,READY,,2026-08-27T12:28:29.045364+00:00,64f4540f2b6ce34be837e2583ba540b125b5c4dfec3826739c3a148b5d9d872e,16a93e7e7a842ee4685627f097654e1f5d3eaf051bfb70ffe7bc65a7c18ae47a,PDF_TEXT,data\external-real-v6-normative-cache\text\op-europa-eu-8190c18ff7f5d9f7.txt,fc47b173b69ff3aee921741541d85997764e7f09104dfbd2d91929dcb5ef1d8c
EXT3_DOC_097_NEW,EXT_E097,EXT3_DOC_097_NEW.txt,Commission Delegated Regulation (EU) 2020/2174 official English PDF,https://op.europa.eu/o/opportal-service/download-handler?identifier=dec9f5e7-43f8-11eb-b59f-01aa75ed71a1&format=PDF&language=en&productionSystem=cellar&part=,Publications Office of the European Union,,2026-08-27,,public_normative_retrieved_excerpt,EXTERNAL_PUBLIC_RAW_EXCERPT_WINDOW,Short raw source window retained for benchmark; source URL retained for audit.,2c13ec086110a5d4e49487c1b241809717fd7072c963418f31f52811b1684c8c,READY,,2026-08-27T12:28:32.481790+00:00,154d689abf76053f84c5eb2f06f2885283b4dc440f433ab6fe7e9a716dad50af,981a87bfc093781a563b03a3d77d0e5256c74d47e0b9ade4a83948386454f318,PDF_TEXT,data\external-real-v6-normative-cache\text\op-europa-eu-d9b2871ff403f4bd.txt,139bec8af565fd30e1e6196b5643211b6f25b034d24350018317121f36f6dabd
EXT3_DOC_097_OLD,EXT_E097,EXT3_DOC_097_OLD.txt,Regulation (EC) No 1272/2008 official English PDF,https://op.europa.eu/o/opportal-service/download-handler?identifier=6bf54b59-7673-461b-b8e1-f24c545cbd3c&format=PDF&language=en&productionSystem=cellar&part=,Publications Office of the European Union,,,,public_normative_retrieved_excerpt,EXTERNAL_PUBLIC_RAW_EXCERPT_WINDOW,Short raw source window retained for benchmark; source URL retained for audit.,a999573172ac16ae4796f2908a8ff32a3f861d52af79308d9497387f6a7c3905,READY,,2026-08-27T12:28:29.045364+00:00,64f4540f2b6ce34be837e2583ba540b125b5c4dfec3826739c3a148b5d9d872e,16a93e7e7a842ee4685627f097654e1f5d3eaf051bfb70ffe7bc65a7c18ae47a,PDF_TEXT,data\external-real-v6-normative-cache\text\op-europa-eu-8190c18ff7f5d9f7.txt,9e3a568da9b3258c6cd6937343c7065e4bb6ef7ea55ab9899ab894278a157d43
EXT3_DOC_098_NEW,EXT_E098,EXT3_DOC_098_NEW.txt,Commission Delegated Regulation (EU) 2020/2174 official English PDF,https://op.europa.eu/o/opportal-service/download-handler?identifier=dec9f5e7-43f8-11eb-b59f-01aa75ed71a1&format=PDF&language=en&productionSystem=cellar&part=,Publications Office of the European Union,,2026-08-27,,public_normative_retrieved_excerpt,EXTERNAL_PUBLIC_RAW_EXCERPT_WINDOW,Short raw source window retained for benchmark; source URL retained for audit.,2c13ec086110a5d4e49487c1b241809717fd7072c963418f31f52811b1684c8c,READY,,2026-08-27T12:28:32.481790+00:00,154d689abf76053f84c5eb2f06f2885283b4dc440f433ab6fe7e9a716dad50af,981a87bfc093781a563b03a3d77d0e5256c74d47e0b9ade4a83948386454f318,PDF_TEXT,data\external-real-v6-normative-cache\text\op-europa-eu-d9b2871ff403f4bd.txt,139bec8af565fd30e1e6196b5643211b6f25b034d24350018317121f36f6dabd
EXT3_DOC_098_OLD,EXT_E098,EXT3_DOC_098_OLD.txt,Regulation (EC) No 1272/2008 official English PDF,https://op.europa.eu/o/opportal-service/download-handler?identifier=6bf54b59-7673-461b-b8e1-f24c545cbd3c&format=PDF&language=en&productionSystem=cellar&part=,Publications Office of the European Union,,,,public_normative_retrieved_excerpt,EXTERNAL_PUBLIC_RAW_EXCERPT_WINDOW,Short raw source window retained for benchmark; source URL retained for audit.,a999573172ac16ae4796f2908a8ff32a3f861d52af79308d9497387f6a7c3905,READY,,2026-08-27T12:28:29.045364+00:00,64f4540f2b6ce34be837e2583ba540b125b5c4dfec3826739c3a148b5d9d872e,16a93e7e7a842ee4685627f097654e1f5d3eaf051bfb70ffe7bc65a7c18ae47a,PDF_TEXT,data\external-real-v6-normative-cache\text\op-europa-eu-8190c18ff7f5d9f7.txt,9e3a568da9b3258c6cd6937343c7065e4bb6ef7ea55ab9899ab894278a157d43
EXT3_DOC_099_NEW,EXT_E099,EXT3_DOC_099_NEW.txt,Commission Delegated Regulation (EU) 2020/2174 official English PDF,https://op.europa.eu/o/opportal-service/download-handler?identifier=dec9f5e7-43f8-11eb-b59f-01aa75ed71a1&format=PDF&language=en&productionSystem=cellar&part=,Publications Office of the European Union,,2026-08-27,,public_normative_retrieved_excerpt,EXTERNAL_PUBLIC_RAW_EXCERPT_WINDOW,Short raw source window retained for benchmark; source URL retained for audit.,e7bfcd10b79a46cfe9026bae2eb29d3dd142ddcb281c98c554a0b42e32c7c59a,READY,,2026-08-27T12:28:32.481790+00:00,154d689abf76053f84c5eb2f06f2885283b4dc440f433ab6fe7e9a716dad50af,981a87bfc093781a563b03a3d77d0e5256c74d47e0b9ade4a83948386454f318,PDF_TEXT,data\external-real-v6-normative-cache\text\op-europa-eu-d9b2871ff403f4bd.txt,2240325e128119f2bad4ebb107d8e592e8bc7f20135001c53f5557fabf057f51
EXT3_DOC_099_OLD,EXT_E099,EXT3_DOC_099_OLD.txt,Regulation (EC) No 1272/2008 official English PDF,https://op.europa.eu/o/opportal-service/download-handler?identifier=6bf54b59-7673-461b-b8e1-f24c545cbd3c&format=PDF&language=en&productionSystem=cellar&part=,Publications Office of the European Union,,,,public_normative_retrieved_excerpt,EXTERNAL_PUBLIC_RAW_EXCERPT_WINDOW,Short raw source window retained for benchmark; source URL retained for audit.,04ce6f276bad131fbfbcf2d40d8018b95ca2397b1b3754766428bdef4bfe7407,READY,,2026-08-27T12:28:29.045364+00:00,64f4540f2b6ce34be837e2583ba540b125b5c4dfec3826739c3a148b5d9d872e,16a93e7e7a842ee4685627f097654e1f5d3eaf051bfb70ffe7bc65a7c18ae47a,PDF_TEXT,data\external-real-v6-normative-cache\text\op-europa-eu-8190c18ff7f5d9f7.txt,110ccc73addacbb0b5f994b4191611dedce639660be1ee816094538668715220
EXT3_DOC_100_NEW,EXT_E100,EXT3_DOC_100_NEW.txt,SEC 2023 final cybersecurity disclosure rule raw text,https://www.federalregister.gov/documents/full_text/html/2023/08/04/2023-16194.html,Federal Register,,2026-08-27,,public_normative_retrieved_excerpt,EXTERNAL_PUBLIC_RAW_EXCERPT_WINDOW,Short raw source window retained for benchmark; source URL retained for audit.,2a04f55f0df5d4a0a72725c90ab3e87c9d39aec36eb77ed332aaf4fcae9de0f5,READY,,2026-08-27T12:28:55.816825+00:00,f0766216183e9df3055fbb96d5387866687990b3e2b3a0af1790422b9251e4a6,3a0872ec3eb357655a8303607617829dc5cced8eeba3a41ddb968cf59dce78ab,PLAIN_TEXT,data\external-real-v6-normative-cache\text\www-federalregister-gov-043f0712ccee9ed1.txt,9ef2a8763f7d0a1d61c45ebba6f94239c13d28886ae94f403dfd2179a2aab1b5
EXT3_DOC_100_OLD,EXT_E100,EXT3_DOC_100_OLD.txt,SEC 2022 proposed cybersecurity disclosure rule raw text,https://www.federalregister.gov/documents/full_text/html/2022/03/23/2022-05480.html,Federal Register,,,,public_normative_retrieved_excerpt,EXTERNAL_PUBLIC_RAW_EXCERPT_WINDOW,Short raw source window retained for benchmark; source URL retained for audit.,6952625158fe80e5ee590c53b4005aec3e0a14d49d11d6baa2c3fef025572f74,READY,,2026-08-27T12:28:54.047412+00:00,ed5cb12b5753aeae8d2c5c2100e4483b7f8ef5f223f84ceeff441592ec54c7a4,a4ec334d263faa177779a08c1279c722829f73624513b2ae6442a8362f3f8678,PLAIN_TEXT,data\external-real-v6-normative-cache\text\www-federalregister-gov-c943a5e115b67096.txt,085b244c2f895b9cc25ec2c8bcfdb7f062586eacadf324adbe4365eeef10eb5c
EXT3_DOC_101_NEW,EXT_E101,EXT3_DOC_101_NEW.txt,SEC 2023 final cybersecurity disclosure rule raw text,https://www.federalregister.gov/documents/full_text/html/2023/08/04/2023-16194.html,Federal Register,,2026-08-27,,public_normative_retrieved_excerpt,EXTERNAL_PUBLIC_RAW_EXCERPT_WINDOW,Short raw source window retained for benchmark; source URL retained for audit.,9efe86e444d207bf14e139c53d4cf1c93201daadfc73e1090c841d023a67dbc9,READY,,2026-08-27T12:28:55.816825+00:00,f0766216183e9df3055fbb96d5387866687990b3e2b3a0af1790422b9251e4a6,3a0872ec3eb357655a8303607617829dc5cced8eeba3a41ddb968cf59dce78ab,PLAIN_TEXT,data\external-real-v6-normative-cache\text\www-federalregister-gov-043f0712ccee9ed1.txt,c8f81ab2494b7db691886201c98e915cc732b97329e7825b39e9229648bd77da
EXT3_DOC_101_OLD,EXT_E101,EXT3_DOC_101_OLD.txt,SEC 2022 proposed cybersecurity disclosure rule raw text,https://www.federalregister.gov/documents/full_text/html/2022/03/23/2022-05480.html,Federal Register,,,,public_normative_retrieved_excerpt,EXTERNAL_PUBLIC_RAW_EXCERPT_WINDOW,Short raw source window retained for benchmark; source URL retained for audit.,b09431b6da4745dc96449f360311046d80e076aa1d3c2d1385c6977957d706e1,READY,,2026-08-27T12:28:54.047412+00:00,ed5cb12b5753aeae8d2c5c2100e4483b7f8ef5f223f84ceeff441592ec54c7a4,a4ec334d263faa177779a08c1279c722829f73624513b2ae6442a8362f3f8678,PLAIN_TEXT,data\external-real-v6-normative-cache\text\www-federalregister-gov-c943a5e115b67096.txt,085ecc2f909f036b15e6f59fd1a3b5ffaeb38c3e262de11a423c2bfa83d693f3
EXT3_DOC_102_NEW,EXT_E102,EXT3_DOC_102_NEW.txt,SEC 2023 final cybersecurity disclosure rule raw text,https://www.federalregister.gov/documents/full_text/html/2023/08/04/2023-16194.html,Federal Register,,2026-08-27,,public_normative_retrieved_excerpt,EXTERNAL_PUBLIC_RAW_EXCERPT_WINDOW,Short raw source window retained for benchmark; source URL retained for audit.,21d7b2ec4dfe5c024b520eea9e6134735911eb6c8aa3fd30dd99df5892d0a28b,READY,,2026-08-27T12:28:55.816825+00:00,f0766216183e9df3055fbb96d5387866687990b3e2b3a0af1790422b9251e4a6,3a0872ec3eb357655a8303607617829dc5cced8eeba3a41ddb968cf59dce78ab,PLAIN_TEXT,data\external-real-v6-normative-cache\text\www-federalregister-gov-043f0712ccee9ed1.txt,66fd03ec4de5d2fd0c022c27863761fc611df1fbdda359f81fc4b0bb60723492
EXT3_DOC_102_OLD,EXT_E102,EXT3_DOC_102_OLD.txt,SEC 2022 proposed cybersecurity disclosure rule raw text,https://www.federalregister.gov/documents/full_text/html/2022/03/23/2022-05480.html,Federal Register,,,,public_normative_retrieved_excerpt,EXTERNAL_PUBLIC_RAW_EXCERPT_WINDOW,Short raw source window retained for benchmark; source URL retained for audit.,1ef4dbd46e517ee5f21f5d8eefebfd7477bdd759105f0018a41df49a9ad907cf,READY,,2026-08-27T12:28:54.047412+00:00,ed5cb12b5753aeae8d2c5c2100e4483b7f8ef5f223f84ceeff441592ec54c7a4,a4ec334d263faa177779a08c1279c722829f73624513b2ae6442a8362f3f8678,PLAIN_TEXT,data\external-real-v6-normative-cache\text\www-federalregister-gov-c943a5e115b67096.txt,06edb5a1c5425cf7b5b1823cdea30197c5739a776ae467bf6ecc989d01604950
EXT3_DOC_103_NEW,EXT_E103,EXT3_DOC_103_NEW.txt,SEC 2023 final cybersecurity disclosure rule raw text,https://www.federalregister.gov/documents/full_text/html/2023/08/04/2023-16194.html,Federal Register,,2026-08-27,,public_normative_retrieved_excerpt,EXTERNAL_PUBLIC_RAW_EXCERPT_WINDOW,Short raw source window retained for benchmark; source URL retained for audit.,684224700a94053fea1a56dfcd76f7cb3182b21840b7b716e390a0ce72fc3db1,READY,,2026-08-27T12:28:55.816825+00:00,f0766216183e9df3055fbb96d5387866687990b3e2b3a0af1790422b9251e4a6,3a0872ec3eb357655a8303607617829dc5cced8eeba3a41ddb968cf59dce78ab,PLAIN_TEXT,data\external-real-v6-normative-cache\text\www-federalregister-gov-043f0712ccee9ed1.txt,adf95a4c1d949570ce2c7b270ff39aa5b2194a7073d2dc241c75664aa1d730b9
EXT3_DOC_103_OLD,EXT_E103,EXT3_DOC_103_OLD.txt,SEC 2022 proposed cybersecurity disclosure rule raw text,https://www.federalregister.gov/documents/full_text/html/2022/03/23/2022-05480.html,Federal Register,,,,public_normative_retrieved_excerpt,EXTERNAL_PUBLIC_RAW_EXCERPT_WINDOW,Short raw source window retained for benchmark; source URL retained for audit.,75a16f492800bf0c6d84f5a6fe20c5735c3364b9ec24d73ad6371cf36d865191,READY,,2026-08-27T12:28:54.047412+00:00,ed5cb12b5753aeae8d2c5c2100e4483b7f8ef5f223f84ceeff441592ec54c7a4,a4ec334d263faa177779a08c1279c722829f73624513b2ae6442a8362f3f8678,PLAIN_TEXT,data\external-real-v6-normative-cache\text\www-federalregister-gov-c943a5e115b67096.txt,461ee60ca85318255aedb6709956b0b697850f8b7259712d7f297489a1d5ba73
EXT3_DOC_104_NEW,EXT_E104,EXT3_DOC_104_NEW.txt,SEC 2023 final cybersecurity disclosure rule raw text,https://www.federalregister.gov/documents/full_text/html/2023/08/04/2023-16194.html,Federal Register,,2026-08-27,,public_normative_retrieved_excerpt,EXTERNAL_PUBLIC_RAW_EXCERPT_WINDOW,Short raw source window retained for benchmark; source URL retained for audit.,c739de07a843ccbc73424608d3688dbf941bbdc8775f56ab098dabe9190356c0,READY,,2026-08-27T12:28:55.816825+00:00,f0766216183e9df3055fbb96d5387866687990b3e2b3a0af1790422b9251e4a6,3a0872ec3eb357655a8303607617829dc5cced8eeba3a41ddb968cf59dce78ab,PLAIN_TEXT,data\external-real-v6-normative-cache\text\www-federalregister-gov-043f0712ccee9ed1.txt,28652595859f2f7ac28030d008add8a08e909203da3cb516d7e7163d82e64c85
EXT3_DOC_104_OLD,EXT_E104,EXT3_DOC_104_OLD.txt,SEC 2022 proposed cybersecurity disclosure rule raw text,https://www.federalregister.gov/documents/full_text/html/2022/03/23/2022-05480.html,Federal Register,,,,public_normative_retrieved_excerpt,EXTERNAL_PUBLIC_RAW_EXCERPT_WINDOW,Short raw source window retained for benchmark; source URL retained for audit.,479c7c756ece20d6146ae18c47cbcb730ec637070b2e6992b4804634763160eb,READY,,2026-08-27T12:28:54.047412+00:00,ed5cb12b5753aeae8d2c5c2100e4483b7f8ef5f223f84ceeff441592ec54c7a4,a4ec334d263faa177779a08c1279c722829f73624513b2ae6442a8362f3f8678,PLAIN_TEXT,data\external-real-v6-normative-cache\text\www-federalregister-gov-c943a5e115b67096.txt,324fcb08485f39b06794b29f4b9aa5b113e0a185bf023d693784a456f12f5d39
EXT3_DOC_105_NEW,EXT_E105,EXT3_DOC_105_NEW.txt,SEC 2023 final cybersecurity disclosure rule raw text,https://www.federalregister.gov/documents/full_text/html/2023/08/04/2023-16194.html,Federal Register,,2026-08-27,,public_normative_retrieved_excerpt,EXTERNAL_PUBLIC_RAW_EXCERPT_WINDOW,Short raw source window retained for benchmark; source URL retained for audit.,5d5a10d9c9886bface4af3d59745cb61e24855cdc846da58471f2ced8f0503fc,READY,,2026-08-27T12:28:55.816825+00:00,f0766216183e9df3055fbb96d5387866687990b3e2b3a0af1790422b9251e4a6,3a0872ec3eb357655a8303607617829dc5cced8eeba3a41ddb968cf59dce78ab,PLAIN_TEXT,data\external-real-v6-normative-cache\text\www-federalregister-gov-043f0712ccee9ed1.txt,1515b406fac3a9aa34eefae8bb93e581afb62468610be547f4d7fe3db5e75c19
EXT3_DOC_105_OLD,EXT_E105,EXT3_DOC_105_OLD.txt,SEC 2022 proposed cybersecurity disclosure rule raw text,https://www.federalregister.gov/documents/full_text/html/2022/03/23/2022-05480.html,Federal Register,,,,public_normative_retrieved_excerpt,EXTERNAL_PUBLIC_RAW_EXCERPT_WINDOW,Short raw source window retained for benchmark; source URL retained for audit.,dca1a669be7bdee1555630c03157ea45c9d3697cc47ce88e33240a61f6f5f6c9,READY,,2026-08-27T12:28:54.047412+00:00,ed5cb12b5753aeae8d2c5c2100e4483b7f8ef5f223f84ceeff441592ec54c7a4,a4ec334d263faa177779a08c1279c722829f73624513b2ae6442a8362f3f8678,PLAIN_TEXT,data\external-real-v6-normative-cache\text\www-federalregister-gov-c943a5e115b67096.txt,1ab90712efbd73eba18b9f261cb01a4fa709b360b52a0b527a4190a4fe06e86a
EXT3_DOC_106_NEW,EXT_E106,EXT3_DOC_106_NEW.txt,Lead and Copper Rule final rule 2007,https://www.gpo.gov/fdsys/pkg/FR-2007-10-10/pdf/E7-19432.pdf,U.S. Government Publishing Office,,2026-08-27,,public_normative_retrieved_excerpt,EXTERNAL_PUBLIC_RAW_EXCERPT_WINDOW,Short raw source window retained for benchmark; source URL retained for audit.,9fa9c00b8e05118878497b85f42436d5afe32f848af800e50ee4c4b44ec457f2,READY,,2026-08-27T12:29:05.928313+00:00,889fcff712e17aa0cf93d4694e47b803bff60ff39a566ac1d5403be2b63d7d4f,33d15025760b8dd3608234af6b6d200704d773cfd587bb59ef413f209d6d3896,PDF_TEXT,data\external-real-v6-normative-cache\text\www-gpo-gov-dc01668c6de979cd.txt,579d58e643bf48a5f81669d935b391fcbbc7698b2a9eb72b14f505fff1a32272
EXT3_DOC_106_OLD,EXT_E106,EXT3_DOC_106_OLD.txt,Lead and Copper Rule final rule 2000,https://www.gpo.gov/fdsys/pkg/FR-2000-01-12/pdf/00-3.pdf,U.S. Government Publishing Office,,,,public_normative_retrieved_excerpt,EXTERNAL_PUBLIC_RAW_EXCERPT_WINDOW,Short raw source window retained for benchmark; source URL retained for audit.,ff4e1a2051d6fe2a28842164d7b65795153b4d1e6dcbfb1c5e2965448c9aee88,READY,,2026-08-27T12:29:02.488910+00:00,3d737870d57f4ea24fa237d23f12a4a82a70f30d713fd7c5f2079efe6b5a47f7,587a16fe528ba5c9c223ec470f6434f008545cf3317e33a49ba30aef651b4ad4,PDF_TEXT,data\external-real-v6-normative-cache\text\www-gpo-gov-c26798735f82127b.txt,131b2ee77ddde4df5161e85ddcd26ae7e8e33b23d03431a4b541fc76db45b146
EXT3_DOC_107_NEW,EXT_E107,EXT3_DOC_107_NEW.txt,Lead and Copper Rule final rule 2007,https://www.gpo.gov/fdsys/pkg/FR-2007-10-10/pdf/E7-19432.pdf,U.S. Government Publishing Office,,2026-08-27,,public_normative_retrieved_excerpt,EXTERNAL_PUBLIC_RAW_EXCERPT_WINDOW,Short raw source window retained for benchmark; source URL retained for audit.,9fa9c00b8e05118878497b85f42436d5afe32f848af800e50ee4c4b44ec457f2,READY,,2026-08-27T12:29:05.928313+00:00,889fcff712e17aa0cf93d4694e47b803bff60ff39a566ac1d5403be2b63d7d4f,33d15025760b8dd3608234af6b6d200704d773cfd587bb59ef413f209d6d3896,PDF_TEXT,data\external-real-v6-normative-cache\text\www-gpo-gov-dc01668c6de979cd.txt,579d58e643bf48a5f81669d935b391fcbbc7698b2a9eb72b14f505fff1a32272
EXT3_DOC_107_OLD,EXT_E107,EXT3_DOC_107_OLD.txt,Lead and Copper Rule final rule 2000,https://www.gpo.gov/fdsys/pkg/FR-2000-01-12/pdf/00-3.pdf,U.S. Government Publishing Office,,,,public_normative_retrieved_excerpt,EXTERNAL_PUBLIC_RAW_EXCERPT_WINDOW,Short raw source window retained for benchmark; source URL retained for audit.,ff4e1a2051d6fe2a28842164d7b65795153b4d1e6dcbfb1c5e2965448c9aee88,READY,,2026-08-27T12:29:02.488910+00:00,3d737870d57f4ea24fa237d23f12a4a82a70f30d713fd7c5f2079efe6b5a47f7,587a16fe528ba5c9c223ec470f6434f008545cf3317e33a49ba30aef651b4ad4,PDF_TEXT,data\external-real-v6-normative-cache\text\www-gpo-gov-c26798735f82127b.txt,131b2ee77ddde4df5161e85ddcd26ae7e8e33b23d03431a4b541fc76db45b146
EXT3_DOC_108_NEW,EXT_E108,EXT3_DOC_108_NEW.txt,Lead and Copper Rule final rule 2007,https://www.gpo.gov/fdsys/pkg/FR-2007-10-10/pdf/E7-19432.pdf,U.S. Government Publishing Office,,2026-08-27,,public_normative_retrieved_excerpt,EXTERNAL_PUBLIC_RAW_EXCERPT_WINDOW,Short raw source window retained for benchmark; source URL retained for audit.,dec83be424be10164c39a04e514bf262ad3c2d85ff6516feee6c90da4b877ea9,READY,,2026-08-27T12:29:05.928313+00:00,889fcff712e17aa0cf93d4694e47b803bff60ff39a566ac1d5403be2b63d7d4f,33d15025760b8dd3608234af6b6d200704d773cfd587bb59ef413f209d6d3896,PDF_TEXT,data\external-real-v6-normative-cache\text\www-gpo-gov-dc01668c6de979cd.txt,a12ac27528b4af493d0ad59cb39c5901b5e9ee727e01b6335bc32bab4190ad23
EXT3_DOC_108_OLD,EXT_E108,EXT3_DOC_108_OLD.txt,Lead and Copper Rule final rule 2000,https://www.gpo.gov/fdsys/pkg/FR-2000-01-12/pdf/00-3.pdf,U.S. Government Publishing Office,,,,public_normative_retrieved_excerpt,EXTERNAL_PUBLIC_RAW_EXCERPT_WINDOW,Short raw source window retained for benchmark; source URL retained for audit.,b53d72d98fe1e2285893c9a7e6880e159156803cd10f2f33c94c7928ae17a1b5,READY,,2026-08-27T12:29:02.488910+00:00,3d737870d57f4ea24fa237d23f12a4a82a70f30d713fd7c5f2079efe6b5a47f7,587a16fe528ba5c9c223ec470f6434f008545cf3317e33a49ba30aef651b4ad4,PDF_TEXT,data\external-real-v6-normative-cache\text\www-gpo-gov-c26798735f82127b.txt,973a318f207dc9f4d306f38ff78d94332c8d6370061b705744d3633260ee275f
EXT3_DOC_109_NEW,EXT_E109,EXT3_DOC_109_NEW.txt,Lead and Copper Rule final rule 2007,https://www.gpo.gov/fdsys/pkg/FR-2007-10-10/pdf/E7-19432.pdf,U.S. Government Publishing Office,,2026-08-27,,public_normative_retrieved_excerpt,EXTERNAL_PUBLIC_RAW_EXCERPT_WINDOW,Short raw source window retained for benchmark; source URL retained for audit.,3a5d2329946d9a49c40503f95b5d8b5533fea8240ae166274ffc593bb45bd9c9,READY,,2026-08-27T12:29:05.928313+00:00,889fcff712e17aa0cf93d4694e47b803bff60ff39a566ac1d5403be2b63d7d4f,33d15025760b8dd3608234af6b6d200704d773cfd587bb59ef413f209d6d3896,PDF_TEXT,data\external-real-v6-normative-cache\text\www-gpo-gov-dc01668c6de979cd.txt,62ff2ad6a1884510408f6e6b6a0be2442abf665019f1309c9842e1fc12c3329f
EXT3_DOC_109_OLD,EXT_E109,EXT3_DOC_109_OLD.txt,Lead and Copper Rule final rule 2000,https://www.gpo.gov/fdsys/pkg/FR-2000-01-12/pdf/00-3.pdf,U.S. Government Publishing Office,,,,public_normative_retrieved_excerpt,EXTERNAL_PUBLIC_RAW_EXCERPT_WINDOW,Short raw source window retained for benchmark; source URL retained for audit.,fb02a0eb48914ec8b9824f9fe644cfdd028120ffc633d4b069e24fbd9863c940,READY,,2026-08-27T12:29:02.488910+00:00,3d737870d57f4ea24fa237d23f12a4a82a70f30d713fd7c5f2079efe6b5a47f7,587a16fe528ba5c9c223ec470f6434f008545cf3317e33a49ba30aef651b4ad4,PDF_TEXT,data\external-real-v6-normative-cache\text\www-gpo-gov-c26798735f82127b.txt,5c66224ec84140bcd6d49c4aba3369860a959b8d20b08a3a9e31d1fdbfcdff36
EXT3_DOC_110_NEW,EXT_E110,EXT3_DOC_110_NEW.txt,Lead and Copper Rule final rule 2007,https://www.gpo.gov/fdsys/pkg/FR-2007-10-10/pdf/E7-19432.pdf,U.S. Government Publishing Office,,2026-08-27,,public_normative_retrieved_excerpt,EXTERNAL_PUBLIC_RAW_EXCERPT_WINDOW,Short raw source window retained for benchmark; source URL retained for audit.,3a5d2329946d9a49c40503f95b5d8b5533fea8240ae166274ffc593bb45bd9c9,READY,,2026-08-27T12:29:05.928313+00:00,889fcff712e17aa0cf93d4694e47b803bff60ff39a566ac1d5403be2b63d7d4f,33d15025760b8dd3608234af6b6d200704d773cfd587bb59ef413f209d6d3896,PDF_TEXT,data\external-real-v6-normative-cache\text\www-gpo-gov-dc01668c6de979cd.txt,62ff2ad6a1884510408f6e6b6a0be2442abf665019f1309c9842e1fc12c3329f
EXT3_DOC_110_OLD,EXT_E110,EXT3_DOC_110_OLD.txt,Lead and Copper Rule final rule 2000,https://www.gpo.gov/fdsys/pkg/FR-2000-01-12/pdf/00-3.pdf,U.S. Government Publishing Office,,,,public_normative_retrieved_excerpt,EXTERNAL_PUBLIC_RAW_EXCERPT_WINDOW,Short raw source window retained for benchmark; source URL retained for audit.,fb02a0eb48914ec8b9824f9fe644cfdd028120ffc633d4b069e24fbd9863c940,READY,,2026-08-27T12:29:02.488910+00:00,3d737870d57f4ea24fa237d23f12a4a82a70f30d713fd7c5f2079efe6b5a47f7,587a16fe528ba5c9c223ec470f6434f008545cf3317e33a49ba30aef651b4ad4,PDF_TEXT,data\external-real-v6-normative-cache\text\www-gpo-gov-c26798735f82127b.txt,5c66224ec84140bcd6d49c4aba3369860a959b8d20b08a3a9e31d1fdbfcdff36
EXT3_DOC_111_NEW,EXT_E111,EXT3_DOC_111_NEW.txt,Lead and Copper Rule final rule 2007,https://www.gpo.gov/fdsys/pkg/FR-2007-10-10/pdf/E7-19432.pdf,U.S. Government Publishing Office,,2026-08-27,,public_normative_retrieved_excerpt,EXTERNAL_PUBLIC_RAW_EXCERPT_WINDOW,Short raw source window retained for benchmark; source URL retained for audit.,c058564de1a186c0fabf82e709b618dde4cb24c8ae611d4a0a25f95de6a48a25,READY,,2026-08-27T12:29:05.928313+00:00,889fcff712e17aa0cf93d4694e47b803bff60ff39a566ac1d5403be2b63d7d4f,33d15025760b8dd3608234af6b6d200704d773cfd587bb59ef413f209d6d3896,PDF_TEXT,data\external-real-v6-normative-cache\text\www-gpo-gov-dc01668c6de979cd.txt,36c15557699f5dd3972bb3919928f289f034c79615ccecc5a4bde1cc45377ee5
EXT3_DOC_111_OLD,EXT_E111,EXT3_DOC_111_OLD.txt,Lead and Copper Rule final rule 2000,https://www.gpo.gov/fdsys/pkg/FR-2000-01-12/pdf/00-3.pdf,U.S. Government Publishing Office,,,,public_normative_retrieved_excerpt,EXTERNAL_PUBLIC_RAW_EXCERPT_WINDOW,Short raw source window retained for benchmark; source URL retained for audit.,c489223d045093e56ab246e021f8fecb66d23fc54e9045f6e8e4ddba694d1772,READY,,2026-08-27T12:29:02.488910+00:00,3d737870d57f4ea24fa237d23f12a4a82a70f30d713fd7c5f2079efe6b5a47f7,587a16fe528ba5c9c223ec470f6434f008545cf3317e33a49ba30aef651b4ad4,PDF_TEXT,data\external-real-v6-normative-cache\text\www-gpo-gov-c26798735f82127b.txt,e82a759062c9354f97cc65d93b6bdc13dce0422176257ab27dfa223d21444ebd
EXT3_DOC_112_NEW,EXT_E112,EXT3_DOC_112_NEW.txt,Lead and Copper Rule final rule 2007,https://www.gpo.gov/fdsys/pkg/FR-2007-10-10/pdf/E7-19432.pdf,U.S. Government Publishing Office,,2026-08-27,,public_normative_retrieved_excerpt,EXTERNAL_PUBLIC_RAW_EXCERPT_WINDOW,Short raw source window retained for benchmark; source URL retained for audit.,6d8516323e7dac242f184f53cca31f90f5bbe2a2685af55e2604530a1b7b6472,READY,,2026-08-27T12:29:05.928313+00:00,889fcff712e17aa0cf93d4694e47b803bff60ff39a566ac1d5403be2b63d7d4f,33d15025760b8dd3608234af6b6d200704d773cfd587bb59ef413f209d6d3896,PDF_TEXT,data\external-real-v6-normative-cache\text\www-gpo-gov-dc01668c6de979cd.txt,2d2d945dc3c3324dc53b9581a2038595d06afbc113a37b5c1e9ff6fe27d81e26
EXT3_DOC_112_OLD,EXT_E112,EXT3_DOC_112_OLD.txt,Lead and Copper Rule final rule 2000,https://www.gpo.gov/fdsys/pkg/FR-2000-01-12/pdf/00-3.pdf,U.S. Government Publishing Office,,,,public_normative_retrieved_excerpt,EXTERNAL_PUBLIC_RAW_EXCERPT_WINDOW,Short raw source window retained for benchmark; source URL retained for audit.,b2fdb310e42490b78119c72f493834eacc71814d254c7596540d47d82f2cb869,READY,,2026-08-27T12:29:02.488910+00:00,3d737870d57f4ea24fa237d23f12a4a82a70f30d713fd7c5f2079efe6b5a47f7,587a16fe528ba5c9c223ec470f6434f008545cf3317e33a49ba30aef651b4ad4,PDF_TEXT,data\external-real-v6-normative-cache\text\www-gpo-gov-c26798735f82127b.txt,31f830c87744416050216beb254362cc8f7d48badb79488236d1a0b3d4c69ee3
EXT3_DOC_113_NEW,EXT_E113,EXT3_DOC_113_NEW.txt,Lead and Copper Rule final rule 2007,https://www.gpo.gov/fdsys/pkg/FR-2007-10-10/pdf/E7-19432.pdf,U.S. Government Publishing Office,,2026-08-27,,public_normative_retrieved_excerpt,EXTERNAL_PUBLIC_RAW_EXCERPT_WINDOW,Short raw source window retained for benchmark; source URL retained for audit.,dd54f019a3851ef4341dcb17a9a398708a60ad5e7560da5e73d262ec48b458c5,READY,,2026-08-27T12:29:05.928313+00:00,889fcff712e17aa0cf93d4694e47b803bff60ff39a566ac1d5403be2b63d7d4f,33d15025760b8dd3608234af6b6d200704d773cfd587bb59ef413f209d6d3896,PDF_TEXT,data\external-real-v6-normative-cache\text\www-gpo-gov-dc01668c6de979cd.txt,aedd08bd2f2ef20f1ac54892d3da3be6bdafaaad01ecb8a2302341c3d6e4bd1d
EXT3_DOC_113_OLD,EXT_E113,EXT3_DOC_113_OLD.txt,Lead and Copper Rule final rule 2000,https://www.gpo.gov/fdsys/pkg/FR-2000-01-12/pdf/00-3.pdf,U.S. Government Publishing Office,,,,public_normative_retrieved_excerpt,EXTERNAL_PUBLIC_RAW_EXCERPT_WINDOW,Short raw source window retained for benchmark; source URL retained for audit.,97b2ab52498eec82ae96b6fc14cf97f366aea859a1a646befba05e619f71e179,READY,,2026-08-27T12:29:02.488910+00:00,3d737870d57f4ea24fa237d23f12a4a82a70f30d713fd7c5f2079efe6b5a47f7,587a16fe528ba5c9c223ec470f6434f008545cf3317e33a49ba30aef651b4ad4,PDF_TEXT,data\external-real-v6-normative-cache\text\www-gpo-gov-c26798735f82127b.txt,ee4b2d52586dfc953930e224053186a4be83318e995ee520ba342b5c2610bbe0
EXT3_DOC_114_NEW,EXT_E114,EXT3_DOC_114_NEW.txt,NIST Cybersecurity Framework 2.0,https://doi.org/10.6028/NIST.CSWP.29,NIST,,2026-08-27,,public_normative_retrieved_excerpt,EXTERNAL_PUBLIC_RAW_EXCERPT_WINDOW,Short raw source window retained for benchmark; source URL retained for audit.,d6771bf827396658eb1487d26a01e83314dd33b1666ace8f99f769c6d3884c0e,READY,,2026-08-27T12:28:18.289075+00:00,3c31f46fee98cac0c4323453e5109291a213b4de7fef8c058af9bf67f717433c,8abf75bdf69e481174daea36b7343f1a55b26524e5c8757a28f2b63d474f1604,PDF_TEXT,data\external-real-v6-normative-cache\text\doi-org-840b6e4279665e33.txt,988adb261506cf0a847adf0851cc11dc7fcf74c3d5d9c9e682c055c3de3726f8
EXT3_DOC_114_OLD,EXT_E114,EXT3_DOC_114_OLD.txt,NIST Cybersecurity Framework 1.1,https://doi.org/10.6028/NIST.CSWP.04162018,NIST,,,,public_normative_retrieved_excerpt,EXTERNAL_PUBLIC_RAW_EXCERPT_WINDOW,Short raw source window retained for benchmark; source URL retained for audit.,ad152c3eb77b95484b7e0ed85a8f0ff5553920db34e8011e2f609a5ed01a8283,READY,,2026-08-27T12:28:15.156388+00:00,0f3ca796610ab024cbc3484cbd6799e19b4d9159d3634972a2a76af83f15fb92,30bafc534894adeb11c69d3181d0f4a54d560eb63635747a851c69625fe7b59a,PDF_TEXT,data\external-real-v6-normative-cache\text\doi-org-a75c44cf7957c7c3.txt,4221ca7537ca37ff22968cddb45b82f0db06b0bca64c08966136acefc8060785
EXT3_DOC_115_NEW,EXT_E115,EXT3_DOC_115_NEW.txt,NIST Cybersecurity Framework 2.0,https://doi.org/10.6028/NIST.CSWP.29,NIST,,2026-08-27,,public_normative_retrieved_excerpt,EXTERNAL_PUBLIC_RAW_EXCERPT_WINDOW,Short raw source window retained for benchmark; source URL retained for audit.,9e68da5cff5ce2adfe16151b6242c5c5662882f57c04b059418c177102e429e8,READY,,2026-08-27T12:28:18.289075+00:00,3c31f46fee98cac0c4323453e5109291a213b4de7fef8c058af9bf67f717433c,8abf75bdf69e481174daea36b7343f1a55b26524e5c8757a28f2b63d474f1604,PDF_TEXT,data\external-real-v6-normative-cache\text\doi-org-840b6e4279665e33.txt,2add26e7bc861f7bd4521bafaccac81f60543c4b58922edff629cba01fd91c6e
EXT3_DOC_115_OLD,EXT_E115,EXT3_DOC_115_OLD.txt,NIST Cybersecurity Framework 1.1,https://doi.org/10.6028/NIST.CSWP.04162018,NIST,,,,public_normative_retrieved_excerpt,EXTERNAL_PUBLIC_RAW_EXCERPT_WINDOW,Short raw source window retained for benchmark; source URL retained for audit.,b741a374700c366c59f872f6c5119917e0175c0f4e8c113b276206653cf4f8bb,READY,,2026-08-27T12:28:15.156388+00:00,0f3ca796610ab024cbc3484cbd6799e19b4d9159d3634972a2a76af83f15fb92,30bafc534894adeb11c69d3181d0f4a54d560eb63635747a851c69625fe7b59a,PDF_TEXT,data\external-real-v6-normative-cache\text\doi-org-a75c44cf7957c7c3.txt,17655998f6531d37d63a2e66fc51616991707076b66046a4f0f203daab3f3ef2
EXT3_DOC_116_NEW,EXT_E116,EXT3_DOC_116_NEW.txt,NIST Cybersecurity Framework 2.0,https://doi.org/10.6028/NIST.CSWP.29,NIST,,2026-08-27,,public_normative_retrieved_excerpt,EXTERNAL_PUBLIC_RAW_EXCERPT_WINDOW,Short raw source window retained for benchmark; source URL retained for audit.,3204ac64e96fb8a3805df4609edf189832ed12a9fb5805702ce44e92b77dc11a,READY,,2026-08-27T12:28:18.289075+00:00,3c31f46fee98cac0c4323453e5109291a213b4de7fef8c058af9bf67f717433c,8abf75bdf69e481174daea36b7343f1a55b26524e5c8757a28f2b63d474f1604,PDF_TEXT,data\external-real-v6-normative-cache\text\doi-org-840b6e4279665e33.txt,24a02ae628822a4f831aa79959829ca72762264b570eeb855621f163c4519866
EXT3_DOC_116_OLD,EXT_E116,EXT3_DOC_116_OLD.txt,NIST Cybersecurity Framework 1.1,https://doi.org/10.6028/NIST.CSWP.04162018,NIST,,,,public_normative_retrieved_excerpt,EXTERNAL_PUBLIC_RAW_EXCERPT_WINDOW,Short raw source window retained for benchmark; source URL retained for audit.,5a4369c236536db800c68dc90cc3b250bf4dece86e3e7a8b4352b8a3dc097bc0,READY,,2026-08-27T12:28:15.156388+00:00,0f3ca796610ab024cbc3484cbd6799e19b4d9159d3634972a2a76af83f15fb92,30bafc534894adeb11c69d3181d0f4a54d560eb63635747a851c69625fe7b59a,PDF_TEXT,data\external-real-v6-normative-cache\text\doi-org-a75c44cf7957c7c3.txt,b41a8ff58cb22e5f0166149ac07699bcef618239891139b7d5a4bf83072bf5fa
EXT3_DOC_117_NEW,EXT_E117,EXT3_DOC_117_NEW.txt,NIST Cybersecurity Framework 2.0,https://doi.org/10.6028/NIST.CSWP.29,NIST,,2026-08-27,,public_normative_retrieved_excerpt,EXTERNAL_PUBLIC_RAW_EXCERPT_WINDOW,Short raw source window retained for benchmark; source URL retained for audit.,77957eb0646ccdd572f270708ff391a695f7d11fb581d5f23c2dc8bf5e0aa3bc,READY,,2026-08-27T12:28:18.289075+00:00,3c31f46fee98cac0c4323453e5109291a213b4de7fef8c058af9bf67f717433c,8abf75bdf69e481174daea36b7343f1a55b26524e5c8757a28f2b63d474f1604,PDF_TEXT,data\external-real-v6-normative-cache\text\doi-org-840b6e4279665e33.txt,50e46143b5e17c9bd94fcdce060e2828124c9f72626ac565cc4b63af08136015
EXT3_DOC_117_OLD,EXT_E117,EXT3_DOC_117_OLD.txt,NIST Cybersecurity Framework 1.1,https://doi.org/10.6028/NIST.CSWP.04162018,NIST,,,,public_normative_retrieved_excerpt,EXTERNAL_PUBLIC_RAW_EXCERPT_WINDOW,Short raw source window retained for benchmark; source URL retained for audit.,85c3bcfa41f8e150c943f60e133e045adcbbf7f52a59d2cad7acef7bd09f5334,READY,,2026-08-27T12:28:15.156388+00:00,0f3ca796610ab024cbc3484cbd6799e19b4d9159d3634972a2a76af83f15fb92,30bafc534894adeb11c69d3181d0f4a54d560eb63635747a851c69625fe7b59a,PDF_TEXT,data\external-real-v6-normative-cache\text\doi-org-a75c44cf7957c7c3.txt,7ad6a30e79927b7b75d992275e57bafbeed792540726d12f373e72847a9f4c86
EXT3_DOC_118_NEW,EXT_E118,EXT3_DOC_118_NEW.txt,NIST Cybersecurity Framework 2.0,https://doi.org/10.6028/NIST.CSWP.29,NIST,,2026-08-27,,public_normative_retrieved_excerpt,EXTERNAL_PUBLIC_RAW_EXCERPT_WINDOW,Short raw source window retained for benchmark; source URL retained for audit.,96fd5ed5a7cb24bc9e161b63c0cb6dda933f637a6a9e1fa499c8ca57da8c44ad,READY,,2026-08-27T12:28:18.289075+00:00,3c31f46fee98cac0c4323453e5109291a213b4de7fef8c058af9bf67f717433c,8abf75bdf69e481174daea36b7343f1a55b26524e5c8757a28f2b63d474f1604,PDF_TEXT,data\external-real-v6-normative-cache\text\doi-org-840b6e4279665e33.txt,905d7c9f9ee81b748f607334d833fb3ec7f4be33a93ce1ed38b130514b55e30d
EXT3_DOC_118_OLD,EXT_E118,EXT3_DOC_118_OLD.txt,NIST Cybersecurity Framework 1.1,https://doi.org/10.6028/NIST.CSWP.04162018,NIST,,,,public_normative_retrieved_excerpt,EXTERNAL_PUBLIC_RAW_EXCERPT_WINDOW,Short raw source window retained for benchmark; source URL retained for audit.,db3d731a315c6516d5c2b9875d02b40e81ed8cd67f244648ae186d145595efab,READY,,2026-08-27T12:28:15.156388+00:00,0f3ca796610ab024cbc3484cbd6799e19b4d9159d3634972a2a76af83f15fb92,30bafc534894adeb11c69d3181d0f4a54d560eb63635747a851c69625fe7b59a,PDF_TEXT,data\external-real-v6-normative-cache\text\doi-org-a75c44cf7957c7c3.txt,b054d90519c695941d46b84655e9df6e099bb48171b21889543dafa591c233d8
EXT3_DOC_119_NEW,EXT_E119,EXT3_DOC_119_NEW.txt,NIST Cybersecurity Framework 2.0,https://doi.org/10.6028/NIST.CSWP.29,NIST,,2026-08-27,,public_normative_retrieved_excerpt,EXTERNAL_PUBLIC_RAW_EXCERPT_WINDOW,Short raw source window retained for benchmark; source URL retained for audit.,2526a961e43bac63a98ebea6b4cba87beac353b9611cb5e9ef5f1f2d737b6226,READY,,2026-08-27T12:28:18.289075+00:00,3c31f46fee98cac0c4323453e5109291a213b4de7fef8c058af9bf67f717433c,8abf75bdf69e481174daea36b7343f1a55b26524e5c8757a28f2b63d474f1604,PDF_TEXT,data\external-real-v6-normative-cache\text\doi-org-840b6e4279665e33.txt,ef6cfb308abbbdfedd1563e5965b0633bac20aa63a47bab4d855aa41872f2007
EXT3_DOC_119_OLD,EXT_E119,EXT3_DOC_119_OLD.txt,NIST Cybersecurity Framework 1.1,https://doi.org/10.6028/NIST.CSWP.04162018,NIST,,,,public_normative_retrieved_excerpt,EXTERNAL_PUBLIC_RAW_EXCERPT_WINDOW,Short raw source window retained for benchmark; source URL retained for audit.,bb15ef541f0ea0477ca7a1476ea73903865c0d538ceddbabfd14055bc2d9ba1b,READY,,2026-08-27T12:28:15.156388+00:00,0f3ca796610ab024cbc3484cbd6799e19b4d9159d3634972a2a76af83f15fb92,30bafc534894adeb11c69d3181d0f4a54d560eb63635747a851c69625fe7b59a,PDF_TEXT,data\external-real-v6-normative-cache\text\doi-org-a75c44cf7957c7c3.txt,af476c98710d392b1ba4693a28267652daab261e20b1095a0be2a7add4cc9e3d
EXT3_DOC_120_NEW,EXT_E120,EXT3_DOC_120_NEW.txt,NIST Cybersecurity Framework 2.0,https://doi.org/10.6028/NIST.CSWP.29,NIST,,2026-08-27,,public_normative_retrieved_excerpt,EXTERNAL_PUBLIC_RAW_EXCERPT_WINDOW,Short raw source window retained for benchmark; source URL retained for audit.,f0c581f09a49eaa326d4e74b28aaf49437ce428f8741ec5177bc4c91eda565f7,READY,,2026-08-27T12:28:18.289075+00:00,3c31f46fee98cac0c4323453e5109291a213b4de7fef8c058af9bf67f717433c,8abf75bdf69e481174daea36b7343f1a55b26524e5c8757a28f2b63d474f1604,PDF_TEXT,data\external-real-v6-normative-cache\text\doi-org-840b6e4279665e33.txt,8d11bef8d9de4c4e5d1fc37e0e1e5bae8886e3f95fb2b271b4250f2ea4ba8c70
EXT3_DOC_120_OLD,EXT_E120,EXT3_DOC_120_OLD.txt,NIST Cybersecurity Framework 1.1,https://doi.org/10.6028/NIST.CSWP.04162018,NIST,,,,public_normative_retrieved_excerpt,EXTERNAL_PUBLIC_RAW_EXCERPT_WINDOW,Short raw source window retained for benchmark; source URL retained for audit.,9dcaf1334c265aa09c480bbc275ae63ddc25b5e769dc712e46fb77b4a54aa574,READY,,2026-08-27T12:28:15.156388+00:00,0f3ca796610ab024cbc3484cbd6799e19b4d9159d3634972a2a76af83f15fb92,30bafc534894adeb11c69d3181d0f4a54d560eb63635747a851c69625fe7b59a,PDF_TEXT,data\external-real-v6-normative-cache\text\doi-org-a75c44cf7957c7c3.txt,1d661023f26f3bdab4c31bbb1df77982f46feebac5a7a91e748ad4684c7da0e5
EXT3_DOC_121_NEW,EXT_E121,EXT3_DOC_121_NEW.txt,NIST Cybersecurity Framework 2.0,https://doi.org/10.6028/NIST.CSWP.29,NIST,,2026-08-27,,public_normative_retrieved_excerpt,EXTERNAL_PUBLIC_RAW_EXCERPT_WINDOW,Short raw source window retained for benchmark; source URL retained for audit.,ba47e6671bb45b57558c18936645944bba4f897e4c05c725040581a92ff1fdc9,READY,,2026-08-27T12:28:18.289075+00:00,3c31f46fee98cac0c4323453e5109291a213b4de7fef8c058af9bf67f717433c,8abf75bdf69e481174daea36b7343f1a55b26524e5c8757a28f2b63d474f1604,PDF_TEXT,data\external-real-v6-normative-cache\text\doi-org-840b6e4279665e33.txt,9a295e79f6b0de723c93e987b0533b3ba5360b55f0e67896fc300bc8b3860ffb
EXT3_DOC_121_OLD,EXT_E121,EXT3_DOC_121_OLD.txt,NIST Cybersecurity Framework 1.1,https://doi.org/10.6028/NIST.CSWP.04162018,NIST,,,,public_normative_retrieved_excerpt,EXTERNAL_PUBLIC_RAW_EXCERPT_WINDOW,Short raw source window retained for benchmark; source URL retained for audit.,4d383fc0c7dff501062d907d79cd6581265a09e52cd8ee43ee1555f69c4d4c60,READY,,2026-08-27T12:28:15.156388+00:00,0f3ca796610ab024cbc3484cbd6799e19b4d9159d3634972a2a76af83f15fb92,30bafc534894adeb11c69d3181d0f4a54d560eb63635747a851c69625fe7b59a,PDF_TEXT,data\external-real-v6-normative-cache\text\doi-org-a75c44cf7957c7c3.txt,cb8f32b583399e798ce5d0b7a6c4ef73dab94b0d63f21326f5e88330f3b8c184
EXT3_DOC_122_NEW,EXT_E122,EXT3_DOC_122_NEW.txt,NIST Cybersecurity Framework 2.0,https://doi.org/10.6028/NIST.CSWP.29,NIST,,2026-08-27,,public_normative_retrieved_excerpt,EXTERNAL_PUBLIC_RAW_EXCERPT_WINDOW,Short raw source window retained for benchmark; source URL retained for audit.,4acf5396906ecf820543e0e10aa350d1feb4e05ab6299b00e3e46173a26823e1,READY,,2026-08-27T12:28:18.289075+00:00,3c31f46fee98cac0c4323453e5109291a213b4de7fef8c058af9bf67f717433c,8abf75bdf69e481174daea36b7343f1a55b26524e5c8757a28f2b63d474f1604,PDF_TEXT,data\external-real-v6-normative-cache\text\doi-org-840b6e4279665e33.txt,addbecfc69cdaa0a34ae496effb142f8d10cee53c3a561552b073e641f023fa1
EXT3_DOC_122_OLD,EXT_E122,EXT3_DOC_122_OLD.txt,NIST Cybersecurity Framework 1.1,https://doi.org/10.6028/NIST.CSWP.04162018,NIST,,,,public_normative_retrieved_excerpt,EXTERNAL_PUBLIC_RAW_EXCERPT_WINDOW,Short raw source window retained for benchmark; source URL retained for audit.,958af0cbd2a194bce4d6204c78fd66d382c93816d41436321e47f5887002aa73,READY,,2026-08-27T12:28:15.156388+00:00,0f3ca796610ab024cbc3484cbd6799e19b4d9159d3634972a2a76af83f15fb92,30bafc534894adeb11c69d3181d0f4a54d560eb63635747a851c69625fe7b59a,PDF_TEXT,data\external-real-v6-normative-cache\text\doi-org-a75c44cf7957c7c3.txt,127b5c4321f67660fdcc07bda8e6be0bb42511a4377023cf33860a264ece6631
EXT3_DOC_123_NEW,EXT_E123,EXT3_DOC_123_NEW.txt,NIST Cybersecurity Framework 2.0,https://doi.org/10.6028/NIST.CSWP.29,NIST,,2026-08-27,,public_normative_retrieved_excerpt,EXTERNAL_PUBLIC_RAW_EXCERPT_WINDOW,Short raw source window retained for benchmark; source URL retained for audit.,3d9f6bc1d10e7d162297b489478bcb77a0e1acddc6ff409967afc94157fdc7d9,READY,,2026-08-27T12:28:18.289075+00:00,3c31f46fee98cac0c4323453e5109291a213b4de7fef8c058af9bf67f717433c,8abf75bdf69e481174daea36b7343f1a55b26524e5c8757a28f2b63d474f1604,PDF_TEXT,data\external-real-v6-normative-cache\text\doi-org-840b6e4279665e33.txt,7a756036d652cca8375b60540755ba395d6ade3d6867f9b65a0a865b4e3d4be7
EXT3_DOC_123_OLD,EXT_E123,EXT3_DOC_123_OLD.txt,NIST Cybersecurity Framework 1.1,https://doi.org/10.6028/NIST.CSWP.04162018,NIST,,,,public_normative_retrieved_excerpt,EXTERNAL_PUBLIC_RAW_EXCERPT_WINDOW,Short raw source window retained for benchmark; source URL retained for audit.,0c78a1f5abbf44307164fa8dd24df8e888d9855799b8d278df4710a05d29eaeb,READY,,2026-08-27T12:28:15.156388+00:00,0f3ca796610ab024cbc3484cbd6799e19b4d9159d3634972a2a76af83f15fb92,30bafc534894adeb11c69d3181d0f4a54d560eb63635747a851c69625fe7b59a,PDF_TEXT,data\external-real-v6-normative-cache\text\doi-org-a75c44cf7957c7c3.txt,43ce62e8e1548de10d07cc117ac45e9f9f1b93f0eed51fc46e93e4c273888618
EXT3_DOC_124_NEW,EXT_E124,EXT3_DOC_124_NEW.txt,NIST Cybersecurity Framework 2.0,https://doi.org/10.6028/NIST.CSWP.29,NIST,,2026-08-27,,public_normative_retrieved_excerpt,EXTERNAL_PUBLIC_RAW_EXCERPT_WINDOW,Short raw source window retained for benchmark; source URL retained for audit.,094c0394c7acce2260e529cd31b398381f26e06c5b59253e63461723a04717c6,READY,,2026-08-27T12:28:18.289075+00:00,3c31f46fee98cac0c4323453e5109291a213b4de7fef8c058af9bf67f717433c,8abf75bdf69e481174daea36b7343f1a55b26524e5c8757a28f2b63d474f1604,PDF_TEXT,data\external-real-v6-normative-cache\text\doi-org-840b6e4279665e33.txt,033369c6b5ee2cf4fbdc284677d3df7a996c75eb1230acdeed6a52425145f986
EXT3_DOC_124_OLD,EXT_E124,EXT3_DOC_124_OLD.txt,NIST Cybersecurity Framework 1.1,https://doi.org/10.6028/NIST.CSWP.04162018,NIST,,,,public_normative_retrieved_excerpt,EXTERNAL_PUBLIC_RAW_EXCERPT_WINDOW,Short raw source window retained for benchmark; source URL retained for audit.,f9b3dd47ace28be29b19cc3c5ae6477369f1b7ffede4bde446521a2712f5025c,READY,,2026-08-27T12:28:15.156388+00:00,0f3ca796610ab024cbc3484cbd6799e19b4d9159d3634972a2a76af83f15fb92,30bafc534894adeb11c69d3181d0f4a54d560eb63635747a851c69625fe7b59a,PDF_TEXT,data\external-real-v6-normative-cache\text\doi-org-a75c44cf7957c7c3.txt,7bf7ea4491d417a1b6fbc99d845e9ac940bc134afe2a051505e5c1c983101b15
EXT3_DOC_125_NEW,EXT_E125,EXT3_DOC_125_NEW.txt,NIST Cybersecurity Framework 2.0,https://doi.org/10.6028/NIST.CSWP.29,NIST,,2026-08-27,,public_normative_retrieved_excerpt,EXTERNAL_PUBLIC_RAW_EXCERPT_WINDOW,Short raw source window retained for benchmark; source URL retained for audit.,495d74286423d08c2fb05cbcdd3cc0692ccff4ac06eaaba0bfb98794144ff808,READY,,2026-08-27T12:28:18.289075+00:00,3c31f46fee98cac0c4323453e5109291a213b4de7fef8c058af9bf67f717433c,8abf75bdf69e481174daea36b7343f1a55b26524e5c8757a28f2b63d474f1604,PDF_TEXT,data\external-real-v6-normative-cache\text\doi-org-840b6e4279665e33.txt,652a9f8db778d4d1483ae259f292f81b04cd76f7854c33cbfb5466a4c6a583fa
EXT3_DOC_125_OLD,EXT_E125,EXT3_DOC_125_OLD.txt,NIST Cybersecurity Framework 1.1,https://doi.org/10.6028/NIST.CSWP.04162018,NIST,,,,public_normative_retrieved_excerpt,EXTERNAL_PUBLIC_RAW_EXCERPT_WINDOW,Short raw source window retained for benchmark; source URL retained for audit.,4a1dd6365095e3aff3990fa6c65ef61909bcd2ff3cacb75415fd3dc529997644,READY,,2026-08-27T12:28:15.156388+00:00,0f3ca796610ab024cbc3484cbd6799e19b4d9159d3634972a2a76af83f15fb92,30bafc534894adeb11c69d3181d0f4a54d560eb63635747a851c69625fe7b59a,PDF_TEXT,data\external-real-v6-normative-cache\text\doi-org-a75c44cf7957c7c3.txt,0bdc9eb84e31a48375fc9bebace14547a3dfd29a53a32358caff4fa9e46897ba
EXT3_DOC_126_NEW,EXT_E126,EXT3_DOC_126_NEW.txt,NIST Cybersecurity Framework 2.0,https://doi.org/10.6028/NIST.CSWP.29,NIST,,2026-08-27,,public_normative_retrieved_excerpt,EXTERNAL_PUBLIC_RAW_EXCERPT_WINDOW,Short raw source window retained for benchmark; source URL retained for audit.,889b2666a71400eb096d8d15efb5d241f6b43ed5e04e10a0ab35aeb929b09f11,READY,,2026-08-27T12:28:18.289075+00:00,3c31f46fee98cac0c4323453e5109291a213b4de7fef8c058af9bf67f717433c,8abf75bdf69e481174daea36b7343f1a55b26524e5c8757a28f2b63d474f1604,PDF_TEXT,data\external-real-v6-normative-cache\text\doi-org-840b6e4279665e33.txt,023ea5df9bdc789410e20148628a5aaa1a433a30eccfa5f13657a957785f86ab
EXT3_DOC_126_OLD,EXT_E126,EXT3_DOC_126_OLD.txt,NIST Cybersecurity Framework 1.1,https://doi.org/10.6028/NIST.CSWP.04162018,NIST,,,,public_normative_retrieved_excerpt,EXTERNAL_PUBLIC_RAW_EXCERPT_WINDOW,Short raw source window retained for benchmark; source URL retained for audit.,db3d731a315c6516d5c2b9875d02b40e81ed8cd67f244648ae186d145595efab,READY,,2026-08-27T12:28:15.156388+00:00,0f3ca796610ab024cbc3484cbd6799e19b4d9159d3634972a2a76af83f15fb92,30bafc534894adeb11c69d3181d0f4a54d560eb63635747a851c69625fe7b59a,PDF_TEXT,data\external-real-v6-normative-cache\text\doi-org-a75c44cf7957c7c3.txt,b054d90519c695941d46b84655e9df6e099bb48171b21889543dafa591c233d8
EXT3_DOC_127_NEW,EXT_E127,EXT3_DOC_127_NEW.txt,NIST Cybersecurity Framework 2.0,https://doi.org/10.6028/NIST.CSWP.29,NIST,,2026-08-27,,public_normative_retrieved_excerpt,EXTERNAL_PUBLIC_RAW_EXCERPT_WINDOW,Short raw source window retained for benchmark; source URL retained for audit.,85c680d8da3f2a2c8b340c1828fed90e64d0c745d2a40d50c1936766d3ad2298,READY,,2026-08-27T12:28:18.289075+00:00,3c31f46fee98cac0c4323453e5109291a213b4de7fef8c058af9bf67f717433c,8abf75bdf69e481174daea36b7343f1a55b26524e5c8757a28f2b63d474f1604,PDF_TEXT,data\external-real-v6-normative-cache\text\doi-org-840b6e4279665e33.txt,7b288bd3c04039658be0487c7f392839073612fbfceaa10e01b7cc9454938585
EXT3_DOC_127_OLD,EXT_E127,EXT3_DOC_127_OLD.txt,NIST Cybersecurity Framework 1.1,https://doi.org/10.6028/NIST.CSWP.04162018,NIST,,,,public_normative_retrieved_excerpt,EXTERNAL_PUBLIC_RAW_EXCERPT_WINDOW,Short raw source window retained for benchmark; source URL retained for audit.,0e8a9e5b49cb758fbdc564446f73f8301088ce2ec22c1e4685ca5852767691e0,READY,,2026-08-27T12:28:15.156388+00:00,0f3ca796610ab024cbc3484cbd6799e19b4d9159d3634972a2a76af83f15fb92,30bafc534894adeb11c69d3181d0f4a54d560eb63635747a851c69625fe7b59a,PDF_TEXT,data\external-real-v6-normative-cache\text\doi-org-a75c44cf7957c7c3.txt,0478f9b431e1588df866a1883839e58dd4c4d87e409bf594c72f394e97ee41ec
EXT3_DOC_128_NEW,EXT_E128,EXT3_DOC_128_NEW.txt,NIST Cybersecurity Framework 2.0,https://doi.org/10.6028/NIST.CSWP.29,NIST,,2026-08-27,,public_normative_retrieved_excerpt,EXTERNAL_PUBLIC_RAW_EXCERPT_WINDOW,Short raw source window retained for benchmark; source URL retained for audit.,4d1a86e0d687c47015b55ae247863ef34ef328904e55fd581f3bae0612d64b45,READY,,2026-08-27T12:28:18.289075+00:00,3c31f46fee98cac0c4323453e5109291a213b4de7fef8c058af9bf67f717433c,8abf75bdf69e481174daea36b7343f1a55b26524e5c8757a28f2b63d474f1604,PDF_TEXT,data\external-real-v6-normative-cache\text\doi-org-840b6e4279665e33.txt,e0de186fb2c6ce0d39dcea76825c47c108b66321a9e36cb7cbf678c6db9beb9d
EXT3_DOC_128_OLD,EXT_E128,EXT3_DOC_128_OLD.txt,NIST Cybersecurity Framework 1.1,https://doi.org/10.6028/NIST.CSWP.04162018,NIST,,,,public_normative_retrieved_excerpt,EXTERNAL_PUBLIC_RAW_EXCERPT_WINDOW,Short raw source window retained for benchmark; source URL retained for audit.,3ca4ed5c280f4b88ede99a302aaf1df8b29dad48b029808a845856a436f49709,READY,,2026-08-27T12:28:15.156388+00:00,0f3ca796610ab024cbc3484cbd6799e19b4d9159d3634972a2a76af83f15fb92,30bafc534894adeb11c69d3181d0f4a54d560eb63635747a851c69625fe7b59a,PDF_TEXT,data\external-real-v6-normative-cache\text\doi-org-a75c44cf7957c7c3.txt,53fabc641918880cdaf37ba30d5fb9fa97f64651a24a55572145a4853181923e
EXT3_DOC_129_NEW,EXT_E129,EXT3_DOC_129_NEW.txt,NIST Cybersecurity Framework 2.0,https://doi.org/10.6028/NIST.CSWP.29,NIST,,2026-08-27,,public_normative_retrieved_excerpt,EXTERNAL_PUBLIC_RAW_EXCERPT_WINDOW,Short raw source window retained for benchmark; source URL retained for audit.,20b8347625b407e1129509a10479eb3a63187d940af7f2190bea6e921b09cfb7,READY,,2026-08-27T12:28:18.289075+00:00,3c31f46fee98cac0c4323453e5109291a213b4de7fef8c058af9bf67f717433c,8abf75bdf69e481174daea36b7343f1a55b26524e5c8757a28f2b63d474f1604,PDF_TEXT,data\external-real-v6-normative-cache\text\doi-org-840b6e4279665e33.txt,9a5a6c802fe9192d568124f121a02727e6d26a77b02041a58012e8f2bbbcc48d
EXT3_DOC_129_OLD,EXT_E129,EXT3_DOC_129_OLD.txt,NIST Cybersecurity Framework 1.1,https://doi.org/10.6028/NIST.CSWP.04162018,NIST,,,,public_normative_retrieved_excerpt,EXTERNAL_PUBLIC_RAW_EXCERPT_WINDOW,Short raw source window retained for benchmark; source URL retained for audit.,ffc166c52493a40eedd3b59231397ded0a06512c33d770a40e916f0131c6d661,READY,,2026-08-27T12:28:15.156388+00:00,0f3ca796610ab024cbc3484cbd6799e19b4d9159d3634972a2a76af83f15fb92,30bafc534894adeb11c69d3181d0f4a54d560eb63635747a851c69625fe7b59a,PDF_TEXT,data\external-real-v6-normative-cache\text\doi-org-a75c44cf7957c7c3.txt,f0dc4a74fa167e757772e0d3d97b0216992f0f1135f6adbeeb809be03338e398
EXT3_DOC_130_NEW,EXT_E130,EXT3_DOC_130_NEW.txt,NIST Cybersecurity Framework 2.0,https://doi.org/10.6028/NIST.CSWP.29,NIST,,2026-08-27,,public_normative_retrieved_excerpt,EXTERNAL_PUBLIC_RAW_EXCERPT_WINDOW,Short raw source window retained for benchmark; source URL retained for audit.,27167d0560d3a7c7a2bfac0faf9062382aeb323bb2ddf2a01424b709febc9916,READY,,2026-08-27T12:28:18.289075+00:00,3c31f46fee98cac0c4323453e5109291a213b4de7fef8c058af9bf67f717433c,8abf75bdf69e481174daea36b7343f1a55b26524e5c8757a28f2b63d474f1604,PDF_TEXT,data\external-real-v6-normative-cache\text\doi-org-840b6e4279665e33.txt,5a0927dfb0827a27b1b324770f1d64757438774bdced9085949d247b6270c5ba
EXT3_DOC_130_OLD,EXT_E130,EXT3_DOC_130_OLD.txt,NIST Cybersecurity Framework 1.1,https://doi.org/10.6028/NIST.CSWP.04162018,NIST,,,,public_normative_retrieved_excerpt,EXTERNAL_PUBLIC_RAW_EXCERPT_WINDOW,Short raw source window retained for benchmark; source URL retained for audit.,53c472dff94cd74b717c158255772a5bd750ca37eaae35f13e6713d01ea6f6db,READY,,2026-08-27T12:28:15.156388+00:00,0f3ca796610ab024cbc3484cbd6799e19b4d9159d3634972a2a76af83f15fb92,30bafc534894adeb11c69d3181d0f4a54d560eb63635747a851c69625fe7b59a,PDF_TEXT,data\external-real-v6-normative-cache\text\doi-org-a75c44cf7957c7c3.txt,1a5ce7f22a19cf3ffaf36a14b4087fd3dcb15378890eaa0270ac673a915f1a5b
EXT3_DOC_131_NEW,EXT_E131,EXT3_DOC_131_NEW.txt,NIST Cybersecurity Framework 2.0,https://doi.org/10.6028/NIST.CSWP.29,NIST,,2026-08-27,,public_normative_retrieved_excerpt,EXTERNAL_PUBLIC_RAW_EXCERPT_WINDOW,Short raw source window retained for benchmark; source URL retained for audit.,43993791b5b16d1945987dc007e6ae685147361806e35bfa5c1034e7ded1284a,READY,,2026-08-27T12:28:18.289075+00:00,3c31f46fee98cac0c4323453e5109291a213b4de7fef8c058af9bf67f717433c,8abf75bdf69e481174daea36b7343f1a55b26524e5c8757a28f2b63d474f1604,PDF_TEXT,data\external-real-v6-normative-cache\text\doi-org-840b6e4279665e33.txt,0c16c652d6d3ca6613832fac3b258c902203b1f977e4957cb21a47cef96cc0cb
EXT3_DOC_131_OLD,EXT_E131,EXT3_DOC_131_OLD.txt,NIST Cybersecurity Framework 1.1,https://doi.org/10.6028/NIST.CSWP.04162018,NIST,,,,public_normative_retrieved_excerpt,EXTERNAL_PUBLIC_RAW_EXCERPT_WINDOW,Short raw source window retained for benchmark; source URL retained for audit.,b463661f504675c69261a4e124b6c31bf8bfe686125693c249ef963aa3674da8,READY,,2026-08-27T12:28:15.156388+00:00,0f3ca796610ab024cbc3484cbd6799e19b4d9159d3634972a2a76af83f15fb92,30bafc534894adeb11c69d3181d0f4a54d560eb63635747a851c69625fe7b59a,PDF_TEXT,data\external-real-v6-normative-cache\text\doi-org-a75c44cf7957c7c3.txt,9e25f4bbf8cf1024830e36c1a8f8fda5d65b7eeed4c69c22957c6058e448a906
EXT3_DOC_132_NEW,EXT_E132,EXT3_DOC_132_NEW.txt,NIST Cybersecurity Framework 2.0,https://doi.org/10.6028/NIST.CSWP.29,NIST,,2026-08-27,,public_normative_retrieved_excerpt,EXTERNAL_PUBLIC_RAW_EXCERPT_WINDOW,Short raw source window retained for benchmark; source URL retained for audit.,adbf880a903f17f7b5321dea12a634f2a91d26066c098c28e5d78459942f2e5e,READY,,2026-08-27T12:28:18.289075+00:00,3c31f46fee98cac0c4323453e5109291a213b4de7fef8c058af9bf67f717433c,8abf75bdf69e481174daea36b7343f1a55b26524e5c8757a28f2b63d474f1604,PDF_TEXT,data\external-real-v6-normative-cache\text\doi-org-840b6e4279665e33.txt,7f79b165ac66f41f380b1d8de7da516fa3c2d5bc9f0dc6e675b0572f642d8a13
EXT3_DOC_132_OLD,EXT_E132,EXT3_DOC_132_OLD.txt,NIST Cybersecurity Framework 1.1,https://doi.org/10.6028/NIST.CSWP.04162018,NIST,,,,public_normative_retrieved_excerpt,EXTERNAL_PUBLIC_RAW_EXCERPT_WINDOW,Short raw source window retained for benchmark; source URL retained for audit.,5a4369c236536db800c68dc90cc3b250bf4dece86e3e7a8b4352b8a3dc097bc0,READY,,2026-08-27T12:28:15.156388+00:00,0f3ca796610ab024cbc3484cbd6799e19b4d9159d3634972a2a76af83f15fb92,30bafc534894adeb11c69d3181d0f4a54d560eb63635747a851c69625fe7b59a,PDF_TEXT,data\external-real-v6-normative-cache\text\doi-org-a75c44cf7957c7c3.txt,b41a8ff58cb22e5f0166149ac07699bcef618239891139b7d5a4bf83072bf5fa
EXT3_DOC_133_NEW,EXT_E133,EXT3_DOC_133_NEW.txt,NIST Cybersecurity Framework 2.0,https://doi.org/10.6028/NIST.CSWP.29,NIST,,2026-08-27,,public_normative_retrieved_excerpt,EXTERNAL_PUBLIC_RAW_EXCERPT_WINDOW,Short raw source window retained for benchmark; source URL retained for audit.,bc19a3c0103fca923f6dee882251f971eb5cb33e9b232d58991334c098f38ace,READY,,2026-08-27T12:28:18.289075+00:00,3c31f46fee98cac0c4323453e5109291a213b4de7fef8c058af9bf67f717433c,8abf75bdf69e481174daea36b7343f1a55b26524e5c8757a28f2b63d474f1604,PDF_TEXT,data\external-real-v6-normative-cache\text\doi-org-840b6e4279665e33.txt,b6f0075e25a0927b0bede5ad7c9f771b544da1292cc372e1488dc58a88637d57
EXT3_DOC_133_OLD,EXT_E133,EXT3_DOC_133_OLD.txt,NIST Cybersecurity Framework 1.1,https://doi.org/10.6028/NIST.CSWP.04162018,NIST,,,,public_normative_retrieved_excerpt,EXTERNAL_PUBLIC_RAW_EXCERPT_WINDOW,Short raw source window retained for benchmark; source URL retained for audit.,f243b260d22556262e6163c109696b186a6faa1b00feb5d6957c134932c03d4b,READY,,2026-08-27T12:28:15.156388+00:00,0f3ca796610ab024cbc3484cbd6799e19b4d9159d3634972a2a76af83f15fb92,30bafc534894adeb11c69d3181d0f4a54d560eb63635747a851c69625fe7b59a,PDF_TEXT,data\external-real-v6-normative-cache\text\doi-org-a75c44cf7957c7c3.txt,f490aa7fdb19addac3dd81d9c702685cbefbcfb3293f8c488dadb5c2c8faa3d0
EXT3_DOC_134_NEW,EXT_E134,EXT3_DOC_134_NEW.txt,NIST Privacy Framework 1.1 Initial Public Draft,https://nvlpubs.nist.gov/nistpubs/CSWP/NIST.CSWP.40.ipd.pdf,NIST,,2026-08-27,,public_normative_retrieved_excerpt,EXTERNAL_PUBLIC_RAW_EXCERPT_WINDOW,Short raw source window retained for benchmark; source URL retained for audit.,d7d85dbb4698c28267d17dbbfc3c81ed8e293f0530093933212629bce3dfcafb,READY,,2026-08-27T12:28:21.266644+00:00,8d44a59323f56ce380c3da53497e7dd4cc4af04a4fc07a0e4761bfe35ccefe72,9b55c7dfd69c8120c9d3a6048c6e5a7cd62a967a79bcaf0f30be6d004cc6b030,PDF_TEXT,data\external-real-v6-normative-cache\text\nvlpubs-nist-gov-9ec906d7e37daff1.txt,dfb585083ddea5c85b5379e37e374e1680ed8d32b86d6d8ebf8648ae0e2de501
EXT3_DOC_134_OLD,EXT_E134,EXT3_DOC_134_OLD.txt,NIST Privacy Framework 1.0,https://doi.org/10.6028/NIST.CSWP.01162020,NIST,,,,public_normative_retrieved_excerpt,EXTERNAL_PUBLIC_RAW_EXCERPT_WINDOW,Short raw source window retained for benchmark; source URL retained for audit.,3028721e9f54f5e908014940f9c1eec3573f91ed453428b298bbe305a927257f,READY,,2026-08-27T12:28:12.121080+00:00,58e1f2373e1c8a5782f7ddfce677fa9fc15e2d920ec0ab97ee754697e91bc2f0,04678a3585865414046b8a64a3eaa488d0eb3e5a6eeca09ca0d48749d0cd4037,PDF_TEXT,data\external-real-v6-normative-cache\text\doi-org-15282e50c61c543d.txt,0231bc071fa2f6c5b6303304c881735f3723869e9e700dfd864e50aae6e9be27
EXT3_DOC_136_NEW,EXT_E136,EXT3_DOC_136_NEW.txt,NIST Privacy Framework 1.1 Initial Public Draft,https://nvlpubs.nist.gov/nistpubs/CSWP/NIST.CSWP.40.ipd.pdf,NIST,,2026-08-27,,public_normative_retrieved_excerpt,EXTERNAL_PUBLIC_RAW_EXCERPT_WINDOW,Short raw source window retained for benchmark; source URL retained for audit.,ffec6cd3f8e26cf355e59746934721dc1b85b13d7ea1dcdfc3cac8243113e072,READY,,2026-08-27T12:28:21.266644+00:00,8d44a59323f56ce380c3da53497e7dd4cc4af04a4fc07a0e4761bfe35ccefe72,9b55c7dfd69c8120c9d3a6048c6e5a7cd62a967a79bcaf0f30be6d004cc6b030,PDF_TEXT,data\external-real-v6-normative-cache\text\nvlpubs-nist-gov-9ec906d7e37daff1.txt,ae7ae75c9d93f9556dfe4716e8b2772aec28b5105ba0d51872c0c5c44dd79365
EXT3_DOC_136_OLD,EXT_E136,EXT3_DOC_136_OLD.txt,NIST Privacy Framework 1.0,https://doi.org/10.6028/NIST.CSWP.01162020,NIST,,,,public_normative_retrieved_excerpt,EXTERNAL_PUBLIC_RAW_EXCERPT_WINDOW,Short raw source window retained for benchmark; source URL retained for audit.,ad996dd1b784db59df8eeb01c10e236aa27d6241f82e6521612e483d8380d97b,READY,,2026-08-27T12:28:12.121080+00:00,58e1f2373e1c8a5782f7ddfce677fa9fc15e2d920ec0ab97ee754697e91bc2f0,04678a3585865414046b8a64a3eaa488d0eb3e5a6eeca09ca0d48749d0cd4037,PDF_TEXT,data\external-real-v6-normative-cache\text\doi-org-15282e50c61c543d.txt,82f252a02e2fcb877331f090736d9d7fdb07a5f2e3439a4a2c8010bd01350f2f
EXT3_DOC_137_NEW,EXT_E137,EXT3_DOC_137_NEW.txt,NIST Privacy Framework 1.1 Initial Public Draft,https://nvlpubs.nist.gov/nistpubs/CSWP/NIST.CSWP.40.ipd.pdf,NIST,,2026-08-27,,public_normative_retrieved_excerpt,EXTERNAL_PUBLIC_RAW_EXCERPT_WINDOW,Short raw source window retained for benchmark; source URL retained for audit.,75f8af90d8b61e93736a16e5223d850d2ce7ecea959151691c3013bb70232a57,READY,,2026-08-27T12:28:21.266644+00:00,8d44a59323f56ce380c3da53497e7dd4cc4af04a4fc07a0e4761bfe35ccefe72,9b55c7dfd69c8120c9d3a6048c6e5a7cd62a967a79bcaf0f30be6d004cc6b030,PDF_TEXT,data\external-real-v6-normative-cache\text\nvlpubs-nist-gov-9ec906d7e37daff1.txt,8f109111766814754108ecc9a57082e1e5290c09a29c523af340924f864c8f45
EXT3_DOC_137_OLD,EXT_E137,EXT3_DOC_137_OLD.txt,NIST Privacy Framework 1.0,https://doi.org/10.6028/NIST.CSWP.01162020,NIST,,,,public_normative_retrieved_excerpt,EXTERNAL_PUBLIC_RAW_EXCERPT_WINDOW,Short raw source window retained for benchmark; source URL retained for audit.,a15628f2ebe9c98aa2d1c53a721862b0c670643c1dc103aef345d2a4b16ca547,READY,,2026-08-27T12:28:12.121080+00:00,58e1f2373e1c8a5782f7ddfce677fa9fc15e2d920ec0ab97ee754697e91bc2f0,04678a3585865414046b8a64a3eaa488d0eb3e5a6eeca09ca0d48749d0cd4037,PDF_TEXT,data\external-real-v6-normative-cache\text\doi-org-15282e50c61c543d.txt,0358df3e2dfd0e29df4218bf83450d5094c7b4216148570fac8cf59b8bffc53c
EXT3_DOC_139_NEW,EXT_E139,EXT3_DOC_139_NEW.txt,NIST Privacy Framework 1.1 Initial Public Draft,https://nvlpubs.nist.gov/nistpubs/CSWP/NIST.CSWP.40.ipd.pdf,NIST,,2026-08-27,,public_normative_retrieved_excerpt,EXTERNAL_PUBLIC_RAW_EXCERPT_WINDOW,Short raw source window retained for benchmark; source URL retained for audit.,3980350d8af90942d8a836b84ba761f2189e9f946f41d27818a51b0f5529c736,READY,,2026-08-27T12:28:21.266644+00:00,8d44a59323f56ce380c3da53497e7dd4cc4af04a4fc07a0e4761bfe35ccefe72,9b55c7dfd69c8120c9d3a6048c6e5a7cd62a967a79bcaf0f30be6d004cc6b030,PDF_TEXT,data\external-real-v6-normative-cache\text\nvlpubs-nist-gov-9ec906d7e37daff1.txt,3ea2d1825f040bf997012f1b17cbb16b5c2b3cfc368f2da92e28514e27b6ae95
EXT3_DOC_139_OLD,EXT_E139,EXT3_DOC_139_OLD.txt,NIST Privacy Framework 1.0,https://doi.org/10.6028/NIST.CSWP.01162020,NIST,,,,public_normative_retrieved_excerpt,EXTERNAL_PUBLIC_RAW_EXCERPT_WINDOW,Short raw source window retained for benchmark; source URL retained for audit.,dd88b14bcbd564c67348c4c6b40b8a2418d682d055f59ce72a9963eab294ada4,READY,,2026-08-27T12:28:12.121080+00:00,58e1f2373e1c8a5782f7ddfce677fa9fc15e2d920ec0ab97ee754697e91bc2f0,04678a3585865414046b8a64a3eaa488d0eb3e5a6eeca09ca0d48749d0cd4037,PDF_TEXT,data\external-real-v6-normative-cache\text\doi-org-15282e50c61c543d.txt,11bb8407059297bcefdfbb49d5806aa222bb116801e29d2d9057c7f1dad75bfb
EXT3_DOC_140_NEW,EXT_E140,EXT3_DOC_140_NEW.txt,NIST Privacy Framework 1.1 Initial Public Draft,https://nvlpubs.nist.gov/nistpubs/CSWP/NIST.CSWP.40.ipd.pdf,NIST,,2026-08-27,,public_normative_retrieved_excerpt,EXTERNAL_PUBLIC_RAW_EXCERPT_WINDOW,Short raw source window retained for benchmark; source URL retained for audit.,805327a18a6c27256a45b79c9afea5b6cfd52474d6f7ba0fa11432ceffd4ee6f,READY,,2026-08-27T12:28:21.266644+00:00,8d44a59323f56ce380c3da53497e7dd4cc4af04a4fc07a0e4761bfe35ccefe72,9b55c7dfd69c8120c9d3a6048c6e5a7cd62a967a79bcaf0f30be6d004cc6b030,PDF_TEXT,data\external-real-v6-normative-cache\text\nvlpubs-nist-gov-9ec906d7e37daff1.txt,67db0a955d1f51562317ae606d99a802a652590943b2b143145b590659ee40de
EXT3_DOC_140_OLD,EXT_E140,EXT3_DOC_140_OLD.txt,NIST Privacy Framework 1.0,https://doi.org/10.6028/NIST.CSWP.01162020,NIST,,,,public_normative_retrieved_excerpt,EXTERNAL_PUBLIC_RAW_EXCERPT_WINDOW,Short raw source window retained for benchmark; source URL retained for audit.,e80d9c5a61fbbe862b1f49f29ebd00477ec6d293d8444f04abb66cecc1f3d69d,READY,,2026-08-27T12:28:12.121080+00:00,58e1f2373e1c8a5782f7ddfce677fa9fc15e2d920ec0ab97ee754697e91bc2f0,04678a3585865414046b8a64a3eaa488d0eb3e5a6eeca09ca0d48749d0cd4037,PDF_TEXT,data\external-real-v6-normative-cache\text\doi-org-15282e50c61c543d.txt,0bf585a8f5ddec1734b2aa4ae84a0aa0c84f083a46b77d1b671ea6c371fa2348
EXT3_DOC_141_NEW,EXT_E141,EXT3_DOC_141_NEW.txt,NIST Privacy Framework 1.1 Initial Public Draft,https://nvlpubs.nist.gov/nistpubs/CSWP/NIST.CSWP.40.ipd.pdf,NIST,,2026-08-27,,public_normative_retrieved_excerpt,EXTERNAL_PUBLIC_RAW_EXCERPT_WINDOW,Short raw source window retained for benchmark; source URL retained for audit.,d7d85dbb4698c28267d17dbbfc3c81ed8e293f0530093933212629bce3dfcafb,READY,,2026-08-27T12:28:21.266644+00:00,8d44a59323f56ce380c3da53497e7dd4cc4af04a4fc07a0e4761bfe35ccefe72,9b55c7dfd69c8120c9d3a6048c6e5a7cd62a967a79bcaf0f30be6d004cc6b030,PDF_TEXT,data\external-real-v6-normative-cache\text\nvlpubs-nist-gov-9ec906d7e37daff1.txt,dfb585083ddea5c85b5379e37e374e1680ed8d32b86d6d8ebf8648ae0e2de501
EXT3_DOC_141_OLD,EXT_E141,EXT3_DOC_141_OLD.txt,NIST Privacy Framework 1.0,https://doi.org/10.6028/NIST.CSWP.01162020,NIST,,,,public_normative_retrieved_excerpt,EXTERNAL_PUBLIC_RAW_EXCERPT_WINDOW,Short raw source window retained for benchmark; source URL retained for audit.,228ddbcd795eee83f5d0802743538e77c076bd5ad834625d382443d105efb613,READY,,2026-08-27T12:28:12.121080+00:00,58e1f2373e1c8a5782f7ddfce677fa9fc15e2d920ec0ab97ee754697e91bc2f0,04678a3585865414046b8a64a3eaa488d0eb3e5a6eeca09ca0d48749d0cd4037,PDF_TEXT,data\external-real-v6-normative-cache\text\doi-org-15282e50c61c543d.txt,674e3ab4289eebdcd3e334fcef1e56e56880178b1d352fc671f57a5d59ebe696
EXT3_DOC_142_NEW,EXT_E142,EXT3_DOC_142_NEW.txt,NIST Privacy Framework 1.1 Initial Public Draft,https://nvlpubs.nist.gov/nistpubs/CSWP/NIST.CSWP.40.ipd.pdf,NIST,,2026-08-27,,public_normative_retrieved_excerpt,EXTERNAL_PUBLIC_RAW_EXCERPT_WINDOW,Short raw source window retained for benchmark; source URL retained for audit.,0ac09658f14cd2260c55800e14bd8945d9accae6f750bae089810a2d6521f52e,READY,,2026-08-27T12:28:21.266644+00:00,8d44a59323f56ce380c3da53497e7dd4cc4af04a4fc07a0e4761bfe35ccefe72,9b55c7dfd69c8120c9d3a6048c6e5a7cd62a967a79bcaf0f30be6d004cc6b030,PDF_TEXT,data\external-real-v6-normative-cache\text\nvlpubs-nist-gov-9ec906d7e37daff1.txt,e3b0ed2ff0e9c98b737aa1d0bf0dbe12cee66cb960e148d2faf916fa9eeccf99
EXT3_DOC_142_OLD,EXT_E142,EXT3_DOC_142_OLD.txt,NIST Privacy Framework 1.0,https://doi.org/10.6028/NIST.CSWP.01162020,NIST,,,,public_normative_retrieved_excerpt,EXTERNAL_PUBLIC_RAW_EXCERPT_WINDOW,Short raw source window retained for benchmark; source URL retained for audit.,c66953d2bd6f1827ce86cb4f45cdea41aa9025ddd180049c332facae2dbe9455,READY,,2026-08-27T12:28:12.121080+00:00,58e1f2373e1c8a5782f7ddfce677fa9fc15e2d920ec0ab97ee754697e91bc2f0,04678a3585865414046b8a64a3eaa488d0eb3e5a6eeca09ca0d48749d0cd4037,PDF_TEXT,data\external-real-v6-normative-cache\text\doi-org-15282e50c61c543d.txt,eeb8789968c9ef7cf4d2ed65b180ffa67355ef3593691cfbc1c558c880a5b6b6
EXT3_DOC_144_NEW,EXT_E144,EXT3_DOC_144_NEW.txt,NIST Privacy Framework 1.1 Initial Public Draft,https://nvlpubs.nist.gov/nistpubs/CSWP/NIST.CSWP.40.ipd.pdf,NIST,,2026-08-27,,public_normative_retrieved_excerpt,EXTERNAL_PUBLIC_RAW_EXCERPT_WINDOW,Short raw source window retained for benchmark; source URL retained for audit.,20b7dc784eaf25c75f588ef8cc5b17e1247f6ffae914e27308068f318a100507,READY,,2026-08-27T12:28:21.266644+00:00,8d44a59323f56ce380c3da53497e7dd4cc4af04a4fc07a0e4761bfe35ccefe72,9b55c7dfd69c8120c9d3a6048c6e5a7cd62a967a79bcaf0f30be6d004cc6b030,PDF_TEXT,data\external-real-v6-normative-cache\text\nvlpubs-nist-gov-9ec906d7e37daff1.txt,95cedf40b78b1947e3dfca5d4c30cb0243664e183539513664320c8d0d04e414
EXT3_DOC_144_OLD,EXT_E144,EXT3_DOC_144_OLD.txt,NIST Privacy Framework 1.0,https://doi.org/10.6028/NIST.CSWP.01162020,NIST,,,,public_normative_retrieved_excerpt,EXTERNAL_PUBLIC_RAW_EXCERPT_WINDOW,Short raw source window retained for benchmark; source URL retained for audit.,14e9093d25cc2abccc071e23ee366823728f05a6b305db6a22fa785cf313aeca,READY,,2026-08-27T12:28:12.121080+00:00,58e1f2373e1c8a5782f7ddfce677fa9fc15e2d920ec0ab97ee754697e91bc2f0,04678a3585865414046b8a64a3eaa488d0eb3e5a6eeca09ca0d48749d0cd4037,PDF_TEXT,data\external-real-v6-normative-cache\text\doi-org-15282e50c61c543d.txt,3430505f8a012f4fa275efb409c5785ea2aa4ba325ee619dc958ba9f6c4e2215
EXT3_DOC_145_NEW,EXT_E145,EXT3_DOC_145_NEW.txt,NIST Privacy Framework 1.1 Initial Public Draft,https://nvlpubs.nist.gov/nistpubs/CSWP/NIST.CSWP.40.ipd.pdf,NIST,,2026-08-27,,public_normative_retrieved_excerpt,EXTERNAL_PUBLIC_RAW_EXCERPT_WINDOW,Short raw source window retained for benchmark; source URL retained for audit.,d7d85dbb4698c28267d17dbbfc3c81ed8e293f0530093933212629bce3dfcafb,READY,,2026-08-27T12:28:21.266644+00:00,8d44a59323f56ce380c3da53497e7dd4cc4af04a4fc07a0e4761bfe35ccefe72,9b55c7dfd69c8120c9d3a6048c6e5a7cd62a967a79bcaf0f30be6d004cc6b030,PDF_TEXT,data\external-real-v6-normative-cache\text\nvlpubs-nist-gov-9ec906d7e37daff1.txt,dfb585083ddea5c85b5379e37e374e1680ed8d32b86d6d8ebf8648ae0e2de501
EXT3_DOC_145_OLD,EXT_E145,EXT3_DOC_145_OLD.txt,NIST Privacy Framework 1.0,https://doi.org/10.6028/NIST.CSWP.01162020,NIST,,,,public_normative_retrieved_excerpt,EXTERNAL_PUBLIC_RAW_EXCERPT_WINDOW,Short raw source window retained for benchmark; source URL retained for audit.,77c66f1bebb39be0bdf875c8252c7408d48e9d90383f42ddbae1d1ffda756af2,READY,,2026-08-27T12:28:12.121080+00:00,58e1f2373e1c8a5782f7ddfce677fa9fc15e2d920ec0ab97ee754697e91bc2f0,04678a3585865414046b8a64a3eaa488d0eb3e5a6eeca09ca0d48749d0cd4037,PDF_TEXT,data\external-real-v6-normative-cache\text\doi-org-15282e50c61c543d.txt,165ffdba024310d3a2547708ff165a325591d13e2eeb621e898738034e8ebae9
EXT3_DOC_146_NEW,EXT_E146,EXT3_DOC_146_NEW.txt,NIST Privacy Framework 1.1 Initial Public Draft,https://nvlpubs.nist.gov/nistpubs/CSWP/NIST.CSWP.40.ipd.pdf,NIST,,2026-08-27,,public_normative_retrieved_excerpt,EXTERNAL_PUBLIC_RAW_EXCERPT_WINDOW,Short raw source window retained for benchmark; source URL retained for audit.,d7d85dbb4698c28267d17dbbfc3c81ed8e293f0530093933212629bce3dfcafb,READY,,2026-08-27T12:28:21.266644+00:00,8d44a59323f56ce380c3da53497e7dd4cc4af04a4fc07a0e4761bfe35ccefe72,9b55c7dfd69c8120c9d3a6048c6e5a7cd62a967a79bcaf0f30be6d004cc6b030,PDF_TEXT,data\external-real-v6-normative-cache\text\nvlpubs-nist-gov-9ec906d7e37daff1.txt,dfb585083ddea5c85b5379e37e374e1680ed8d32b86d6d8ebf8648ae0e2de501
EXT3_DOC_146_OLD,EXT_E146,EXT3_DOC_146_OLD.txt,NIST Privacy Framework 1.0,https://doi.org/10.6028/NIST.CSWP.01162020,NIST,,,,public_normative_retrieved_excerpt,EXTERNAL_PUBLIC_RAW_EXCERPT_WINDOW,Short raw source window retained for benchmark; source URL retained for audit.,3028721e9f54f5e908014940f9c1eec3573f91ed453428b298bbe305a927257f,READY,,2026-08-27T12:28:12.121080+00:00,58e1f2373e1c8a5782f7ddfce677fa9fc15e2d920ec0ab97ee754697e91bc2f0,04678a3585865414046b8a64a3eaa488d0eb3e5a6eeca09ca0d48749d0cd4037,PDF_TEXT,data\external-real-v6-normative-cache\text\doi-org-15282e50c61c543d.txt,0231bc071fa2f6c5b6303304c881735f3723869e9e700dfd864e50aae6e9be27
EXT3_DOC_147_NEW,EXT_E147,EXT3_DOC_147_NEW.txt,NIST Privacy Framework 1.1 Initial Public Draft,https://nvlpubs.nist.gov/nistpubs/CSWP/NIST.CSWP.40.ipd.pdf,NIST,,2026-08-27,,public_normative_retrieved_excerpt,EXTERNAL_PUBLIC_RAW_EXCERPT_WINDOW,Short raw source window retained for benchmark; source URL retained for audit.,b71d4da2119e4e139e000c56e051fffb95a0d9ee31fe02445f94ffc637f2dfea,READY,,2026-08-27T12:28:21.266644+00:00,8d44a59323f56ce380c3da53497e7dd4cc4af04a4fc07a0e4761bfe35ccefe72,9b55c7dfd69c8120c9d3a6048c6e5a7cd62a967a79bcaf0f30be6d004cc6b030,PDF_TEXT,data\external-real-v6-normative-cache\text\nvlpubs-nist-gov-9ec906d7e37daff1.txt,fc50e704c54b3149cf3673b0e6a3349cbe7f20d99ea2dbd030fc8d107809f020
EXT3_DOC_147_OLD,EXT_E147,EXT3_DOC_147_OLD.txt,NIST Privacy Framework 1.0,https://doi.org/10.6028/NIST.CSWP.01162020,NIST,,,,public_normative_retrieved_excerpt,EXTERNAL_PUBLIC_RAW_EXCERPT_WINDOW,Short raw source window retained for benchmark; source URL retained for audit.,d033ea78994b43cd707ecf2475275c0a8d607b3d7d15ac166b2013ed5786f2f3,READY,,2026-08-27T12:28:12.121080+00:00,58e1f2373e1c8a5782f7ddfce677fa9fc15e2d920ec0ab97ee754697e91bc2f0,04678a3585865414046b8a64a3eaa488d0eb3e5a6eeca09ca0d48749d0cd4037,PDF_TEXT,data\external-real-v6-normative-cache\text\doi-org-15282e50c61c543d.txt,4d50fe73440cdc6a0780a92d06b66a1518536be81451d26ad7c48de0e3656f09
EXT3_DOC_148_NEW,EXT_E148,EXT3_DOC_148_NEW.txt,NIST Privacy Framework 1.1 Initial Public Draft,https://nvlpubs.nist.gov/nistpubs/CSWP/NIST.CSWP.40.ipd.pdf,NIST,,2026-08-27,,public_normative_retrieved_excerpt,EXTERNAL_PUBLIC_RAW_EXCERPT_WINDOW,Short raw source window retained for benchmark; source URL retained for audit.,d7d85dbb4698c28267d17dbbfc3c81ed8e293f0530093933212629bce3dfcafb,READY,,2026-08-27T12:28:21.266644+00:00,8d44a59323f56ce380c3da53497e7dd4cc4af04a4fc07a0e4761bfe35ccefe72,9b55c7dfd69c8120c9d3a6048c6e5a7cd62a967a79bcaf0f30be6d004cc6b030,PDF_TEXT,data\external-real-v6-normative-cache\text\nvlpubs-nist-gov-9ec906d7e37daff1.txt,dfb585083ddea5c85b5379e37e374e1680ed8d32b86d6d8ebf8648ae0e2de501
EXT3_DOC_148_OLD,EXT_E148,EXT3_DOC_148_OLD.txt,NIST Privacy Framework 1.0,https://doi.org/10.6028/NIST.CSWP.01162020,NIST,,,,public_normative_retrieved_excerpt,EXTERNAL_PUBLIC_RAW_EXCERPT_WINDOW,Short raw source window retained for benchmark; source URL retained for audit.,d94ffca1577b37e56bc0586e4b535210d1bcc11822eb5e62ddfac45c0d7489c7,READY,,2026-08-27T12:28:12.121080+00:00,58e1f2373e1c8a5782f7ddfce677fa9fc15e2d920ec0ab97ee754697e91bc2f0,04678a3585865414046b8a64a3eaa488d0eb3e5a6eeca09ca0d48749d0cd4037,PDF_TEXT,data\external-real-v6-normative-cache\text\doi-org-15282e50c61c543d.txt,78867a01ac9ddbcb5f11e79886e03cb0295f9f49445ddeba0a475920cbc56c27
EXT3_DOC_149_NEW,EXT_E149,EXT3_DOC_149_NEW.txt,NIST Privacy Framework 1.1 Initial Public Draft,https://nvlpubs.nist.gov/nistpubs/CSWP/NIST.CSWP.40.ipd.pdf,NIST,,2026-08-27,,public_normative_retrieved_excerpt,EXTERNAL_PUBLIC_RAW_EXCERPT_WINDOW,Short raw source window retained for benchmark; source URL retained for audit.,3194bca476cfb5e1dbc6f90a460a8688682b3373ab9b3aaab93d2c31b1696185,READY,,2026-08-27T12:28:21.266644+00:00,8d44a59323f56ce380c3da53497e7dd4cc4af04a4fc07a0e4761bfe35ccefe72,9b55c7dfd69c8120c9d3a6048c6e5a7cd62a967a79bcaf0f30be6d004cc6b030,PDF_TEXT,data\external-real-v6-normative-cache\text\nvlpubs-nist-gov-9ec906d7e37daff1.txt,df3fa056a7c7b095a1f6e5d51a8568e6f148e5408360a47db1853ef0de8aa6c1
EXT3_DOC_149_OLD,EXT_E149,EXT3_DOC_149_OLD.txt,NIST Privacy Framework 1.0,https://doi.org/10.6028/NIST.CSWP.01162020,NIST,,,,public_normative_retrieved_excerpt,EXTERNAL_PUBLIC_RAW_EXCERPT_WINDOW,Short raw source window retained for benchmark; source URL retained for audit.,46bf140de01e7be69fc309db155e9e4f6527ea388919d2aa737c1347aeb4c0b8,READY,,2026-08-27T12:28:12.121080+00:00,58e1f2373e1c8a5782f7ddfce677fa9fc15e2d920ec0ab97ee754697e91bc2f0,04678a3585865414046b8a64a3eaa488d0eb3e5a6eeca09ca0d48749d0cd4037,PDF_TEXT,data\external-real-v6-normative-cache\text\doi-org-15282e50c61c543d.txt,001d6b2c382c5d1e7ef3c845f9e1dd6a43224a4b0526e5d68b0c23408f8d5639
EXT3_DOC_153_NEW,EXT_E153,EXT3_DOC_153_NEW.txt,NIST Privacy Framework 1.1 Initial Public Draft,https://nvlpubs.nist.gov/nistpubs/CSWP/NIST.CSWP.40.ipd.pdf,NIST,,2026-08-27,,public_normative_retrieved_excerpt,EXTERNAL_PUBLIC_RAW_EXCERPT_WINDOW,Short raw source window retained for benchmark; source URL retained for audit.,51983e3f815b2bb545e9361a796d4d2ce3ab321b1067a50fda5fbf449d1fecb0,READY,,2026-08-27T12:28:21.266644+00:00,8d44a59323f56ce380c3da53497e7dd4cc4af04a4fc07a0e4761bfe35ccefe72,9b55c7dfd69c8120c9d3a6048c6e5a7cd62a967a79bcaf0f30be6d004cc6b030,PDF_TEXT,data\external-real-v6-normative-cache\text\nvlpubs-nist-gov-9ec906d7e37daff1.txt,442ff597f089689fb83930a323303a20bcd882112dd3cc5ad6724d9b96e469fd
EXT3_DOC_153_OLD,EXT_E153,EXT3_DOC_153_OLD.txt,NIST Privacy Framework 1.0,https://doi.org/10.6028/NIST.CSWP.01162020,NIST,,,,public_normative_retrieved_excerpt,EXTERNAL_PUBLIC_RAW_EXCERPT_WINDOW,Short raw source window retained for benchmark; source URL retained for audit.,949f63b41eda412bebb3ae55f2e6d0e18bbe0c3e2415824819e77bdfee5e1e06,READY,,2026-08-27T12:28:12.121080+00:00,58e1f2373e1c8a5782f7ddfce677fa9fc15e2d920ec0ab97ee754697e91bc2f0,04678a3585865414046b8a64a3eaa488d0eb3e5a6eeca09ca0d48749d0cd4037,PDF_TEXT,data\external-real-v6-normative-cache\text\doi-org-15282e50c61c543d.txt,fb05c6a4bad6cb9c6c6098cec6cc990b0e0abd1de1d519c7224d674ca5198886
EXT3_DOC_154_NEW,EXT_E154,EXT3_DOC_154_NEW.txt,Regulation (EU) 2024/1689 official English PDF,https://op.europa.eu/o/opportal-service/download-handler?identifier=dc8116a1-3fe6-11ef-865a-01aa75ed71a1&format=PDF&language=en&productionSystem=cellar&part=,Publications Office of the European Union,,2026-08-27,,public_normative_retrieved_excerpt,EXTERNAL_PUBLIC_RAW_EXCERPT_WINDOW,Short raw source window retained for benchmark; source URL retained for audit.,073372e1953c34df3d2d890eba4d38759e9312dd4c0ad5c88814c2ab6f186594,READY,,2026-08-27T12:28:31.189276+00:00,bba630444b3278e881066774002a1d7824308934f49ccfa203e65be43692f55e,e6fdba58accc0e9f50ba57fea27d64eac905023640f049679499bebbc4c6803e,PDF_TEXT,data\external-real-v6-normative-cache\text\op-europa-eu-ff0bc46d1e88b8fb.txt,79a123d8e2916094caf492efcb1623f086cf9437e7d4e3f34a028908fa57ce42
EXT3_DOC_154_OLD,EXT_E154,EXT3_DOC_154_OLD.txt,COM(2021) 206 AI Act proposal official English PDF,https://op.europa.eu/o/opportal-service/download-handler?identifier=e0649735-a372-11eb-9585-01aa75ed71a1&format=PDF&language=en&productionSystem=cellar&part=,Publications Office of the European Union,,,,public_normative_retrieved_excerpt,EXTERNAL_PUBLIC_RAW_EXCERPT_WINDOW,Short raw source window retained for benchmark; source URL retained for audit.,375f2b175a41bb6f97c281d171d64a3ef26d4604190327ed5c4cc97c689d8cea,READY,,2026-08-27T12:28:34.146019+00:00,13acbd87f8d69522220b79a95e7cab6f3c8a8c2ca71e59132bb6e938e646c7ae,819dc7847ce262bfb667abb39b774b2ddfbe3d70bd428337fa20120651f59893,ZIP_PDF_TEXT,data\external-real-v6-normative-cache\text\op-europa-eu-e23aaecd970c75dd.txt,0100a30674734bd1b6bf80edff65eb6f67e25e2a2915dd3b9451a56cb6d85f54
EXT3_DOC_155_NEW,EXT_E155,EXT3_DOC_155_NEW.txt,Regulation (EU) 2024/1689 official English PDF,https://op.europa.eu/o/opportal-service/download-handler?identifier=dc8116a1-3fe6-11ef-865a-01aa75ed71a1&format=PDF&language=en&productionSystem=cellar&part=,Publications Office of the European Union,,2026-08-27,,public_normative_retrieved_excerpt,EXTERNAL_PUBLIC_RAW_EXCERPT_WINDOW,Short raw source window retained for benchmark; source URL retained for audit.,da1db8c4056ec565d6eb72e124628f3ff119ec06b87a51a3934713e974bd2d31,READY,,2026-08-27T12:28:31.189276+00:00,bba630444b3278e881066774002a1d7824308934f49ccfa203e65be43692f55e,e6fdba58accc0e9f50ba57fea27d64eac905023640f049679499bebbc4c6803e,PDF_TEXT,data\external-real-v6-normative-cache\text\op-europa-eu-ff0bc46d1e88b8fb.txt,8cce1c7afba20986d362152dba2c96c8db74b632618af272966feeac6a4ff800
EXT3_DOC_155_OLD,EXT_E155,EXT3_DOC_155_OLD.txt,COM(2021) 206 AI Act proposal official English PDF,https://op.europa.eu/o/opportal-service/download-handler?identifier=e0649735-a372-11eb-9585-01aa75ed71a1&format=PDF&language=en&productionSystem=cellar&part=,Publications Office of the European Union,,,,public_normative_retrieved_excerpt,EXTERNAL_PUBLIC_RAW_EXCERPT_WINDOW,Short raw source window retained for benchmark; source URL retained for audit.,660f96664534fc27a288a6c06bd4d3196e8e1005971ee68515799fe271223917,READY,,2026-08-27T12:28:34.146019+00:00,13acbd87f8d69522220b79a95e7cab6f3c8a8c2ca71e59132bb6e938e646c7ae,819dc7847ce262bfb667abb39b774b2ddfbe3d70bd428337fa20120651f59893,ZIP_PDF_TEXT,data\external-real-v6-normative-cache\text\op-europa-eu-e23aaecd970c75dd.txt,e7598c3f6ce0375eb8456d6f33c4f729959392fd8c11df43570dd0ffe3637fa0
EXT3_DOC_156_NEW,EXT_E156,EXT3_DOC_156_NEW.txt,Regulation (EU) 2024/1689 official English PDF,https://op.europa.eu/o/opportal-service/download-handler?identifier=dc8116a1-3fe6-11ef-865a-01aa75ed71a1&format=PDF&language=en&productionSystem=cellar&part=,Publications Office of the European Union,,2026-08-27,,public_normative_retrieved_excerpt,EXTERNAL_PUBLIC_RAW_EXCERPT_WINDOW,Short raw source window retained for benchmark; source URL retained for audit.,c30e1e3d0e725f86840bd979a90ccb03154c7a960e10c013c147822fcbcb50de,READY,,2026-08-27T12:28:31.189276+00:00,bba630444b3278e881066774002a1d7824308934f49ccfa203e65be43692f55e,e6fdba58accc0e9f50ba57fea27d64eac905023640f049679499bebbc4c6803e,PDF_TEXT,data\external-real-v6-normative-cache\text\op-europa-eu-ff0bc46d1e88b8fb.txt,8b6dba59052b74b62e3853d11d031e21dae71729b4970cd8fff92a109332fb14
EXT3_DOC_156_OLD,EXT_E156,EXT3_DOC_156_OLD.txt,COM(2021) 206 AI Act proposal official English PDF,https://op.europa.eu/o/opportal-service/download-handler?identifier=e0649735-a372-11eb-9585-01aa75ed71a1&format=PDF&language=en&productionSystem=cellar&part=,Publications Office of the European Union,,,,public_normative_retrieved_excerpt,EXTERNAL_PUBLIC_RAW_EXCERPT_WINDOW,Short raw source window retained for benchmark; source URL retained for audit.,19275f6a6922d0f6d4edae4a6f65b23f3672ef399ad929a95b90ba3a24268b00,READY,,2026-08-27T12:28:34.146019+00:00,13acbd87f8d69522220b79a95e7cab6f3c8a8c2ca71e59132bb6e938e646c7ae,819dc7847ce262bfb667abb39b774b2ddfbe3d70bd428337fa20120651f59893,ZIP_PDF_TEXT,data\external-real-v6-normative-cache\text\op-europa-eu-e23aaecd970c75dd.txt,7fecdf83aa30437a637a3b1bf8d9ac5d2ebda77ed730070ffd3d7c9c032c7e50
EXT3_DOC_157_NEW,EXT_E157,EXT3_DOC_157_NEW.txt,Regulation (EU) 2024/1689 official English PDF,https://op.europa.eu/o/opportal-service/download-handler?identifier=dc8116a1-3fe6-11ef-865a-01aa75ed71a1&format=PDF&language=en&productionSystem=cellar&part=,Publications Office of the European Union,,2026-08-27,,public_normative_retrieved_excerpt,EXTERNAL_PUBLIC_RAW_EXCERPT_WINDOW,Short raw source window retained for benchmark; source URL retained for audit.,f93ad523dc04864e3e9a8492c99304eefc7764f3e7c0f28f560c91d168bfd9e5,READY,,2026-08-27T12:28:31.189276+00:00,bba630444b3278e881066774002a1d7824308934f49ccfa203e65be43692f55e,e6fdba58accc0e9f50ba57fea27d64eac905023640f049679499bebbc4c6803e,PDF_TEXT,data\external-real-v6-normative-cache\text\op-europa-eu-ff0bc46d1e88b8fb.txt,28c39dc95a0d0788d3a2243ab197d813a0241360bc6bb406066bf3ab09444f50
EXT3_DOC_157_OLD,EXT_E157,EXT3_DOC_157_OLD.txt,COM(2021) 206 AI Act proposal official English PDF,https://op.europa.eu/o/opportal-service/download-handler?identifier=e0649735-a372-11eb-9585-01aa75ed71a1&format=PDF&language=en&productionSystem=cellar&part=,Publications Office of the European Union,,,,public_normative_retrieved_excerpt,EXTERNAL_PUBLIC_RAW_EXCERPT_WINDOW,Short raw source window retained for benchmark; source URL retained for audit.,474d3ca60eec09bd32758fb661a045dc3f180921e5f95da67730fbb89b1ea5ea,READY,,2026-08-27T12:28:34.146019+00:00,13acbd87f8d69522220b79a95e7cab6f3c8a8c2ca71e59132bb6e938e646c7ae,819dc7847ce262bfb667abb39b774b2ddfbe3d70bd428337fa20120651f59893,ZIP_PDF_TEXT,data\external-real-v6-normative-cache\text\op-europa-eu-e23aaecd970c75dd.txt,bfa18df80412e87086141a63a560b239e012b853c7efed2ad71afffaba2aa890
EXT3_DOC_160_NEW,EXT_E160,EXT3_DOC_160_NEW.txt,Regulation (EU) 2024/1689 official English PDF,https://op.europa.eu/o/opportal-service/download-handler?identifier=dc8116a1-3fe6-11ef-865a-01aa75ed71a1&format=PDF&language=en&productionSystem=cellar&part=,Publications Office of the European Union,,2026-08-27,,public_normative_retrieved_excerpt,EXTERNAL_PUBLIC_RAW_EXCERPT_WINDOW,Short raw source window retained for benchmark; source URL retained for audit.,3e2fb675841ea0f7ae9b3c35f4beaeba431e6f79ef2fb2c92838de03ef674af1,READY,,2026-08-27T12:28:31.189276+00:00,bba630444b3278e881066774002a1d7824308934f49ccfa203e65be43692f55e,e6fdba58accc0e9f50ba57fea27d64eac905023640f049679499bebbc4c6803e,PDF_TEXT,data\external-real-v6-normative-cache\text\op-europa-eu-ff0bc46d1e88b8fb.txt,5b36e9c88322b072af875d85dc472470ae25089a8d9185cf3ce7a71b4eb139e8
EXT3_DOC_160_OLD,EXT_E160,EXT3_DOC_160_OLD.txt,COM(2021) 206 AI Act proposal official English PDF,https://op.europa.eu/o/opportal-service/download-handler?identifier=e0649735-a372-11eb-9585-01aa75ed71a1&format=PDF&language=en&productionSystem=cellar&part=,Publications Office of the European Union,,,,public_normative_retrieved_excerpt,EXTERNAL_PUBLIC_RAW_EXCERPT_WINDOW,Short raw source window retained for benchmark; source URL retained for audit.,625b5fc30d3e8e8faf20639074db89e096981134364c92c5e6ab668ce44a80f3,READY,,2026-08-27T12:28:34.146019+00:00,13acbd87f8d69522220b79a95e7cab6f3c8a8c2ca71e59132bb6e938e646c7ae,819dc7847ce262bfb667abb39b774b2ddfbe3d70bd428337fa20120651f59893,ZIP_PDF_TEXT,data\external-real-v6-normative-cache\text\op-europa-eu-e23aaecd970c75dd.txt,81b6316343e0d0c3e4046c2cd30b762158ac50bbdccd7f90ac770657bd578f10
EXT3_DOC_161_NEW,EXT_E161,EXT3_DOC_161_NEW.txt,Regulation (EU) 2024/1689 official English PDF,https://op.europa.eu/o/opportal-service/download-handler?identifier=dc8116a1-3fe6-11ef-865a-01aa75ed71a1&format=PDF&language=en&productionSystem=cellar&part=,Publications Office of the European Union,,2026-08-27,,public_normative_retrieved_excerpt,EXTERNAL_PUBLIC_RAW_EXCERPT_WINDOW,Short raw source window retained for benchmark; source URL retained for audit.,5dc773d873faa0b1b7beafd2c4496722099d98f8471c325b11b03138ec825c5b,READY,,2026-08-27T12:28:31.189276+00:00,bba630444b3278e881066774002a1d7824308934f49ccfa203e65be43692f55e,e6fdba58accc0e9f50ba57fea27d64eac905023640f049679499bebbc4c6803e,PDF_TEXT,data\external-real-v6-normative-cache\text\op-europa-eu-ff0bc46d1e88b8fb.txt,85ac2d99a19d13a0fc6f57f7750ec358a0d10b83df06a7fee7daf658d71922c7
EXT3_DOC_161_OLD,EXT_E161,EXT3_DOC_161_OLD.txt,COM(2021) 206 AI Act proposal official English PDF,https://op.europa.eu/o/opportal-service/download-handler?identifier=e0649735-a372-11eb-9585-01aa75ed71a1&format=PDF&language=en&productionSystem=cellar&part=,Publications Office of the European Union,,,,public_normative_retrieved_excerpt,EXTERNAL_PUBLIC_RAW_EXCERPT_WINDOW,Short raw source window retained for benchmark; source URL retained for audit.,866aea9fbe378b8efabd974a339b1b668d7200be3ccf629755f0145a1c7d3398,READY,,2026-08-27T12:28:34.146019+00:00,13acbd87f8d69522220b79a95e7cab6f3c8a8c2ca71e59132bb6e938e646c7ae,819dc7847ce262bfb667abb39b774b2ddfbe3d70bd428337fa20120651f59893,ZIP_PDF_TEXT,data\external-real-v6-normative-cache\text\op-europa-eu-e23aaecd970c75dd.txt,87dc713fa56fe4cd9b4bfd29520fc2399ccd6778d7a16e60f7beee303ec9047b
EXT3_DOC_162_NEW,EXT_E162,EXT3_DOC_162_NEW.txt,Regulation (EU) 2024/1689 official English PDF,https://op.europa.eu/o/opportal-service/download-handler?identifier=dc8116a1-3fe6-11ef-865a-01aa75ed71a1&format=PDF&language=en&productionSystem=cellar&part=,Publications Office of the European Union,,2026-08-27,,public_normative_retrieved_excerpt,EXTERNAL_PUBLIC_RAW_EXCERPT_WINDOW,Short raw source window retained for benchmark; source URL retained for audit.,aa25de2ce2c2b1b7afe915ec1d4be444df35cd163fadd4c1ddb6906f2b052147,READY,,2026-08-27T12:28:31.189276+00:00,bba630444b3278e881066774002a1d7824308934f49ccfa203e65be43692f55e,e6fdba58accc0e9f50ba57fea27d64eac905023640f049679499bebbc4c6803e,PDF_TEXT,data\external-real-v6-normative-cache\text\op-europa-eu-ff0bc46d1e88b8fb.txt,59ef3739c332dfa8c1a64292e95a4cb89f30a8b4fa540f16a56bb44aa8667dc7
EXT3_DOC_162_OLD,EXT_E162,EXT3_DOC_162_OLD.txt,COM(2021) 206 AI Act proposal official English PDF,https://op.europa.eu/o/opportal-service/download-handler?identifier=e0649735-a372-11eb-9585-01aa75ed71a1&format=PDF&language=en&productionSystem=cellar&part=,Publications Office of the European Union,,,,public_normative_retrieved_excerpt,EXTERNAL_PUBLIC_RAW_EXCERPT_WINDOW,Short raw source window retained for benchmark; source URL retained for audit.,ff87d1d8106dbbd704712f4bdf5dbe7ab0ff709af643613c1caf69241f16331c,READY,,2026-08-27T12:28:34.146019+00:00,13acbd87f8d69522220b79a95e7cab6f3c8a8c2ca71e59132bb6e938e646c7ae,819dc7847ce262bfb667abb39b774b2ddfbe3d70bd428337fa20120651f59893,ZIP_PDF_TEXT,data\external-real-v6-normative-cache\text\op-europa-eu-e23aaecd970c75dd.txt,4422ff4255fba9df31cb9965f27a8c42a0ed0ac141ebf937507da6f79f1419c8
EXT3_DOC_163_NEW,EXT_E163,EXT3_DOC_163_NEW.txt,Regulation (EU) 2024/1689 official English PDF,https://op.europa.eu/o/opportal-service/download-handler?identifier=dc8116a1-3fe6-11ef-865a-01aa75ed71a1&format=PDF&language=en&productionSystem=cellar&part=,Publications Office of the European Union,,2026-08-27,,public_normative_retrieved_excerpt,EXTERNAL_PUBLIC_RAW_EXCERPT_WINDOW,Short raw source window retained for benchmark; source URL retained for audit.,4d66de453fbcddf7aeda53b326ab159822c6644c9c3169fddf77a79668e114d1,READY,,2026-08-27T12:28:31.189276+00:00,bba630444b3278e881066774002a1d7824308934f49ccfa203e65be43692f55e,e6fdba58accc0e9f50ba57fea27d64eac905023640f049679499bebbc4c6803e,PDF_TEXT,data\external-real-v6-normative-cache\text\op-europa-eu-ff0bc46d1e88b8fb.txt,19dc79f0be60721df648bf7f9c44b3d72fe2847c334f6f3efb32043ff9eed752
EXT3_DOC_163_OLD,EXT_E163,EXT3_DOC_163_OLD.txt,COM(2021) 206 AI Act proposal official English PDF,https://op.europa.eu/o/opportal-service/download-handler?identifier=e0649735-a372-11eb-9585-01aa75ed71a1&format=PDF&language=en&productionSystem=cellar&part=,Publications Office of the European Union,,,,public_normative_retrieved_excerpt,EXTERNAL_PUBLIC_RAW_EXCERPT_WINDOW,Short raw source window retained for benchmark; source URL retained for audit.,c7f3dc80b1be721eddf4897fde114463f3dc4093d9309f9dd0da163e1caec88d,READY,,2026-08-27T12:28:34.146019+00:00,13acbd87f8d69522220b79a95e7cab6f3c8a8c2ca71e59132bb6e938e646c7ae,819dc7847ce262bfb667abb39b774b2ddfbe3d70bd428337fa20120651f59893,ZIP_PDF_TEXT,data\external-real-v6-normative-cache\text\op-europa-eu-e23aaecd970c75dd.txt,5c992208e486220222568c2eae37f8e1880a8fb6981199eec6c089e03fa21542
EXT3_DOC_164_NEW,EXT_E164,EXT3_DOC_164_NEW.txt,Regulation (EU) 2024/1689 official English PDF,https://op.europa.eu/o/opportal-service/download-handler?identifier=dc8116a1-3fe6-11ef-865a-01aa75ed71a1&format=PDF&language=en&productionSystem=cellar&part=,Publications Office of the European Union,,2026-08-27,,public_normative_retrieved_excerpt,EXTERNAL_PUBLIC_RAW_EXCERPT_WINDOW,Short raw source window retained for benchmark; source URL retained for audit.,19ae79e5e3ae88ac3f273e442a4229bee6ecf0eff297cc5f0bdf1c9c36128157,READY,,2026-08-27T12:28:31.189276+00:00,bba630444b3278e881066774002a1d7824308934f49ccfa203e65be43692f55e,e6fdba58accc0e9f50ba57fea27d64eac905023640f049679499bebbc4c6803e,PDF_TEXT,data\external-real-v6-normative-cache\text\op-europa-eu-ff0bc46d1e88b8fb.txt,6f122cc831db662494413d18a2501c9090ac71a1cc4ad13769dd2ff018290bc5
EXT3_DOC_164_OLD,EXT_E164,EXT3_DOC_164_OLD.txt,COM(2021) 206 AI Act proposal official English PDF,https://op.europa.eu/o/opportal-service/download-handler?identifier=e0649735-a372-11eb-9585-01aa75ed71a1&format=PDF&language=en&productionSystem=cellar&part=,Publications Office of the European Union,,,,public_normative_retrieved_excerpt,EXTERNAL_PUBLIC_RAW_EXCERPT_WINDOW,Short raw source window retained for benchmark; source URL retained for audit.,d5e63300e96ee5777a84f36a8a064d592a4c29b9514f0f51d7f18bb9817c3947,READY,,2026-08-27T12:28:34.146019+00:00,13acbd87f8d69522220b79a95e7cab6f3c8a8c2ca71e59132bb6e938e646c7ae,819dc7847ce262bfb667abb39b774b2ddfbe3d70bd428337fa20120651f59893,ZIP_PDF_TEXT,data\external-real-v6-normative-cache\text\op-europa-eu-e23aaecd970c75dd.txt,2746d2ad8087fe27f709ab280f53a1c15aee5f092a6e23a1df04c9577090fa40
EXT3_DOC_165_NEW,EXT_E165,EXT3_DOC_165_NEW.txt,Regulation (EU) 2024/1689 official English PDF,https://op.europa.eu/o/opportal-service/download-handler?identifier=dc8116a1-3fe6-11ef-865a-01aa75ed71a1&format=PDF&language=en&productionSystem=cellar&part=,Publications Office of the European Union,,2026-08-27,,public_normative_retrieved_excerpt,EXTERNAL_PUBLIC_RAW_EXCERPT_WINDOW,Short raw source window retained for benchmark; source URL retained for audit.,073372e1953c34df3d2d890eba4d38759e9312dd4c0ad5c88814c2ab6f186594,READY,,2026-08-27T12:28:31.189276+00:00,bba630444b3278e881066774002a1d7824308934f49ccfa203e65be43692f55e,e6fdba58accc0e9f50ba57fea27d64eac905023640f049679499bebbc4c6803e,PDF_TEXT,data\external-real-v6-normative-cache\text\op-europa-eu-ff0bc46d1e88b8fb.txt,79a123d8e2916094caf492efcb1623f086cf9437e7d4e3f34a028908fa57ce42
EXT3_DOC_165_OLD,EXT_E165,EXT3_DOC_165_OLD.txt,COM(2021) 206 AI Act proposal official English PDF,https://op.europa.eu/o/opportal-service/download-handler?identifier=e0649735-a372-11eb-9585-01aa75ed71a1&format=PDF&language=en&productionSystem=cellar&part=,Publications Office of the European Union,,,,public_normative_retrieved_excerpt,EXTERNAL_PUBLIC_RAW_EXCERPT_WINDOW,Short raw source window retained for benchmark; source URL retained for audit.,8dd6d4e5388f3d6594d47a9cf2e5ae42f770f200fd8f44ebf412a59b06ad64a1,READY,,2026-08-27T12:28:34.146019+00:00,13acbd87f8d69522220b79a95e7cab6f3c8a8c2ca71e59132bb6e938e646c7ae,819dc7847ce262bfb667abb39b774b2ddfbe3d70bd428337fa20120651f59893,ZIP_PDF_TEXT,data\external-real-v6-normative-cache\text\op-europa-eu-e23aaecd970c75dd.txt,aa014ed4bdb73b483455ac7402028943fc0b3ec44e2d0d060793bc1962631a48
EXT3_DOC_166_NEW,EXT_E166,EXT3_DOC_166_NEW.txt,Regulation (EU) 2024/1689 official English PDF,https://op.europa.eu/o/opportal-service/download-handler?identifier=dc8116a1-3fe6-11ef-865a-01aa75ed71a1&format=PDF&language=en&productionSystem=cellar&part=,Publications Office of the European Union,,2026-08-27,,public_normative_retrieved_excerpt,EXTERNAL_PUBLIC_RAW_EXCERPT_WINDOW,Short raw source window retained for benchmark; source URL retained for audit.,92c6d4a6c524fd9e1df4e311e0fa754c3784b3049432348f4eefc04765c40adf,READY,,2026-08-27T12:28:31.189276+00:00,bba630444b3278e881066774002a1d7824308934f49ccfa203e65be43692f55e,e6fdba58accc0e9f50ba57fea27d64eac905023640f049679499bebbc4c6803e,PDF_TEXT,data\external-real-v6-normative-cache\text\op-europa-eu-ff0bc46d1e88b8fb.txt,ad23a1181d44e0ca410e0afb156cd7279f2435b1b10d6cdad6e72af7573bd06d
EXT3_DOC_166_OLD,EXT_E166,EXT3_DOC_166_OLD.txt,COM(2021) 206 AI Act proposal official English PDF,https://op.europa.eu/o/opportal-service/download-handler?identifier=e0649735-a372-11eb-9585-01aa75ed71a1&format=PDF&language=en&productionSystem=cellar&part=,Publications Office of the European Union,,,,public_normative_retrieved_excerpt,EXTERNAL_PUBLIC_RAW_EXCERPT_WINDOW,Short raw source window retained for benchmark; source URL retained for audit.,c7f3dc80b1be721eddf4897fde114463f3dc4093d9309f9dd0da163e1caec88d,READY,,2026-08-27T12:28:34.146019+00:00,13acbd87f8d69522220b79a95e7cab6f3c8a8c2ca71e59132bb6e938e646c7ae,819dc7847ce262bfb667abb39b774b2ddfbe3d70bd428337fa20120651f59893,ZIP_PDF_TEXT,data\external-real-v6-normative-cache\text\op-europa-eu-e23aaecd970c75dd.txt,5c992208e486220222568c2eae37f8e1880a8fb6981199eec6c089e03fa21542
EXT3_DOC_167_NEW,EXT_E167,EXT3_DOC_167_NEW.txt,Regulation (EU) 2024/1689 official English PDF,https://op.europa.eu/o/opportal-service/download-handler?identifier=dc8116a1-3fe6-11ef-865a-01aa75ed71a1&format=PDF&language=en&productionSystem=cellar&part=,Publications Office of the European Union,,2026-08-27,,public_normative_retrieved_excerpt,EXTERNAL_PUBLIC_RAW_EXCERPT_WINDOW,Short raw source window retained for benchmark; source URL retained for audit.,fa3413044ad339bc97f9395c1852297b4d577fb19d2d6e8bbaa85fca1a2824fb,READY,,2026-08-27T12:28:31.189276+00:00,bba630444b3278e881066774002a1d7824308934f49ccfa203e65be43692f55e,e6fdba58accc0e9f50ba57fea27d64eac905023640f049679499bebbc4c6803e,PDF_TEXT,data\external-real-v6-normative-cache\text\op-europa-eu-ff0bc46d1e88b8fb.txt,af27ed13ae49a0402dccbf46a8c927d56d4c47f4c6c5c30f0393fa054b19cb40
EXT3_DOC_167_OLD,EXT_E167,EXT3_DOC_167_OLD.txt,COM(2021) 206 AI Act proposal official English PDF,https://op.europa.eu/o/opportal-service/download-handler?identifier=e0649735-a372-11eb-9585-01aa75ed71a1&format=PDF&language=en&productionSystem=cellar&part=,Publications Office of the European Union,,,,public_normative_retrieved_excerpt,EXTERNAL_PUBLIC_RAW_EXCERPT_WINDOW,Short raw source window retained for benchmark; source URL retained for audit.,8919840a07129a526652d1f87f0d6e976977f503bf3c100d0a2650f0cb0577f1,READY,,2026-08-27T12:28:34.146019+00:00,13acbd87f8d69522220b79a95e7cab6f3c8a8c2ca71e59132bb6e938e646c7ae,819dc7847ce262bfb667abb39b774b2ddfbe3d70bd428337fa20120651f59893,ZIP_PDF_TEXT,data\external-real-v6-normative-cache\text\op-europa-eu-e23aaecd970c75dd.txt,32f9d63fa19ac1592c0133ef92a92caa6a9da6093b3dfbb1078aa9ed42c71b65
EXT3_DOC_168_NEW,EXT_E168,EXT3_DOC_168_NEW.txt,Regulation (EU) 2024/1689 official English PDF,https://op.europa.eu/o/opportal-service/download-handler?identifier=dc8116a1-3fe6-11ef-865a-01aa75ed71a1&format=PDF&language=en&productionSystem=cellar&part=,Publications Office of the European Union,,2026-08-27,,public_normative_retrieved_excerpt,EXTERNAL_PUBLIC_RAW_EXCERPT_WINDOW,Short raw source window retained for benchmark; source URL retained for audit.,79e8c1651ad246534f2f3a1272301614fb31883f9f3c4fbafaa65f9aef1932b0,READY,,2026-08-27T12:28:31.189276+00:00,bba630444b3278e881066774002a1d7824308934f49ccfa203e65be43692f55e,e6fdba58accc0e9f50ba57fea27d64eac905023640f049679499bebbc4c6803e,PDF_TEXT,data\external-real-v6-normative-cache\text\op-europa-eu-ff0bc46d1e88b8fb.txt,a413533cdc30265835626094fab1a891fb3166f373fb20836da24d5587b46b9b
EXT3_DOC_168_OLD,EXT_E168,EXT3_DOC_168_OLD.txt,COM(2021) 206 AI Act proposal official English PDF,https://op.europa.eu/o/opportal-service/download-handler?identifier=e0649735-a372-11eb-9585-01aa75ed71a1&format=PDF&language=en&productionSystem=cellar&part=,Publications Office of the European Union,,,,public_normative_retrieved_excerpt,EXTERNAL_PUBLIC_RAW_EXCERPT_WINDOW,Short raw source window retained for benchmark; source URL retained for audit.,88ecbf35e610d0b4ea7063941078fab580cd94d1250ae3dd67ead780aad65ff7,READY,,2026-08-27T12:28:34.146019+00:00,13acbd87f8d69522220b79a95e7cab6f3c8a8c2ca71e59132bb6e938e646c7ae,819dc7847ce262bfb667abb39b774b2ddfbe3d70bd428337fa20120651f59893,ZIP_PDF_TEXT,data\external-real-v6-normative-cache\text\op-europa-eu-e23aaecd970c75dd.txt,39e0cbd77e4dbd6bde5f7dc97a357684d190140a71e8a589b7b12d3e6639015f
EXT3_DOC_169_NEW,EXT_E169,EXT3_DOC_169_NEW.txt,Regulation (EU) 2024/1689 official English PDF,https://op.europa.eu/o/opportal-service/download-handler?identifier=dc8116a1-3fe6-11ef-865a-01aa75ed71a1&format=PDF&language=en&productionSystem=cellar&part=,Publications Office of the European Union,,2026-08-27,,public_normative_retrieved_excerpt,EXTERNAL_PUBLIC_RAW_EXCERPT_WINDOW,Short raw source window retained for benchmark; source URL retained for audit.,ab0080bd041180c67bbc2b0560ccc03f65128fa00a4ff40ecd39dbe49fb951b5,READY,,2026-08-27T12:28:31.189276+00:00,bba630444b3278e881066774002a1d7824308934f49ccfa203e65be43692f55e,e6fdba58accc0e9f50ba57fea27d64eac905023640f049679499bebbc4c6803e,PDF_TEXT,data\external-real-v6-normative-cache\text\op-europa-eu-ff0bc46d1e88b8fb.txt,cecf7965ceb098a346e5429c2a4f5b21cda8b72b6c6bde9aa61684c3ef063a01
EXT3_DOC_169_OLD,EXT_E169,EXT3_DOC_169_OLD.txt,COM(2021) 206 AI Act proposal official English PDF,https://op.europa.eu/o/opportal-service/download-handler?identifier=e0649735-a372-11eb-9585-01aa75ed71a1&format=PDF&language=en&productionSystem=cellar&part=,Publications Office of the European Union,,,,public_normative_retrieved_excerpt,EXTERNAL_PUBLIC_RAW_EXCERPT_WINDOW,Short raw source window retained for benchmark; source URL retained for audit.,6e6c92d9ce28b0ba291979b1f479a28347bc4e908c0c44140fd1348bf1c414a3,READY,,2026-08-27T12:28:34.146019+00:00,13acbd87f8d69522220b79a95e7cab6f3c8a8c2ca71e59132bb6e938e646c7ae,819dc7847ce262bfb667abb39b774b2ddfbe3d70bd428337fa20120651f59893,ZIP_PDF_TEXT,data\external-real-v6-normative-cache\text\op-europa-eu-e23aaecd970c75dd.txt,e57c6f3cbaa4b1e612982b20625d943780d59a6ec4a1e837a73b8c534eed9b20
EXT3_DOC_170_NEW,EXT_E170,EXT3_DOC_170_NEW.txt,Regulation (EU) 2024/1689 official English PDF,https://op.europa.eu/o/opportal-service/download-handler?identifier=dc8116a1-3fe6-11ef-865a-01aa75ed71a1&format=PDF&language=en&productionSystem=cellar&part=,Publications Office of the European Union,,2026-08-27,,public_normative_retrieved_excerpt,EXTERNAL_PUBLIC_RAW_EXCERPT_WINDOW,Short raw source window retained for benchmark; source URL retained for audit.,0b822a938ad36c260e444b71cc28b870c0a6c11d016c178299aa0f63b2a4152b,READY,,2026-08-27T12:28:31.189276+00:00,bba630444b3278e881066774002a1d7824308934f49ccfa203e65be43692f55e,e6fdba58accc0e9f50ba57fea27d64eac905023640f049679499bebbc4c6803e,PDF_TEXT,data\external-real-v6-normative-cache\text\op-europa-eu-ff0bc46d1e88b8fb.txt,d68c8920866fdffd18a6860daace3db97a74c2d6e04417cb2e70cad874f3af7e
EXT3_DOC_170_OLD,EXT_E170,EXT3_DOC_170_OLD.txt,COM(2021) 206 AI Act proposal official English PDF,https://op.europa.eu/o/opportal-service/download-handler?identifier=e0649735-a372-11eb-9585-01aa75ed71a1&format=PDF&language=en&productionSystem=cellar&part=,Publications Office of the European Union,,,,public_normative_retrieved_excerpt,EXTERNAL_PUBLIC_RAW_EXCERPT_WINDOW,Short raw source window retained for benchmark; source URL retained for audit.,f938aab39db8fe3ce17bef2ad03ae4a1fcca9d88394af3b5811d63d22eeee4be,READY,,2026-08-27T12:28:34.146019+00:00,13acbd87f8d69522220b79a95e7cab6f3c8a8c2ca71e59132bb6e938e646c7ae,819dc7847ce262bfb667abb39b774b2ddfbe3d70bd428337fa20120651f59893,ZIP_PDF_TEXT,data\external-real-v6-normative-cache\text\op-europa-eu-e23aaecd970c75dd.txt,59d30627aec402ecceaa1a21ac4cc3936320db837e6f43ec880a38927449a14f
EXT3_DOC_171_NEW,EXT_E171,EXT3_DOC_171_NEW.txt,Regulation (EU) 2024/1689 official English PDF,https://op.europa.eu/o/opportal-service/download-handler?identifier=dc8116a1-3fe6-11ef-865a-01aa75ed71a1&format=PDF&language=en&productionSystem=cellar&part=,Publications Office of the European Union,,2026-08-27,,public_normative_retrieved_excerpt,EXTERNAL_PUBLIC_RAW_EXCERPT_WINDOW,Short raw source window retained for benchmark; source URL retained for audit.,d5411c0b2533bdd7e92e99a148a70c83148676c62be86a56ebce5035a6c58b63,READY,,2026-08-27T12:28:31.189276+00:00,bba630444b3278e881066774002a1d7824308934f49ccfa203e65be43692f55e,e6fdba58accc0e9f50ba57fea27d64eac905023640f049679499bebbc4c6803e,PDF_TEXT,data\external-real-v6-normative-cache\text\op-europa-eu-ff0bc46d1e88b8fb.txt,d614457b9de82bc7e924ee9704f59251752e63872f4f03be07188b38e93f5ff9
EXT3_DOC_171_OLD,EXT_E171,EXT3_DOC_171_OLD.txt,COM(2021) 206 AI Act proposal official English PDF,https://op.europa.eu/o/opportal-service/download-handler?identifier=e0649735-a372-11eb-9585-01aa75ed71a1&format=PDF&language=en&productionSystem=cellar&part=,Publications Office of the European Union,,,,public_normative_retrieved_excerpt,EXTERNAL_PUBLIC_RAW_EXCERPT_WINDOW,Short raw source window retained for benchmark; source URL retained for audit.,fbbe8d8612f1f7e6f8baaaffa57a33f88ddea7f478a165c0459cae72ca4efa0e,READY,,2026-08-27T12:28:34.146019+00:00,13acbd87f8d69522220b79a95e7cab6f3c8a8c2ca71e59132bb6e938e646c7ae,819dc7847ce262bfb667abb39b774b2ddfbe3d70bd428337fa20120651f59893,ZIP_PDF_TEXT,data\external-real-v6-normative-cache\text\op-europa-eu-e23aaecd970c75dd.txt,c76bb4e74ec7c10baad565798aa4a9ac98a0a0037c3fc198f258a9af6727316a
EXT3_DOC_172_NEW,EXT_E172,EXT3_DOC_172_NEW.txt,Regulation (EU) 2024/1689 official English PDF,https://op.europa.eu/o/opportal-service/download-handler?identifier=dc8116a1-3fe6-11ef-865a-01aa75ed71a1&format=PDF&language=en&productionSystem=cellar&part=,Publications Office of the European Union,,2026-08-27,,public_normative_retrieved_excerpt,EXTERNAL_PUBLIC_RAW_EXCERPT_WINDOW,Short raw source window retained for benchmark; source URL retained for audit.,073372e1953c34df3d2d890eba4d38759e9312dd4c0ad5c88814c2ab6f186594,READY,,2026-08-27T12:28:31.189276+00:00,bba630444b3278e881066774002a1d7824308934f49ccfa203e65be43692f55e,e6fdba58accc0e9f50ba57fea27d64eac905023640f049679499bebbc4c6803e,PDF_TEXT,data\external-real-v6-normative-cache\text\op-europa-eu-ff0bc46d1e88b8fb.txt,79a123d8e2916094caf492efcb1623f086cf9437e7d4e3f34a028908fa57ce42
EXT3_DOC_172_OLD,EXT_E172,EXT3_DOC_172_OLD.txt,COM(2021) 206 AI Act proposal official English PDF,https://op.europa.eu/o/opportal-service/download-handler?identifier=e0649735-a372-11eb-9585-01aa75ed71a1&format=PDF&language=en&productionSystem=cellar&part=,Publications Office of the European Union,,,,public_normative_retrieved_excerpt,EXTERNAL_PUBLIC_RAW_EXCERPT_WINDOW,Short raw source window retained for benchmark; source URL retained for audit.,c7f3dc80b1be721eddf4897fde114463f3dc4093d9309f9dd0da163e1caec88d,READY,,2026-08-27T12:28:34.146019+00:00,13acbd87f8d69522220b79a95e7cab6f3c8a8c2ca71e59132bb6e938e646c7ae,819dc7847ce262bfb667abb39b774b2ddfbe3d70bd428337fa20120651f59893,ZIP_PDF_TEXT,data\external-real-v6-normative-cache\text\op-europa-eu-e23aaecd970c75dd.txt,5c992208e486220222568c2eae37f8e1880a8fb6981199eec6c089e03fa21542
EXT3_DOC_173_NEW,EXT_E173,EXT3_DOC_173_NEW.txt,Regulation (EU) 2024/1689 official English PDF,https://op.europa.eu/o/opportal-service/download-handler?identifier=dc8116a1-3fe6-11ef-865a-01aa75ed71a1&format=PDF&language=en&productionSystem=cellar&part=,Publications Office of the European Union,,2026-08-27,,public_normative_retrieved_excerpt,EXTERNAL_PUBLIC_RAW_EXCERPT_WINDOW,Short raw source window retained for benchmark; source URL retained for audit.,073372e1953c34df3d2d890eba4d38759e9312dd4c0ad5c88814c2ab6f186594,READY,,2026-08-27T12:28:31.189276+00:00,bba630444b3278e881066774002a1d7824308934f49ccfa203e65be43692f55e,e6fdba58accc0e9f50ba57fea27d64eac905023640f049679499bebbc4c6803e,PDF_TEXT,data\external-real-v6-normative-cache\text\op-europa-eu-ff0bc46d1e88b8fb.txt,79a123d8e2916094caf492efcb1623f086cf9437e7d4e3f34a028908fa57ce42
EXT3_DOC_173_OLD,EXT_E173,EXT3_DOC_173_OLD.txt,COM(2021) 206 AI Act proposal official English PDF,https://op.europa.eu/o/opportal-service/download-handler?identifier=e0649735-a372-11eb-9585-01aa75ed71a1&format=PDF&language=en&productionSystem=cellar&part=,Publications Office of the European Union,,,,public_normative_retrieved_excerpt,EXTERNAL_PUBLIC_RAW_EXCERPT_WINDOW,Short raw source window retained for benchmark; source URL retained for audit.,c7f3dc80b1be721eddf4897fde114463f3dc4093d9309f9dd0da163e1caec88d,READY,,2026-08-27T12:28:34.146019+00:00,13acbd87f8d69522220b79a95e7cab6f3c8a8c2ca71e59132bb6e938e646c7ae,819dc7847ce262bfb667abb39b774b2ddfbe3d70bd428337fa20120651f59893,ZIP_PDF_TEXT,data\external-real-v6-normative-cache\text\op-europa-eu-e23aaecd970c75dd.txt,5c992208e486220222568c2eae37f8e1880a8fb6981199eec6c089e03fa21542
EXT3_DOC_174_NEW,EXT_E174,EXT3_DOC_174_NEW.txt,FDA 2025 premarket cybersecurity guidance notice raw text,https://www.federalregister.gov/documents/full_text/html/2025/06/27/2025-11669.html,Federal Register,,2026-08-27,,public_normative_retrieved_excerpt,EXTERNAL_PUBLIC_RAW_EXCERPT_WINDOW,Short raw source window retained for benchmark; source URL retained for audit.,66b85bcf24a66bddc1ee7d321d1f48c49ed83667ea9098ec65b92b0fa9a197c7,READY,,2026-08-27T12:28:57.695940+00:00,1dab9351bc9391e594e3d13f1745384e84257dbf5379f0cb95847ecfc5c679a5,4161e9ee37a1ee4c00b2587b607835801e3c437c1d150742c21b6f09bedb9128,PLAIN_TEXT,data\external-real-v6-normative-cache\text\www-federalregister-gov-8cc4de8fca2432db.txt,5348b884efa2d32b1334aff3073c0abadd2448d97676408da9b6013833aa78cb
EXT3_DOC_174_OLD,EXT_E174,EXT3_DOC_174_OLD.txt,FDA 2023 premarket cybersecurity guidance notice raw text,https://www.federalregister.gov/documents/full_text/html/2023/09/29/2023-21450.html,Federal Register,,,,public_normative_retrieved_excerpt,EXTERNAL_PUBLIC_RAW_EXCERPT_WINDOW,Short raw source window retained for benchmark; source URL retained for audit.,9a6280bc482e4b58b9dfb45d8747e78a417307b8360f508a91ed00723e1a8854,READY,,2026-08-27T12:28:56.781556+00:00,e58c368175cba46018c24084a4295333a950f3e90b9635c492b52957f0341cb4,c7ee51762dc061fbde4eeb02f77ad360f5e4215d99fe75ee52831faaef8418f4,PLAIN_TEXT,data\external-real-v6-normative-cache\text\www-federalregister-gov-427a5ab420824374.txt,c3695946cc43b56b05fd7d5b77debaffff2aeabe80f0bc980b7b8951c1eeacb3
EXT3_DOC_175_NEW,EXT_E175,EXT3_DOC_175_NEW.txt,FDA 2025 premarket cybersecurity guidance notice raw text,https://www.federalregister.gov/documents/full_text/html/2025/06/27/2025-11669.html,Federal Register,,2026-08-27,,public_normative_retrieved_excerpt,EXTERNAL_PUBLIC_RAW_EXCERPT_WINDOW,Short raw source window retained for benchmark; source URL retained for audit.,c85211e1bff5cf527783ab2979d4aa6b04547a829b9ae5e2528afe8e49124291,READY,,2026-08-27T12:28:57.695940+00:00,1dab9351bc9391e594e3d13f1745384e84257dbf5379f0cb95847ecfc5c679a5,4161e9ee37a1ee4c00b2587b607835801e3c437c1d150742c21b6f09bedb9128,PLAIN_TEXT,data\external-real-v6-normative-cache\text\www-federalregister-gov-8cc4de8fca2432db.txt,0b91e7771140173885edb701b5d71325d17e5c4905888eec380e1409f6ca92d7
EXT3_DOC_175_OLD,EXT_E175,EXT3_DOC_175_OLD.txt,FDA 2023 premarket cybersecurity guidance notice raw text,https://www.federalregister.gov/documents/full_text/html/2023/09/29/2023-21450.html,Federal Register,,,,public_normative_retrieved_excerpt,EXTERNAL_PUBLIC_RAW_EXCERPT_WINDOW,Short raw source window retained for benchmark; source URL retained for audit.,7092a8c663b40f91328074d80e42aeddb12096fa5430f8ac1030ec5050ff11bc,READY,,2026-08-27T12:28:56.781556+00:00,e58c368175cba46018c24084a4295333a950f3e90b9635c492b52957f0341cb4,c7ee51762dc061fbde4eeb02f77ad360f5e4215d99fe75ee52831faaef8418f4,PLAIN_TEXT,data\external-real-v6-normative-cache\text\www-federalregister-gov-427a5ab420824374.txt,11c6a4c90a96cfb8dc3a289f49963c4d27e428e3c73387860c1382416320ef8f
EXT3_DOC_176_NEW,EXT_E176,EXT3_DOC_176_NEW.txt,FDA 2025 premarket cybersecurity guidance notice raw text,https://www.federalregister.gov/documents/full_text/html/2025/06/27/2025-11669.html,Federal Register,,2026-08-27,,public_normative_retrieved_excerpt,EXTERNAL_PUBLIC_RAW_EXCERPT_WINDOW,Short raw source window retained for benchmark; source URL retained for audit.,5d4c9836218ea61e2f3ba699022a1a85294d61df5c0578adaf16d67e7e2465fc,READY,,2026-08-27T12:28:57.695940+00:00,1dab9351bc9391e594e3d13f1745384e84257dbf5379f0cb95847ecfc5c679a5,4161e9ee37a1ee4c00b2587b607835801e3c437c1d150742c21b6f09bedb9128,PLAIN_TEXT,data\external-real-v6-normative-cache\text\www-federalregister-gov-8cc4de8fca2432db.txt,585213360860b33e84593a287fe596ddc1f68a4e0b7b8147e992448cd8b0da42
EXT3_DOC_176_OLD,EXT_E176,EXT3_DOC_176_OLD.txt,FDA 2023 premarket cybersecurity guidance notice raw text,https://www.federalregister.gov/documents/full_text/html/2023/09/29/2023-21450.html,Federal Register,,,,public_normative_retrieved_excerpt,EXTERNAL_PUBLIC_RAW_EXCERPT_WINDOW,Short raw source window retained for benchmark; source URL retained for audit.,3e21236d38bb6959a780e711a3e2a5354957011e988ef77ca5a31920733fa66d,READY,,2026-08-27T12:28:56.781556+00:00,e58c368175cba46018c24084a4295333a950f3e90b9635c492b52957f0341cb4,c7ee51762dc061fbde4eeb02f77ad360f5e4215d99fe75ee52831faaef8418f4,PLAIN_TEXT,data\external-real-v6-normative-cache\text\www-federalregister-gov-427a5ab420824374.txt,bc838ab6ddd0bdedc3133f2829cb413f4c3a173d6d3f016da6a275e82f7ef98d
EXT3_DOC_177_NEW,EXT_E177,EXT3_DOC_177_NEW.txt,FDA 2025 premarket cybersecurity guidance notice raw text,https://www.federalregister.gov/documents/full_text/html/2025/06/27/2025-11669.html,Federal Register,,2026-08-27,,public_normative_retrieved_excerpt,EXTERNAL_PUBLIC_RAW_EXCERPT_WINDOW,Short raw source window retained for benchmark; source URL retained for audit.,6e0a7fffef0dd007d76ab8b01ddad5b9dcc2bcecf7f8a2d7eaad850e04eda313,READY,,2026-08-27T12:28:57.695940+00:00,1dab9351bc9391e594e3d13f1745384e84257dbf5379f0cb95847ecfc5c679a5,4161e9ee37a1ee4c00b2587b607835801e3c437c1d150742c21b6f09bedb9128,PLAIN_TEXT,data\external-real-v6-normative-cache\text\www-federalregister-gov-8cc4de8fca2432db.txt,c474ac761393ae688626b436721b6f513558c9559ac8d278d25bb88867109cc6
EXT3_DOC_177_OLD,EXT_E177,EXT3_DOC_177_OLD.txt,FDA 2023 premarket cybersecurity guidance notice raw text,https://www.federalregister.gov/documents/full_text/html/2023/09/29/2023-21450.html,Federal Register,,,,public_normative_retrieved_excerpt,EXTERNAL_PUBLIC_RAW_EXCERPT_WINDOW,Short raw source window retained for benchmark; source URL retained for audit.,f8d8ab979eb214f0fbf91d97ba6478636ffff23c2776f4cdae0561feacd44b5d,READY,,2026-08-27T12:28:56.781556+00:00,e58c368175cba46018c24084a4295333a950f3e90b9635c492b52957f0341cb4,c7ee51762dc061fbde4eeb02f77ad360f5e4215d99fe75ee52831faaef8418f4,PLAIN_TEXT,data\external-real-v6-normative-cache\text\www-federalregister-gov-427a5ab420824374.txt,262529f59f78e8d68665489e3c2bec63a418247b898c1036fc47c6b73e55c88a
EXT3_DOC_178_NEW,EXT_E178,EXT3_DOC_178_NEW.txt,FDA 2025 premarket cybersecurity guidance notice raw text,https://www.federalregister.gov/documents/full_text/html/2025/06/27/2025-11669.html,Federal Register,,2026-08-27,,public_normative_retrieved_excerpt,EXTERNAL_PUBLIC_RAW_EXCERPT_WINDOW,Short raw source window retained for benchmark; source URL retained for audit.,66b85bcf24a66bddc1ee7d321d1f48c49ed83667ea9098ec65b92b0fa9a197c7,READY,,2026-08-27T12:28:57.695940+00:00,1dab9351bc9391e594e3d13f1745384e84257dbf5379f0cb95847ecfc5c679a5,4161e9ee37a1ee4c00b2587b607835801e3c437c1d150742c21b6f09bedb9128,PLAIN_TEXT,data\external-real-v6-normative-cache\text\www-federalregister-gov-8cc4de8fca2432db.txt,5348b884efa2d32b1334aff3073c0abadd2448d97676408da9b6013833aa78cb
EXT3_DOC_178_OLD,EXT_E178,EXT3_DOC_178_OLD.txt,FDA 2023 premarket cybersecurity guidance notice raw text,https://www.federalregister.gov/documents/full_text/html/2023/09/29/2023-21450.html,Federal Register,,,,public_normative_retrieved_excerpt,EXTERNAL_PUBLIC_RAW_EXCERPT_WINDOW,Short raw source window retained for benchmark; source URL retained for audit.,f8d8ab979eb214f0fbf91d97ba6478636ffff23c2776f4cdae0561feacd44b5d,READY,,2026-08-27T12:28:56.781556+00:00,e58c368175cba46018c24084a4295333a950f3e90b9635c492b52957f0341cb4,c7ee51762dc061fbde4eeb02f77ad360f5e4215d99fe75ee52831faaef8418f4,PLAIN_TEXT,data\external-real-v6-normative-cache\text\www-federalregister-gov-427a5ab420824374.txt,262529f59f78e8d68665489e3c2bec63a418247b898c1036fc47c6b73e55c88a
EXT3_DOC_179_NEW,EXT_E179,EXT3_DOC_179_NEW.txt,FDA 2025 premarket cybersecurity guidance notice raw text,https://www.federalregister.gov/documents/full_text/html/2025/06/27/2025-11669.html,Federal Register,,2026-08-27,,public_normative_retrieved_excerpt,EXTERNAL_PUBLIC_RAW_EXCERPT_WINDOW,Short raw source window retained for benchmark; source URL retained for audit.,178d552db373ce6a48a6ef5717e835d24a34f52f5c55c7d0742f78a4d29d0542,READY,,2026-08-27T12:28:57.695940+00:00,1dab9351bc9391e594e3d13f1745384e84257dbf5379f0cb95847ecfc5c679a5,4161e9ee37a1ee4c00b2587b607835801e3c437c1d150742c21b6f09bedb9128,PLAIN_TEXT,data\external-real-v6-normative-cache\text\www-federalregister-gov-8cc4de8fca2432db.txt,f2965e2ab209a975a339aae97f198d52e0a0e6fd1c3ec52bf47d5756c68ea7fc
EXT3_DOC_179_OLD,EXT_E179,EXT3_DOC_179_OLD.txt,FDA 2023 premarket cybersecurity guidance notice raw text,https://www.federalregister.gov/documents/full_text/html/2023/09/29/2023-21450.html,Federal Register,,,,public_normative_retrieved_excerpt,EXTERNAL_PUBLIC_RAW_EXCERPT_WINDOW,Short raw source window retained for benchmark; source URL retained for audit.,f8d8ab979eb214f0fbf91d97ba6478636ffff23c2776f4cdae0561feacd44b5d,READY,,2026-08-27T12:28:56.781556+00:00,e58c368175cba46018c24084a4295333a950f3e90b9635c492b52957f0341cb4,c7ee51762dc061fbde4eeb02f77ad360f5e4215d99fe75ee52831faaef8418f4,PLAIN_TEXT,data\external-real-v6-normative-cache\text\www-federalregister-gov-427a5ab420824374.txt,262529f59f78e8d68665489e3c2bec63a418247b898c1036fc47c6b73e55c88a
EXT3_DOC_180_NEW,EXT_E180,EXT3_DOC_180_NEW.txt,FDA 2025 premarket cybersecurity guidance notice raw text,https://www.federalregister.gov/documents/full_text/html/2025/06/27/2025-11669.html,Federal Register,,2026-08-27,,public_normative_retrieved_excerpt,EXTERNAL_PUBLIC_RAW_EXCERPT_WINDOW,Short raw source window retained for benchmark; source URL retained for audit.,cdc72fe87be61afde49faeb4bcf378c242340e30fa10fec94c0a302a5c63bc01,READY,,2026-08-27T12:28:57.695940+00:00,1dab9351bc9391e594e3d13f1745384e84257dbf5379f0cb95847ecfc5c679a5,4161e9ee37a1ee4c00b2587b607835801e3c437c1d150742c21b6f09bedb9128,PLAIN_TEXT,data\external-real-v6-normative-cache\text\www-federalregister-gov-8cc4de8fca2432db.txt,1492f3eacb5bcdf9d78c641a7796acdccab618e7783e4421f06afc6ffb440a43
EXT3_DOC_180_OLD,EXT_E180,EXT3_DOC_180_OLD.txt,FDA 2023 premarket cybersecurity guidance notice raw text,https://www.federalregister.gov/documents/full_text/html/2023/09/29/2023-21450.html,Federal Register,,,,public_normative_retrieved_excerpt,EXTERNAL_PUBLIC_RAW_EXCERPT_WINDOW,Short raw source window retained for benchmark; source URL retained for audit.,f8d8ab979eb214f0fbf91d97ba6478636ffff23c2776f4cdae0561feacd44b5d,READY,,2026-08-27T12:28:56.781556+00:00,e58c368175cba46018c24084a4295333a950f3e90b9635c492b52957f0341cb4,c7ee51762dc061fbde4eeb02f77ad360f5e4215d99fe75ee52831faaef8418f4,PLAIN_TEXT,data\external-real-v6-normative-cache\text\www-federalregister-gov-427a5ab420824374.txt,262529f59f78e8d68665489e3c2bec63a418247b898c1036fc47c6b73e55c88a
EXT3_DOC_181_NEW,EXT_E181,EXT3_DOC_181_NEW.txt,FDA postmarket cybersecurity final-guidance notice 2016,https://public-inspection.federalregister.gov/2016-31406.pdf,Federal Register public inspection,,2026-08-27,,public_normative_retrieved_excerpt,EXTERNAL_PUBLIC_RAW_EXCERPT_WINDOW,Short raw source window retained for benchmark; source URL retained for audit.,f2ad8565bb0b462d3d4db118f56b2bc5475d14ca205efc58fd6180dd114345cd,READY,,2026-08-27T12:28:46.132883+00:00,c2896de39af9d03298f38e837aaab76c5549a4e0cb9e6ee5170ff7ac8eb854a2,03b4397df50c1083616bf60f34e41df2e3dfcfeca14e20bbfcb374e032ccd40f,PDF_TEXT,data\external-real-v6-normative-cache\text\public-inspection-federalregister-gov-c272e84a76979c05.txt,ffca5cb27fe168d1b2660de8c45b51142a8bf9688e0ea86f40ee713406a0a8d1
EXT3_DOC_181_OLD,EXT_E181,EXT3_DOC_181_OLD.txt,FDA postmarket cybersecurity draft-guidance notice 2016,https://public-inspection.federalregister.gov/2016-01172.pdf,Federal Register public inspection,,,,public_normative_retrieved_excerpt,EXTERNAL_PUBLIC_RAW_EXCERPT_WINDOW,Short raw source window retained for benchmark; source URL retained for audit.,4e76e82092347c025825c653e5962bb96dea7b7ea0d1c6ac732b4676d7e8723b,READY,,2026-08-27T12:28:44.717044+00:00,c28bd7e33720256ce89ee174a0837a4c342ba2532f39f86fcff12502089a94b7,6f0103ca905e5ec59b2310ffed96d34377fcf44d655994ecab749a87c2fd6eb1,PDF_TEXT,data\external-real-v6-normative-cache\text\public-inspection-federalregister-gov-3f34d86553cf1c1d.txt,5d653bab43441322e04c538ef3b56546d479d50d49b9c74e2b8ffe3597349127
EXT3_DOC_183_NEW,EXT_E183,EXT3_DOC_183_NEW.txt,FDA 2025 premarket cybersecurity guidance notice raw text,https://www.federalregister.gov/documents/full_text/html/2025/06/27/2025-11669.html,Federal Register,,2026-08-27,,public_normative_retrieved_excerpt,EXTERNAL_PUBLIC_RAW_EXCERPT_WINDOW,Short raw source window retained for benchmark; source URL retained for audit.,30d4d09908f883ecff9c75120a242294e670a6bd87e980ffcbdb01882382b3fc,READY,,2026-08-27T12:28:57.695940+00:00,1dab9351bc9391e594e3d13f1745384e84257dbf5379f0cb95847ecfc5c679a5,4161e9ee37a1ee4c00b2587b607835801e3c437c1d150742c21b6f09bedb9128,PLAIN_TEXT,data\external-real-v6-normative-cache\text\www-federalregister-gov-8cc4de8fca2432db.txt,725f4e205af4ff33eb44f29502abbde0b25c86a42a3202d7759039c38dfd4407
EXT3_DOC_183_OLD,EXT_E183,EXT3_DOC_183_OLD.txt,FDA 2023 premarket cybersecurity guidance notice raw text,https://www.federalregister.gov/documents/full_text/html/2023/09/29/2023-21450.html,Federal Register,,,,public_normative_retrieved_excerpt,EXTERNAL_PUBLIC_RAW_EXCERPT_WINDOW,Short raw source window retained for benchmark; source URL retained for audit.,f8d8ab979eb214f0fbf91d97ba6478636ffff23c2776f4cdae0561feacd44b5d,READY,,2026-08-27T12:28:56.781556+00:00,e58c368175cba46018c24084a4295333a950f3e90b9635c492b52957f0341cb4,c7ee51762dc061fbde4eeb02f77ad360f5e4215d99fe75ee52831faaef8418f4,PLAIN_TEXT,data\external-real-v6-normative-cache\text\www-federalregister-gov-427a5ab420824374.txt,262529f59f78e8d68665489e3c2bec63a418247b898c1036fc47c6b73e55c88a
EXT3_DOC_184_NEW,EXT_E184,EXT3_DOC_184_NEW.txt,FDA 2025 premarket cybersecurity guidance notice raw text,https://www.federalregister.gov/documents/full_text/html/2025/06/27/2025-11669.html,Federal Register,,2026-08-27,,public_normative_retrieved_excerpt,EXTERNAL_PUBLIC_RAW_EXCERPT_WINDOW,Short raw source window retained for benchmark; source URL retained for audit.,9844eda9da029e4e34a491ae84dc5998fd6c1ec5178901b5abe270bfdf30c976,READY,,2026-08-27T12:28:57.695940+00:00,1dab9351bc9391e594e3d13f1745384e84257dbf5379f0cb95847ecfc5c679a5,4161e9ee37a1ee4c00b2587b607835801e3c437c1d150742c21b6f09bedb9128,PLAIN_TEXT,data\external-real-v6-normative-cache\text\www-federalregister-gov-8cc4de8fca2432db.txt,99ef0a14f32255459e969f738fc9e82563f01d4c89fc1610a67cbfed4c073933
EXT3_DOC_184_OLD,EXT_E184,EXT3_DOC_184_OLD.txt,FDA 2023 premarket cybersecurity guidance notice raw text,https://www.federalregister.gov/documents/full_text/html/2023/09/29/2023-21450.html,Federal Register,,,,public_normative_retrieved_excerpt,EXTERNAL_PUBLIC_RAW_EXCERPT_WINDOW,Short raw source window retained for benchmark; source URL retained for audit.,f8d8ab979eb214f0fbf91d97ba6478636ffff23c2776f4cdae0561feacd44b5d,READY,,2026-08-27T12:28:56.781556+00:00,e58c368175cba46018c24084a4295333a950f3e90b9635c492b52957f0341cb4,c7ee51762dc061fbde4eeb02f77ad360f5e4215d99fe75ee52831faaef8418f4,PLAIN_TEXT,data\external-real-v6-normative-cache\text\www-federalregister-gov-427a5ab420824374.txt,262529f59f78e8d68665489e3c2bec63a418247b898c1036fc47c6b73e55c88a
EXT3_DOC_185_NEW,EXT_E185,EXT3_DOC_185_NEW.txt,FDA 2025 premarket cybersecurity guidance notice raw text,https://www.federalregister.gov/documents/full_text/html/2025/06/27/2025-11669.html,Federal Register,,2026-08-27,,public_normative_retrieved_excerpt,EXTERNAL_PUBLIC_RAW_EXCERPT_WINDOW,Short raw source window retained for benchmark; source URL retained for audit.,3f45f9284f82ac33d309bfa962cba53eba91c9bafd64542d953bcc18b1d88010,READY,,2026-08-27T12:28:57.695940+00:00,1dab9351bc9391e594e3d13f1745384e84257dbf5379f0cb95847ecfc5c679a5,4161e9ee37a1ee4c00b2587b607835801e3c437c1d150742c21b6f09bedb9128,PLAIN_TEXT,data\external-real-v6-normative-cache\text\www-federalregister-gov-8cc4de8fca2432db.txt,d28920b2747629374168e06d2a5762ee0a79932c0142b93738a0163384f671b6
EXT3_DOC_185_OLD,EXT_E185,EXT3_DOC_185_OLD.txt,FDA 2023 premarket cybersecurity guidance notice raw text,https://www.federalregister.gov/documents/full_text/html/2023/09/29/2023-21450.html,Federal Register,,,,public_normative_retrieved_excerpt,EXTERNAL_PUBLIC_RAW_EXCERPT_WINDOW,Short raw source window retained for benchmark; source URL retained for audit.,fceba16923a1e904fd01b3c4cfe7e18545cc3d4a8b95edf1302364ea4dd019a4,READY,,2026-08-27T12:28:56.781556+00:00,e58c368175cba46018c24084a4295333a950f3e90b9635c492b52957f0341cb4,c7ee51762dc061fbde4eeb02f77ad360f5e4215d99fe75ee52831faaef8418f4,PLAIN_TEXT,data\external-real-v6-normative-cache\text\www-federalregister-gov-427a5ab420824374.txt,b2e740f55dc0ffe88282f1daa0daab832a37fb177a22f176606d31da6ef8b50b
EXT3_DOC_186_NEW,EXT_E186,EXT3_DOC_186_NEW.txt,FDA 2025 premarket cybersecurity guidance notice raw text,https://www.federalregister.gov/documents/full_text/html/2025/06/27/2025-11669.html,Federal Register,,2026-08-27,,public_normative_retrieved_excerpt,EXTERNAL_PUBLIC_RAW_EXCERPT_WINDOW,Short raw source window retained for benchmark; source URL retained for audit.,91f86709655f3631b30b4154eeca348e22d8cbdcc3682d90b8a6cafb4887567b,READY,,2026-08-27T12:28:57.695940+00:00,1dab9351bc9391e594e3d13f1745384e84257dbf5379f0cb95847ecfc5c679a5,4161e9ee37a1ee4c00b2587b607835801e3c437c1d150742c21b6f09bedb9128,PLAIN_TEXT,data\external-real-v6-normative-cache\text\www-federalregister-gov-8cc4de8fca2432db.txt,6dddc27881e87770a45961e6b0e6e9eee33a14161cae5865854341c94d7a4864
EXT3_DOC_186_OLD,EXT_E186,EXT3_DOC_186_OLD.txt,FDA 2023 premarket cybersecurity guidance notice raw text,https://www.federalregister.gov/documents/full_text/html/2023/09/29/2023-21450.html,Federal Register,,,,public_normative_retrieved_excerpt,EXTERNAL_PUBLIC_RAW_EXCERPT_WINDOW,Short raw source window retained for benchmark; source URL retained for audit.,f8d8ab979eb214f0fbf91d97ba6478636ffff23c2776f4cdae0561feacd44b5d,READY,,2026-08-27T12:28:56.781556+00:00,e58c368175cba46018c24084a4295333a950f3e90b9635c492b52957f0341cb4,c7ee51762dc061fbde4eeb02f77ad360f5e4215d99fe75ee52831faaef8418f4,PLAIN_TEXT,data\external-real-v6-normative-cache\text\www-federalregister-gov-427a5ab420824374.txt,262529f59f78e8d68665489e3c2bec63a418247b898c1036fc47c6b73e55c88a
EXT3_DOC_187_NEW,EXT_E187,EXT3_DOC_187_NEW.txt,FDA postmarket cybersecurity final-guidance notice 2016,https://public-inspection.federalregister.gov/2016-31406.pdf,Federal Register public inspection,,2026-08-27,,public_normative_retrieved_excerpt,EXTERNAL_PUBLIC_RAW_EXCERPT_WINDOW,Short raw source window retained for benchmark; source URL retained for audit.,5a8f5ed31e5018b4c04b737c7adba592a442efc3402cfac1fb4f5072cb3757f9,READY,,2026-08-27T12:28:46.132883+00:00,c2896de39af9d03298f38e837aaab76c5549a4e0cb9e6ee5170ff7ac8eb854a2,03b4397df50c1083616bf60f34e41df2e3dfcfeca14e20bbfcb374e032ccd40f,PDF_TEXT,data\external-real-v6-normative-cache\text\public-inspection-federalregister-gov-c272e84a76979c05.txt,b4d42ef4ff9df17b06a706a4544b317ece72bb20193c3358181b33199e4e8edc
EXT3_DOC_187_OLD,EXT_E187,EXT3_DOC_187_OLD.txt,FDA postmarket cybersecurity draft-guidance notice 2016,https://public-inspection.federalregister.gov/2016-01172.pdf,Federal Register public inspection,,,,public_normative_retrieved_excerpt,EXTERNAL_PUBLIC_RAW_EXCERPT_WINDOW,Short raw source window retained for benchmark; source URL retained for audit.,40b229ed073d2a45dc9e895d91916264b0aa1cb6a59bb840712a6b14e217c169,READY,,2026-08-27T12:28:44.717044+00:00,c28bd7e33720256ce89ee174a0837a4c342ba2532f39f86fcff12502089a94b7,6f0103ca905e5ec59b2310ffed96d34377fcf44d655994ecab749a87c2fd6eb1,PDF_TEXT,data\external-real-v6-normative-cache\text\public-inspection-federalregister-gov-3f34d86553cf1c1d.txt,3a73f86a9131058febeb5022c7d80cd68a50ccfc3a9155ac378563107f3cf852
EXT3_DOC_188_NEW,EXT_E188,EXT3_DOC_188_NEW.txt,FDA postmarket cybersecurity final-guidance notice 2016,https://public-inspection.federalregister.gov/2016-31406.pdf,Federal Register public inspection,,2026-08-27,,public_normative_retrieved_excerpt,EXTERNAL_PUBLIC_RAW_EXCERPT_WINDOW,Short raw source window retained for benchmark; source URL retained for audit.,69b836466ccd005fb7369513a08569cd3401b477c79aa9149c5bf003149e3b21,READY,,2026-08-27T12:28:46.132883+00:00,c2896de39af9d03298f38e837aaab76c5549a4e0cb9e6ee5170ff7ac8eb854a2,03b4397df50c1083616bf60f34e41df2e3dfcfeca14e20bbfcb374e032ccd40f,PDF_TEXT,data\external-real-v6-normative-cache\text\public-inspection-federalregister-gov-c272e84a76979c05.txt,0a45e02937d46140c64d1737262aeb538a07fdc188e3a587da6e6e1fdc704b97
EXT3_DOC_188_OLD,EXT_E188,EXT3_DOC_188_OLD.txt,FDA postmarket cybersecurity draft-guidance notice 2016,https://public-inspection.federalregister.gov/2016-01172.pdf,Federal Register public inspection,,,,public_normative_retrieved_excerpt,EXTERNAL_PUBLIC_RAW_EXCERPT_WINDOW,Short raw source window retained for benchmark; source URL retained for audit.,e95bda8274f91eeb28adf4c6d3184c8039a03c9fdca356b76d273d2fa473375d,READY,,2026-08-27T12:28:44.717044+00:00,c28bd7e33720256ce89ee174a0837a4c342ba2532f39f86fcff12502089a94b7,6f0103ca905e5ec59b2310ffed96d34377fcf44d655994ecab749a87c2fd6eb1,PDF_TEXT,data\external-real-v6-normative-cache\text\public-inspection-federalregister-gov-3f34d86553cf1c1d.txt,91410251f8f40e64dcf63e46ab2e4f2e3ef1877389711f51f6d83c643ef8a1b0
EXT3_DOC_189_NEW,EXT_E189,EXT3_DOC_189_NEW.txt,FDA postmarket cybersecurity final-guidance notice 2016,https://public-inspection.federalregister.gov/2016-31406.pdf,Federal Register public inspection,,2026-08-27,,public_normative_retrieved_excerpt,EXTERNAL_PUBLIC_RAW_EXCERPT_WINDOW,Short raw source window retained for benchmark; source URL retained for audit.,c0b49a1db8871139a32acb19de1ce3b472182102468f58ced6525dad956c8e45,READY,,2026-08-27T12:28:46.132883+00:00,c2896de39af9d03298f38e837aaab76c5549a4e0cb9e6ee5170ff7ac8eb854a2,03b4397df50c1083616bf60f34e41df2e3dfcfeca14e20bbfcb374e032ccd40f,PDF_TEXT,data\external-real-v6-normative-cache\text\public-inspection-federalregister-gov-c272e84a76979c05.txt,1bfe670827b5da900e82afbfe27a05a541f49e1f4ec9713037b6d7666b15345f
EXT3_DOC_189_OLD,EXT_E189,EXT3_DOC_189_OLD.txt,FDA postmarket cybersecurity draft-guidance notice 2016,https://public-inspection.federalregister.gov/2016-01172.pdf,Federal Register public inspection,,,,public_normative_retrieved_excerpt,EXTERNAL_PUBLIC_RAW_EXCERPT_WINDOW,Short raw source window retained for benchmark; source URL retained for audit.,ecb83f574560bdcd156a133352d69e5e58f3256a2f12fee8d3b8b922ee5e8cd0,READY,,2026-08-27T12:28:44.717044+00:00,c28bd7e33720256ce89ee174a0837a4c342ba2532f39f86fcff12502089a94b7,6f0103ca905e5ec59b2310ffed96d34377fcf44d655994ecab749a87c2fd6eb1,PDF_TEXT,data\external-real-v6-normative-cache\text\public-inspection-federalregister-gov-3f34d86553cf1c1d.txt,121144bd5d1c424c3e23ae538e3933722c44de3c0314d8057efbd5291f19e035
EXT3_DOC_190_NEW,EXT_E190,EXT3_DOC_190_NEW.txt,FDA postmarket cybersecurity final-guidance notice 2016,https://public-inspection.federalregister.gov/2016-31406.pdf,Federal Register public inspection,,2026-08-27,,public_normative_retrieved_excerpt,EXTERNAL_PUBLIC_RAW_EXCERPT_WINDOW,Short raw source window retained for benchmark; source URL retained for audit.,3c3edd7db52e942519a0d5a60282e9f784e5c5bcba2a3dd680096e52d799ef46,READY,,2026-08-27T12:28:46.132883+00:00,c2896de39af9d03298f38e837aaab76c5549a4e0cb9e6ee5170ff7ac8eb854a2,03b4397df50c1083616bf60f34e41df2e3dfcfeca14e20bbfcb374e032ccd40f,PDF_TEXT,data\external-real-v6-normative-cache\text\public-inspection-federalregister-gov-c272e84a76979c05.txt,8a4441377c1b8101b454c7c313824d0dc53effc6fe4cebcab4f6df38da7a921b
EXT3_DOC_190_OLD,EXT_E190,EXT3_DOC_190_OLD.txt,FDA postmarket cybersecurity draft-guidance notice 2016,https://public-inspection.federalregister.gov/2016-01172.pdf,Federal Register public inspection,,,,public_normative_retrieved_excerpt,EXTERNAL_PUBLIC_RAW_EXCERPT_WINDOW,Short raw source window retained for benchmark; source URL retained for audit.,25f73c8546664e8d55c1893ccb808c33665e928682cf63a3fc4d7334e07c1a3e,READY,,2026-08-27T12:28:44.717044+00:00,c28bd7e33720256ce89ee174a0837a4c342ba2532f39f86fcff12502089a94b7,6f0103ca905e5ec59b2310ffed96d34377fcf44d655994ecab749a87c2fd6eb1,PDF_TEXT,data\external-real-v6-normative-cache\text\public-inspection-federalregister-gov-3f34d86553cf1c1d.txt,59cd0697f894ea736568eb5d1469044f711643220b25568ae27d8b4c7fd8d2cb
EXT3_DOC_191_NEW,EXT_E191,EXT3_DOC_191_NEW.txt,FDA 2025 premarket cybersecurity guidance notice raw text,https://www.federalregister.gov/documents/full_text/html/2025/06/27/2025-11669.html,Federal Register,,2026-08-27,,public_normative_retrieved_excerpt,EXTERNAL_PUBLIC_RAW_EXCERPT_WINDOW,Short raw source window retained for benchmark; source URL retained for audit.,f34e6daeb5ecbc6a71c3d5065afcc5767e81852c1c6608d184ec05a6f346a021,READY,,2026-08-27T12:28:57.695940+00:00,1dab9351bc9391e594e3d13f1745384e84257dbf5379f0cb95847ecfc5c679a5,4161e9ee37a1ee4c00b2587b607835801e3c437c1d150742c21b6f09bedb9128,PLAIN_TEXT,data\external-real-v6-normative-cache\text\www-federalregister-gov-8cc4de8fca2432db.txt,073c3dfbf10cad0de4cb0548869044a2f6cac04aca6417258cc25698734064ed
EXT3_DOC_191_OLD,EXT_E191,EXT3_DOC_191_OLD.txt,FDA 2023 premarket cybersecurity guidance notice raw text,https://www.federalregister.gov/documents/full_text/html/2023/09/29/2023-21450.html,Federal Register,,,,public_normative_retrieved_excerpt,EXTERNAL_PUBLIC_RAW_EXCERPT_WINDOW,Short raw source window retained for benchmark; source URL retained for audit.,f8d8ab979eb214f0fbf91d97ba6478636ffff23c2776f4cdae0561feacd44b5d,READY,,2026-08-27T12:28:56.781556+00:00,e58c368175cba46018c24084a4295333a950f3e90b9635c492b52957f0341cb4,c7ee51762dc061fbde4eeb02f77ad360f5e4215d99fe75ee52831faaef8418f4,PLAIN_TEXT,data\external-real-v6-normative-cache\text\www-federalregister-gov-427a5ab420824374.txt,262529f59f78e8d68665489e3c2bec63a418247b898c1036fc47c6b73e55c88a
EXT3_DOC_192_NEW,EXT_E192,EXT3_DOC_192_NEW.txt,FDA postmarket cybersecurity final-guidance notice 2016,https://public-inspection.federalregister.gov/2016-31406.pdf,Federal Register public inspection,,2026-08-27,,public_normative_retrieved_excerpt,EXTERNAL_PUBLIC_RAW_EXCERPT_WINDOW,Short raw source window retained for benchmark; source URL retained for audit.,a5fdecf0ae7b802bbde7325acdb1cf2ca290edf5fe6d578c667eef22efda36f6,READY,,2026-08-27T12:28:46.132883+00:00,c2896de39af9d03298f38e837aaab76c5549a4e0cb9e6ee5170ff7ac8eb854a2,03b4397df50c1083616bf60f34e41df2e3dfcfeca14e20bbfcb374e032ccd40f,PDF_TEXT,data\external-real-v6-normative-cache\text\public-inspection-federalregister-gov-c272e84a76979c05.txt,0a9cdc1a1f759e7a14f4ed1c961c10efcd5acab6864bee3c3fc09cb6b94fb835
EXT3_DOC_192_OLD,EXT_E192,EXT3_DOC_192_OLD.txt,FDA postmarket cybersecurity draft-guidance notice 2016,https://public-inspection.federalregister.gov/2016-01172.pdf,Federal Register public inspection,,,,public_normative_retrieved_excerpt,EXTERNAL_PUBLIC_RAW_EXCERPT_WINDOW,Short raw source window retained for benchmark; source URL retained for audit.,06410d7f480f986efb663b07df5df4475946fe72d5ff2a7ce211a9cc1682168a,READY,,2026-08-27T12:28:44.717044+00:00,c28bd7e33720256ce89ee174a0837a4c342ba2532f39f86fcff12502089a94b7,6f0103ca905e5ec59b2310ffed96d34377fcf44d655994ecab749a87c2fd6eb1,PDF_TEXT,data\external-real-v6-normative-cache\text\public-inspection-federalregister-gov-3f34d86553cf1c1d.txt,cb1280295a34478fdb831b85723b761e64a612243f4108dde1965881af95132e
EXT3_DOC_193_NEW,EXT_E193,EXT3_DOC_193_NEW.txt,FDA 2025 premarket cybersecurity guidance notice raw text,https://www.federalregister.gov/documents/full_text/html/2025/06/27/2025-11669.html,Federal Register,,2026-08-27,,public_normative_retrieved_excerpt,EXTERNAL_PUBLIC_RAW_EXCERPT_WINDOW,Short raw source window retained for benchmark; source URL retained for audit.,becfccca0d22baadc7ebd9de8184f1d51823b21e730285e6f6b176d515116da2,READY,,2026-08-27T12:28:57.695940+00:00,1dab9351bc9391e594e3d13f1745384e84257dbf5379f0cb95847ecfc5c679a5,4161e9ee37a1ee4c00b2587b607835801e3c437c1d150742c21b6f09bedb9128,PLAIN_TEXT,data\external-real-v6-normative-cache\text\www-federalregister-gov-8cc4de8fca2432db.txt,555a2be61d69d9a27a853870311477685b1ba775043f10d85cfe590fea2c2cbc
EXT3_DOC_193_OLD,EXT_E193,EXT3_DOC_193_OLD.txt,FDA 2023 premarket cybersecurity guidance notice raw text,https://www.federalregister.gov/documents/full_text/html/2023/09/29/2023-21450.html,Federal Register,,,,public_normative_retrieved_excerpt,EXTERNAL_PUBLIC_RAW_EXCERPT_WINDOW,Short raw source window retained for benchmark; source URL retained for audit.,ff1ad0583b469fa9b70bada6cef60c6bcb8e439809953094b0ff06b3085cb329,READY,,2026-08-27T12:28:56.781556+00:00,e58c368175cba46018c24084a4295333a950f3e90b9635c492b52957f0341cb4,c7ee51762dc061fbde4eeb02f77ad360f5e4215d99fe75ee52831faaef8418f4,PLAIN_TEXT,data\external-real-v6-normative-cache\text\www-federalregister-gov-427a5ab420824374.txt,86a7b120492a0dcb9a05b0b9b218bb609d3486b5a468972168c9dcdf672cb99a
EXT3_DOC_195_NEW,EXT_E195,EXT3_DOC_195_NEW.txt,Applying IFRS S1 when reporting only climate-related disclosures under IFRS S2,https://www.ifrs.org/content/dam/ifrs/supporting-implementation/issb-standards/applying-ifrs-s1-reporting-only-climate-related-disclosures-accordance-ifrs-s2.pdf,IFRS Foundation,,2026-08-27,,public_normative_retrieved_excerpt,EXTERNAL_PUBLIC_RAW_EXCERPT_WINDOW,Short raw source window retained for benchmark; source URL retained for audit.,3b2af910df76bec7c9ba97327ca2431af11c7da3a38bb7d86fbf8d9f5e2faee9,READY,,2026-08-27T12:29:16.936571+00:00,867ebb4e810ba606fa9bd53503191092e5e112657b334b7f172324def524d6b5,9b0b73185d57c2d4120a2a73cbf1634fcbad0ac8795eeb423c4f036d45f32eb0,PDF_TEXT,data\external-real-v6-normative-cache\text\www-ifrs-org-bfd367565a80eff3.txt,ef015832d54806bf4189421ff1ee7eeec5d914f08208d23609000b10dfc6dfa7
EXT3_DOC_195_OLD,EXT_E195,EXT3_DOC_195_OLD.txt,IFRS S1 and S2 project summary,https://www.ifrs.org/content/dam/ifrs/project/general-sustainability-related-disclosures/project-summary.pdf,IFRS Foundation,,,,public_normative_retrieved_excerpt,EXTERNAL_PUBLIC_RAW_EXCERPT_WINDOW,Short raw source window retained for benchmark; source URL retained for audit.,c3608cfc2f8eb371309f1969484111f36982f92730584e51c6cbd568abc784f0,READY,,2026-08-27T12:29:11.514044+00:00,b7c4ef7fb75fa5f4437bfc45dc1750272ac94a435a297c2b25e0bdaae74eeac3,05e3cf3a3affa445106cf688b5095a722556914c6ccc49188a4bc0c3028bb5d0,PDF_TEXT,data\external-real-v6-normative-cache\text\www-ifrs-org-e66fdb1490718cc6.txt,88bc549a0f6726db1405be7fa0780b846d54f3f77f52c939b0e5c737739585f4
EXT3_DOC_196_NEW,EXT_E196,EXT3_DOC_196_NEW.txt,IFRS S1 effects analysis,https://www.ifrs.org/content/dam/ifrs/project/general-sustainability-related-disclosures/effects-analysis.pdf,IFRS Foundation,,2026-08-27,,public_normative_retrieved_excerpt,EXTERNAL_PUBLIC_RAW_EXCERPT_WINDOW,Short raw source window retained for benchmark; source URL retained for audit.,340ed0554c2c15dcec3855164edf848cc98e05d96ca3dcbc7a3d7052112af4ca,READY,,2026-08-27T12:29:09.014708+00:00,ddf4c481bed681782ae272444b1f7c7a89f0871c912f43bb886fa7a45542e3fa,e79f19f7cfcddfea863b15f7fdfde193b66ae101b84db131c0f0eca19e87ac45,PDF_TEXT,data\external-real-v6-normative-cache\text\www-ifrs-org-5042b49d03a4b645.txt,bbac43a1323edecdaa720242ba629dd82915d1c0ef27720d77ad054dccc72d12
EXT3_DOC_196_OLD,EXT_E196,EXT3_DOC_196_OLD.txt,IFRS S1 and S2 project summary,https://www.ifrs.org/content/dam/ifrs/project/general-sustainability-related-disclosures/project-summary.pdf,IFRS Foundation,,,,public_normative_retrieved_excerpt,EXTERNAL_PUBLIC_RAW_EXCERPT_WINDOW,Short raw source window retained for benchmark; source URL retained for audit.,ad0ddeafd373e7ffb1f257f1652ceeeb5d678c6f2026060f2e19450fcd2ecad1,READY,,2026-08-27T12:29:11.514044+00:00,b7c4ef7fb75fa5f4437bfc45dc1750272ac94a435a297c2b25e0bdaae74eeac3,05e3cf3a3affa445106cf688b5095a722556914c6ccc49188a4bc0c3028bb5d0,PDF_TEXT,data\external-real-v6-normative-cache\text\www-ifrs-org-e66fdb1490718cc6.txt,bf23d89964e6eb547e843266f44947193cc6b2677931f4d9091268d4e0ac3901
EXT3_DOC_197_NEW,EXT_E197,EXT3_DOC_197_NEW.txt,IFRS S1 effects analysis,https://www.ifrs.org/content/dam/ifrs/project/general-sustainability-related-disclosures/effects-analysis.pdf,IFRS Foundation,,2026-08-27,,public_normative_retrieved_excerpt,EXTERNAL_PUBLIC_RAW_EXCERPT_WINDOW,Short raw source window retained for benchmark; source URL retained for audit.,1d5b3ba2f44f9fd356266a9b5b291ae2f4f9a2c7bf1d15f3cac0bf53f6d661c2,READY,,2026-08-27T12:29:09.014708+00:00,ddf4c481bed681782ae272444b1f7c7a89f0871c912f43bb886fa7a45542e3fa,e79f19f7cfcddfea863b15f7fdfde193b66ae101b84db131c0f0eca19e87ac45,PDF_TEXT,data\external-real-v6-normative-cache\text\www-ifrs-org-5042b49d03a4b645.txt,5e7ba6472868aa52eeb4cd810c2373759e6c619f2d82f5b21e887bd3b7049d1a
EXT3_DOC_197_OLD,EXT_E197,EXT3_DOC_197_OLD.txt,IFRS S1 and S2 project summary,https://www.ifrs.org/content/dam/ifrs/project/general-sustainability-related-disclosures/project-summary.pdf,IFRS Foundation,,,,public_normative_retrieved_excerpt,EXTERNAL_PUBLIC_RAW_EXCERPT_WINDOW,Short raw source window retained for benchmark; source URL retained for audit.,c9546249eeb931007c0060852a497f65bc5f4716e3d286f0db8a0ac05bb84736,READY,,2026-08-27T12:29:11.514044+00:00,b7c4ef7fb75fa5f4437bfc45dc1750272ac94a435a297c2b25e0bdaae74eeac3,05e3cf3a3affa445106cf688b5095a722556914c6ccc49188a4bc0c3028bb5d0,PDF_TEXT,data\external-real-v6-normative-cache\text\www-ifrs-org-e66fdb1490718cc6.txt,06e397dc43405b6a28b0498a55c7f254e44193b65f909a47391ea2ac670f0e26
EXT3_DOC_198_NEW,EXT_E198,EXT3_DOC_198_NEW.txt,Using the SASB Standards to meet IFRS S1 requirements,https://www.ifrs.org/content/dam/ifrs/supporting-implementation/ifrs-s1/using-sasb-standards-for-ifrs-s1.pdf,IFRS Foundation,,2026-08-27,,public_normative_retrieved_excerpt,EXTERNAL_PUBLIC_RAW_EXCERPT_WINDOW,Short raw source window retained for benchmark; source URL retained for audit.,3770a15b23a4a49f784e1164df1eca30ad03e3e75ae24c455462a4f86027224d,READY,,2026-08-27T12:29:14.639324+00:00,378e802630f345306148f9ebb70896cd80058faa53a1bcb5334929145e825233,501f39b6db23c46da37c5ff38a9271218863005a4588c9a1d937a32970040905,PDF_TEXT,data\external-real-v6-normative-cache\text\www-ifrs-org-d3541797ebd742aa.txt,c173842f1dddca5d9ca2321b07634830b2c03024767114b5e5504acc26be3c16
EXT3_DOC_198_OLD,EXT_E198,EXT3_DOC_198_OLD.txt,IFRS S1 project summary,https://www.ifrs.org/content/dam/ifrs/project/general-sustainability-related-disclosures/project-summary.pdf,IFRS Foundation,,,,public_normative_retrieved_excerpt,EXTERNAL_PUBLIC_RAW_EXCERPT_WINDOW,Short raw source window retained for benchmark; source URL retained for audit.,9ce39f2538f50044e9f1404eaea0b2b6ccd42af51c13f4ba14eafc89f320e87d,READY,,2026-08-27T12:29:11.514044+00:00,b7c4ef7fb75fa5f4437bfc45dc1750272ac94a435a297c2b25e0bdaae74eeac3,05e3cf3a3affa445106cf688b5095a722556914c6ccc49188a4bc0c3028bb5d0,PDF_TEXT,data\external-real-v6-normative-cache\text\www-ifrs-org-e66fdb1490718cc6.txt,df977175345d3e5afa97ef4add66f62844cdb31d5d2c31d48922c9ea1dc04634
EXT3_DOC_199_NEW,EXT_E199,EXT3_DOC_199_NEW.txt,IFRS S1 effects analysis,https://www.ifrs.org/content/dam/ifrs/project/general-sustainability-related-disclosures/effects-analysis.pdf,IFRS Foundation,,2026-08-27,,public_normative_retrieved_excerpt,EXTERNAL_PUBLIC_RAW_EXCERPT_WINDOW,Short raw source window retained for benchmark; source URL retained for audit.,0e0a3a00162868c6d3e3b2bf112922631a91523e130a985f814c8faa80732490,READY,,2026-08-27T12:29:09.014708+00:00,ddf4c481bed681782ae272444b1f7c7a89f0871c912f43bb886fa7a45542e3fa,e79f19f7cfcddfea863b15f7fdfde193b66ae101b84db131c0f0eca19e87ac45,PDF_TEXT,data\external-real-v6-normative-cache\text\www-ifrs-org-5042b49d03a4b645.txt,9db72c931e4eb4a1d0356110e39c5d6630135cf9e1403ff106df90faf838a6e4
EXT3_DOC_199_OLD,EXT_E199,EXT3_DOC_199_OLD.txt,IFRS S1 and S2 project summary,https://www.ifrs.org/content/dam/ifrs/project/general-sustainability-related-disclosures/project-summary.pdf,IFRS Foundation,,,,public_normative_retrieved_excerpt,EXTERNAL_PUBLIC_RAW_EXCERPT_WINDOW,Short raw source window retained for benchmark; source URL retained for audit.,445f5f3f5e4b1172e089cf83842a9a60b5c6fd925345ee231fb609d498725917,READY,,2026-08-27T12:29:11.514044+00:00,b7c4ef7fb75fa5f4437bfc45dc1750272ac94a435a297c2b25e0bdaae74eeac3,05e3cf3a3affa445106cf688b5095a722556914c6ccc49188a4bc0c3028bb5d0,PDF_TEXT,data\external-real-v6-normative-cache\text\www-ifrs-org-e66fdb1490718cc6.txt,299fe560e3d44fd0a23fcfd98346411d167152e9a715195f1111badf2db7fce2
EXT3_DOC_200_NEW,EXT_E200,EXT3_DOC_200_NEW.txt,IFRS S1 effects analysis,https://www.ifrs.org/content/dam/ifrs/project/general-sustainability-related-disclosures/effects-analysis.pdf,IFRS Foundation,,2026-08-27,,public_normative_retrieved_excerpt,EXTERNAL_PUBLIC_RAW_EXCERPT_WINDOW,Short raw source window retained for benchmark; source URL retained for audit.,4c6f35b19e2ef04593b82c8dbc7756679a9312718eb75c26202a49a7ed6f0396,READY,,2026-08-27T12:29:09.014708+00:00,ddf4c481bed681782ae272444b1f7c7a89f0871c912f43bb886fa7a45542e3fa,e79f19f7cfcddfea863b15f7fdfde193b66ae101b84db131c0f0eca19e87ac45,PDF_TEXT,data\external-real-v6-normative-cache\text\www-ifrs-org-5042b49d03a4b645.txt,41ce59089b255a1410716f98aabaa4ddbfb15824126ef12e5b86155e2d455697
EXT3_DOC_200_OLD,EXT_E200,EXT3_DOC_200_OLD.txt,IFRS S1 and S2 project summary,https://www.ifrs.org/content/dam/ifrs/project/general-sustainability-related-disclosures/project-summary.pdf,IFRS Foundation,,,,public_normative_retrieved_excerpt,EXTERNAL_PUBLIC_RAW_EXCERPT_WINDOW,Short raw source window retained for benchmark; source URL retained for audit.,3fa8ae2893dee3baf6845e1a2feb5a8e71fb262b565db999b6ec355836fd52c6,READY,,2026-08-27T12:29:11.514044+00:00,b7c4ef7fb75fa5f4437bfc45dc1750272ac94a435a297c2b25e0bdaae74eeac3,05e3cf3a3affa445106cf688b5095a722556914c6ccc49188a4bc0c3028bb5d0,PDF_TEXT,data\external-real-v6-normative-cache\text\www-ifrs-org-e66fdb1490718cc6.txt,fdb5c33952e319f2985335f7a82b3c00511f51d00058315224eede3fed71c47b
EXT3_DOC_201_NEW,EXT_E201,EXT3_DOC_201_NEW.txt,IFRS S1 effects analysis,https://www.ifrs.org/content/dam/ifrs/project/general-sustainability-related-disclosures/effects-analysis.pdf,IFRS Foundation,,2026-08-27,,public_normative_retrieved_excerpt,EXTERNAL_PUBLIC_RAW_EXCERPT_WINDOW,Short raw source window retained for benchmark; source URL retained for audit.,eb54b87c41459949f899eb70095d964b7c2dae569a401063403366ab645877cc,READY,,2026-08-27T12:29:09.014708+00:00,ddf4c481bed681782ae272444b1f7c7a89f0871c912f43bb886fa7a45542e3fa,e79f19f7cfcddfea863b15f7fdfde193b66ae101b84db131c0f0eca19e87ac45,PDF_TEXT,data\external-real-v6-normative-cache\text\www-ifrs-org-5042b49d03a4b645.txt,73ba2fa444ba563dca496d621502796ddd1bda81d7b5bb0fb58e6435724a4662
EXT3_DOC_201_OLD,EXT_E201,EXT3_DOC_201_OLD.txt,IFRS S1 and S2 project summary,https://www.ifrs.org/content/dam/ifrs/project/general-sustainability-related-disclosures/project-summary.pdf,IFRS Foundation,,,,public_normative_retrieved_excerpt,EXTERNAL_PUBLIC_RAW_EXCERPT_WINDOW,Short raw source window retained for benchmark; source URL retained for audit.,a998e2b59638aaf8b7f5b39d4f033bced6462ee34c132b41da5ed1c9673134d7,READY,,2026-08-27T12:29:11.514044+00:00,b7c4ef7fb75fa5f4437bfc45dc1750272ac94a435a297c2b25e0bdaae74eeac3,05e3cf3a3affa445106cf688b5095a722556914c6ccc49188a4bc0c3028bb5d0,PDF_TEXT,data\external-real-v6-normative-cache\text\www-ifrs-org-e66fdb1490718cc6.txt,575065f40323eedf84e3c961be911b48bc1728a2c43584f0dcae8b8ec61102ad
EXT3_DOC_202_NEW,EXT_E202,EXT3_DOC_202_NEW.txt,IFRS S1 effects analysis,https://www.ifrs.org/content/dam/ifrs/project/general-sustainability-related-disclosures/effects-analysis.pdf,IFRS Foundation,,2026-08-27,,public_normative_retrieved_excerpt,EXTERNAL_PUBLIC_RAW_EXCERPT_WINDOW,Short raw source window retained for benchmark; source URL retained for audit.,fcc82f13c8acfe94d8568e7a9bf9b5d59aaa2b6fcd1646db0bf238e3b12fe59f,READY,,2026-08-27T12:29:09.014708+00:00,ddf4c481bed681782ae272444b1f7c7a89f0871c912f43bb886fa7a45542e3fa,e79f19f7cfcddfea863b15f7fdfde193b66ae101b84db131c0f0eca19e87ac45,PDF_TEXT,data\external-real-v6-normative-cache\text\www-ifrs-org-5042b49d03a4b645.txt,b85060636aa3edb87307912db9ab6ac70f0a0cc9c3ea7153a4b2edd889761e20
EXT3_DOC_202_OLD,EXT_E202,EXT3_DOC_202_OLD.txt,IFRS S1 and S2 project summary,https://www.ifrs.org/content/dam/ifrs/project/general-sustainability-related-disclosures/project-summary.pdf,IFRS Foundation,,,,public_normative_retrieved_excerpt,EXTERNAL_PUBLIC_RAW_EXCERPT_WINDOW,Short raw source window retained for benchmark; source URL retained for audit.,57b4f4dcd0a5cbbc28cefb4f7558976ccdda9537027dc337702d254b4c028061,READY,,2026-08-27T12:29:11.514044+00:00,b7c4ef7fb75fa5f4437bfc45dc1750272ac94a435a297c2b25e0bdaae74eeac3,05e3cf3a3affa445106cf688b5095a722556914c6ccc49188a4bc0c3028bb5d0,PDF_TEXT,data\external-real-v6-normative-cache\text\www-ifrs-org-e66fdb1490718cc6.txt,9250654d97b3b1a1e56a4f96b5e08fd729a5633664c4a0790f0ce06cc5b80fc1
EXT3_DOC_203_NEW,EXT_E203,EXT3_DOC_203_NEW.txt,IFRS S1 effects analysis,https://www.ifrs.org/content/dam/ifrs/project/general-sustainability-related-disclosures/effects-analysis.pdf,IFRS Foundation,,2026-08-27,,public_normative_retrieved_excerpt,EXTERNAL_PUBLIC_RAW_EXCERPT_WINDOW,Short raw source window retained for benchmark; source URL retained for audit.,f9b8fecc9727a5a717c3a9c44ac721fbb281c213e7d18e85d18ff4607dadfdc1,READY,,2026-08-27T12:29:09.014708+00:00,ddf4c481bed681782ae272444b1f7c7a89f0871c912f43bb886fa7a45542e3fa,e79f19f7cfcddfea863b15f7fdfde193b66ae101b84db131c0f0eca19e87ac45,PDF_TEXT,data\external-real-v6-normative-cache\text\www-ifrs-org-5042b49d03a4b645.txt,bf5ae106f962269951276bd083fa30d44c630f82999e4e13a84cfae464f56ad0
EXT3_DOC_203_OLD,EXT_E203,EXT3_DOC_203_OLD.txt,IFRS S1 and S2 project summary,https://www.ifrs.org/content/dam/ifrs/project/general-sustainability-related-disclosures/project-summary.pdf,IFRS Foundation,,,,public_normative_retrieved_excerpt,EXTERNAL_PUBLIC_RAW_EXCERPT_WINDOW,Short raw source window retained for benchmark; source URL retained for audit.,9ec8d1642db53b594be366d2945b7917ebe0a73ec7d8b17e9b6e67dd03aee034,READY,,2026-08-27T12:29:11.514044+00:00,b7c4ef7fb75fa5f4437bfc45dc1750272ac94a435a297c2b25e0bdaae74eeac3,05e3cf3a3affa445106cf688b5095a722556914c6ccc49188a4bc0c3028bb5d0,PDF_TEXT,data\external-real-v6-normative-cache\text\www-ifrs-org-e66fdb1490718cc6.txt,45715982869d8ff8e9f383b1818540040e58b57f5231b7352e2d8d3ef30bf5de
EXT3_DOC_205_NEW,EXT_E205,EXT3_DOC_205_NEW.txt,Applying IFRS S1 when reporting only climate-related disclosures under IFRS S2,https://www.ifrs.org/content/dam/ifrs/supporting-implementation/issb-standards/applying-ifrs-s1-reporting-only-climate-related-disclosures-accordance-ifrs-s2.pdf,IFRS Foundation,,2026-08-27,,public_normative_retrieved_excerpt,EXTERNAL_PUBLIC_RAW_EXCERPT_WINDOW,Short raw source window retained for benchmark; source URL retained for audit.,c5e674f5b28d6ab8ab7e28e46675661cd7e0ca6577a0b41b3462daa4a7e19054,READY,,2026-08-27T12:29:16.936571+00:00,867ebb4e810ba606fa9bd53503191092e5e112657b334b7f172324def524d6b5,9b0b73185d57c2d4120a2a73cbf1634fcbad0ac8795eeb423c4f036d45f32eb0,PDF_TEXT,data\external-real-v6-normative-cache\text\www-ifrs-org-bfd367565a80eff3.txt,a77a93e7b267ce1093d4626c4e475e1adf4ba4ab4e9cf250d8bbe62be25023df
EXT3_DOC_205_OLD,EXT_E205,EXT3_DOC_205_OLD.txt,IFRS S1 and S2 project summary,https://www.ifrs.org/content/dam/ifrs/project/general-sustainability-related-disclosures/project-summary.pdf,IFRS Foundation,,,,public_normative_retrieved_excerpt,EXTERNAL_PUBLIC_RAW_EXCERPT_WINDOW,Short raw source window retained for benchmark; source URL retained for audit.,ba1b00d1cd405b2711612e7b1adf7aacbac010a396f44a3156bc3067d24fad6b,READY,,2026-08-27T12:29:11.514044+00:00,b7c4ef7fb75fa5f4437bfc45dc1750272ac94a435a297c2b25e0bdaae74eeac3,05e3cf3a3affa445106cf688b5095a722556914c6ccc49188a4bc0c3028bb5d0,PDF_TEXT,data\external-real-v6-normative-cache\text\www-ifrs-org-e66fdb1490718cc6.txt,7bb3b028cc6cea2418ab66147d5680d254ca1e0c2fa1ec90040ec8fc47282706
EXT3_DOC_206_NEW,EXT_E206,EXT3_DOC_206_NEW.txt,Applying IFRS S1 when reporting only climate-related disclosures under IFRS S2,https://www.ifrs.org/content/dam/ifrs/supporting-implementation/issb-standards/applying-ifrs-s1-reporting-only-climate-related-disclosures-accordance-ifrs-s2.pdf,IFRS Foundation,,2026-08-27,,public_normative_retrieved_excerpt,EXTERNAL_PUBLIC_RAW_EXCERPT_WINDOW,Short raw source window retained for benchmark; source URL retained for audit.,f945db85519a15810e17f9a75ba411dfe787ac7414477729269ff54201518e4b,READY,,2026-08-27T12:29:16.936571+00:00,867ebb4e810ba606fa9bd53503191092e5e112657b334b7f172324def524d6b5,9b0b73185d57c2d4120a2a73cbf1634fcbad0ac8795eeb423c4f036d45f32eb0,PDF_TEXT,data\external-real-v6-normative-cache\text\www-ifrs-org-bfd367565a80eff3.txt,072055a2e5a3bc8198137aa7014c0cc16c8e1e147fc04a0a01509d6d75efc65f
EXT3_DOC_206_OLD,EXT_E206,EXT3_DOC_206_OLD.txt,IFRS S1 and S2 project summary,https://www.ifrs.org/content/dam/ifrs/project/general-sustainability-related-disclosures/project-summary.pdf,IFRS Foundation,,,,public_normative_retrieved_excerpt,EXTERNAL_PUBLIC_RAW_EXCERPT_WINDOW,Short raw source window retained for benchmark; source URL retained for audit.,9281cde8b6c7fe2a5257cbf4360340aaa111dae6bba9d3e1462e5b841d9834d5,READY,,2026-08-27T12:29:11.514044+00:00,b7c4ef7fb75fa5f4437bfc45dc1750272ac94a435a297c2b25e0bdaae74eeac3,05e3cf3a3affa445106cf688b5095a722556914c6ccc49188a4bc0c3028bb5d0,PDF_TEXT,data\external-real-v6-normative-cache\text\www-ifrs-org-e66fdb1490718cc6.txt,067ffcd91147d0ffc18e444d90dd5b8bc0772f0d0d8aa9d5a04fac995e6160bd
EXT3_DOC_207_NEW,EXT_E207,EXT3_DOC_207_NEW.txt,Applying IFRS S1 when reporting only climate-related disclosures under IFRS S2,https://www.ifrs.org/content/dam/ifrs/supporting-implementation/issb-standards/applying-ifrs-s1-reporting-only-climate-related-disclosures-accordance-ifrs-s2.pdf,IFRS Foundation,,2026-08-27,,public_normative_retrieved_excerpt,EXTERNAL_PUBLIC_RAW_EXCERPT_WINDOW,Short raw source window retained for benchmark; source URL retained for audit.,ba456ac997db47aa07d9b78db685ceff75ec5511bb346150c19c02122255ce06,READY,,2026-08-27T12:29:16.936571+00:00,867ebb4e810ba606fa9bd53503191092e5e112657b334b7f172324def524d6b5,9b0b73185d57c2d4120a2a73cbf1634fcbad0ac8795eeb423c4f036d45f32eb0,PDF_TEXT,data\external-real-v6-normative-cache\text\www-ifrs-org-bfd367565a80eff3.txt,a19f978db414b298827758647beb03d766d712e2e251bba1fb920c41f4934594
EXT3_DOC_207_OLD,EXT_E207,EXT3_DOC_207_OLD.txt,IFRS S1 and S2 project summary,https://www.ifrs.org/content/dam/ifrs/project/general-sustainability-related-disclosures/project-summary.pdf,IFRS Foundation,,,,public_normative_retrieved_excerpt,EXTERNAL_PUBLIC_RAW_EXCERPT_WINDOW,Short raw source window retained for benchmark; source URL retained for audit.,6727128e4fc2f4c186490e99977f644bd8374a65154c0ba24d444c38f3a804e9,READY,,2026-08-27T12:29:11.514044+00:00,b7c4ef7fb75fa5f4437bfc45dc1750272ac94a435a297c2b25e0bdaae74eeac3,05e3cf3a3affa445106cf688b5095a722556914c6ccc49188a4bc0c3028bb5d0,PDF_TEXT,data\external-real-v6-normative-cache\text\www-ifrs-org-e66fdb1490718cc6.txt,cadb64f5860699ae00c0284794bc6f3eb010fea7d93433155094507c3ed06b9e
EXT3_DOC_208_NEW,EXT_E208,EXT3_DOC_208_NEW.txt,Applying IFRS S1 when reporting only climate-related disclosures under IFRS S2,https://www.ifrs.org/content/dam/ifrs/supporting-implementation/issb-standards/applying-ifrs-s1-reporting-only-climate-related-disclosures-accordance-ifrs-s2.pdf,IFRS Foundation,,2026-08-27,,public_normative_retrieved_excerpt,EXTERNAL_PUBLIC_RAW_EXCERPT_WINDOW,Short raw source window retained for benchmark; source URL retained for audit.,ad04d81245a2fc17b3ebedb4cf57382e207aab3783612cba45f55b4ba248fb00,READY,,2026-08-27T12:29:16.936571+00:00,867ebb4e810ba606fa9bd53503191092e5e112657b334b7f172324def524d6b5,9b0b73185d57c2d4120a2a73cbf1634fcbad0ac8795eeb423c4f036d45f32eb0,PDF_TEXT,data\external-real-v6-normative-cache\text\www-ifrs-org-bfd367565a80eff3.txt,2994056cd652028473aa7f33e7fdef10113f6dad3fdae159ce8ad999641f67b9
EXT3_DOC_208_OLD,EXT_E208,EXT3_DOC_208_OLD.txt,IFRS S1 and S2 project summary,https://www.ifrs.org/content/dam/ifrs/project/general-sustainability-related-disclosures/project-summary.pdf,IFRS Foundation,,,,public_normative_retrieved_excerpt,EXTERNAL_PUBLIC_RAW_EXCERPT_WINDOW,Short raw source window retained for benchmark; source URL retained for audit.,2bf21ba1b4a2e72117cb32289a320cab80a0896d1c76080a0a3fc5c4bb9745ac,READY,,2026-08-27T12:29:11.514044+00:00,b7c4ef7fb75fa5f4437bfc45dc1750272ac94a435a297c2b25e0bdaae74eeac3,05e3cf3a3affa445106cf688b5095a722556914c6ccc49188a4bc0c3028bb5d0,PDF_TEXT,data\external-real-v6-normative-cache\text\www-ifrs-org-e66fdb1490718cc6.txt,eee4a2451ace18814dd7713b2b09f4863abae28c268d4117441479e172941f73
EXT3_DOC_209_NEW,EXT_E209,EXT3_DOC_209_NEW.txt,Applying IFRS S1 when reporting only climate-related disclosures under IFRS S2,https://www.ifrs.org/content/dam/ifrs/supporting-implementation/issb-standards/applying-ifrs-s1-reporting-only-climate-related-disclosures-accordance-ifrs-s2.pdf,IFRS Foundation,,2026-08-27,,public_normative_retrieved_excerpt,EXTERNAL_PUBLIC_RAW_EXCERPT_WINDOW,Short raw source window retained for benchmark; source URL retained for audit.,e7b7b139695becf4698285b4b234ae462885140a4a5ea4c70f22e47423eb3047,READY,,2026-08-27T12:29:16.936571+00:00,867ebb4e810ba606fa9bd53503191092e5e112657b334b7f172324def524d6b5,9b0b73185d57c2d4120a2a73cbf1634fcbad0ac8795eeb423c4f036d45f32eb0,PDF_TEXT,data\external-real-v6-normative-cache\text\www-ifrs-org-bfd367565a80eff3.txt,99a5f9cf499bef3c743fde936a5de29eabf89c7f45c8de6859da3c7a5b0befde
EXT3_DOC_209_OLD,EXT_E209,EXT3_DOC_209_OLD.txt,IFRS S1 and S2 project summary,https://www.ifrs.org/content/dam/ifrs/project/general-sustainability-related-disclosures/project-summary.pdf,IFRS Foundation,,,,public_normative_retrieved_excerpt,EXTERNAL_PUBLIC_RAW_EXCERPT_WINDOW,Short raw source window retained for benchmark; source URL retained for audit.,3b5432d509d2c532a8a352fe6998c09f5a7384cd9cd278539dceffd1b34fafaf,READY,,2026-08-27T12:29:11.514044+00:00,b7c4ef7fb75fa5f4437bfc45dc1750272ac94a435a297c2b25e0bdaae74eeac3,05e3cf3a3affa445106cf688b5095a722556914c6ccc49188a4bc0c3028bb5d0,PDF_TEXT,data\external-real-v6-normative-cache\text\www-ifrs-org-e66fdb1490718cc6.txt,3acfa8c98601ca86356b5d07f8351fc4060563c5287f737d2cb844f372d646ba
EXT3_DOC_210_NEW,EXT_E210,EXT3_DOC_210_NEW.txt,Applying IFRS S1 when reporting only climate-related disclosures under IFRS S2,https://www.ifrs.org/content/dam/ifrs/supporting-implementation/issb-standards/applying-ifrs-s1-reporting-only-climate-related-disclosures-accordance-ifrs-s2.pdf,IFRS Foundation,,2026-08-27,,public_normative_retrieved_excerpt,EXTERNAL_PUBLIC_RAW_EXCERPT_WINDOW,Short raw source window retained for benchmark; source URL retained for audit.,e48fb93b81420db5c06d7dda31d137e2f4445a20b2fc4d2c097b87be19ab2623,READY,,2026-08-27T12:29:16.936571+00:00,867ebb4e810ba606fa9bd53503191092e5e112657b334b7f172324def524d6b5,9b0b73185d57c2d4120a2a73cbf1634fcbad0ac8795eeb423c4f036d45f32eb0,PDF_TEXT,data\external-real-v6-normative-cache\text\www-ifrs-org-bfd367565a80eff3.txt,279963b3d7516587edb846070a520fb8c86631ab990a6fb5a384f161d8699079
EXT3_DOC_210_OLD,EXT_E210,EXT3_DOC_210_OLD.txt,IFRS S1 and S2 project summary,https://www.ifrs.org/content/dam/ifrs/project/general-sustainability-related-disclosures/project-summary.pdf,IFRS Foundation,,,,public_normative_retrieved_excerpt,EXTERNAL_PUBLIC_RAW_EXCERPT_WINDOW,Short raw source window retained for benchmark; source URL retained for audit.,5039ad6acb258009330bdcfd31f6745b6fcccb6ed08ced00af9e5ec1fdf5c0d8,READY,,2026-08-27T12:29:11.514044+00:00,b7c4ef7fb75fa5f4437bfc45dc1750272ac94a435a297c2b25e0bdaae74eeac3,05e3cf3a3affa445106cf688b5095a722556914c6ccc49188a4bc0c3028bb5d0,PDF_TEXT,data\external-real-v6-normative-cache\text\www-ifrs-org-e66fdb1490718cc6.txt,436d176e7edf23b667b5636e7161b5df5d5ecb37f994ab198a0d6b1a5389aeda
EXT3_DOC_211_NEW,EXT_E211,EXT3_DOC_211_NEW.txt,Applying IFRS S1 when reporting only climate-related disclosures under IFRS S2,https://www.ifrs.org/content/dam/ifrs/supporting-implementation/issb-standards/applying-ifrs-s1-reporting-only-climate-related-disclosures-accordance-ifrs-s2.pdf,IFRS Foundation,,2026-08-27,,public_normative_retrieved_excerpt,EXTERNAL_PUBLIC_RAW_EXCERPT_WINDOW,Short raw source window retained for benchmark; source URL retained for audit.,ba1ae5b3feac2598eb70727369fa91dc3c604869ace8ed52c61577544602fcd4,READY,,2026-08-27T12:29:16.936571+00:00,867ebb4e810ba606fa9bd53503191092e5e112657b334b7f172324def524d6b5,9b0b73185d57c2d4120a2a73cbf1634fcbad0ac8795eeb423c4f036d45f32eb0,PDF_TEXT,data\external-real-v6-normative-cache\text\www-ifrs-org-bfd367565a80eff3.txt,04cc5403d932dd43c1c7b4a41e484f7eb45a6f7589e39c87a41aae15994c952c
EXT3_DOC_211_OLD,EXT_E211,EXT3_DOC_211_OLD.txt,IFRS S1 and S2 project summary,https://www.ifrs.org/content/dam/ifrs/project/general-sustainability-related-disclosures/project-summary.pdf,IFRS Foundation,,,,public_normative_retrieved_excerpt,EXTERNAL_PUBLIC_RAW_EXCERPT_WINDOW,Short raw source window retained for benchmark; source URL retained for audit.,dcc4d0758852745da590ff40bc963c3fbaef31a47eac99e2bdd53c59512e5af7,READY,,2026-08-27T12:29:11.514044+00:00,b7c4ef7fb75fa5f4437bfc45dc1750272ac94a435a297c2b25e0bdaae74eeac3,05e3cf3a3affa445106cf688b5095a722556914c6ccc49188a4bc0c3028bb5d0,PDF_TEXT,data\external-real-v6-normative-cache\text\www-ifrs-org-e66fdb1490718cc6.txt,d87e00f89d4e609dccfe51861c12d433c6297ec602598f6be3e7353bb5c26675
EXT3_DOC_212_NEW,EXT_E212,EXT3_DOC_212_NEW.txt,Applying IFRS S1 when reporting only climate-related disclosures under IFRS S2,https://www.ifrs.org/content/dam/ifrs/supporting-implementation/issb-standards/applying-ifrs-s1-reporting-only-climate-related-disclosures-accordance-ifrs-s2.pdf,IFRS Foundation,,2026-08-27,,public_normative_retrieved_excerpt,EXTERNAL_PUBLIC_RAW_EXCERPT_WINDOW,Short raw source window retained for benchmark; source URL retained for audit.,c80eb31130138939194c65f1bd398d6659405047a1053dcea34b716fe02d8cfa,READY,,2026-08-27T12:29:16.936571+00:00,867ebb4e810ba606fa9bd53503191092e5e112657b334b7f172324def524d6b5,9b0b73185d57c2d4120a2a73cbf1634fcbad0ac8795eeb423c4f036d45f32eb0,PDF_TEXT,data\external-real-v6-normative-cache\text\www-ifrs-org-bfd367565a80eff3.txt,ef62ab9219c11c7078e159d4ae3ee798681d6689a2b457e2f235b611b9717fc0
EXT3_DOC_212_OLD,EXT_E212,EXT3_DOC_212_OLD.txt,IFRS S1 and S2 project summary,https://www.ifrs.org/content/dam/ifrs/project/general-sustainability-related-disclosures/project-summary.pdf,IFRS Foundation,,,,public_normative_retrieved_excerpt,EXTERNAL_PUBLIC_RAW_EXCERPT_WINDOW,Short raw source window retained for benchmark; source URL retained for audit.,be9a796325cf483ecb593d447675bcdbf22a0561446f970fb13812b21960d3b3,READY,,2026-08-27T12:29:11.514044+00:00,b7c4ef7fb75fa5f4437bfc45dc1750272ac94a435a297c2b25e0bdaae74eeac3,05e3cf3a3affa445106cf688b5095a722556914c6ccc49188a4bc0c3028bb5d0,PDF_TEXT,data\external-real-v6-normative-cache\text\www-ifrs-org-e66fdb1490718cc6.txt,617be1c55904f7b3fb683299570063fcfb5b9667e3242a17e252f3710286baef
EXT3_DOC_213_NEW,EXT_E213,EXT3_DOC_213_NEW.txt,Applying IFRS S1 when reporting only climate-related disclosures under IFRS S2,https://www.ifrs.org/content/dam/ifrs/supporting-implementation/issb-standards/applying-ifrs-s1-reporting-only-climate-related-disclosures-accordance-ifrs-s2.pdf,IFRS Foundation,,2026-08-27,,public_normative_retrieved_excerpt,EXTERNAL_PUBLIC_RAW_EXCERPT_WINDOW,Short raw source window retained for benchmark; source URL retained for audit.,cf180363f401b228c2edf4a3310a67c3677dd8d016cfa91b76256a315aff5733,READY,,2026-08-27T12:29:16.936571+00:00,867ebb4e810ba606fa9bd53503191092e5e112657b334b7f172324def524d6b5,9b0b73185d57c2d4120a2a73cbf1634fcbad0ac8795eeb423c4f036d45f32eb0,PDF_TEXT,data\external-real-v6-normative-cache\text\www-ifrs-org-bfd367565a80eff3.txt,8405a8dc43cd7a94cf6fa2fc7d28544c663dbaf8893859aecf6defa812726954
EXT3_DOC_213_OLD,EXT_E213,EXT3_DOC_213_OLD.txt,IFRS S1 and S2 project summary,https://www.ifrs.org/content/dam/ifrs/project/general-sustainability-related-disclosures/project-summary.pdf,IFRS Foundation,,,,public_normative_retrieved_excerpt,EXTERNAL_PUBLIC_RAW_EXCERPT_WINDOW,Short raw source window retained for benchmark; source URL retained for audit.,2709dd9e89ede8b7a79e0b13a2dd463a4ccd3777642bf4f0216b2d7ea41c8e3d,READY,,2026-08-27T12:29:11.514044+00:00,b7c4ef7fb75fa5f4437bfc45dc1750272ac94a435a297c2b25e0bdaae74eeac3,05e3cf3a3affa445106cf688b5095a722556914c6ccc49188a4bc0c3028bb5d0,PDF_TEXT,data\external-real-v6-normative-cache\text\www-ifrs-org-e66fdb1490718cc6.txt,baa09896e247dc8a3186fb9a397a33b0b72eb12141bfc2f1276d823f610648c4
